#
# There is insufficient memory for the Java Runtime Environment to continue.
# Native memory allocation (malloc) failed to allocate 1372992 bytes. Error detail: Chunk::new
# Possible reasons:
#   The system is out of physical RAM or swap space
#   This process is running with CompressedOops enabled, and the Java Heap may be blocking the growth of the native heap
# Possible solutions:
#   Reduce memory load on the system
#   Increase physical memory or swap space
#   Check if swap backing store is full
#   Decrease Java heap size (-Xmx/-Xms)
#   Decrease number of Java threads
#   Decrease Java thread stack sizes (-Xss)
#   Set larger code cache with -XX:ReservedCodeCacheSize=
#   JVM is running with Unscaled Compressed Oops mode in which the Java heap is
#     placed in the first 4GB address space. The Java Heap base address is the
#     maximum limit for the native heap growth. Please use -XX:HeapBaseMinAddress
#     to set the Java Heap base and to place the Java Heap above 4GB virtual address.
# This output file may be truncated or incomplete.
#
#  Out of Memory Error (arena.cpp:168), pid=19340, tid=18028
#
# JRE version: OpenJDK Runtime Environment (21.0.10) (build 21.0.10+-14961533-b1163.108)
# Java VM: OpenJDK 64-Bit Server VM (21.0.10+-14961533-b1163.108, mixed mode, tiered, compressed oops, compressed class ptrs, g1 gc, windows-amd64)
# No core dump will be written. Minidumps are not enabled by default on client versions of Windows
#

---------------  S U M M A R Y ------------

Command Line: --add-opens=java.base/java.lang=ALL-UNNAMED --add-opens=java.base/java.lang.invoke=ALL-UNNAMED --add-opens=java.base/java.util=ALL-UNNAMED --add-opens=java.prefs/java.util.prefs=ALL-UNNAMED --add-exports=jdk.compiler/com.sun.tools.javac.api=ALL-UNNAMED --add-exports=jdk.compiler/com.sun.tools.javac.util=ALL-UNNAMED --add-opens=java.base/java.util=ALL-UNNAMED --add-opens=java.prefs/java.util.prefs=ALL-UNNAMED --add-opens=java.base/java.nio.charset=ALL-UNNAMED --add-opens=java.base/java.net=ALL-UNNAMED --add-opens=java.base/java.util.concurrent=ALL-UNNAMED --add-opens=java.base/java.util.concurrent.atomic=ALL-UNNAMED --add-opens=java.xml/javax.xml.namespace=ALL-UNNAMED -Xmx2048m -Dfile.encoding=UTF-8 -Duser.country=IN -Duser.language=en -Duser.variant -javaagent:C:\Users\ec5cd\.gradle\wrapper\dists\gradle-9.0.0-bin\d6wjpkvcgsg3oed0qlfss3wgl\gradle-9.0.0\lib\agents\gradle-instrumentation-agent-9.0.0.jar org.gradle.launcher.daemon.bootstrap.GradleDaemon 9.0.0

Host: AMD Ryzen 5 5600H with Radeon Graphics         , 12 cores, 7G,  Windows 11 , 64 bit Build 26100 (10.0.26100.8328)
Time: Thu May 14 03:02:36 2026 India Standard Time elapsed time: 1913.473406 seconds (0d 0h 31m 53s)

---------------  T H R E A D  ---------------

Current thread (0x000001ec6b3bdb20):  JavaThread "C2 CompilerThread1" daemon [_thread_in_native, id=18028, stack(0x000000976b900000,0x000000976ba00000) (1024K)]


Current CompileTask:
C2:1913474 56213       4       org.gradle.internal.snapshot.DirectorySnapshot::lambda$accept$5 (10 bytes)

Stack: [0x000000976b900000,0x000000976ba00000]
Native frames: (J=compiled Java code, j=interpreted, Vv=VM code, C=native code)
V  [jvm.dll+0x6d78a9]
V  [jvm.dll+0x8665b3]
V  [jvm.dll+0x868bde]
V  [jvm.dll+0x8692c3]
V  [jvm.dll+0x280ee6]
V  [jvm.dll+0xc07cd]
V  [jvm.dll+0xc0d03]
V  [jvm.dll+0x3ba0cb]
V  [jvm.dll+0x1e0052]
V  [jvm.dll+0x249d24]
V  [jvm.dll+0x2491a1]
V  [jvm.dll+0x1c76e4]
V  [jvm.dll+0x25891e]
V  [jvm.dll+0x256e66]
V  [jvm.dll+0x3f513e]
V  [jvm.dll+0x80fd28]
V  [jvm.dll+0x6d60fd]
C  [ucrtbase.dll+0x37b0]
C  [KERNEL32.DLL+0x2e957]
C  [ntdll.dll+0x427c]


---------------  P R O C E S S  ---------------

Threads class SMR info:
_java_thread_list=0x000001ec7266ffe0, length=212, elements={
0x000001ec3f6a82a0, 0x000001ec5975e340, 0x000001ec597611d0, 0x000001ec5977f440,
0x000001ec59788ee0, 0x000001ec59792db0, 0x000001ec597a4820, 0x000001ec597ade00,
0x000001ec597b59a0, 0x000001ec597b68a0, 0x000001ec59aa18e0, 0x000001ec5f3a5ba0,
0x000001ec5f0c05c0, 0x000001ec5f6ed6a0, 0x000001ec5fd29ab0, 0x000001ec5fd2bb80,
0x000001ec5fd2ae60, 0x000001ec5fd2d5c0, 0x000001ec5fd2cf30, 0x000001ec5fd2a140,
0x000001ec5fd2a7d0, 0x000001ec5fd2fd20, 0x000001ec5fd303b0, 0x000001ec5fd2dc50,
0x000001ec5fd2f000, 0x000001ec5fd2f690, 0x000001ec5fd2e2e0, 0x000001ec5fd2e970,
0x000001ec61345120, 0x000001ec61345e40, 0x000001ec613457b0, 0x000001ec61346b60,
0x000001ec619ca3a0, 0x000001ec61e57e00, 0x000001ec144f6ca0, 0x000001ec6bc0b180,
0x000001ec63edcc90, 0x000001ec6cdd7b30, 0x000001ec69936cb0, 0x000001ec69937340,
0x000001ec5fac1670, 0x000001ec5fac3740, 0x000001ec6bc0bea0, 0x000001ec6c8c4d40,
0x000001ec13c40120, 0x000001ec13c3e050, 0x000001ec13c414d0, 0x000001ec13c3e6e0,
0x000001ec6cf01c90, 0x000001ec6cf01600, 0x000001ec6ce5a5a0, 0x000001ec6ce5ac30,
0x000001ec6ce5b2c0, 0x000001ec6ce57e40, 0x000001ec6ce584d0, 0x000001ec6ce58b60,
0x000001ec6ce59880, 0x000001ec5f23ba10, 0x000001ec143dde50, 0x000001ec143dd130,
0x000001ec143dcaa0, 0x000001ec6b54cb10, 0x000001ec6b54dec0, 0x000001ec6b54d1a0,
0x000001ec6b54d830, 0x000001ec69a0bb40, 0x000001ec69a0ae20, 0x000001ec69a0c1d0,
0x000001ec69a0b4b0, 0x000001ec157e27e0, 0x000001ec157e2150, 0x000001ec157e2e70,
0x000001ec157e48b0, 0x000001ec157e3b90, 0x000001ec157e3500, 0x000001ec157e4f40,
0x000001ec157e4220, 0x000001ec157e1ac0, 0x000001ec69512c20, 0x000001ec69511870,
0x000001ec69514660, 0x000001ec69513940, 0x000001ec69514cf0, 0x000001ec69511f00,
0x000001ec69512590, 0x000001ec695132b0, 0x000001ec69513fd0, 0x000001ec695fd670,
0x000001ec695fdd00, 0x000001ec695fe390, 0x000001ec695fc2c0, 0x000001ec695faf10,
0x000001ec695fb5a0, 0x000001ec695fbc30, 0x000001ec695fcfe0, 0x000001ec695fc950,
0x000001ec145fc0f0, 0x000001ec145fa6b0, 0x000001ec145fad40, 0x000001ec145fb3d0,
0x000001ec145fce10, 0x000001ec145fba60, 0x000001ec145fc780, 0x000001ec145fd4a0,
0x000001ec690f6c40, 0x000001ec690f65b0, 0x000001ec690f72d0, 0x000001ec63edd320,
0x000001ec690f7ff0, 0x000001ec690f5f20, 0x000001ec690f7960, 0x000001ec6c9a9d50,
0x000001ec6c9aa3e0, 0x000001ec6c9abe20, 0x000001ec6c9a89a0, 0x000001ec699379d0,
0x000001ec1510eab0, 0x000001ec15111210, 0x000001ec151104f0, 0x000001ec6c9ab100,
0x000001ec63edb250, 0x000001ec63ed9ea0, 0x000001ec63edc600, 0x000001ec63eda530,
0x000001ec1460f390, 0x000001ec14611af0, 0x000001ec1460e670, 0x000001ec5fac3dd0,
0x000001ec5fac4460, 0x000001ec6bb76670, 0x000001ec5fac0fe0, 0x000001ec6c8c46b0,
0x000001ec6c8c6780, 0x000001ec6c8c53d0, 0x000001ec6c8c5a60, 0x000001ec6c8c60f0,
0x000001ec6c8c3300, 0x000001ec72ea44b0, 0x000001ec5fac5ea0, 0x000001ec5fac6530,
0x000001ec5fac5180, 0x000001ec5fac5810, 0x000001ec146100b0, 0x000001ec1460fa20,
0x000001ec14610dd0, 0x000001ec14610740, 0x000001ec1460ed00, 0x000001ec14160040,
0x000001ec141606d0, 0x000001ec14160d60, 0x000001ec1415f9b0, 0x000001ec13df7cd0,
0x000001ec13df9080, 0x000001ec13df5c00, 0x000001ec6cdd5a60, 0x000001ec6cdd60f0,
0x000001ec6cdd6e10, 0x000001ec6cdd74a0, 0x000001ec5fac7250, 0x000001ec5fac78e0,
0x000001ec5fac7f70, 0x000001ec5fac4af0, 0x000001ec13df6290, 0x000001ec13df8360,
0x000001ec6ca0dc90, 0x000001ec6ca0e9b0, 0x000001ec6ca0e320, 0x000001ec6a7a8e50,
0x000001ec6a7a94e0, 0x000001ec6a7a9b70, 0x000001ec6a7aa200, 0x000001ec72606b30,
0x000001ec726036b0, 0x000001ec726064a0, 0x000001ec72603d40, 0x000001ec698bd980,
0x000001ec698be010, 0x000001ec698bc5d0, 0x000001ec698bb8b0, 0x000001ec698bcc60,
0x000001ec6b322ab0, 0x000001ec1548f870, 0x000001ec15490590, 0x000001ec15492660,
0x000001ec15490c20, 0x000001ec1548ff00, 0x000001ec6b3bdb20, 0x000001ec72ea2a70,
0x000001ec72ea3e20, 0x000001ec72ea5860, 0x000001ec72ea5ef0, 0x000001ec72ea4b40,
0x000001ec72ea3790, 0x000001ec72ea51d0, 0x000001ec72ea3100, 0x000001ec72d6a070,
0x000001ec72d68cc0, 0x000001ec72d67910, 0x000001ec72609b70, 0x000001ec72d67fa0,
0x000001ec6bb77390, 0x000001ec6bb77a20, 0x000001ec72605e10, 0x000001ec6962ea70,
0x000001ec6cc95bf0, 0x000001ec04c58610, 0x000001ec154912b0, 0x000001ec13df89f0,
0x000001ec72605780, 0x000001ec04c5a6e0, 0x000001ec64178db0, 0x000001ec13a7c480
}

Java Threads: ( => current thread )
  0x000001ec3f6a82a0 JavaThread "main"                              [_thread_blocked, id=19392, stack(0x0000009767d00000,0x0000009767e00000) (1024K)]
  0x000001ec5975e340 JavaThread "Common-Cleaner"             daemon [_thread_blocked, id=19424, stack(0x0000009768500000,0x0000009768600000) (1024K)]
  0x000001ec597611d0 JavaThread "Reference Handler"          daemon [_thread_blocked, id=19428, stack(0x0000009768600000,0x0000009768700000) (1024K)]
  0x000001ec5977f440 JavaThread "Finalizer"                  daemon [_thread_blocked, id=19432, stack(0x0000009768700000,0x0000009768800000) (1024K)]
  0x000001ec59788ee0 JavaThread "Signal Dispatcher"          daemon [_thread_blocked, id=19436, stack(0x0000009768800000,0x0000009768900000) (1024K)]
  0x000001ec59792db0 JavaThread "Attach Listener"            daemon [_thread_blocked, id=19440, stack(0x0000009768900000,0x0000009768a00000) (1024K)]
  0x000001ec597a4820 JavaThread "Service Thread"             daemon [_thread_blocked, id=19444, stack(0x0000009768a00000,0x0000009768b00000) (1024K)]
  0x000001ec597ade00 JavaThread "Monitor Deflation Thread"   daemon [_thread_blocked, id=19448, stack(0x0000009768b00000,0x0000009768c00000) (1024K)]
  0x000001ec597b59a0 JavaThread "C2 CompilerThread0"         daemon [_thread_in_native, id=19452, stack(0x0000009768c00000,0x0000009768d00000) (1024K)]
  0x000001ec597b68a0 JavaThread "C1 CompilerThread0"         daemon [_thread_in_native, id=18448, stack(0x0000009768d00000,0x0000009768e00000) (1024K)]
  0x000001ec59aa18e0 JavaThread "Notification Thread"        daemon [_thread_blocked, id=13508, stack(0x0000009768e00000,0x0000009768f00000) (1024K)]
  0x000001ec5f3a5ba0 JavaThread "Daemon health stats"               [_thread_blocked, id=17232, stack(0x0000009769200000,0x0000009769300000) (1024K)]
  0x000001ec5f0c05c0 JavaThread "Incoming local TCP Connector on port 65440"        [_thread_in_native, id=14940, stack(0x0000009769500000,0x0000009769600000) (1024K)]
  0x000001ec5f6ed6a0 JavaThread "Daemon periodic checks"            [_thread_blocked, id=18564, stack(0x0000009769600000,0x0000009769700000) (1024K)]
  0x000001ec5fd29ab0 JavaThread "Cache worker for journal cache (C:\Users\ec5cd\.gradle\caches\journal-1)"        [_thread_blocked, id=18684, stack(0x000000976a500000,0x000000976a600000) (1024K)]
  0x000001ec5fd2bb80 JavaThread "File lock request listener"        [_thread_in_native, id=18688, stack(0x000000976a600000,0x000000976a700000) (1024K)]
  0x000001ec5fd2ae60 JavaThread "Cache worker for file hash cache (C:\Users\ec5cd\.gradle\caches\9.0.0\fileHashes)"        [_thread_blocked, id=18692, stack(0x000000976a700000,0x000000976a800000) (1024K)]
  0x000001ec5fd2d5c0 JavaThread "File watcher server"        daemon [_thread_in_native, id=18708, stack(0x000000976a900000,0x000000976aa00000) (1024K)]
  0x000001ec5fd2cf30 JavaThread "File watcher consumer"      daemon [_thread_blocked, id=18716, stack(0x000000976aa00000,0x000000976ab00000) (1024K)]
  0x000001ec5fd2a140 JavaThread "jar transforms"                    [_thread_blocked, id=18732, stack(0x000000976ac00000,0x000000976ad00000) (1024K)]
  0x000001ec5fd2a7d0 JavaThread "jar transforms Thread 2"           [_thread_blocked, id=18736, stack(0x000000976ad00000,0x000000976ae00000) (1024K)]
  0x000001ec5fd2fd20 JavaThread "jar transforms Thread 3"           [_thread_blocked, id=18680, stack(0x000000976ae00000,0x000000976af00000) (1024K)]
  0x000001ec5fd303b0 JavaThread "jar transforms Thread 4"           [_thread_blocked, id=18744, stack(0x000000976af00000,0x000000976b000000) (1024K)]
  0x000001ec5fd2dc50 JavaThread "jar transforms Thread 5"           [_thread_blocked, id=15504, stack(0x000000976b000000,0x000000976b100000) (1024K)]
  0x000001ec5fd2f000 JavaThread "jar transforms Thread 6"           [_thread_blocked, id=6388, stack(0x000000976b100000,0x000000976b200000) (1024K)]
  0x000001ec5fd2f690 JavaThread "jar transforms Thread 7"           [_thread_blocked, id=2084, stack(0x000000976b200000,0x000000976b300000) (1024K)]
  0x000001ec5fd2e2e0 JavaThread "jar transforms Thread 8"           [_thread_blocked, id=18416, stack(0x000000976b300000,0x000000976b400000) (1024K)]
  0x000001ec5fd2e970 JavaThread "jar transforms Thread 9"           [_thread_blocked, id=18420, stack(0x000000976b400000,0x000000976b500000) (1024K)]
  0x000001ec61345120 JavaThread "jar transforms Thread 10"          [_thread_blocked, id=9936, stack(0x000000976b500000,0x000000976b600000) (1024K)]
  0x000001ec61345e40 JavaThread "jar transforms Thread 11"          [_thread_blocked, id=18424, stack(0x000000976b600000,0x000000976b700000) (1024K)]
  0x000001ec613457b0 JavaThread "jar transforms Thread 12"          [_thread_blocked, id=5604, stack(0x000000976b700000,0x000000976b800000) (1024K)]
  0x000001ec61346b60 JavaThread "Cache worker for file content cache (C:\Users\ec5cd\.gradle\caches\9.0.0\fileContent)"        [_thread_blocked, id=18964, stack(0x000000976b800000,0x000000976b900000) (1024K)]
  0x000001ec619ca3a0 JavaThread "Memory manager"                    [_thread_blocked, id=15020, stack(0x000000976f700000,0x000000976f800000) (1024K)]
  0x000001ec61e57e00 JavaThread "pool-3-thread-1"                   [_thread_blocked, id=11820, stack(0x000000976fc00000,0x000000976fd00000) (1024K)]
  0x000001ec144f6ca0 JavaThread "pool-7-thread-1"                   [_thread_blocked, id=10624, stack(0x000000976df00000,0x000000976e000000) (1024K)]
  0x000001ec6bc0b180 JavaThread "Daemon Thread 3"                   [_thread_blocked, id=17396, stack(0x0000009767a00000,0x0000009767b00000) (1024K)]
  0x000001ec63edcc90 JavaThread "Daemon worker Thread 3"            [_thread_blocked, id=2824, stack(0x0000009769d00000,0x0000009769e00000) (1024K)]
  0x000001ec6cdd7b30 JavaThread "pool-10-thread-1"                  [_thread_blocked, id=4828, stack(0x000000976e200000,0x000000976e300000) (1024K)]
  0x000001ec69936cb0 JavaThread "Handler for socket connection from /127.0.0.1:65440 to /127.0.0.1:64927"        [_thread_in_native, id=2056, stack(0x0000009767b00000,0x0000009767c00000) (1024K)]
  0x000001ec69937340 JavaThread "Cancel handler"                    [_thread_blocked, id=18876, stack(0x0000009767c00000,0x0000009767d00000) (1024K)]
  0x000001ec5fac1670 JavaThread "Asynchronous log dispatcher for DefaultDaemonConnection: socket connection from /127.0.0.1:65440 to /127.0.0.1:64927"        [_thread_blocked, id=14200, stack(0x0000009768f00000,0x0000009769000000) (1024K)]
  0x000001ec5fac3740 JavaThread "Stdin handler"                     [_thread_blocked, id=5380, stack(0x0000009769c00000,0x0000009769d00000) (1024K)]
  0x000001ec6bc0bea0 JavaThread "Daemon client event forwarder"        [_thread_blocked, id=5204, stack(0x000000976a100000,0x000000976a200000) (1024K)]
  0x000001ec6c8c4d40 JavaThread "Cache worker for file hash cache (D:\Project 5\.gradle\9.0.0\fileHashes)"        [_thread_blocked, id=9692, stack(0x000000976a200000,0x000000976a300000) (1024K)]
  0x000001ec13c40120 JavaThread "Cache worker for Build Output Cleanup Cache (D:\Project 5\.gradle\buildOutputCleanup)"        [_thread_blocked, id=17992, stack(0x000000976a300000,0x000000976a400000) (1024K)]
  0x000001ec13c3e050 JavaThread "Cache worker for checksums cache (D:\Project 5\.gradle\9.0.0\checksums)"        [_thread_blocked, id=19792, stack(0x000000976a400000,0x000000976a500000) (1024K)]
  0x000001ec13c414d0 JavaThread "Cache worker for cache directory md-supplier (C:\Users\ec5cd\.gradle\caches\9.0.0\md-supplier)"        [_thread_blocked, id=2416, stack(0x000000976a800000,0x000000976a900000) (1024K)]
  0x000001ec13c3e6e0 JavaThread "Cache worker for cache directory md-rule (C:\Users\ec5cd\.gradle\caches\9.0.0\md-rule)"        [_thread_blocked, id=12576, stack(0x000000976ab00000,0x000000976ac00000) (1024K)]
  0x000001ec6cf01c90 JavaThread "Unconstrained build operations"        [_thread_blocked, id=20448, stack(0x000000976ba00000,0x000000976bb00000) (1024K)]
  0x000001ec6cf01600 JavaThread "Unconstrained build operations Thread 2"        [_thread_blocked, id=2624, stack(0x000000976bb00000,0x000000976bc00000) (1024K)]
  0x000001ec6ce5a5a0 JavaThread "Unconstrained build operations Thread 3"        [_thread_blocked, id=11080, stack(0x000000976bc00000,0x000000976bd00000) (1024K)]
  0x000001ec6ce5ac30 JavaThread "Unconstrained build operations Thread 4"        [_thread_blocked, id=15276, stack(0x000000976bd00000,0x000000976be00000) (1024K)]
  0x000001ec6ce5b2c0 JavaThread "Unconstrained build operations Thread 5"        [_thread_blocked, id=3088, stack(0x000000976be00000,0x000000976bf00000) (1024K)]
  0x000001ec6ce57e40 JavaThread "Unconstrained build operations Thread 6"        [_thread_blocked, id=4968, stack(0x000000976bf00000,0x000000976c000000) (1024K)]
  0x000001ec6ce584d0 JavaThread "Unconstrained build operations Thread 7"        [_thread_blocked, id=17116, stack(0x000000976c000000,0x000000976c100000) (1024K)]
  0x000001ec6ce58b60 JavaThread "Unconstrained build operations Thread 8"        [_thread_blocked, id=19192, stack(0x000000976c100000,0x000000976c200000) (1024K)]
  0x000001ec6ce59880 JavaThread "Unconstrained build operations Thread 9"        [_thread_blocked, id=11848, stack(0x000000976c200000,0x000000976c300000) (1024K)]
  0x000001ec5f23ba10 JavaThread "Unconstrained build operations Thread 10"        [_thread_blocked, id=10976, stack(0x000000976c300000,0x000000976c400000) (1024K)]
  0x000001ec143dde50 JavaThread "Unconstrained build operations Thread 11"        [_thread_blocked, id=17676, stack(0x000000976c500000,0x000000976c600000) (1024K)]
  0x000001ec143dd130 JavaThread "Unconstrained build operations Thread 12"        [_thread_blocked, id=20264, stack(0x000000976c600000,0x000000976c700000) (1024K)]
  0x000001ec143dcaa0 JavaThread "Unconstrained build operations Thread 13"        [_thread_in_native, id=18304, stack(0x000000976c700000,0x000000976c800000) (1024K)]
  0x000001ec6b54cb10 JavaThread "Unconstrained build operations Thread 14"        [_thread_blocked, id=11384, stack(0x000000976c800000,0x000000976c900000) (1024K)]
  0x000001ec6b54dec0 JavaThread "Unconstrained build operations Thread 15"        [_thread_blocked, id=6184, stack(0x000000976c900000,0x000000976ca00000) (1024K)]
  0x000001ec6b54d1a0 JavaThread "Unconstrained build operations Thread 16"        [_thread_in_Java, id=4396, stack(0x000000976ca00000,0x000000976cb00000) (1024K)]
  0x000001ec6b54d830 JavaThread "Unconstrained build operations Thread 17"        [_thread_blocked, id=13400, stack(0x000000976cb00000,0x000000976cc00000) (1024K)]
  0x000001ec69a0bb40 JavaThread "Unconstrained build operations Thread 18"        [_thread_in_Java, id=3092, stack(0x000000976cc00000,0x000000976cd00000) (1024K)]
  0x000001ec69a0ae20 JavaThread "Unconstrained build operations Thread 19"        [_thread_in_native, id=20088, stack(0x000000976cd00000,0x000000976ce00000) (1024K)]
  0x000001ec69a0c1d0 JavaThread "Unconstrained build operations Thread 20"        [_thread_in_native, id=2016, stack(0x000000976ce00000,0x000000976cf00000) (1024K)]
  0x000001ec69a0b4b0 JavaThread "Unconstrained build operations Thread 21"        [_thread_blocked, id=14576, stack(0x000000976d100000,0x000000976d200000) (1024K)]
  0x000001ec157e27e0 JavaThread "Unconstrained build operations Thread 22"        [_thread_blocked, id=20236, stack(0x000000976d200000,0x000000976d300000) (1024K)]
  0x000001ec157e2150 JavaThread "Unconstrained build operations Thread 23"        [_thread_blocked, id=18020, stack(0x000000976d300000,0x000000976d400000) (1024K)]
  0x000001ec157e2e70 JavaThread "Unconstrained build operations Thread 24"        [_thread_blocked, id=18204, stack(0x000000976d400000,0x000000976d500000) (1024K)]
  0x000001ec157e48b0 JavaThread "Unconstrained build operations Thread 25"        [_thread_blocked, id=3188, stack(0x000000976d500000,0x000000976d600000) (1024K)]
  0x000001ec157e3b90 JavaThread "Unconstrained build operations Thread 26"        [_thread_blocked, id=5612, stack(0x000000976d600000,0x000000976d700000) (1024K)]
  0x000001ec157e3500 JavaThread "Unconstrained build operations Thread 27"        [_thread_in_native, id=10968, stack(0x000000976d700000,0x000000976d800000) (1024K)]
  0x000001ec157e4f40 JavaThread "Unconstrained build operations Thread 28"        [_thread_blocked, id=18472, stack(0x000000976d800000,0x000000976d900000) (1024K)]
  0x000001ec157e4220 JavaThread "Unconstrained build operations Thread 29"        [_thread_blocked, id=8764, stack(0x000000976d900000,0x000000976da00000) (1024K)]
  0x000001ec157e1ac0 JavaThread "Unconstrained build operations Thread 30"        [_thread_blocked, id=5248, stack(0x000000976da00000,0x000000976db00000) (1024K)]
  0x000001ec69512c20 JavaThread "Unconstrained build operations Thread 31"        [_thread_blocked, id=15980, stack(0x000000976db00000,0x000000976dc00000) (1024K)]
  0x000001ec69511870 JavaThread "Unconstrained build operations Thread 32"        [_thread_blocked, id=18108, stack(0x000000976dc00000,0x000000976dd00000) (1024K)]
  0x000001ec69514660 JavaThread "Unconstrained build operations Thread 33"        [_thread_blocked, id=2012, stack(0x000000976dd00000,0x000000976de00000) (1024K)]
  0x000001ec69513940 JavaThread "Unconstrained build operations Thread 34"        [_thread_blocked, id=16512, stack(0x000000976de00000,0x000000976df00000) (1024K)]
  0x000001ec69514cf0 JavaThread "Unconstrained build operations Thread 35"        [_thread_blocked, id=13732, stack(0x000000976e000000,0x000000976e100000) (1024K)]
  0x000001ec69511f00 JavaThread "Unconstrained build operations Thread 36"        [_thread_blocked, id=7768, stack(0x000000976e100000,0x000000976e200000) (1024K)]
  0x000001ec69512590 JavaThread "Unconstrained build operations Thread 37"        [_thread_blocked, id=19140, stack(0x000000976e400000,0x000000976e500000) (1024K)]
  0x000001ec695132b0 JavaThread "Unconstrained build operations Thread 38"        [_thread_blocked, id=6712, stack(0x000000976e500000,0x000000976e600000) (1024K)]
  0x000001ec69513fd0 JavaThread "Unconstrained build operations Thread 39"        [_thread_blocked, id=5560, stack(0x000000976e600000,0x000000976e700000) (1024K)]
  0x000001ec695fd670 JavaThread "Unconstrained build operations Thread 40"        [_thread_blocked, id=20460, stack(0x000000976e700000,0x000000976e800000) (1024K)]
  0x000001ec695fdd00 JavaThread "Unconstrained build operations Thread 41"        [_thread_blocked, id=17040, stack(0x000000976e800000,0x000000976e900000) (1024K)]
  0x000001ec695fe390 JavaThread "Unconstrained build operations Thread 42"        [_thread_blocked, id=6684, stack(0x000000976e900000,0x000000976ea00000) (1024K)]
  0x000001ec695fc2c0 JavaThread "build event listener"              [_thread_blocked, id=2508, stack(0x000000976ea00000,0x000000976eb00000) (1024K)]
  0x000001ec695faf10 JavaThread "build event listener"              [_thread_blocked, id=5388, stack(0x000000976eb00000,0x000000976ec00000) (1024K)]
  0x000001ec695fb5a0 JavaThread "Problems report writer"            [_thread_blocked, id=19080, stack(0x000000976ec00000,0x000000976ed00000) (1024K)]
  0x000001ec695fbc30 JavaThread "pool-13-thread-1"                  [_thread_blocked, id=13336, stack(0x000000976ed00000,0x000000976ee00000) (1024K)]
  0x000001ec695fcfe0 JavaThread "build event listener"              [_thread_blocked, id=20232, stack(0x000000976ee00000,0x000000976ef00000) (1024K)]
  0x000001ec695fc950 JavaThread "included builds"                   [_thread_blocked, id=7348, stack(0x000000976ef00000,0x000000976f000000) (1024K)]
  0x000001ec145fc0f0 JavaThread "Execution worker"                  [_thread_blocked, id=3068, stack(0x000000976f000000,0x000000976f100000) (1024K)]
  0x000001ec145fa6b0 JavaThread "Execution worker Thread 2"         [_thread_blocked, id=14588, stack(0x000000976f100000,0x000000976f200000) (1024K)]
  0x000001ec145fad40 JavaThread "Execution worker Thread 3"         [_thread_blocked, id=19476, stack(0x000000976f200000,0x000000976f300000) (1024K)]
  0x000001ec145fb3d0 JavaThread "Execution worker Thread 4"         [_thread_blocked, id=13324, stack(0x000000976f300000,0x000000976f400000) (1024K)]
  0x000001ec145fce10 JavaThread "Execution worker Thread 5"         [_thread_blocked, id=20396, stack(0x000000976f400000,0x000000976f500000) (1024K)]
  0x000001ec145fba60 JavaThread "Execution worker Thread 6"         [_thread_blocked, id=13164, stack(0x000000976f500000,0x000000976f600000) (1024K)]
  0x000001ec145fc780 JavaThread "Execution worker Thread 7"         [_thread_blocked, id=10476, stack(0x000000976f600000,0x000000976f700000) (1024K)]
  0x000001ec145fd4a0 JavaThread "Execution worker Thread 8"         [_thread_blocked, id=16004, stack(0x000000976f800000,0x000000976f900000) (1024K)]
  0x000001ec690f6c40 JavaThread "Execution worker Thread 9"         [_thread_blocked, id=10620, stack(0x000000976f900000,0x000000976fa00000) (1024K)]
  0x000001ec690f65b0 JavaThread "Execution worker Thread 10"        [_thread_blocked, id=20432, stack(0x000000976fa00000,0x000000976fb00000) (1024K)]
  0x000001ec690f72d0 JavaThread "Execution worker Thread 11"        [_thread_blocked, id=18228, stack(0x000000976fb00000,0x000000976fc00000) (1024K)]
  0x000001ec63edd320 JavaThread "Cache worker for execution history cache (D:\Project 5\.gradle\9.0.0\executionHistory)"        [_thread_blocked, id=17820, stack(0x000000976fd00000,0x000000976fe00000) (1024K)]
  0x000001ec690f7ff0 JavaThread "Unconstrained build operations Thread 43"        [_thread_blocked, id=18364, stack(0x000000976ff00000,0x0000009770000000) (1024K)]
  0x000001ec690f5f20 JavaThread "Unconstrained build operations Thread 44"        [_thread_blocked, id=15808, stack(0x0000009770000000,0x0000009770100000) (1024K)]
  0x000001ec690f7960 JavaThread "Unconstrained build operations Thread 45"        [_thread_blocked, id=16860, stack(0x0000009770100000,0x0000009770200000) (1024K)]
  0x000001ec6c9a9d50 JavaThread "Unconstrained build operations Thread 46"        [_thread_blocked, id=3244, stack(0x0000009770200000,0x0000009770300000) (1024K)]
  0x000001ec6c9aa3e0 JavaThread "Unconstrained build operations Thread 47"        [_thread_blocked, id=6356, stack(0x0000009770300000,0x0000009770400000) (1024K)]
  0x000001ec6c9abe20 JavaThread "Unconstrained build operations Thread 48"        [_thread_blocked, id=12112, stack(0x0000009770400000,0x0000009770500000) (1024K)]
  0x000001ec6c9a89a0 JavaThread "Unconstrained build operations Thread 49"        [_thread_blocked, id=13304, stack(0x0000009770500000,0x0000009770600000) (1024K)]
  0x000001ec699379d0 JavaThread "Unconstrained build operations Thread 50"        [_thread_blocked, id=5052, stack(0x0000009770600000,0x0000009770700000) (1024K)]
  0x000001ec1510eab0 JavaThread "Unconstrained build operations Thread 51"        [_thread_blocked, id=18260, stack(0x0000009770700000,0x0000009770800000) (1024K)]
  0x000001ec15111210 JavaThread "Unconstrained build operations Thread 52"        [_thread_blocked, id=18272, stack(0x0000009770800000,0x0000009770900000) (1024K)]
  0x000001ec151104f0 JavaThread "Unconstrained build operations Thread 53"        [_thread_blocked, id=1960, stack(0x0000009770900000,0x0000009770a00000) (1024K)]
  0x000001ec6c9ab100 JavaThread "WorkerExecutor Queue"              [_thread_blocked, id=9600, stack(0x0000009770a00000,0x0000009770b00000) (1024K)]
  0x000001ec63edb250 JavaThread "WorkerExecutor Queue Thread 2"        [_thread_blocked, id=13272, stack(0x0000009770b00000,0x0000009770c00000) (1024K)]
  0x000001ec63ed9ea0 JavaThread "WorkerExecutor Queue Thread 3"        [_thread_blocked, id=2712, stack(0x0000009770c00000,0x0000009770d00000) (1024K)]
  0x000001ec63edc600 JavaThread "WorkerExecutor Queue Thread 4"        [_thread_blocked, id=12172, stack(0x0000009770d00000,0x0000009770e00000) (1024K)]
  0x000001ec63eda530 JavaThread "WorkerExecutor Queue Thread 5"        [_thread_blocked, id=7048, stack(0x0000009770e00000,0x0000009770f00000) (1024K)]
  0x000001ec1460f390 JavaThread "WorkerExecutor Queue Thread 7"        [_thread_blocked, id=16148, stack(0x0000009771000000,0x0000009771100000) (1024K)]
  0x000001ec14611af0 JavaThread "WorkerExecutor Queue Thread 8"        [_thread_blocked, id=18800, stack(0x0000009771100000,0x0000009771200000) (1024K)]
  0x000001ec1460e670 JavaThread "WorkerExecutor Queue Thread 9"        [_thread_blocked, id=20372, stack(0x0000009771200000,0x0000009771300000) (1024K)]
  0x000001ec5fac3dd0 JavaThread "WorkerExecutor Queue Thread 10"        [_thread_blocked, id=12496, stack(0x0000009771300000,0x0000009771400000) (1024K)]
  0x000001ec5fac4460 JavaThread "WorkerExecutor Queue Thread 11"        [_thread_blocked, id=13876, stack(0x0000009771400000,0x0000009771500000) (1024K)]
  0x000001ec6bb76670 JavaThread "WorkerExecutor Queue Thread 12"        [_thread_blocked, id=15536, stack(0x0000009771500000,0x0000009771600000) (1024K)]
  0x000001ec5fac0fe0 JavaThread "Unconstrained build operations Thread 54"        [_thread_blocked, id=17560, stack(0x0000009771600000,0x0000009771700000) (1024K)]
  0x000001ec6c8c46b0 JavaThread "Unconstrained build operations Thread 55"        [_thread_blocked, id=2796, stack(0x0000009771700000,0x0000009771800000) (1024K)]
  0x000001ec6c8c6780 JavaThread "Unconstrained build operations Thread 56"        [_thread_blocked, id=6644, stack(0x0000009771800000,0x0000009771900000) (1024K)]
  0x000001ec6c8c53d0 JavaThread "Unconstrained build operations Thread 57"        [_thread_blocked, id=932, stack(0x0000009771900000,0x0000009771a00000) (1024K)]
  0x000001ec6c8c5a60 JavaThread "Unconstrained build operations Thread 58"        [_thread_blocked, id=12552, stack(0x0000009771a00000,0x0000009771b00000) (1024K)]
  0x000001ec6c8c60f0 JavaThread "Unconstrained build operations Thread 59"        [_thread_blocked, id=5048, stack(0x0000009771b00000,0x0000009771c00000) (1024K)]
  0x000001ec6c8c3300 JavaThread "Unconstrained build operations Thread 60"        [_thread_blocked, id=20056, stack(0x0000009771c00000,0x0000009771d00000) (1024K)]
  0x000001ec72ea44b0 JavaThread "Unconstrained build operations Thread 61"        [_thread_blocked, id=19716, stack(0x0000009771d00000,0x0000009771e00000) (1024K)]
  0x000001ec5fac5ea0 JavaThread "Unconstrained build operations Thread 62"        [_thread_blocked, id=6764, stack(0x0000009771e00000,0x0000009771f00000) (1024K)]
  0x000001ec5fac6530 JavaThread "Unconstrained build operations Thread 63"        [_thread_blocked, id=20276, stack(0x0000009771f00000,0x0000009772000000) (1024K)]
  0x000001ec5fac5180 JavaThread "Unconstrained build operations Thread 64"        [_thread_blocked, id=9604, stack(0x0000009772000000,0x0000009772100000) (1024K)]
  0x000001ec5fac5810 JavaThread "Unconstrained build operations Thread 65"        [_thread_blocked, id=11872, stack(0x0000009772100000,0x0000009772200000) (1024K)]
  0x000001ec146100b0 JavaThread "Unconstrained build operations Thread 66"        [_thread_blocked, id=3760, stack(0x0000009772200000,0x0000009772300000) (1024K)]
  0x000001ec1460fa20 JavaThread "Unconstrained build operations Thread 67"        [_thread_blocked, id=17528, stack(0x0000009772300000,0x0000009772400000) (1024K)]
  0x000001ec14610dd0 JavaThread "Unconstrained build operations Thread 68"        [_thread_blocked, id=13776, stack(0x0000009772400000,0x0000009772500000) (1024K)]
  0x000001ec14610740 JavaThread "Unconstrained build operations Thread 69"        [_thread_blocked, id=16212, stack(0x0000009772500000,0x0000009772600000) (1024K)]
  0x000001ec1460ed00 JavaThread "Unconstrained build operations Thread 70"        [_thread_blocked, id=19600, stack(0x0000009772600000,0x0000009772700000) (1024K)]
  0x000001ec14160040 JavaThread "Unconstrained build operations Thread 71"        [_thread_blocked, id=20120, stack(0x0000009772700000,0x0000009772800000) (1024K)]
  0x000001ec141606d0 JavaThread "Unconstrained build operations Thread 72"        [_thread_blocked, id=16508, stack(0x0000009772800000,0x0000009772900000) (1024K)]
  0x000001ec14160d60 JavaThread "Unconstrained build operations Thread 73"        [_thread_blocked, id=880, stack(0x0000009772900000,0x0000009772a00000) (1024K)]
  0x000001ec1415f9b0 JavaThread "Unconstrained build operations Thread 74"        [_thread_blocked, id=12104, stack(0x0000009772a00000,0x0000009772b00000) (1024K)]
  0x000001ec13df7cd0 JavaThread "Unconstrained build operations Thread 75"        [_thread_blocked, id=13132, stack(0x0000009772b00000,0x0000009772c00000) (1024K)]
  0x000001ec13df9080 JavaThread "Unconstrained build operations Thread 76"        [_thread_blocked, id=17440, stack(0x0000009772c00000,0x0000009772d00000) (1024K)]
  0x000001ec13df5c00 JavaThread "Unconstrained build operations Thread 77"        [_thread_blocked, id=8520, stack(0x000000976c400000,0x000000976c500000) (1024K)]
  0x000001ec6cdd5a60 JavaThread "Unconstrained build operations Thread 78"        [_thread_blocked, id=6100, stack(0x0000009772d00000,0x0000009772e00000) (1024K)]
  0x000001ec6cdd60f0 JavaThread "Unconstrained build operations Thread 79"        [_thread_blocked, id=19196, stack(0x0000009772e00000,0x0000009772f00000) (1024K)]
  0x000001ec6cdd6e10 JavaThread "Unconstrained build operations Thread 80"        [_thread_blocked, id=6392, stack(0x0000009772f00000,0x0000009773000000) (1024K)]
  0x000001ec6cdd74a0 JavaThread "Unconstrained build operations Thread 81"        [_thread_blocked, id=16016, stack(0x0000009773000000,0x0000009773100000) (1024K)]
  0x000001ec5fac7250 JavaThread "Unconstrained build operations Thread 82"        [_thread_blocked, id=19632, stack(0x0000009773100000,0x0000009773200000) (1024K)]
  0x000001ec5fac78e0 JavaThread "Unconstrained build operations Thread 83"        [_thread_blocked, id=3344, stack(0x0000009773200000,0x0000009773300000) (1024K)]
  0x000001ec5fac7f70 JavaThread "Unconstrained build operations Thread 84"        [_thread_blocked, id=6820, stack(0x0000009773300000,0x0000009773400000) (1024K)]
  0x000001ec5fac4af0 JavaThread "Unconstrained build operations Thread 85"        [_thread_blocked, id=17568, stack(0x0000009773400000,0x0000009773500000) (1024K)]
  0x000001ec13df6290 JavaThread "Unconstrained build operations Thread 86"        [_thread_blocked, id=19968, stack(0x0000009773500000,0x0000009773600000) (1024K)]
  0x000001ec13df8360 JavaThread "Unconstrained build operations Thread 87"        [_thread_blocked, id=17536, stack(0x0000009773600000,0x0000009773700000) (1024K)]
  0x000001ec6ca0dc90 JavaThread "Unconstrained build operations Thread 88"        [_thread_blocked, id=4428, stack(0x0000009773800000,0x0000009773900000) (1024K)]
  0x000001ec6ca0e9b0 JavaThread "Unconstrained build operations Thread 89"        [_thread_blocked, id=13152, stack(0x0000009773900000,0x0000009773a00000) (1024K)]
  0x000001ec6ca0e320 JavaThread "Unconstrained build operations Thread 90"        [_thread_blocked, id=10016, stack(0x0000009773a00000,0x0000009773b00000) (1024K)]
  0x000001ec6a7a8e50 JavaThread "Unconstrained build operations Thread 91"        [_thread_blocked, id=12392, stack(0x0000009773b00000,0x0000009773c00000) (1024K)]
  0x000001ec6a7a94e0 JavaThread "Unconstrained build operations Thread 92"        [_thread_blocked, id=17956, stack(0x0000009773c00000,0x0000009773d00000) (1024K)]
  0x000001ec6a7a9b70 JavaThread "Unconstrained build operations Thread 93"        [_thread_blocked, id=14804, stack(0x0000009773d00000,0x0000009773e00000) (1024K)]
  0x000001ec6a7aa200 JavaThread "Unconstrained build operations Thread 94"        [_thread_blocked, id=15604, stack(0x0000009773e00000,0x0000009773f00000) (1024K)]
  0x000001ec72606b30 JavaThread "Unconstrained build operations Thread 95"        [_thread_blocked, id=7764, stack(0x0000009773f00000,0x0000009774000000) (1024K)]
  0x000001ec726036b0 JavaThread "Unconstrained build operations Thread 96"        [_thread_blocked, id=4644, stack(0x0000009774000000,0x0000009774100000) (1024K)]
  0x000001ec726064a0 JavaThread "Unconstrained build operations Thread 97"        [_thread_blocked, id=7496, stack(0x0000009774100000,0x0000009774200000) (1024K)]
  0x000001ec72603d40 JavaThread "Unconstrained build operations Thread 98"        [_thread_blocked, id=6932, stack(0x0000009774200000,0x0000009774300000) (1024K)]
  0x000001ec698bd980 JavaThread "Unconstrained build operations Thread 99"        [_thread_blocked, id=8888, stack(0x0000009774400000,0x0000009774500000) (1024K)]
  0x000001ec698be010 JavaThread "Unconstrained build operations Thread 100"        [_thread_blocked, id=14112, stack(0x0000009774500000,0x0000009774600000) (1024K)]
  0x000001ec698bc5d0 JavaThread "Unconstrained build operations Thread 101"        [_thread_blocked, id=20332, stack(0x0000009774600000,0x0000009774700000) (1024K)]
  0x000001ec698bb8b0 JavaThread "Unconstrained build operations Thread 102"        [_thread_blocked, id=18096, stack(0x0000009774700000,0x0000009774800000) (1024K)]
  0x000001ec698bcc60 JavaThread "Unconstrained build operations Thread 103"        [_thread_blocked, id=3680, stack(0x0000009774800000,0x0000009774900000) (1024K)]
  0x000001ec6b322ab0 JavaThread "Unconstrained build operations Thread 104"        [_thread_blocked, id=20316, stack(0x0000009774900000,0x0000009774a00000) (1024K)]
  0x000001ec1548f870 JavaThread "Unconstrained build operations Thread 105"        [_thread_blocked, id=1404, stack(0x0000009774a00000,0x0000009774b00000) (1024K)]
  0x000001ec15490590 JavaThread "Unconstrained build operations Thread 106"        [_thread_blocked, id=10096, stack(0x0000009774b00000,0x0000009774c00000) (1024K)]
  0x000001ec15492660 JavaThread "Unconstrained build operations Thread 107"        [_thread_blocked, id=14680, stack(0x0000009774c00000,0x0000009774d00000) (1024K)]
  0x000001ec15490c20 JavaThread "Unconstrained build operations Thread 108"        [_thread_blocked, id=11800, stack(0x0000009774d00000,0x0000009774e00000) (1024K)]
  0x000001ec1548ff00 JavaThread "Unconstrained build operations Thread 109"        [_thread_blocked, id=3144, stack(0x0000009774e00000,0x0000009774f00000) (1024K)]
=>0x000001ec6b3bdb20 JavaThread "C2 CompilerThread1"         daemon [_thread_in_native, id=18028, stack(0x000000976b900000,0x000000976ba00000) (1024K)]
  0x000001ec72ea2a70 JavaThread "Unconstrained build operations Thread 110"        [_thread_blocked, id=2776, stack(0x0000009773700000,0x0000009773800000) (1024K)]
  0x000001ec72ea3e20 JavaThread "Unconstrained build operations Thread 111"        [_thread_blocked, id=16088, stack(0x0000009774f00000,0x0000009775000000) (1024K)]
  0x000001ec72ea5860 JavaThread "Unconstrained build operations Thread 112"        [_thread_blocked, id=20456, stack(0x0000009775000000,0x0000009775100000) (1024K)]
  0x000001ec72ea5ef0 JavaThread "Unconstrained build operations Thread 113"        [_thread_blocked, id=12524, stack(0x0000009775100000,0x0000009775200000) (1024K)]
  0x000001ec72ea4b40 JavaThread "Unconstrained build operations Thread 114"        [_thread_blocked, id=11016, stack(0x0000009775200000,0x0000009775300000) (1024K)]
  0x000001ec72ea3790 JavaThread "Unconstrained build operations Thread 115"        [_thread_blocked, id=10704, stack(0x0000009775300000,0x0000009775400000) (1024K)]
  0x000001ec72ea51d0 JavaThread "Unconstrained build operations Thread 116"        [_thread_blocked, id=20156, stack(0x0000009775400000,0x0000009775500000) (1024K)]
  0x000001ec72ea3100 JavaThread "Unconstrained build operations Thread 117"        [_thread_blocked, id=12272, stack(0x0000009775500000,0x0000009775600000) (1024K)]
  0x000001ec72d6a070 JavaThread "Unconstrained build operations Thread 118"        [_thread_blocked, id=2176, stack(0x0000009775600000,0x0000009775700000) (1024K)]
  0x000001ec72d68cc0 JavaThread "Unconstrained build operations Thread 119"        [_thread_blocked, id=10716, stack(0x0000009775700000,0x0000009775800000) (1024K)]
  0x000001ec72d67910 JavaThread "Unconstrained build operations Thread 120"        [_thread_blocked, id=13352, stack(0x0000009775800000,0x0000009775900000) (1024K)]
  0x000001ec72609b70 JavaThread "C2 CompilerThread2"         daemon [_thread_in_native, id=7572, stack(0x0000009770f00000,0x0000009771000000) (1024K)]
  0x000001ec72d67fa0 JavaThread "WorkerExecutor Queue Thread 14"        [_thread_blocked, id=20388, stack(0x000000976e300000,0x000000976e400000) (1024K)]
  0x000001ec6bb77390 JavaThread "ForkJoinPool-2-worker-1"    daemon [_thread_blocked, id=20428, stack(0x000000976a000000,0x000000976a100000) (1024K)]
  0x000001ec6bb77a20 JavaThread "ForkJoinPool-2-worker-2"    daemon [_thread_blocked, id=4952, stack(0x0000009774300000,0x0000009774400000) (1024K)]
  0x000001ec72605e10 JavaThread "ForkJoinPool-2-worker-3"    daemon [_thread_blocked, id=19780, stack(0x0000009775900000,0x0000009775a00000) (1024K)]
  0x000001ec6962ea70 JavaThread "ForkJoinPool-2-worker-4"    daemon [_thread_blocked, id=10368, stack(0x0000009775a00000,0x0000009775b00000) (1024K)]
  0x000001ec6cc95bf0 JavaThread "ForkJoinPool-2-worker-5"    daemon [_thread_in_vm, id=19156, stack(0x0000009775b00000,0x0000009775c00000) (1024K)]
  0x000001ec04c58610 JavaThread "ForkJoinPool-2-worker-6"    daemon [_thread_blocked, id=17628, stack(0x0000009775c00000,0x0000009775d00000) (1024K)]
  0x000001ec154912b0 JavaThread "ForkJoinPool-2-worker-7"    daemon [_thread_blocked, id=1888, stack(0x0000009775d00000,0x0000009775e00000) (1024K)]
  0x000001ec13df89f0 JavaThread "ForkJoinPool-2-worker-8"    daemon [_thread_blocked, id=19804, stack(0x0000009775e00000,0x0000009775f00000) (1024K)]
  0x000001ec72605780 JavaThread "ForkJoinPool-2-worker-9"    daemon [_thread_blocked, id=17020, stack(0x0000009775f00000,0x0000009776000000) (1024K)]
  0x000001ec04c5a6e0 JavaThread "ForkJoinPool-2-worker-10"   daemon [_thread_blocked, id=19552, stack(0x0000009776000000,0x0000009776100000) (1024K)]
  0x000001ec64178db0 JavaThread "ForkJoinPool-2-worker-11"   daemon [_thread_blocked, id=17388, stack(0x0000009776100000,0x0000009776200000) (1024K)]
  0x000001ec13a7c480 JavaThread "ForkJoinPool-2-worker-12"   daemon [_thread_blocked, id=11836, stack(0x0000009776200000,0x0000009776300000) (1024K)]
Total: 212

Other Threads:
  0x000001ec595a78b0 VMThread "VM Thread"                           [id=19420, stack(0x0000009768400000,0x0000009768500000) (1024K)]
  0x000001ec5954f5e0 WatcherThread "VM Periodic Task Thread"        [id=19416, stack(0x0000009768300000,0x0000009768400000) (1024K)]
  0x000001ec3f76dff0 WorkerThread "GC Thread#0"                     [id=19396, stack(0x0000009767e00000,0x0000009767f00000) (1024K)]
  0x000001ec5e3aadd0 WorkerThread "GC Thread#1"                     [id=16392, stack(0x0000009769000000,0x0000009769100000) (1024K)]
  0x000001ec5e20ca40 WorkerThread "GC Thread#2"                     [id=13500, stack(0x0000009769100000,0x0000009769200000) (1024K)]
  0x000001ec5eee5a40 WorkerThread "GC Thread#3"                     [id=18500, stack(0x0000009769300000,0x0000009769400000) (1024K)]
  0x000001ec5eba64b0 WorkerThread "GC Thread#4"                     [id=18480, stack(0x0000009769400000,0x0000009769500000) (1024K)]
  0x000001ec5ea3b460 WorkerThread "GC Thread#5"                     [id=17284, stack(0x0000009769700000,0x0000009769800000) (1024K)]
  0x000001ec5ea3b810 WorkerThread "GC Thread#6"                     [id=18412, stack(0x0000009769800000,0x0000009769900000) (1024K)]
  0x000001ec5ea3bbc0 WorkerThread "GC Thread#7"                     [id=14960, stack(0x0000009769900000,0x0000009769a00000) (1024K)]
  0x000001ec5fa00bc0 WorkerThread "GC Thread#8"                     [id=14924, stack(0x0000009769a00000,0x0000009769b00000) (1024K)]
  0x000001ec5fa016d0 WorkerThread "GC Thread#9"                     [id=14948, stack(0x0000009769b00000,0x0000009769c00000) (1024K)]
  0x000001ec3fa06380 ConcurrentGCThread "G1 Main Marker"            [id=19400, stack(0x0000009767f00000,0x0000009768000000) (1024K)]
  0x000001ec3fa07ae0 WorkerThread "G1 Conc#0"                       [id=19404, stack(0x0000009768000000,0x0000009768100000) (1024K)]
  0x000001ec5fa01a80 WorkerThread "G1 Conc#1"                       [id=14964, stack(0x0000009769e00000,0x0000009769f00000) (1024K)]
  0x000001ec5fa00f70 WorkerThread "G1 Conc#2"                       [id=14968, stack(0x0000009769f00000,0x000000976a000000) (1024K)]
  0x000001ec59421570 ConcurrentGCThread "G1 Refine#0"               [id=19408, stack(0x0000009768100000,0x0000009768200000) (1024K)]
  0x000001ec59422eb0 ConcurrentGCThread "G1 Service"                [id=19412, stack(0x0000009768200000,0x0000009768300000) (1024K)]
Total: 18

Threads with active compile tasks:
C2 CompilerThread0  1913529 57031   !   4       com.sun.org.apache.xerces.internal.impl.XMLDocumentFragmentScannerImpl$FragmentContentDriver::next (2331 bytes)
C1 CompilerThread0  1913530 57310 %     3       com.android.tools.r8.dex.V::a @ 2840 (4032 bytes)
C2 CompilerThread1  1913530 56213       4       org.gradle.internal.snapshot.DirectorySnapshot::lambda$accept$5 (10 bytes)
C2 CompilerThread2  1913530 56608       4       com.sun.xml.internal.stream.events.XMLEventAllocatorImpl::getXMLEvent (640 bytes)
Total: 4

VM state: not at safepoint (normal execution)

VM Mutex/Monitor currently owned by a thread: None

Heap address: 0x0000000080000000, size: 2048 MB, Compressed Oops mode: 32-bit

CDS archive(s) not mapped
Compressed class space mapped at: 0x0000000100000000-0x0000000140000000, reserved size: 1073741824
Narrow klass base: 0x0000000000000000, Narrow klass shift: 3, Narrow klass range: 0x140000000

GC Precious Log:
 CardTable entry size: 512
 Card Set container configuration: InlinePtr #cards 5 size 8 Array Of Cards #cards 12 size 40 Howl #buckets 4 coarsen threshold 1843 Howl Bitmap #cards 512 size 80 coarsen threshold 460 Card regions per heap region 1 cards per card region 2048
 CPUs: 12 total, 12 available
 Memory: 7521M
 Large Page Support: Disabled
 NUMA Support: Disabled
 Compressed Oops: Enabled (32-bit)
 Heap Region Size: 1M
 Heap Min Capacity: 8M
 Heap Initial Capacity: 118M
 Heap Max Capacity: 2G
 Pre-touch: Disabled
 Parallel Workers: 10
 Concurrent Workers: 3
 Concurrent Refinement Workers: 10
 Periodic GC: Disabled

Heap:
 garbage-first heap   total 846848K, used 802392K [0x0000000080000000, 0x0000000100000000)
  region size 1024K, 450 young (460800K), 26 survivors (26624K)
 Metaspace       used 271702K, committed 273600K, reserved 1310720K
  class space    used 34928K, committed 35840K, reserved 1048576K

Heap Regions: E=young(eden), S=young(survivor), O=old, HS=humongous(starts), HC=humongous(continues), CS=collection set, F=free, TAMS=top-at-mark-start, PB=parsable bottom
|   0|0x0000000080000000, 0x0000000080100000, 0x0000000080100000|100%|HS|  |TAMS 0x0000000080000000| PB 0x0000000080000000| Complete 
|   1|0x0000000080100000, 0x0000000080200000, 0x0000000080200000|100%|HC|  |TAMS 0x0000000080100000| PB 0x0000000080100000| Complete 
|   2|0x0000000080200000, 0x0000000080300000, 0x0000000080300000|100%|HC|  |TAMS 0x0000000080200000| PB 0x0000000080200000| Complete 
|   3|0x0000000080300000, 0x0000000080400000, 0x0000000080400000|100%| O|  |TAMS 0x0000000080300000| PB 0x0000000080300000| Untracked 
|   4|0x0000000080400000, 0x0000000080500000, 0x0000000080500000|100%| O|  |TAMS 0x0000000080400000| PB 0x0000000080400000| Untracked 
|   5|0x0000000080500000, 0x0000000080600000, 0x0000000080600000|100%| O|  |TAMS 0x0000000080500000| PB 0x0000000080500000| Untracked 
|   6|0x0000000080600000, 0x0000000080700000, 0x0000000080700000|100%|HS|  |TAMS 0x0000000080600000| PB 0x0000000080600000| Complete 
|   7|0x0000000080700000, 0x0000000080800000, 0x0000000080800000|100%| O|  |TAMS 0x0000000080700000| PB 0x0000000080700000| Untracked 
|   8|0x0000000080800000, 0x0000000080900000, 0x0000000080900000|100%| O|  |TAMS 0x0000000080800000| PB 0x0000000080800000| Untracked 
|   9|0x0000000080900000, 0x0000000080a00000, 0x0000000080a00000|100%| O|  |TAMS 0x0000000080900000| PB 0x0000000080900000| Untracked 
|  10|0x0000000080a00000, 0x0000000080b00000, 0x0000000080b00000|100%| O|  |TAMS 0x0000000080a00000| PB 0x0000000080a00000| Untracked 
|  11|0x0000000080b00000, 0x0000000080c00000, 0x0000000080c00000|100%| O|  |TAMS 0x0000000080b00000| PB 0x0000000080b00000| Untracked 
|  12|0x0000000080c00000, 0x0000000080d00000, 0x0000000080d00000|100%| O|  |TAMS 0x0000000080c00000| PB 0x0000000080c00000| Untracked 
|  13|0x0000000080d00000, 0x0000000080e00000, 0x0000000080e00000|100%| O|  |TAMS 0x0000000080d00000| PB 0x0000000080d00000| Untracked 
|  14|0x0000000080e00000, 0x0000000080f00000, 0x0000000080f00000|100%| O|  |TAMS 0x0000000080e00000| PB 0x0000000080e00000| Untracked 
|  15|0x0000000080f00000, 0x0000000081000000, 0x0000000081000000|100%| O|  |TAMS 0x0000000080f00000| PB 0x0000000080f00000| Untracked 
|  16|0x0000000081000000, 0x0000000081100000, 0x0000000081100000|100%| O|  |TAMS 0x0000000081000000| PB 0x0000000081000000| Untracked 
|  17|0x0000000081100000, 0x0000000081200000, 0x0000000081200000|100%| O|  |TAMS 0x0000000081100000| PB 0x0000000081100000| Untracked 
|  18|0x0000000081200000, 0x0000000081300000, 0x0000000081300000|100%| O|  |TAMS 0x0000000081200000| PB 0x0000000081200000| Untracked 
|  19|0x0000000081300000, 0x0000000081400000, 0x0000000081400000|100%| O|  |TAMS 0x0000000081300000| PB 0x0000000081300000| Untracked 
|  20|0x0000000081400000, 0x0000000081500000, 0x0000000081500000|100%| O|  |TAMS 0x0000000081400000| PB 0x0000000081400000| Untracked 
|  21|0x0000000081500000, 0x0000000081600000, 0x0000000081600000|100%| O|  |TAMS 0x0000000081500000| PB 0x0000000081500000| Untracked 
|  22|0x0000000081600000, 0x0000000081700000, 0x0000000081700000|100%|HS|  |TAMS 0x0000000081600000| PB 0x0000000081600000| Complete 
|  23|0x0000000081700000, 0x0000000081800000, 0x0000000081800000|100%|HC|  |TAMS 0x0000000081700000| PB 0x0000000081700000| Complete 
|  24|0x0000000081800000, 0x0000000081900000, 0x0000000081900000|100%|HC|  |TAMS 0x0000000081800000| PB 0x0000000081800000| Complete 
|  25|0x0000000081900000, 0x0000000081a00000, 0x0000000081a00000|100%|HC|  |TAMS 0x0000000081900000| PB 0x0000000081900000| Complete 
|  26|0x0000000081a00000, 0x0000000081b00000, 0x0000000081b00000|100%|HC|  |TAMS 0x0000000081a00000| PB 0x0000000081a00000| Complete 
|  27|0x0000000081b00000, 0x0000000081c00000, 0x0000000081c00000|100%|HC|  |TAMS 0x0000000081b00000| PB 0x0000000081b00000| Complete 
|  28|0x0000000081c00000, 0x0000000081d00000, 0x0000000081d00000|100%|HS|  |TAMS 0x0000000081c00000| PB 0x0000000081c00000| Complete 
|  29|0x0000000081d00000, 0x0000000081e00000, 0x0000000081e00000|100%|HC|  |TAMS 0x0000000081d00000| PB 0x0000000081d00000| Complete 
|  30|0x0000000081e00000, 0x0000000081f00000, 0x0000000081f00000|100%|HS|  |TAMS 0x0000000081e00000| PB 0x0000000081e00000| Complete 
|  31|0x0000000081f00000, 0x0000000082000000, 0x0000000082000000|100%|HS|  |TAMS 0x0000000081f00000| PB 0x0000000081f00000| Complete 
|  32|0x0000000082000000, 0x0000000082100000, 0x0000000082100000|100%|HC|  |TAMS 0x0000000082000000| PB 0x0000000082000000| Complete 
|  33|0x0000000082100000, 0x0000000082200000, 0x0000000082200000|100%|HS|  |TAMS 0x0000000082100000| PB 0x0000000082100000| Complete 
|  34|0x0000000082200000, 0x0000000082300000, 0x0000000082300000|100%| O|  |TAMS 0x0000000082200000| PB 0x0000000082200000| Untracked 
|  35|0x0000000082300000, 0x0000000082400000, 0x0000000082400000|100%| O|  |TAMS 0x0000000082300000| PB 0x0000000082300000| Untracked 
|  36|0x0000000082400000, 0x0000000082500000, 0x0000000082500000|100%| O|  |TAMS 0x0000000082400000| PB 0x0000000082400000| Untracked 
|  37|0x0000000082500000, 0x0000000082600000, 0x0000000082600000|100%| O|  |TAMS 0x0000000082500000| PB 0x0000000082500000| Untracked 
|  38|0x0000000082600000, 0x0000000082700000, 0x0000000082700000|100%| O|  |TAMS 0x0000000082600000| PB 0x0000000082600000| Untracked 
|  39|0x0000000082700000, 0x0000000082800000, 0x0000000082800000|100%| O|  |TAMS 0x0000000082700000| PB 0x0000000082700000| Untracked 
|  40|0x0000000082800000, 0x0000000082900000, 0x0000000082900000|100%| O|  |TAMS 0x0000000082800000| PB 0x0000000082800000| Untracked 
|  41|0x0000000082900000, 0x0000000082a00000, 0x0000000082a00000|100%| O|  |TAMS 0x0000000082900000| PB 0x0000000082900000| Untracked 
|  42|0x0000000082a00000, 0x0000000082b00000, 0x0000000082b00000|100%| O|  |TAMS 0x0000000082a00000| PB 0x0000000082a00000| Untracked 
|  43|0x0000000082b00000, 0x0000000082c00000, 0x0000000082c00000|100%|HS|  |TAMS 0x0000000082b00000| PB 0x0000000082b00000| Complete 
|  44|0x0000000082c00000, 0x0000000082d00000, 0x0000000082d00000|100%|HS|  |TAMS 0x0000000082c00000| PB 0x0000000082c00000| Complete 
|  45|0x0000000082d00000, 0x0000000082e00000, 0x0000000082e00000|100%|HC|  |TAMS 0x0000000082d00000| PB 0x0000000082d00000| Complete 
|  46|0x0000000082e00000, 0x0000000082f00000, 0x0000000082f00000|100%| O|  |TAMS 0x0000000082e00000| PB 0x0000000082e00000| Untracked 
|  47|0x0000000082f00000, 0x0000000083000000, 0x0000000083000000|100%| O|  |TAMS 0x0000000082f00000| PB 0x0000000082f00000| Untracked 
|  48|0x0000000083000000, 0x0000000083100000, 0x0000000083100000|100%| O|  |TAMS 0x0000000083000000| PB 0x0000000083000000| Untracked 
|  49|0x0000000083100000, 0x0000000083200000, 0x0000000083200000|100%|HS|  |TAMS 0x0000000083100000| PB 0x0000000083100000| Complete 
|  50|0x0000000083200000, 0x0000000083300000, 0x0000000083300000|100%|HS|  |TAMS 0x0000000083200000| PB 0x0000000083200000| Complete 
|  51|0x0000000083300000, 0x0000000083400000, 0x0000000083400000|100%|HC|  |TAMS 0x0000000083300000| PB 0x0000000083300000| Complete 
|  52|0x0000000083400000, 0x0000000083500000, 0x0000000083500000|100%|HS|  |TAMS 0x0000000083400000| PB 0x0000000083400000| Complete 
|  53|0x0000000083500000, 0x0000000083600000, 0x0000000083600000|100%| O|  |TAMS 0x0000000083500000| PB 0x0000000083500000| Untracked 
|  54|0x0000000083600000, 0x0000000083700000, 0x0000000083700000|100%| O|  |TAMS 0x0000000083600000| PB 0x0000000083600000| Untracked 
|  55|0x0000000083700000, 0x0000000083800000, 0x0000000083800000|100%| O|  |TAMS 0x0000000083700000| PB 0x0000000083700000| Untracked 
|  56|0x0000000083800000, 0x0000000083900000, 0x0000000083900000|100%| O|  |TAMS 0x0000000083800000| PB 0x0000000083800000| Untracked 
|  57|0x0000000083900000, 0x0000000083a00000, 0x0000000083a00000|100%| O|  |TAMS 0x0000000083900000| PB 0x0000000083900000| Untracked 
|  58|0x0000000083a00000, 0x0000000083b00000, 0x0000000083b00000|100%| O|  |TAMS 0x0000000083a00000| PB 0x0000000083a00000| Untracked 
|  59|0x0000000083b00000, 0x0000000083c00000, 0x0000000083c00000|100%|HS|  |TAMS 0x0000000083b00000| PB 0x0000000083b00000| Complete 
|  60|0x0000000083c00000, 0x0000000083d00000, 0x0000000083d00000|100%|HC|  |TAMS 0x0000000083c00000| PB 0x0000000083c00000| Complete 
|  61|0x0000000083d00000, 0x0000000083e00000, 0x0000000083e00000|100%| O|  |TAMS 0x0000000083d00000| PB 0x0000000083d00000| Untracked 
|  62|0x0000000083e00000, 0x0000000083f00000, 0x0000000083f00000|100%| O|  |TAMS 0x0000000083e00000| PB 0x0000000083e00000| Untracked 
|  63|0x0000000083f00000, 0x0000000084000000, 0x0000000084000000|100%| O|  |TAMS 0x0000000083f00000| PB 0x0000000083f00000| Untracked 
|  64|0x0000000084000000, 0x0000000084100000, 0x0000000084100000|100%| O|  |TAMS 0x0000000084000000| PB 0x0000000084000000| Untracked 
|  65|0x0000000084100000, 0x0000000084200000, 0x0000000084200000|100%| O|  |TAMS 0x0000000084100000| PB 0x0000000084100000| Untracked 
|  66|0x0000000084200000, 0x0000000084300000, 0x0000000084300000|100%|HS|  |TAMS 0x0000000084200000| PB 0x0000000084200000| Complete 
|  67|0x0000000084300000, 0x0000000084400000, 0x0000000084400000|100%| O|  |TAMS 0x0000000084300000| PB 0x0000000084300000| Untracked 
|  68|0x0000000084400000, 0x0000000084500000, 0x0000000084500000|100%|HS|  |TAMS 0x0000000084400000| PB 0x0000000084400000| Complete 
|  69|0x0000000084500000, 0x0000000084600000, 0x0000000084600000|100%|HS|  |TAMS 0x0000000084500000| PB 0x0000000084500000| Complete 
|  70|0x0000000084600000, 0x0000000084700000, 0x0000000084700000|100%|HC|  |TAMS 0x0000000084600000| PB 0x0000000084600000| Complete 
|  71|0x0000000084700000, 0x0000000084800000, 0x0000000084800000|100%|HC|  |TAMS 0x0000000084700000| PB 0x0000000084700000| Complete 
|  72|0x0000000084800000, 0x0000000084900000, 0x0000000084900000|100%|HC|  |TAMS 0x0000000084800000| PB 0x0000000084800000| Complete 
|  73|0x0000000084900000, 0x0000000084a00000, 0x0000000084a00000|100%|HC|  |TAMS 0x0000000084900000| PB 0x0000000084900000| Complete 
|  74|0x0000000084a00000, 0x0000000084b00000, 0x0000000084b00000|100%|HC|  |TAMS 0x0000000084a00000| PB 0x0000000084a00000| Complete 
|  75|0x0000000084b00000, 0x0000000084c00000, 0x0000000084c00000|100%|HS|  |TAMS 0x0000000084b00000| PB 0x0000000084b00000| Complete 
|  76|0x0000000084c00000, 0x0000000084d00000, 0x0000000084d00000|100%|HC|  |TAMS 0x0000000084c00000| PB 0x0000000084c00000| Complete 
|  77|0x0000000084d00000, 0x0000000084e00000, 0x0000000084e00000|100%|HC|  |TAMS 0x0000000084d00000| PB 0x0000000084d00000| Complete 
|  78|0x0000000084e00000, 0x0000000084f00000, 0x0000000084f00000|100%|HC|  |TAMS 0x0000000084e00000| PB 0x0000000084e00000| Complete 
|  79|0x0000000084f00000, 0x0000000085000000, 0x0000000085000000|100%| O|  |TAMS 0x0000000084f00000| PB 0x0000000084f00000| Untracked 
|  80|0x0000000085000000, 0x0000000085100000, 0x0000000085100000|100%| O|  |TAMS 0x0000000085000000| PB 0x0000000085000000| Untracked 
|  81|0x0000000085100000, 0x0000000085200000, 0x0000000085200000|100%| O|  |TAMS 0x0000000085100000| PB 0x0000000085100000| Untracked 
|  82|0x0000000085200000, 0x0000000085300000, 0x0000000085300000|100%| O|  |TAMS 0x0000000085200000| PB 0x0000000085200000| Untracked 
|  83|0x0000000085300000, 0x0000000085400000, 0x0000000085400000|100%| O|  |TAMS 0x0000000085300000| PB 0x0000000085300000| Untracked 
|  84|0x0000000085400000, 0x0000000085500000, 0x0000000085500000|100%| O|  |TAMS 0x0000000085400000| PB 0x0000000085400000| Untracked 
|  85|0x0000000085500000, 0x0000000085600000, 0x0000000085600000|100%| O|  |TAMS 0x0000000085500000| PB 0x0000000085500000| Untracked 
|  86|0x0000000085600000, 0x0000000085700000, 0x0000000085700000|100%| O|  |TAMS 0x0000000085600000| PB 0x0000000085600000| Untracked 
|  87|0x0000000085700000, 0x0000000085800000, 0x0000000085800000|100%| O|  |TAMS 0x0000000085700000| PB 0x0000000085700000| Untracked 
|  88|0x0000000085800000, 0x0000000085900000, 0x0000000085900000|100%| O|  |TAMS 0x0000000085800000| PB 0x0000000085800000| Untracked 
|  89|0x0000000085900000, 0x0000000085a00000, 0x0000000085a00000|100%| O|  |TAMS 0x0000000085900000| PB 0x0000000085900000| Untracked 
|  90|0x0000000085a00000, 0x0000000085b00000, 0x0000000085b00000|100%| O|  |TAMS 0x0000000085a00000| PB 0x0000000085a00000| Untracked 
|  91|0x0000000085b00000, 0x0000000085c00000, 0x0000000085c00000|100%| O|  |TAMS 0x0000000085b00000| PB 0x0000000085b00000| Untracked 
|  92|0x0000000085c00000, 0x0000000085d00000, 0x0000000085d00000|100%|HS|  |TAMS 0x0000000085c00000| PB 0x0000000085c00000| Complete 
|  93|0x0000000085d00000, 0x0000000085e00000, 0x0000000085e00000|100%|HC|  |TAMS 0x0000000085d00000| PB 0x0000000085d00000| Complete 
|  94|0x0000000085e00000, 0x0000000085f00000, 0x0000000085f00000|100%|HC|  |TAMS 0x0000000085e00000| PB 0x0000000085e00000| Complete 
|  95|0x0000000085f00000, 0x0000000086000000, 0x0000000086000000|100%|HC|  |TAMS 0x0000000085f00000| PB 0x0000000085f00000| Complete 
|  96|0x0000000086000000, 0x0000000086100000, 0x0000000086100000|100%| O|  |TAMS 0x0000000086000000| PB 0x0000000086000000| Untracked 
|  97|0x0000000086100000, 0x0000000086200000, 0x0000000086200000|100%| O|  |TAMS 0x0000000086100000| PB 0x0000000086100000| Untracked 
|  98|0x0000000086200000, 0x0000000086300000, 0x0000000086300000|100%| O|  |TAMS 0x0000000086200000| PB 0x0000000086200000| Untracked 
|  99|0x0000000086300000, 0x0000000086400000, 0x0000000086400000|100%| O|  |TAMS 0x0000000086300000| PB 0x0000000086300000| Untracked 
| 100|0x0000000086400000, 0x0000000086500000, 0x0000000086500000|100%|HS|  |TAMS 0x0000000086400000| PB 0x0000000086400000| Complete 
| 101|0x0000000086500000, 0x0000000086600000, 0x0000000086600000|100%| O|  |TAMS 0x0000000086500000| PB 0x0000000086500000| Untracked 
| 102|0x0000000086600000, 0x0000000086700000, 0x0000000086700000|100%| O|  |TAMS 0x0000000086600000| PB 0x0000000086600000| Untracked 
| 103|0x0000000086700000, 0x0000000086800000, 0x0000000086800000|100%| O|  |TAMS 0x0000000086700000| PB 0x0000000086700000| Untracked 
| 104|0x0000000086800000, 0x0000000086900000, 0x0000000086900000|100%| O|  |TAMS 0x0000000086800000| PB 0x0000000086800000| Untracked 
| 105|0x0000000086900000, 0x0000000086a00000, 0x0000000086a00000|100%| O|  |TAMS 0x0000000086900000| PB 0x0000000086900000| Untracked 
| 106|0x0000000086a00000, 0x0000000086b00000, 0x0000000086b00000|100%| O|  |TAMS 0x0000000086a00000| PB 0x0000000086a00000| Untracked 
| 107|0x0000000086b00000, 0x0000000086c00000, 0x0000000086c00000|100%| O|  |TAMS 0x0000000086b00000| PB 0x0000000086b00000| Untracked 
| 108|0x0000000086c00000, 0x0000000086d00000, 0x0000000086d00000|100%|HS|  |TAMS 0x0000000086c00000| PB 0x0000000086c00000| Complete 
| 109|0x0000000086d00000, 0x0000000086e00000, 0x0000000086e00000|100%|HC|  |TAMS 0x0000000086d00000| PB 0x0000000086d00000| Complete 
| 110|0x0000000086e00000, 0x0000000086f00000, 0x0000000086f00000|100%| O|  |TAMS 0x0000000086e00000| PB 0x0000000086e00000| Untracked 
| 111|0x0000000086f00000, 0x0000000087000000, 0x0000000087000000|100%| O|  |TAMS 0x0000000086f00000| PB 0x0000000086f00000| Untracked 
| 112|0x0000000087000000, 0x0000000087100000, 0x0000000087100000|100%| O|  |TAMS 0x0000000087000000| PB 0x0000000087000000| Untracked 
| 113|0x0000000087100000, 0x0000000087200000, 0x0000000087200000|100%| O|  |TAMS 0x0000000087100000| PB 0x0000000087100000| Untracked 
| 114|0x0000000087200000, 0x0000000087300000, 0x0000000087300000|100%| O|  |TAMS 0x0000000087200000| PB 0x0000000087200000| Untracked 
| 115|0x0000000087300000, 0x0000000087400000, 0x0000000087400000|100%| O|  |TAMS 0x0000000087300000| PB 0x0000000087300000| Untracked 
| 116|0x0000000087400000, 0x0000000087500000, 0x0000000087500000|100%| O|  |TAMS 0x0000000087400000| PB 0x0000000087400000| Untracked 
| 117|0x0000000087500000, 0x0000000087600000, 0x0000000087600000|100%| O|  |TAMS 0x0000000087500000| PB 0x0000000087500000| Untracked 
| 118|0x0000000087600000, 0x0000000087700000, 0x0000000087700000|100%| O|  |TAMS 0x0000000087600000| PB 0x0000000087600000| Untracked 
| 119|0x0000000087700000, 0x0000000087800000, 0x0000000087800000|100%| O|  |TAMS 0x0000000087700000| PB 0x0000000087700000| Untracked 
| 120|0x0000000087800000, 0x0000000087900000, 0x0000000087900000|100%| O|  |TAMS 0x0000000087800000| PB 0x0000000087800000| Untracked 
| 121|0x0000000087900000, 0x0000000087a00000, 0x0000000087a00000|100%| O|  |TAMS 0x0000000087900000| PB 0x0000000087900000| Untracked 
| 122|0x0000000087a00000, 0x0000000087b00000, 0x0000000087b00000|100%| O|  |TAMS 0x0000000087a00000| PB 0x0000000087a00000| Untracked 
| 123|0x0000000087b00000, 0x0000000087c00000, 0x0000000087c00000|100%| O|  |TAMS 0x0000000087b00000| PB 0x0000000087b00000| Untracked 
| 124|0x0000000087c00000, 0x0000000087d00000, 0x0000000087d00000|100%| O|  |TAMS 0x0000000087c00000| PB 0x0000000087c00000| Untracked 
| 125|0x0000000087d00000, 0x0000000087e00000, 0x0000000087e00000|100%| O|  |TAMS 0x0000000087d00000| PB 0x0000000087d00000| Untracked 
| 126|0x0000000087e00000, 0x0000000087f00000, 0x0000000087f00000|100%| O|  |TAMS 0x0000000087e00000| PB 0x0000000087e00000| Untracked 
| 127|0x0000000087f00000, 0x0000000088000000, 0x0000000088000000|100%| O|  |TAMS 0x0000000087f00000| PB 0x0000000087f00000| Untracked 
| 128|0x0000000088000000, 0x0000000088100000, 0x0000000088100000|100%| O|  |TAMS 0x0000000088000000| PB 0x0000000088000000| Untracked 
| 129|0x0000000088100000, 0x0000000088200000, 0x0000000088200000|100%| O|  |TAMS 0x0000000088100000| PB 0x0000000088100000| Untracked 
| 130|0x0000000088200000, 0x0000000088300000, 0x0000000088300000|100%| O|Cm|TAMS 0x0000000088200000| PB 0x0000000088200000| Complete 
| 131|0x0000000088300000, 0x0000000088400000, 0x0000000088400000|100%| O|  |TAMS 0x0000000088300000| PB 0x0000000088300000| Untracked 
| 132|0x0000000088400000, 0x0000000088500000, 0x0000000088500000|100%| O|  |TAMS 0x0000000088400000| PB 0x0000000088400000| Untracked 
| 133|0x0000000088500000, 0x0000000088600000, 0x0000000088600000|100%| O|  |TAMS 0x0000000088500000| PB 0x0000000088500000| Untracked 
| 134|0x0000000088600000, 0x0000000088700000, 0x0000000088700000|100%| O|  |TAMS 0x0000000088600000| PB 0x0000000088600000| Untracked 
| 135|0x0000000088700000, 0x0000000088800000, 0x0000000088800000|100%| O|  |TAMS 0x0000000088700000| PB 0x0000000088700000| Untracked 
| 136|0x0000000088800000, 0x0000000088900000, 0x0000000088900000|100%| O|  |TAMS 0x0000000088800000| PB 0x0000000088800000| Untracked 
| 137|0x0000000088900000, 0x0000000088a00000, 0x0000000088a00000|100%| O|  |TAMS 0x0000000088900000| PB 0x0000000088900000| Untracked 
| 138|0x0000000088a00000, 0x0000000088b00000, 0x0000000088b00000|100%| O|Cm|TAMS 0x0000000088a00000| PB 0x0000000088a00000| Complete 
| 139|0x0000000088b00000, 0x0000000088c00000, 0x0000000088c00000|100%| O|  |TAMS 0x0000000088b00000| PB 0x0000000088b00000| Untracked 
| 140|0x0000000088c00000, 0x0000000088d00000, 0x0000000088d00000|100%| O|  |TAMS 0x0000000088c00000| PB 0x0000000088c00000| Untracked 
| 141|0x0000000088d00000, 0x0000000088e00000, 0x0000000088e00000|100%| O|  |TAMS 0x0000000088d00000| PB 0x0000000088d00000| Untracked 
| 142|0x0000000088e00000, 0x0000000088f00000, 0x0000000088f00000|100%| O|  |TAMS 0x0000000088e00000| PB 0x0000000088e00000| Untracked 
| 143|0x0000000088f00000, 0x0000000089000000, 0x0000000089000000|100%| O|  |TAMS 0x0000000088f00000| PB 0x0000000088f00000| Untracked 
| 144|0x0000000089000000, 0x0000000089100000, 0x0000000089100000|100%| O|  |TAMS 0x0000000089000000| PB 0x0000000089000000| Untracked 
| 145|0x0000000089100000, 0x0000000089200000, 0x0000000089200000|100%| O|  |TAMS 0x0000000089100000| PB 0x0000000089100000| Untracked 
| 146|0x0000000089200000, 0x0000000089300000, 0x0000000089300000|100%| O|  |TAMS 0x0000000089200000| PB 0x0000000089200000| Untracked 
| 147|0x0000000089300000, 0x0000000089400000, 0x0000000089400000|100%| O|  |TAMS 0x0000000089300000| PB 0x0000000089300000| Untracked 
| 148|0x0000000089400000, 0x0000000089500000, 0x0000000089500000|100%| O|  |TAMS 0x0000000089400000| PB 0x0000000089400000| Untracked 
| 149|0x0000000089500000, 0x0000000089600000, 0x0000000089600000|100%| O|  |TAMS 0x0000000089500000| PB 0x0000000089500000| Untracked 
| 150|0x0000000089600000, 0x0000000089700000, 0x0000000089700000|100%| O|  |TAMS 0x0000000089600000| PB 0x0000000089600000| Untracked 
| 151|0x0000000089700000, 0x0000000089800000, 0x0000000089800000|100%| O|  |TAMS 0x0000000089700000| PB 0x0000000089700000| Untracked 
| 152|0x0000000089800000, 0x0000000089900000, 0x0000000089900000|100%| O|  |TAMS 0x0000000089800000| PB 0x0000000089800000| Untracked 
| 153|0x0000000089900000, 0x0000000089a00000, 0x0000000089a00000|100%| O|  |TAMS 0x0000000089900000| PB 0x0000000089900000| Untracked 
| 154|0x0000000089a00000, 0x0000000089b00000, 0x0000000089b00000|100%|HS|  |TAMS 0x0000000089a00000| PB 0x0000000089a00000| Complete 
| 155|0x0000000089b00000, 0x0000000089c00000, 0x0000000089c00000|100%| O|  |TAMS 0x0000000089b00000| PB 0x0000000089b00000| Untracked 
| 156|0x0000000089c00000, 0x0000000089d00000, 0x0000000089d00000|100%| O|  |TAMS 0x0000000089c00000| PB 0x0000000089c00000| Untracked 
| 157|0x0000000089d00000, 0x0000000089e00000, 0x0000000089e00000|100%| O|  |TAMS 0x0000000089d00000| PB 0x0000000089d00000| Untracked 
| 158|0x0000000089e00000, 0x0000000089f00000, 0x0000000089f00000|100%| O|  |TAMS 0x0000000089e00000| PB 0x0000000089e00000| Untracked 
| 159|0x0000000089f00000, 0x000000008a000000, 0x000000008a000000|100%| O|  |TAMS 0x0000000089f00000| PB 0x0000000089f00000| Untracked 
| 160|0x000000008a000000, 0x000000008a100000, 0x000000008a100000|100%| O|  |TAMS 0x000000008a000000| PB 0x000000008a000000| Untracked 
| 161|0x000000008a100000, 0x000000008a200000, 0x000000008a200000|100%| O|  |TAMS 0x000000008a100000| PB 0x000000008a100000| Untracked 
| 162|0x000000008a200000, 0x000000008a300000, 0x000000008a300000|100%| O|  |TAMS 0x000000008a200000| PB 0x000000008a200000| Untracked 
| 163|0x000000008a300000, 0x000000008a400000, 0x000000008a400000|100%| O|  |TAMS 0x000000008a300000| PB 0x000000008a300000| Untracked 
| 164|0x000000008a400000, 0x000000008a500000, 0x000000008a500000|100%| O|  |TAMS 0x000000008a400000| PB 0x000000008a400000| Untracked 
| 165|0x000000008a500000, 0x000000008a5361f0, 0x000000008a600000| 21%| O|  |TAMS 0x000000008a500000| PB 0x000000008a500000| Untracked 
| 166|0x000000008a600000, 0x000000008a700000, 0x000000008a700000|100%| O|  |TAMS 0x000000008a600000| PB 0x000000008a600000| Untracked 
| 167|0x000000008a700000, 0x000000008a800000, 0x000000008a800000|100%| O|  |TAMS 0x000000008a700000| PB 0x000000008a700000| Untracked 
| 168|0x000000008a800000, 0x000000008a900000, 0x000000008a900000|100%| O|  |TAMS 0x000000008a800000| PB 0x000000008a800000| Untracked 
| 169|0x000000008a900000, 0x000000008aa00000, 0x000000008aa00000|100%| O|  |TAMS 0x000000008a900000| PB 0x000000008a900000| Untracked 
| 170|0x000000008aa00000, 0x000000008ab00000, 0x000000008ab00000|100%| O|  |TAMS 0x000000008aa00000| PB 0x000000008aa00000| Untracked 
| 171|0x000000008ab00000, 0x000000008ac00000, 0x000000008ac00000|100%| O|  |TAMS 0x000000008ab00000| PB 0x000000008ab00000| Untracked 
| 172|0x000000008ac00000, 0x000000008ad00000, 0x000000008ad00000|100%| O|  |TAMS 0x000000008ac00000| PB 0x000000008ac00000| Untracked 
| 173|0x000000008ad00000, 0x000000008ae00000, 0x000000008ae00000|100%|HS|  |TAMS 0x000000008ad00000| PB 0x000000008ad00000| Complete 
| 174|0x000000008ae00000, 0x000000008af00000, 0x000000008af00000|100%| O|  |TAMS 0x000000008ae00000| PB 0x000000008ae00000| Untracked 
| 175|0x000000008af00000, 0x000000008b000000, 0x000000008b000000|100%| O|  |TAMS 0x000000008af00000| PB 0x000000008af00000| Untracked 
| 176|0x000000008b000000, 0x000000008b100000, 0x000000008b100000|100%| O|  |TAMS 0x000000008b000000| PB 0x000000008b000000| Untracked 
| 177|0x000000008b100000, 0x000000008b200000, 0x000000008b200000|100%| O|  |TAMS 0x000000008b100000| PB 0x000000008b100000| Untracked 
| 178|0x000000008b200000, 0x000000008b300000, 0x000000008b300000|100%| O|  |TAMS 0x000000008b200000| PB 0x000000008b200000| Untracked 
| 179|0x000000008b300000, 0x000000008b400000, 0x000000008b400000|100%| O|  |TAMS 0x000000008b300000| PB 0x000000008b300000| Untracked 
| 180|0x000000008b400000, 0x000000008b500000, 0x000000008b500000|100%| O|  |TAMS 0x000000008b400000| PB 0x000000008b400000| Untracked 
| 181|0x000000008b500000, 0x000000008b600000, 0x000000008b600000|100%|HS|  |TAMS 0x000000008b500000| PB 0x000000008b500000| Complete 
| 182|0x000000008b600000, 0x000000008b700000, 0x000000008b700000|100%|HC|  |TAMS 0x000000008b600000| PB 0x000000008b600000| Complete 
| 183|0x000000008b700000, 0x000000008b800000, 0x000000008b800000|100%| O|  |TAMS 0x000000008b700000| PB 0x000000008b700000| Untracked 
| 184|0x000000008b800000, 0x000000008b900000, 0x000000008b900000|100%| O|  |TAMS 0x000000008b800000| PB 0x000000008b800000| Untracked 
| 185|0x000000008b900000, 0x000000008ba00000, 0x000000008ba00000|100%|HS|  |TAMS 0x000000008b900000| PB 0x000000008b900000| Complete 
| 186|0x000000008ba00000, 0x000000008bb00000, 0x000000008bb00000|100%|HC|  |TAMS 0x000000008ba00000| PB 0x000000008ba00000| Complete 
| 187|0x000000008bb00000, 0x000000008bc00000, 0x000000008bc00000|100%| O|  |TAMS 0x000000008bb00000| PB 0x000000008bb00000| Untracked 
| 188|0x000000008bc00000, 0x000000008bd00000, 0x000000008bd00000|100%|HS|  |TAMS 0x000000008bc00000| PB 0x000000008bc00000| Complete 
| 189|0x000000008bd00000, 0x000000008be00000, 0x000000008be00000|100%| O|  |TAMS 0x000000008bd00000| PB 0x000000008bd00000| Untracked 
| 190|0x000000008be00000, 0x000000008bf00000, 0x000000008bf00000|100%|HS|  |TAMS 0x000000008be00000| PB 0x000000008be00000| Complete 
| 191|0x000000008bf00000, 0x000000008c000000, 0x000000008c000000|100%|HC|  |TAMS 0x000000008bf00000| PB 0x000000008bf00000| Complete 
| 192|0x000000008c000000, 0x000000008c100000, 0x000000008c100000|100%| O|  |TAMS 0x000000008c000000| PB 0x000000008c000000| Untracked 
| 193|0x000000008c100000, 0x000000008c200000, 0x000000008c200000|100%| O|  |TAMS 0x000000008c100000| PB 0x000000008c100000| Untracked 
| 194|0x000000008c200000, 0x000000008c300000, 0x000000008c300000|100%|HS|  |TAMS 0x000000008c200000| PB 0x000000008c200000| Complete 
| 195|0x000000008c300000, 0x000000008c400000, 0x000000008c400000|100%|HS|  |TAMS 0x000000008c300000| PB 0x000000008c300000| Complete 
| 196|0x000000008c400000, 0x000000008c500000, 0x000000008c500000|100%| O|  |TAMS 0x000000008c400000| PB 0x000000008c400000| Untracked 
| 197|0x000000008c500000, 0x000000008c600000, 0x000000008c600000|100%| O|  |TAMS 0x000000008c500000| PB 0x000000008c500000| Untracked 
| 198|0x000000008c600000, 0x000000008c700000, 0x000000008c700000|100%| O|  |TAMS 0x000000008c600000| PB 0x000000008c600000| Untracked 
| 199|0x000000008c700000, 0x000000008c800000, 0x000000008c800000|100%| O|  |TAMS 0x000000008c700000| PB 0x000000008c700000| Untracked 
| 200|0x000000008c800000, 0x000000008c900000, 0x000000008c900000|100%| O|  |TAMS 0x000000008c800000| PB 0x000000008c800000| Untracked 
| 201|0x000000008c900000, 0x000000008ca00000, 0x000000008ca00000|100%| O|  |TAMS 0x000000008c900000| PB 0x000000008c900000| Untracked 
| 202|0x000000008ca00000, 0x000000008cb00000, 0x000000008cb00000|100%| O|  |TAMS 0x000000008ca00000| PB 0x000000008ca00000| Untracked 
| 203|0x000000008cb00000, 0x000000008cc00000, 0x000000008cc00000|100%| O|  |TAMS 0x000000008cb00000| PB 0x000000008cb00000| Untracked 
| 204|0x000000008cc00000, 0x000000008cd00000, 0x000000008cd00000|100%| O|  |TAMS 0x000000008cc00000| PB 0x000000008cc00000| Untracked 
| 205|0x000000008cd00000, 0x000000008ce00000, 0x000000008ce00000|100%|HS|  |TAMS 0x000000008cd00000| PB 0x000000008cd00000| Complete 
| 206|0x000000008ce00000, 0x000000008cf00000, 0x000000008cf00000|100%|HC|  |TAMS 0x000000008ce00000| PB 0x000000008ce00000| Complete 
| 207|0x000000008cf00000, 0x000000008d000000, 0x000000008d000000|100%|HC|  |TAMS 0x000000008cf00000| PB 0x000000008cf00000| Complete 
| 208|0x000000008d000000, 0x000000008d100000, 0x000000008d100000|100%|HS|  |TAMS 0x000000008d000000| PB 0x000000008d000000| Complete 
| 209|0x000000008d100000, 0x000000008d200000, 0x000000008d200000|100%|HC|  |TAMS 0x000000008d100000| PB 0x000000008d100000| Complete 
| 210|0x000000008d200000, 0x000000008d300000, 0x000000008d300000|100%|HC|  |TAMS 0x000000008d200000| PB 0x000000008d200000| Complete 
| 211|0x000000008d300000, 0x000000008d400000, 0x000000008d400000|100%|HC|  |TAMS 0x000000008d300000| PB 0x000000008d300000| Complete 
| 212|0x000000008d400000, 0x000000008d500000, 0x000000008d500000|100%|HC|  |TAMS 0x000000008d400000| PB 0x000000008d400000| Complete 
| 213|0x000000008d500000, 0x000000008d600000, 0x000000008d600000|100%|HS|  |TAMS 0x000000008d500000| PB 0x000000008d500000| Complete 
| 214|0x000000008d600000, 0x000000008d700000, 0x000000008d700000|100%|HC|  |TAMS 0x000000008d600000| PB 0x000000008d600000| Complete 
| 215|0x000000008d700000, 0x000000008d800000, 0x000000008d800000|100%| O|  |TAMS 0x000000008d700000| PB 0x000000008d700000| Untracked 
| 216|0x000000008d800000, 0x000000008d900000, 0x000000008d900000|100%|HS|  |TAMS 0x000000008d800000| PB 0x000000008d800000| Complete 
| 217|0x000000008d900000, 0x000000008da00000, 0x000000008da00000|100%|HC|  |TAMS 0x000000008d900000| PB 0x000000008d900000| Complete 
| 218|0x000000008da00000, 0x000000008db00000, 0x000000008db00000|100%| O|  |TAMS 0x000000008da00000| PB 0x000000008da00000| Untracked 
| 219|0x000000008db00000, 0x000000008dc00000, 0x000000008dc00000|100%| O|  |TAMS 0x000000008db00000| PB 0x000000008db00000| Untracked 
| 220|0x000000008dc00000, 0x000000008dd00000, 0x000000008dd00000|100%|HS|  |TAMS 0x000000008dc00000| PB 0x000000008dc00000| Complete 
| 221|0x000000008dd00000, 0x000000008de00000, 0x000000008de00000|100%| O|  |TAMS 0x000000008dd00000| PB 0x000000008dd00000| Untracked 
| 222|0x000000008de00000, 0x000000008df00000, 0x000000008df00000|100%| O|  |TAMS 0x000000008de00000| PB 0x000000008de00000| Untracked 
| 223|0x000000008df00000, 0x000000008e000000, 0x000000008e000000|100%| O|  |TAMS 0x000000008df00000| PB 0x000000008df00000| Untracked 
| 224|0x000000008e000000, 0x000000008e100000, 0x000000008e100000|100%|HS|  |TAMS 0x000000008e000000| PB 0x000000008e000000| Complete 
| 225|0x000000008e100000, 0x000000008e200000, 0x000000008e200000|100%|HC|  |TAMS 0x000000008e100000| PB 0x000000008e100000| Complete 
| 226|0x000000008e200000, 0x000000008e300000, 0x000000008e300000|100%|HC|  |TAMS 0x000000008e200000| PB 0x000000008e200000| Complete 
| 227|0x000000008e300000, 0x000000008e400000, 0x000000008e400000|100%|HS|  |TAMS 0x000000008e300000| PB 0x000000008e300000| Complete 
| 228|0x000000008e400000, 0x000000008e500000, 0x000000008e500000|100%|HS|  |TAMS 0x000000008e400000| PB 0x000000008e400000| Complete 
| 229|0x000000008e500000, 0x000000008e600000, 0x000000008e600000|100%|HS|  |TAMS 0x000000008e500000| PB 0x000000008e500000| Complete 
| 230|0x000000008e600000, 0x000000008e700000, 0x000000008e700000|100%|HS|  |TAMS 0x000000008e600000| PB 0x000000008e600000| Complete 
| 231|0x000000008e700000, 0x000000008e800000, 0x000000008e800000|100%|HC|  |TAMS 0x000000008e700000| PB 0x000000008e700000| Complete 
| 232|0x000000008e800000, 0x000000008e900000, 0x000000008e900000|100%|HS|  |TAMS 0x000000008e800000| PB 0x000000008e800000| Complete 
| 233|0x000000008e900000, 0x000000008ea00000, 0x000000008ea00000|100%|HC|  |TAMS 0x000000008e900000| PB 0x000000008e900000| Complete 
| 234|0x000000008ea00000, 0x000000008eb00000, 0x000000008eb00000|100%|HS|  |TAMS 0x000000008ea00000| PB 0x000000008ea00000| Complete 
| 235|0x000000008eb00000, 0x000000008ec00000, 0x000000008ec00000|100%|HS|  |TAMS 0x000000008eb00000| PB 0x000000008eb00000| Complete 
| 236|0x000000008ec00000, 0x000000008ed00000, 0x000000008ed00000|100%|HC|  |TAMS 0x000000008ec00000| PB 0x000000008ec00000| Complete 
| 237|0x000000008ed00000, 0x000000008ee00000, 0x000000008ee00000|100%|HS|  |TAMS 0x000000008ed00000| PB 0x000000008ed00000| Complete 
| 238|0x000000008ee00000, 0x000000008ef00000, 0x000000008ef00000|100%|HC|  |TAMS 0x000000008ee00000| PB 0x000000008ee00000| Complete 
| 239|0x000000008ef00000, 0x000000008f000000, 0x000000008f000000|100%|HS|  |TAMS 0x000000008ef00000| PB 0x000000008ef00000| Complete 
| 240|0x000000008f000000, 0x000000008f100000, 0x000000008f100000|100%|HS|  |TAMS 0x000000008f000000| PB 0x000000008f000000| Complete 
| 241|0x000000008f100000, 0x000000008f200000, 0x000000008f200000|100%|HC|  |TAMS 0x000000008f100000| PB 0x000000008f100000| Complete 
| 242|0x000000008f200000, 0x000000008f300000, 0x000000008f300000|100%|HS|  |TAMS 0x000000008f200000| PB 0x000000008f200000| Complete 
| 243|0x000000008f300000, 0x000000008f400000, 0x000000008f400000|100%|HS|  |TAMS 0x000000008f300000| PB 0x000000008f300000| Complete 
| 244|0x000000008f400000, 0x000000008f500000, 0x000000008f500000|100%| O|  |TAMS 0x000000008f400000| PB 0x000000008f400000| Untracked 
| 245|0x000000008f500000, 0x000000008f600000, 0x000000008f600000|100%| O|  |TAMS 0x000000008f500000| PB 0x000000008f500000| Untracked 
| 246|0x000000008f600000, 0x000000008f700000, 0x000000008f700000|100%|HS|  |TAMS 0x000000008f600000| PB 0x000000008f600000| Complete 
| 247|0x000000008f700000, 0x000000008f800000, 0x000000008f800000|100%|HC|  |TAMS 0x000000008f700000| PB 0x000000008f700000| Complete 
| 248|0x000000008f800000, 0x000000008f900000, 0x000000008f900000|100%|HC|  |TAMS 0x000000008f800000| PB 0x000000008f800000| Complete 
| 249|0x000000008f900000, 0x000000008fa00000, 0x000000008fa00000|100%| O|  |TAMS 0x000000008f900000| PB 0x000000008f900000| Untracked 
| 250|0x000000008fa00000, 0x000000008fb00000, 0x000000008fb00000|100%|HS|  |TAMS 0x000000008fa00000| PB 0x000000008fa00000| Complete 
| 251|0x000000008fb00000, 0x000000008fc00000, 0x000000008fc00000|100%| O|  |TAMS 0x000000008fb00000| PB 0x000000008fb00000| Untracked 
| 252|0x000000008fc00000, 0x000000008fd00000, 0x000000008fd00000|100%| O|  |TAMS 0x000000008fc00000| PB 0x000000008fc00000| Untracked 
| 253|0x000000008fd00000, 0x000000008fe00000, 0x000000008fe00000|100%|HS|  |TAMS 0x000000008fd00000| PB 0x000000008fd00000| Complete 
| 254|0x000000008fe00000, 0x000000008ff00000, 0x000000008ff00000|100%|HC|  |TAMS 0x000000008fe00000| PB 0x000000008fe00000| Complete 
| 255|0x000000008ff00000, 0x0000000090000000, 0x0000000090000000|100%|HC|  |TAMS 0x000000008ff00000| PB 0x000000008ff00000| Complete 
| 256|0x0000000090000000, 0x0000000090100000, 0x0000000090100000|100%| O|  |TAMS 0x0000000090000000| PB 0x0000000090000000| Untracked 
| 257|0x0000000090100000, 0x0000000090200000, 0x0000000090200000|100%| O|  |TAMS 0x0000000090100000| PB 0x0000000090100000| Untracked 
| 258|0x0000000090200000, 0x0000000090300000, 0x0000000090300000|100%| O|  |TAMS 0x0000000090200000| PB 0x0000000090200000| Untracked 
| 259|0x0000000090300000, 0x0000000090400000, 0x0000000090400000|100%| O|  |TAMS 0x0000000090300000| PB 0x0000000090300000| Untracked 
| 260|0x0000000090400000, 0x0000000090500000, 0x0000000090500000|100%| O|  |TAMS 0x0000000090400000| PB 0x0000000090400000| Untracked 
| 261|0x0000000090500000, 0x0000000090600000, 0x0000000090600000|100%| O|  |TAMS 0x0000000090500000| PB 0x0000000090500000| Untracked 
| 262|0x0000000090600000, 0x0000000090700000, 0x0000000090700000|100%| O|  |TAMS 0x0000000090600000| PB 0x0000000090600000| Untracked 
| 263|0x0000000090700000, 0x0000000090800000, 0x0000000090800000|100%| O|  |TAMS 0x0000000090700000| PB 0x0000000090700000| Untracked 
| 264|0x0000000090800000, 0x0000000090900000, 0x0000000090900000|100%| O|  |TAMS 0x0000000090800000| PB 0x0000000090800000| Untracked 
| 265|0x0000000090900000, 0x0000000090a00000, 0x0000000090a00000|100%| O|  |TAMS 0x0000000090900000| PB 0x0000000090900000| Untracked 
| 266|0x0000000090a00000, 0x0000000090b00000, 0x0000000090b00000|100%| O|  |TAMS 0x0000000090a00000| PB 0x0000000090a00000| Untracked 
| 267|0x0000000090b00000, 0x0000000090c00000, 0x0000000090c00000|100%| O|  |TAMS 0x0000000090b00000| PB 0x0000000090b00000| Untracked 
| 268|0x0000000090c00000, 0x0000000090d00000, 0x0000000090d00000|100%| O|  |TAMS 0x0000000090c00000| PB 0x0000000090c00000| Untracked 
| 269|0x0000000090d00000, 0x0000000090e00000, 0x0000000090e00000|100%| O|  |TAMS 0x0000000090d00000| PB 0x0000000090d00000| Untracked 
| 270|0x0000000090e00000, 0x0000000090f00000, 0x0000000090f00000|100%| O|  |TAMS 0x0000000090e00000| PB 0x0000000090e00000| Untracked 
| 271|0x0000000090f00000, 0x0000000091000000, 0x0000000091000000|100%|HS|  |TAMS 0x0000000090f00000| PB 0x0000000090f00000| Complete 
| 272|0x0000000091000000, 0x0000000091100000, 0x0000000091100000|100%|HS|  |TAMS 0x0000000091000000| PB 0x0000000091000000| Complete 
| 273|0x0000000091100000, 0x0000000091200000, 0x0000000091200000|100%|HS|  |TAMS 0x0000000091100000| PB 0x0000000091100000| Complete 
| 274|0x0000000091200000, 0x0000000091300000, 0x0000000091300000|100%|HS|  |TAMS 0x0000000091200000| PB 0x0000000091200000| Complete 
| 275|0x0000000091300000, 0x0000000091400000, 0x0000000091400000|100%|HS|  |TAMS 0x0000000091300000| PB 0x0000000091300000| Complete 
| 276|0x0000000091400000, 0x0000000091500000, 0x0000000091500000|100%|HC|  |TAMS 0x0000000091400000| PB 0x0000000091400000| Complete 
| 277|0x0000000091500000, 0x0000000091600000, 0x0000000091600000|100%|HS|  |TAMS 0x0000000091500000| PB 0x0000000091500000| Complete 
| 278|0x0000000091600000, 0x0000000091700000, 0x0000000091700000|100%|HC|  |TAMS 0x0000000091600000| PB 0x0000000091600000| Complete 
| 279|0x0000000091700000, 0x0000000091800000, 0x0000000091800000|100%|HS|  |TAMS 0x0000000091700000| PB 0x0000000091700000| Complete 
| 280|0x0000000091800000, 0x0000000091900000, 0x0000000091900000|100%|HS|  |TAMS 0x0000000091800000| PB 0x0000000091800000| Complete 
| 281|0x0000000091900000, 0x0000000091a00000, 0x0000000091a00000|100%|HS|  |TAMS 0x0000000091900000| PB 0x0000000091900000| Complete 
| 282|0x0000000091a00000, 0x0000000091b00000, 0x0000000091b00000|100%|HS|  |TAMS 0x0000000091a00000| PB 0x0000000091a00000| Complete 
| 283|0x0000000091b00000, 0x0000000091c00000, 0x0000000091c00000|100%|HC|  |TAMS 0x0000000091b00000| PB 0x0000000091b00000| Complete 
| 284|0x0000000091c00000, 0x0000000091d00000, 0x0000000091d00000|100%|HS|  |TAMS 0x0000000091c00000| PB 0x0000000091c00000| Complete 
| 285|0x0000000091d00000, 0x0000000091e00000, 0x0000000091e00000|100%|HS|  |TAMS 0x0000000091d00000| PB 0x0000000091d00000| Complete 
| 286|0x0000000091e00000, 0x0000000091e00000, 0x0000000091f00000|  0%| F|  |TAMS 0x0000000091e00000| PB 0x0000000091e00000| Untracked 
| 287|0x0000000091f00000, 0x0000000092000000, 0x0000000092000000|100%| O|  |TAMS 0x0000000091f00000| PB 0x0000000091f00000| Untracked 
| 288|0x0000000092000000, 0x0000000092100000, 0x0000000092100000|100%|HS|  |TAMS 0x0000000092000000| PB 0x0000000092000000| Complete 
| 289|0x0000000092100000, 0x0000000092200000, 0x0000000092200000|100%|HC|  |TAMS 0x0000000092100000| PB 0x0000000092100000| Complete 
| 290|0x0000000092200000, 0x0000000092300000, 0x0000000092300000|100%| O|  |TAMS 0x0000000092200000| PB 0x0000000092200000| Untracked 
| 291|0x0000000092300000, 0x0000000092400000, 0x0000000092400000|100%| O|  |TAMS 0x0000000092300000| PB 0x0000000092300000| Untracked 
| 292|0x0000000092400000, 0x0000000092500000, 0x0000000092500000|100%| O|  |TAMS 0x0000000092400000| PB 0x0000000092400000| Untracked 
| 293|0x0000000092500000, 0x0000000092600000, 0x0000000092600000|100%| O|  |TAMS 0x0000000092500000| PB 0x0000000092500000| Untracked 
| 294|0x0000000092600000, 0x0000000092700000, 0x0000000092700000|100%| O|  |TAMS 0x0000000092600000| PB 0x0000000092600000| Untracked 
| 295|0x0000000092700000, 0x0000000092800000, 0x0000000092800000|100%| O|  |TAMS 0x0000000092700000| PB 0x0000000092700000| Untracked 
| 296|0x0000000092800000, 0x0000000092900000, 0x0000000092900000|100%| O|  |TAMS 0x0000000092800000| PB 0x0000000092800000| Untracked 
| 297|0x0000000092900000, 0x0000000092900000, 0x0000000092a00000|  0%| F|  |TAMS 0x0000000092900000| PB 0x0000000092900000| Untracked 
| 298|0x0000000092a00000, 0x0000000092a00000, 0x0000000092b00000|  0%| F|  |TAMS 0x0000000092a00000| PB 0x0000000092a00000| Untracked 
| 299|0x0000000092b00000, 0x0000000092b00000, 0x0000000092c00000|  0%| F|  |TAMS 0x0000000092b00000| PB 0x0000000092b00000| Untracked 
| 300|0x0000000092c00000, 0x0000000092c00000, 0x0000000092d00000|  0%| F|  |TAMS 0x0000000092c00000| PB 0x0000000092c00000| Untracked 
| 301|0x0000000092d00000, 0x0000000092d00000, 0x0000000092e00000|  0%| F|  |TAMS 0x0000000092d00000| PB 0x0000000092d00000| Untracked 
| 302|0x0000000092e00000, 0x0000000092e00000, 0x0000000092f00000|  0%| F|  |TAMS 0x0000000092e00000| PB 0x0000000092e00000| Untracked 
| 303|0x0000000092f00000, 0x0000000092f00000, 0x0000000093000000|  0%| F|  |TAMS 0x0000000092f00000| PB 0x0000000092f00000| Untracked 
| 304|0x0000000093000000, 0x0000000093000000, 0x0000000093100000|  0%| F|  |TAMS 0x0000000093000000| PB 0x0000000093000000| Untracked 
| 305|0x0000000093100000, 0x0000000093100000, 0x0000000093200000|  0%| F|  |TAMS 0x0000000093100000| PB 0x0000000093100000| Untracked 
| 306|0x0000000093200000, 0x0000000093200000, 0x0000000093300000|  0%| F|  |TAMS 0x0000000093200000| PB 0x0000000093200000| Untracked 
| 307|0x0000000093300000, 0x0000000093400000, 0x0000000093400000|100%| O|  |TAMS 0x0000000093300000| PB 0x0000000093300000| Untracked 
| 308|0x0000000093400000, 0x0000000093400000, 0x0000000093500000|  0%| F|  |TAMS 0x0000000093400000| PB 0x0000000093400000| Untracked 
| 309|0x0000000093500000, 0x0000000093600000, 0x0000000093600000|100%| O|  |TAMS 0x0000000093500000| PB 0x0000000093500000| Untracked 
| 310|0x0000000093600000, 0x0000000093700000, 0x0000000093700000|100%| O|  |TAMS 0x0000000093600000| PB 0x0000000093600000| Untracked 
| 311|0x0000000093700000, 0x0000000093800000, 0x0000000093800000|100%| O|  |TAMS 0x0000000093700000| PB 0x0000000093700000| Untracked 
| 312|0x0000000093800000, 0x0000000093900000, 0x0000000093900000|100%| O|  |TAMS 0x0000000093800000| PB 0x0000000093800000| Untracked 
| 313|0x0000000093900000, 0x0000000093a00000, 0x0000000093a00000|100%| O|  |TAMS 0x0000000093900000| PB 0x0000000093900000| Untracked 
| 314|0x0000000093a00000, 0x0000000093a00000, 0x0000000093b00000|  0%| F|  |TAMS 0x0000000093a00000| PB 0x0000000093a00000| Untracked 
| 315|0x0000000093b00000, 0x0000000093b00000, 0x0000000093c00000|  0%| F|  |TAMS 0x0000000093b00000| PB 0x0000000093b00000| Untracked 
| 316|0x0000000093c00000, 0x0000000093d00000, 0x0000000093d00000|100%| O|  |TAMS 0x0000000093c00000| PB 0x0000000093c00000| Untracked 
| 317|0x0000000093d00000, 0x0000000093e00000, 0x0000000093e00000|100%| O|  |TAMS 0x0000000093d00000| PB 0x0000000093d00000| Untracked 
| 318|0x0000000093e00000, 0x0000000093e00000, 0x0000000093f00000|  0%| F|  |TAMS 0x0000000093e00000| PB 0x0000000093e00000| Untracked 
| 319|0x0000000093f00000, 0x0000000094000000, 0x0000000094000000|100%| O|Cm|TAMS 0x0000000093f00000| PB 0x0000000093f00000| Complete 
| 320|0x0000000094000000, 0x0000000094100000, 0x0000000094100000|100%| O|Cm|TAMS 0x0000000094000000| PB 0x0000000094000000| Complete 
| 321|0x0000000094100000, 0x0000000094200000, 0x0000000094200000|100%| O|Cm|TAMS 0x0000000094100000| PB 0x0000000094100000| Complete 
| 322|0x0000000094200000, 0x0000000094200000, 0x0000000094300000|  0%| F|  |TAMS 0x0000000094200000| PB 0x0000000094200000| Untracked 
| 323|0x0000000094300000, 0x0000000094400000, 0x0000000094400000|100%| O|Cm|TAMS 0x0000000094300000| PB 0x0000000094300000| Complete 
| 324|0x0000000094400000, 0x0000000094400000, 0x0000000094500000|  0%| F|  |TAMS 0x0000000094400000| PB 0x0000000094400000| Untracked 
| 325|0x0000000094500000, 0x0000000094600000, 0x0000000094600000|100%| O|Cm|TAMS 0x0000000094500000| PB 0x0000000094500000| Complete 
| 326|0x0000000094600000, 0x0000000094700000, 0x0000000094700000|100%| O|Cm|TAMS 0x0000000094600000| PB 0x0000000094600000| Complete 
| 327|0x0000000094700000, 0x0000000094800000, 0x0000000094800000|100%| O|Cm|TAMS 0x0000000094700000| PB 0x0000000094700000| Complete 
| 328|0x0000000094800000, 0x0000000094900000, 0x0000000094900000|100%| O|Cm|TAMS 0x0000000094800000| PB 0x0000000094800000| Complete 
| 329|0x0000000094900000, 0x0000000094a00000, 0x0000000094a00000|100%| O|  |TAMS 0x0000000094900000| PB 0x0000000094900000| Untracked 
| 330|0x0000000094a00000, 0x0000000094a00000, 0x0000000094b00000|  0%| F|  |TAMS 0x0000000094a00000| PB 0x0000000094a00000| Untracked 
| 331|0x0000000094b00000, 0x0000000094c00000, 0x0000000094c00000|100%| O|Cm|TAMS 0x0000000094b00000| PB 0x0000000094b00000| Complete 
| 332|0x0000000094c00000, 0x0000000094c00000, 0x0000000094d00000|  0%| F|  |TAMS 0x0000000094c00000| PB 0x0000000094c00000| Untracked 
| 333|0x0000000094d00000, 0x0000000094d00000, 0x0000000094e00000|  0%| F|  |TAMS 0x0000000094d00000| PB 0x0000000094d00000| Untracked 
| 334|0x0000000094e00000, 0x0000000094e00000, 0x0000000094f00000|  0%| F|  |TAMS 0x0000000094e00000| PB 0x0000000094e00000| Untracked 
| 335|0x0000000094f00000, 0x0000000095000000, 0x0000000095000000|100%| O|Cm|TAMS 0x0000000094f00000| PB 0x0000000094f00000| Complete 
| 336|0x0000000095000000, 0x0000000095100000, 0x0000000095100000|100%| O|  |TAMS 0x0000000095000000| PB 0x0000000095000000| Untracked 
| 337|0x0000000095100000, 0x0000000095200000, 0x0000000095200000|100%| O|  |TAMS 0x0000000095100000| PB 0x0000000095100000| Untracked 
| 338|0x0000000095200000, 0x0000000095300000, 0x0000000095300000|100%| O|  |TAMS 0x0000000095200000| PB 0x0000000095200000| Untracked 
| 339|0x0000000095300000, 0x0000000095300000, 0x0000000095400000|  0%| F|  |TAMS 0x0000000095300000| PB 0x0000000095300000| Untracked 
| 340|0x0000000095400000, 0x0000000095500000, 0x0000000095500000|100%| O|  |TAMS 0x0000000095400000| PB 0x0000000095400000| Untracked 
| 341|0x0000000095500000, 0x0000000095600000, 0x0000000095600000|100%| O|Cm|TAMS 0x0000000095500000| PB 0x0000000095500000| Complete 
| 342|0x0000000095600000, 0x0000000095600000, 0x0000000095700000|  0%| F|  |TAMS 0x0000000095600000| PB 0x0000000095600000| Untracked 
| 343|0x0000000095700000, 0x0000000095700000, 0x0000000095800000|  0%| F|  |TAMS 0x0000000095700000| PB 0x0000000095700000| Untracked 
| 344|0x0000000095800000, 0x0000000095800000, 0x0000000095900000|  0%| F|  |TAMS 0x0000000095800000| PB 0x0000000095800000| Untracked 
| 345|0x0000000095900000, 0x0000000095900000, 0x0000000095a00000|  0%| F|  |TAMS 0x0000000095900000| PB 0x0000000095900000| Untracked 
| 346|0x0000000095a00000, 0x0000000095a00000, 0x0000000095b00000|  0%| F|  |TAMS 0x0000000095a00000| PB 0x0000000095a00000| Untracked 
| 347|0x0000000095b00000, 0x0000000095c00000, 0x0000000095c00000|100%| O|  |TAMS 0x0000000095b00000| PB 0x0000000095b00000| Untracked 
| 348|0x0000000095c00000, 0x0000000095c00000, 0x0000000095d00000|  0%| F|  |TAMS 0x0000000095c00000| PB 0x0000000095c00000| Untracked 
| 349|0x0000000095d00000, 0x0000000095e00000, 0x0000000095e00000|100%| O|Cm|TAMS 0x0000000095d00000| PB 0x0000000095d00000| Complete 
| 350|0x0000000095e00000, 0x0000000095f00000, 0x0000000095f00000|100%| O|  |TAMS 0x0000000095e00000| PB 0x0000000095e00000| Untracked 
| 351|0x0000000095f00000, 0x0000000096000000, 0x0000000096000000|100%| O|Cm|TAMS 0x0000000095f00000| PB 0x0000000095f00000| Complete 
| 352|0x0000000096000000, 0x0000000096000000, 0x0000000096100000|  0%| F|  |TAMS 0x0000000096000000| PB 0x0000000096000000| Untracked 
| 353|0x0000000096100000, 0x0000000096100000, 0x0000000096200000|  0%| F|  |TAMS 0x0000000096100000| PB 0x0000000096100000| Untracked 
| 354|0x0000000096200000, 0x0000000096200000, 0x0000000096300000|  0%| F|  |TAMS 0x0000000096200000| PB 0x0000000096200000| Untracked 
| 355|0x0000000096300000, 0x0000000096300000, 0x0000000096400000|  0%| F|  |TAMS 0x0000000096300000| PB 0x0000000096300000| Untracked 
| 356|0x0000000096400000, 0x0000000096400000, 0x0000000096500000|  0%| F|  |TAMS 0x0000000096400000| PB 0x0000000096400000| Untracked 
| 357|0x0000000096500000, 0x0000000096500000, 0x0000000096600000|  0%| F|  |TAMS 0x0000000096500000| PB 0x0000000096500000| Untracked 
| 358|0x0000000096600000, 0x0000000096600000, 0x0000000096700000|  0%| F|  |TAMS 0x0000000096600000| PB 0x0000000096600000| Untracked 
| 359|0x0000000096700000, 0x0000000096700000, 0x0000000096800000|  0%| F|  |TAMS 0x0000000096700000| PB 0x0000000096700000| Untracked 
| 360|0x0000000096800000, 0x0000000096800000, 0x0000000096900000|  0%| F|  |TAMS 0x0000000096800000| PB 0x0000000096800000| Untracked 
| 361|0x0000000096900000, 0x00000000969d0088, 0x0000000096a00000| 81%| E|  |TAMS 0x0000000096900000| PB 0x0000000096900000| Complete 
| 362|0x0000000096a00000, 0x0000000096b00000, 0x0000000096b00000|100%| E|CS|TAMS 0x0000000096a00000| PB 0x0000000096a00000| Complete 
| 363|0x0000000096b00000, 0x0000000096c00000, 0x0000000096c00000|100%| E|CS|TAMS 0x0000000096b00000| PB 0x0000000096b00000| Complete 
| 364|0x0000000096c00000, 0x0000000096d00000, 0x0000000096d00000|100%| E|CS|TAMS 0x0000000096c00000| PB 0x0000000096c00000| Complete 
| 365|0x0000000096d00000, 0x0000000096e00000, 0x0000000096e00000|100%| E|CS|TAMS 0x0000000096d00000| PB 0x0000000096d00000| Complete 
| 366|0x0000000096e00000, 0x0000000096f00000, 0x0000000096f00000|100%| E|CS|TAMS 0x0000000096e00000| PB 0x0000000096e00000| Complete 
| 367|0x0000000096f00000, 0x0000000097000000, 0x0000000097000000|100%| E|CS|TAMS 0x0000000096f00000| PB 0x0000000096f00000| Complete 
| 368|0x0000000097000000, 0x0000000097100000, 0x0000000097100000|100%| E|CS|TAMS 0x0000000097000000| PB 0x0000000097000000| Complete 
| 369|0x0000000097100000, 0x0000000097200000, 0x0000000097200000|100%| E|CS|TAMS 0x0000000097100000| PB 0x0000000097100000| Complete 
| 370|0x0000000097200000, 0x0000000097300000, 0x0000000097300000|100%| E|CS|TAMS 0x0000000097200000| PB 0x0000000097200000| Complete 
| 371|0x0000000097300000, 0x0000000097400000, 0x0000000097400000|100%| E|CS|TAMS 0x0000000097300000| PB 0x0000000097300000| Complete 
| 372|0x0000000097400000, 0x0000000097500000, 0x0000000097500000|100%| E|CS|TAMS 0x0000000097400000| PB 0x0000000097400000| Complete 
| 373|0x0000000097500000, 0x0000000097600000, 0x0000000097600000|100%| E|CS|TAMS 0x0000000097500000| PB 0x0000000097500000| Complete 
| 374|0x0000000097600000, 0x0000000097700000, 0x0000000097700000|100%| E|CS|TAMS 0x0000000097600000| PB 0x0000000097600000| Complete 
| 375|0x0000000097700000, 0x0000000097800000, 0x0000000097800000|100%| E|CS|TAMS 0x0000000097700000| PB 0x0000000097700000| Complete 
| 376|0x0000000097800000, 0x0000000097900000, 0x0000000097900000|100%| E|CS|TAMS 0x0000000097800000| PB 0x0000000097800000| Complete 
| 377|0x0000000097900000, 0x0000000097a00000, 0x0000000097a00000|100%| E|CS|TAMS 0x0000000097900000| PB 0x0000000097900000| Complete 
| 378|0x0000000097a00000, 0x0000000097b00000, 0x0000000097b00000|100%| E|CS|TAMS 0x0000000097a00000| PB 0x0000000097a00000| Complete 
| 379|0x0000000097b00000, 0x0000000097c00000, 0x0000000097c00000|100%| E|CS|TAMS 0x0000000097b00000| PB 0x0000000097b00000| Complete 
| 380|0x0000000097c00000, 0x0000000097d00000, 0x0000000097d00000|100%| E|CS|TAMS 0x0000000097c00000| PB 0x0000000097c00000| Complete 
| 381|0x0000000097d00000, 0x0000000097e00000, 0x0000000097e00000|100%| E|CS|TAMS 0x0000000097d00000| PB 0x0000000097d00000| Complete 
| 382|0x0000000097e00000, 0x0000000097f00000, 0x0000000097f00000|100%| E|CS|TAMS 0x0000000097e00000| PB 0x0000000097e00000| Complete 
| 383|0x0000000097f00000, 0x0000000098000000, 0x0000000098000000|100%| E|CS|TAMS 0x0000000097f00000| PB 0x0000000097f00000| Complete 
| 384|0x0000000098000000, 0x00000000980ffc78, 0x0000000098100000| 99%| E|  |TAMS 0x0000000098000000| PB 0x0000000098000000| Complete 
| 385|0x0000000098100000, 0x0000000098200000, 0x0000000098200000|100%| E|CS|TAMS 0x0000000098100000| PB 0x0000000098100000| Complete 
| 386|0x0000000098200000, 0x0000000098300000, 0x0000000098300000|100%| E|CS|TAMS 0x0000000098200000| PB 0x0000000098200000| Complete 
| 387|0x0000000098300000, 0x0000000098400000, 0x0000000098400000|100%| E|CS|TAMS 0x0000000098300000| PB 0x0000000098300000| Complete 
| 388|0x0000000098400000, 0x0000000098500000, 0x0000000098500000|100%| E|CS|TAMS 0x0000000098400000| PB 0x0000000098400000| Complete 
| 389|0x0000000098500000, 0x0000000098600000, 0x0000000098600000|100%| E|CS|TAMS 0x0000000098500000| PB 0x0000000098500000| Complete 
| 390|0x0000000098600000, 0x0000000098700000, 0x0000000098700000|100%| E|CS|TAMS 0x0000000098600000| PB 0x0000000098600000| Complete 
| 391|0x0000000098700000, 0x0000000098800000, 0x0000000098800000|100%| E|CS|TAMS 0x0000000098700000| PB 0x0000000098700000| Complete 
| 392|0x0000000098800000, 0x0000000098900000, 0x0000000098900000|100%| E|CS|TAMS 0x0000000098800000| PB 0x0000000098800000| Complete 
| 393|0x0000000098900000, 0x0000000098a00000, 0x0000000098a00000|100%| E|CS|TAMS 0x0000000098900000| PB 0x0000000098900000| Complete 
| 394|0x0000000098a00000, 0x0000000098b00000, 0x0000000098b00000|100%| E|CS|TAMS 0x0000000098a00000| PB 0x0000000098a00000| Complete 
| 395|0x0000000098b00000, 0x0000000098c00000, 0x0000000098c00000|100%| E|CS|TAMS 0x0000000098b00000| PB 0x0000000098b00000| Complete 
| 396|0x0000000098c00000, 0x0000000098d00000, 0x0000000098d00000|100%| E|CS|TAMS 0x0000000098c00000| PB 0x0000000098c00000| Complete 
| 397|0x0000000098d00000, 0x0000000098e00000, 0x0000000098e00000|100%| E|CS|TAMS 0x0000000098d00000| PB 0x0000000098d00000| Complete 
| 398|0x0000000098e00000, 0x0000000098f00000, 0x0000000098f00000|100%| E|CS|TAMS 0x0000000098e00000| PB 0x0000000098e00000| Complete 
| 399|0x0000000098f00000, 0x0000000099000000, 0x0000000099000000|100%| E|CS|TAMS 0x0000000098f00000| PB 0x0000000098f00000| Complete 
| 400|0x0000000099000000, 0x0000000099100000, 0x0000000099100000|100%| E|CS|TAMS 0x0000000099000000| PB 0x0000000099000000| Complete 
| 401|0x0000000099100000, 0x0000000099200000, 0x0000000099200000|100%| E|CS|TAMS 0x0000000099100000| PB 0x0000000099100000| Complete 
| 402|0x0000000099200000, 0x0000000099300000, 0x0000000099300000|100%| E|CS|TAMS 0x0000000099200000| PB 0x0000000099200000| Complete 
| 403|0x0000000099300000, 0x0000000099400000, 0x0000000099400000|100%| E|CS|TAMS 0x0000000099300000| PB 0x0000000099300000| Complete 
| 404|0x0000000099400000, 0x0000000099500000, 0x0000000099500000|100%| E|CS|TAMS 0x0000000099400000| PB 0x0000000099400000| Complete 
| 405|0x0000000099500000, 0x0000000099600000, 0x0000000099600000|100%| E|CS|TAMS 0x0000000099500000| PB 0x0000000099500000| Complete 
| 406|0x0000000099600000, 0x0000000099700000, 0x0000000099700000|100%| E|CS|TAMS 0x0000000099600000| PB 0x0000000099600000| Complete 
| 407|0x0000000099700000, 0x0000000099800000, 0x0000000099800000|100%| E|CS|TAMS 0x0000000099700000| PB 0x0000000099700000| Complete 
| 408|0x0000000099800000, 0x0000000099900000, 0x0000000099900000|100%| E|CS|TAMS 0x0000000099800000| PB 0x0000000099800000| Complete 
| 409|0x0000000099900000, 0x0000000099a00000, 0x0000000099a00000|100%| E|CS|TAMS 0x0000000099900000| PB 0x0000000099900000| Complete 
| 410|0x0000000099a00000, 0x0000000099b00000, 0x0000000099b00000|100%| E|CS|TAMS 0x0000000099a00000| PB 0x0000000099a00000| Complete 
| 411|0x0000000099b00000, 0x0000000099c00000, 0x0000000099c00000|100%| E|CS|TAMS 0x0000000099b00000| PB 0x0000000099b00000| Complete 
| 412|0x0000000099c00000, 0x0000000099d00000, 0x0000000099d00000|100%| E|CS|TAMS 0x0000000099c00000| PB 0x0000000099c00000| Complete 
| 413|0x0000000099d00000, 0x0000000099e00000, 0x0000000099e00000|100%| E|CS|TAMS 0x0000000099d00000| PB 0x0000000099d00000| Complete 
| 414|0x0000000099e00000, 0x0000000099f00000, 0x0000000099f00000|100%| E|CS|TAMS 0x0000000099e00000| PB 0x0000000099e00000| Complete 
| 415|0x0000000099f00000, 0x000000009a000000, 0x000000009a000000|100%| E|CS|TAMS 0x0000000099f00000| PB 0x0000000099f00000| Complete 
| 416|0x000000009a000000, 0x000000009a100000, 0x000000009a100000|100%| E|CS|TAMS 0x000000009a000000| PB 0x000000009a000000| Complete 
| 417|0x000000009a100000, 0x000000009a200000, 0x000000009a200000|100%| E|CS|TAMS 0x000000009a100000| PB 0x000000009a100000| Complete 
| 418|0x000000009a200000, 0x000000009a300000, 0x000000009a300000|100%| E|CS|TAMS 0x000000009a200000| PB 0x000000009a200000| Complete 
| 419|0x000000009a300000, 0x000000009a400000, 0x000000009a400000|100%| E|CS|TAMS 0x000000009a300000| PB 0x000000009a300000| Complete 
| 420|0x000000009a400000, 0x000000009a500000, 0x000000009a500000|100%| E|CS|TAMS 0x000000009a400000| PB 0x000000009a400000| Complete 
| 421|0x000000009a500000, 0x000000009a600000, 0x000000009a600000|100%| E|CS|TAMS 0x000000009a500000| PB 0x000000009a500000| Complete 
| 422|0x000000009a600000, 0x000000009a700000, 0x000000009a700000|100%| E|CS|TAMS 0x000000009a600000| PB 0x000000009a600000| Complete 
| 423|0x000000009a700000, 0x000000009a800000, 0x000000009a800000|100%| E|CS|TAMS 0x000000009a700000| PB 0x000000009a700000| Complete 
| 424|0x000000009a800000, 0x000000009a900000, 0x000000009a900000|100%| E|CS|TAMS 0x000000009a800000| PB 0x000000009a800000| Complete 
| 425|0x000000009a900000, 0x000000009aa00000, 0x000000009aa00000|100%| E|CS|TAMS 0x000000009a900000| PB 0x000000009a900000| Complete 
| 426|0x000000009aa00000, 0x000000009ab00000, 0x000000009ab00000|100%| E|CS|TAMS 0x000000009aa00000| PB 0x000000009aa00000| Complete 
| 427|0x000000009ab00000, 0x000000009ac00000, 0x000000009ac00000|100%| E|CS|TAMS 0x000000009ab00000| PB 0x000000009ab00000| Complete 
| 428|0x000000009ac00000, 0x000000009ad00000, 0x000000009ad00000|100%| E|CS|TAMS 0x000000009ac00000| PB 0x000000009ac00000| Complete 
| 429|0x000000009ad00000, 0x000000009ae00000, 0x000000009ae00000|100%| E|CS|TAMS 0x000000009ad00000| PB 0x000000009ad00000| Complete 
| 430|0x000000009ae00000, 0x000000009af00000, 0x000000009af00000|100%| E|CS|TAMS 0x000000009ae00000| PB 0x000000009ae00000| Complete 
| 431|0x000000009af00000, 0x000000009b000000, 0x000000009b000000|100%| E|CS|TAMS 0x000000009af00000| PB 0x000000009af00000| Complete 
| 432|0x000000009b000000, 0x000000009b100000, 0x000000009b100000|100%| E|CS|TAMS 0x000000009b000000| PB 0x000000009b000000| Complete 
| 433|0x000000009b100000, 0x000000009b200000, 0x000000009b200000|100%| E|CS|TAMS 0x000000009b100000| PB 0x000000009b100000| Complete 
| 434|0x000000009b200000, 0x000000009b300000, 0x000000009b300000|100%| E|CS|TAMS 0x000000009b200000| PB 0x000000009b200000| Complete 
| 435|0x000000009b300000, 0x000000009b400000, 0x000000009b400000|100%| E|CS|TAMS 0x000000009b300000| PB 0x000000009b300000| Complete 
| 436|0x000000009b400000, 0x000000009b500000, 0x000000009b500000|100%| E|CS|TAMS 0x000000009b400000| PB 0x000000009b400000| Complete 
| 437|0x000000009b500000, 0x000000009b600000, 0x000000009b600000|100%| E|CS|TAMS 0x000000009b500000| PB 0x000000009b500000| Complete 
| 438|0x000000009b600000, 0x000000009b700000, 0x000000009b700000|100%| E|CS|TAMS 0x000000009b600000| PB 0x000000009b600000| Complete 
| 439|0x000000009b700000, 0x000000009b800000, 0x000000009b800000|100%| E|CS|TAMS 0x000000009b700000| PB 0x000000009b700000| Complete 
| 440|0x000000009b800000, 0x000000009b900000, 0x000000009b900000|100%| E|CS|TAMS 0x000000009b800000| PB 0x000000009b800000| Complete 
| 441|0x000000009b900000, 0x000000009ba00000, 0x000000009ba00000|100%| E|CS|TAMS 0x000000009b900000| PB 0x000000009b900000| Complete 
| 442|0x000000009ba00000, 0x000000009bb00000, 0x000000009bb00000|100%| E|CS|TAMS 0x000000009ba00000| PB 0x000000009ba00000| Complete 
| 443|0x000000009bb00000, 0x000000009bc00000, 0x000000009bc00000|100%| E|CS|TAMS 0x000000009bb00000| PB 0x000000009bb00000| Complete 
| 444|0x000000009bc00000, 0x000000009bd00000, 0x000000009bd00000|100%| E|CS|TAMS 0x000000009bc00000| PB 0x000000009bc00000| Complete 
| 445|0x000000009bd00000, 0x000000009be00000, 0x000000009be00000|100%| E|CS|TAMS 0x000000009bd00000| PB 0x000000009bd00000| Complete 
| 446|0x000000009be00000, 0x000000009bf00000, 0x000000009bf00000|100%| E|CS|TAMS 0x000000009be00000| PB 0x000000009be00000| Complete 
| 447|0x000000009bf00000, 0x000000009c000000, 0x000000009c000000|100%| E|CS|TAMS 0x000000009bf00000| PB 0x000000009bf00000| Complete 
| 448|0x000000009c000000, 0x000000009c100000, 0x000000009c100000|100%| E|CS|TAMS 0x000000009c000000| PB 0x000000009c000000| Complete 
| 449|0x000000009c100000, 0x000000009c200000, 0x000000009c200000|100%| E|CS|TAMS 0x000000009c100000| PB 0x000000009c100000| Complete 
| 450|0x000000009c200000, 0x000000009c300000, 0x000000009c300000|100%| E|CS|TAMS 0x000000009c200000| PB 0x000000009c200000| Complete 
| 451|0x000000009c300000, 0x000000009c400000, 0x000000009c400000|100%| E|CS|TAMS 0x000000009c300000| PB 0x000000009c300000| Complete 
| 452|0x000000009c400000, 0x000000009c500000, 0x000000009c500000|100%| E|CS|TAMS 0x000000009c400000| PB 0x000000009c400000| Complete 
| 453|0x000000009c500000, 0x000000009c600000, 0x000000009c600000|100%| E|CS|TAMS 0x000000009c500000| PB 0x000000009c500000| Complete 
| 454|0x000000009c600000, 0x000000009c700000, 0x000000009c700000|100%| E|CS|TAMS 0x000000009c600000| PB 0x000000009c600000| Complete 
| 455|0x000000009c700000, 0x000000009c800000, 0x000000009c800000|100%| E|CS|TAMS 0x000000009c700000| PB 0x000000009c700000| Complete 
| 456|0x000000009c800000, 0x000000009c900000, 0x000000009c900000|100%| E|CS|TAMS 0x000000009c800000| PB 0x000000009c800000| Complete 
| 457|0x000000009c900000, 0x000000009ca00000, 0x000000009ca00000|100%| E|CS|TAMS 0x000000009c900000| PB 0x000000009c900000| Complete 
| 458|0x000000009ca00000, 0x000000009cb00000, 0x000000009cb00000|100%| E|CS|TAMS 0x000000009ca00000| PB 0x000000009ca00000| Complete 
| 459|0x000000009cb00000, 0x000000009cc00000, 0x000000009cc00000|100%| E|CS|TAMS 0x000000009cb00000| PB 0x000000009cb00000| Complete 
| 460|0x000000009cc00000, 0x000000009cd00000, 0x000000009cd00000|100%| E|CS|TAMS 0x000000009cc00000| PB 0x000000009cc00000| Complete 
| 461|0x000000009cd00000, 0x000000009ce00000, 0x000000009ce00000|100%| E|CS|TAMS 0x000000009cd00000| PB 0x000000009cd00000| Complete 
| 462|0x000000009ce00000, 0x000000009cf00000, 0x000000009cf00000|100%| E|CS|TAMS 0x000000009ce00000| PB 0x000000009ce00000| Complete 
| 463|0x000000009cf00000, 0x000000009d000000, 0x000000009d000000|100%| E|CS|TAMS 0x000000009cf00000| PB 0x000000009cf00000| Complete 
| 464|0x000000009d000000, 0x000000009d100000, 0x000000009d100000|100%| E|CS|TAMS 0x000000009d000000| PB 0x000000009d000000| Complete 
| 465|0x000000009d100000, 0x000000009d200000, 0x000000009d200000|100%| E|CS|TAMS 0x000000009d100000| PB 0x000000009d100000| Complete 
| 466|0x000000009d200000, 0x000000009d300000, 0x000000009d300000|100%| E|CS|TAMS 0x000000009d200000| PB 0x000000009d200000| Complete 
| 467|0x000000009d300000, 0x000000009d400000, 0x000000009d400000|100%| E|CS|TAMS 0x000000009d300000| PB 0x000000009d300000| Complete 
| 468|0x000000009d400000, 0x000000009d500000, 0x000000009d500000|100%| E|CS|TAMS 0x000000009d400000| PB 0x000000009d400000| Complete 
| 469|0x000000009d500000, 0x000000009d600000, 0x000000009d600000|100%| E|CS|TAMS 0x000000009d500000| PB 0x000000009d500000| Complete 
| 470|0x000000009d600000, 0x000000009d700000, 0x000000009d700000|100%| E|CS|TAMS 0x000000009d600000| PB 0x000000009d600000| Complete 
| 471|0x000000009d700000, 0x000000009d800000, 0x000000009d800000|100%| E|CS|TAMS 0x000000009d700000| PB 0x000000009d700000| Complete 
| 472|0x000000009d800000, 0x000000009d900000, 0x000000009d900000|100%| E|CS|TAMS 0x000000009d800000| PB 0x000000009d800000| Complete 
| 473|0x000000009d900000, 0x000000009da00000, 0x000000009da00000|100%| E|CS|TAMS 0x000000009d900000| PB 0x000000009d900000| Complete 
| 474|0x000000009da00000, 0x000000009db00000, 0x000000009db00000|100%| E|CS|TAMS 0x000000009da00000| PB 0x000000009da00000| Complete 
| 475|0x000000009db00000, 0x000000009dc00000, 0x000000009dc00000|100%| E|CS|TAMS 0x000000009db00000| PB 0x000000009db00000| Complete 
| 476|0x000000009dc00000, 0x000000009dd00000, 0x000000009dd00000|100%| E|CS|TAMS 0x000000009dc00000| PB 0x000000009dc00000| Complete 
| 477|0x000000009dd00000, 0x000000009de00000, 0x000000009de00000|100%| E|CS|TAMS 0x000000009dd00000| PB 0x000000009dd00000| Complete 
| 478|0x000000009de00000, 0x000000009df00000, 0x000000009df00000|100%| E|CS|TAMS 0x000000009de00000| PB 0x000000009de00000| Complete 
| 479|0x000000009df00000, 0x000000009e000000, 0x000000009e000000|100%| E|CS|TAMS 0x000000009df00000| PB 0x000000009df00000| Complete 
| 480|0x000000009e000000, 0x000000009e100000, 0x000000009e100000|100%| E|CS|TAMS 0x000000009e000000| PB 0x000000009e000000| Complete 
| 481|0x000000009e100000, 0x000000009e200000, 0x000000009e200000|100%| E|CS|TAMS 0x000000009e100000| PB 0x000000009e100000| Complete 
| 482|0x000000009e200000, 0x000000009e300000, 0x000000009e300000|100%| E|CS|TAMS 0x000000009e200000| PB 0x000000009e200000| Complete 
| 483|0x000000009e300000, 0x000000009e400000, 0x000000009e400000|100%| E|CS|TAMS 0x000000009e300000| PB 0x000000009e300000| Complete 
| 484|0x000000009e400000, 0x000000009e500000, 0x000000009e500000|100%| E|CS|TAMS 0x000000009e400000| PB 0x000000009e400000| Complete 
| 485|0x000000009e500000, 0x000000009e600000, 0x000000009e600000|100%| E|CS|TAMS 0x000000009e500000| PB 0x000000009e500000| Complete 
| 486|0x000000009e600000, 0x000000009e700000, 0x000000009e700000|100%| E|CS|TAMS 0x000000009e600000| PB 0x000000009e600000| Complete 
| 487|0x000000009e700000, 0x000000009e800000, 0x000000009e800000|100%| E|CS|TAMS 0x000000009e700000| PB 0x000000009e700000| Complete 
| 488|0x000000009e800000, 0x000000009e900000, 0x000000009e900000|100%| E|CS|TAMS 0x000000009e800000| PB 0x000000009e800000| Complete 
| 489|0x000000009e900000, 0x000000009ea00000, 0x000000009ea00000|100%| E|CS|TAMS 0x000000009e900000| PB 0x000000009e900000| Complete 
| 490|0x000000009ea00000, 0x000000009eb00000, 0x000000009eb00000|100%| E|CS|TAMS 0x000000009ea00000| PB 0x000000009ea00000| Complete 
| 491|0x000000009eb00000, 0x000000009ec00000, 0x000000009ec00000|100%| E|CS|TAMS 0x000000009eb00000| PB 0x000000009eb00000| Complete 
| 492|0x000000009ec00000, 0x000000009ed00000, 0x000000009ed00000|100%| E|CS|TAMS 0x000000009ec00000| PB 0x000000009ec00000| Complete 
| 493|0x000000009ed00000, 0x000000009ee00000, 0x000000009ee00000|100%| E|CS|TAMS 0x000000009ed00000| PB 0x000000009ed00000| Complete 
| 494|0x000000009ee00000, 0x000000009ef00000, 0x000000009ef00000|100%| E|CS|TAMS 0x000000009ee00000| PB 0x000000009ee00000| Complete 
| 495|0x000000009ef00000, 0x000000009f000000, 0x000000009f000000|100%| E|CS|TAMS 0x000000009ef00000| PB 0x000000009ef00000| Complete 
| 496|0x000000009f000000, 0x000000009f100000, 0x000000009f100000|100%| E|CS|TAMS 0x000000009f000000| PB 0x000000009f000000| Complete 
| 497|0x000000009f100000, 0x000000009f200000, 0x000000009f200000|100%| E|CS|TAMS 0x000000009f100000| PB 0x000000009f100000| Complete 
| 498|0x000000009f200000, 0x000000009f300000, 0x000000009f300000|100%| E|CS|TAMS 0x000000009f200000| PB 0x000000009f200000| Complete 
| 499|0x000000009f300000, 0x000000009f400000, 0x000000009f400000|100%| E|CS|TAMS 0x000000009f300000| PB 0x000000009f300000| Complete 
| 500|0x000000009f400000, 0x000000009f500000, 0x000000009f500000|100%| E|CS|TAMS 0x000000009f400000| PB 0x000000009f400000| Complete 
| 501|0x000000009f500000, 0x000000009f600000, 0x000000009f600000|100%| E|CS|TAMS 0x000000009f500000| PB 0x000000009f500000| Complete 
| 502|0x000000009f600000, 0x000000009f700000, 0x000000009f700000|100%| E|CS|TAMS 0x000000009f600000| PB 0x000000009f600000| Complete 
| 503|0x000000009f700000, 0x000000009f800000, 0x000000009f800000|100%| E|CS|TAMS 0x000000009f700000| PB 0x000000009f700000| Complete 
| 504|0x000000009f800000, 0x000000009f900000, 0x000000009f900000|100%| E|CS|TAMS 0x000000009f800000| PB 0x000000009f800000| Complete 
| 505|0x000000009f900000, 0x000000009fa00000, 0x000000009fa00000|100%| E|CS|TAMS 0x000000009f900000| PB 0x000000009f900000| Complete 
| 506|0x000000009fa00000, 0x000000009fb00000, 0x000000009fb00000|100%| E|CS|TAMS 0x000000009fa00000| PB 0x000000009fa00000| Complete 
| 507|0x000000009fb00000, 0x000000009fc00000, 0x000000009fc00000|100%| E|CS|TAMS 0x000000009fb00000| PB 0x000000009fb00000| Complete 
| 508|0x000000009fc00000, 0x000000009fd00000, 0x000000009fd00000|100%| E|CS|TAMS 0x000000009fc00000| PB 0x000000009fc00000| Complete 
| 509|0x000000009fd00000, 0x000000009fe00000, 0x000000009fe00000|100%| E|CS|TAMS 0x000000009fd00000| PB 0x000000009fd00000| Complete 
| 510|0x000000009fe00000, 0x000000009ff00000, 0x000000009ff00000|100%| E|CS|TAMS 0x000000009fe00000| PB 0x000000009fe00000| Complete 
| 511|0x000000009ff00000, 0x00000000a0000000, 0x00000000a0000000|100%| E|CS|TAMS 0x000000009ff00000| PB 0x000000009ff00000| Complete 
| 512|0x00000000a0000000, 0x00000000a0100000, 0x00000000a0100000|100%| E|CS|TAMS 0x00000000a0000000| PB 0x00000000a0000000| Complete 
| 513|0x00000000a0100000, 0x00000000a0200000, 0x00000000a0200000|100%| E|CS|TAMS 0x00000000a0100000| PB 0x00000000a0100000| Complete 
| 514|0x00000000a0200000, 0x00000000a0300000, 0x00000000a0300000|100%| E|CS|TAMS 0x00000000a0200000| PB 0x00000000a0200000| Complete 
| 515|0x00000000a0300000, 0x00000000a0400000, 0x00000000a0400000|100%| E|CS|TAMS 0x00000000a0300000| PB 0x00000000a0300000| Complete 
| 516|0x00000000a0400000, 0x00000000a0500000, 0x00000000a0500000|100%| E|CS|TAMS 0x00000000a0400000| PB 0x00000000a0400000| Complete 
| 517|0x00000000a0500000, 0x00000000a0560030, 0x00000000a0600000| 37%| S|CS|TAMS 0x00000000a0500000| PB 0x00000000a0500000| Complete 
| 518|0x00000000a0600000, 0x00000000a0700000, 0x00000000a0700000|100%| S|CS|TAMS 0x00000000a0600000| PB 0x00000000a0600000| Complete 
| 519|0x00000000a0700000, 0x00000000a0800000, 0x00000000a0800000|100%| S|CS|TAMS 0x00000000a0700000| PB 0x00000000a0700000| Complete 
| 520|0x00000000a0800000, 0x00000000a0900000, 0x00000000a0900000|100%| S|CS|TAMS 0x00000000a0800000| PB 0x00000000a0800000| Complete 
| 521|0x00000000a0900000, 0x00000000a0a00000, 0x00000000a0a00000|100%| S|CS|TAMS 0x00000000a0900000| PB 0x00000000a0900000| Complete 
| 522|0x00000000a0a00000, 0x00000000a0b00000, 0x00000000a0b00000|100%| S|CS|TAMS 0x00000000a0a00000| PB 0x00000000a0a00000| Complete 
| 523|0x00000000a0b00000, 0x00000000a0c00000, 0x00000000a0c00000|100%| S|CS|TAMS 0x00000000a0b00000| PB 0x00000000a0b00000| Complete 
| 524|0x00000000a0c00000, 0x00000000a0d00000, 0x00000000a0d00000|100%| S|CS|TAMS 0x00000000a0c00000| PB 0x00000000a0c00000| Complete 
| 525|0x00000000a0d00000, 0x00000000a0e00000, 0x00000000a0e00000|100%| S|CS|TAMS 0x00000000a0d00000| PB 0x00000000a0d00000| Complete 
| 526|0x00000000a0e00000, 0x00000000a0f00000, 0x00000000a0f00000|100%| S|CS|TAMS 0x00000000a0e00000| PB 0x00000000a0e00000| Complete 
| 527|0x00000000a0f00000, 0x00000000a1000000, 0x00000000a1000000|100%| S|CS|TAMS 0x00000000a0f00000| PB 0x00000000a0f00000| Complete 
| 528|0x00000000a1000000, 0x00000000a1100000, 0x00000000a1100000|100%| S|CS|TAMS 0x00000000a1000000| PB 0x00000000a1000000| Complete 
| 529|0x00000000a1100000, 0x00000000a1200000, 0x00000000a1200000|100%| S|CS|TAMS 0x00000000a1100000| PB 0x00000000a1100000| Complete 
| 530|0x00000000a1200000, 0x00000000a1300000, 0x00000000a1300000|100%| S|CS|TAMS 0x00000000a1200000| PB 0x00000000a1200000| Complete 
| 531|0x00000000a1300000, 0x00000000a1400000, 0x00000000a1400000|100%| S|CS|TAMS 0x00000000a1300000| PB 0x00000000a1300000| Complete 
| 532|0x00000000a1400000, 0x00000000a1500000, 0x00000000a1500000|100%| S|CS|TAMS 0x00000000a1400000| PB 0x00000000a1400000| Complete 
| 533|0x00000000a1500000, 0x00000000a1600000, 0x00000000a1600000|100%| S|CS|TAMS 0x00000000a1500000| PB 0x00000000a1500000| Complete 
| 534|0x00000000a1600000, 0x00000000a1700000, 0x00000000a1700000|100%| S|CS|TAMS 0x00000000a1600000| PB 0x00000000a1600000| Complete 
| 535|0x00000000a1700000, 0x00000000a1800000, 0x00000000a1800000|100%| S|CS|TAMS 0x00000000a1700000| PB 0x00000000a1700000| Complete 
| 536|0x00000000a1800000, 0x00000000a1900000, 0x00000000a1900000|100%| S|CS|TAMS 0x00000000a1800000| PB 0x00000000a1800000| Complete 
| 537|0x00000000a1900000, 0x00000000a1a00000, 0x00000000a1a00000|100%| S|CS|TAMS 0x00000000a1900000| PB 0x00000000a1900000| Complete 
| 538|0x00000000a1a00000, 0x00000000a1b00000, 0x00000000a1b00000|100%| S|CS|TAMS 0x00000000a1a00000| PB 0x00000000a1a00000| Complete 
| 539|0x00000000a1b00000, 0x00000000a1c00000, 0x00000000a1c00000|100%| S|CS|TAMS 0x00000000a1b00000| PB 0x00000000a1b00000| Complete 
| 540|0x00000000a1c00000, 0x00000000a1d00000, 0x00000000a1d00000|100%| S|CS|TAMS 0x00000000a1c00000| PB 0x00000000a1c00000| Complete 
| 541|0x00000000a1d00000, 0x00000000a1e00000, 0x00000000a1e00000|100%| S|CS|TAMS 0x00000000a1d00000| PB 0x00000000a1d00000| Complete 
| 542|0x00000000a1e00000, 0x00000000a1f00000, 0x00000000a1f00000|100%| S|CS|TAMS 0x00000000a1e00000| PB 0x00000000a1e00000| Complete 
| 543|0x00000000a1f00000, 0x00000000a2000000, 0x00000000a2000000|100%| E|CS|TAMS 0x00000000a1f00000| PB 0x00000000a1f00000| Complete 
| 544|0x00000000a2000000, 0x00000000a2100000, 0x00000000a2100000|100%| E|CS|TAMS 0x00000000a2000000| PB 0x00000000a2000000| Complete 
| 545|0x00000000a2100000, 0x00000000a2200000, 0x00000000a2200000|100%| E|CS|TAMS 0x00000000a2100000| PB 0x00000000a2100000| Complete 
| 546|0x00000000a2200000, 0x00000000a2300000, 0x00000000a2300000|100%| E|CS|TAMS 0x00000000a2200000| PB 0x00000000a2200000| Complete 
| 547|0x00000000a2300000, 0x00000000a2400000, 0x00000000a2400000|100%| E|CS|TAMS 0x00000000a2300000| PB 0x00000000a2300000| Complete 
| 548|0x00000000a2400000, 0x00000000a2500000, 0x00000000a2500000|100%| E|CS|TAMS 0x00000000a2400000| PB 0x00000000a2400000| Complete 
| 549|0x00000000a2500000, 0x00000000a2600000, 0x00000000a2600000|100%| E|CS|TAMS 0x00000000a2500000| PB 0x00000000a2500000| Complete 
| 550|0x00000000a2600000, 0x00000000a2700000, 0x00000000a2700000|100%| E|CS|TAMS 0x00000000a2600000| PB 0x00000000a2600000| Complete 
| 551|0x00000000a2700000, 0x00000000a2800000, 0x00000000a2800000|100%| E|CS|TAMS 0x00000000a2700000| PB 0x00000000a2700000| Complete 
| 552|0x00000000a2800000, 0x00000000a2900000, 0x00000000a2900000|100%| E|CS|TAMS 0x00000000a2800000| PB 0x00000000a2800000| Complete 
| 553|0x00000000a2900000, 0x00000000a2a00000, 0x00000000a2a00000|100%| E|CS|TAMS 0x00000000a2900000| PB 0x00000000a2900000| Complete 
| 554|0x00000000a2a00000, 0x00000000a2b00000, 0x00000000a2b00000|100%| E|CS|TAMS 0x00000000a2a00000| PB 0x00000000a2a00000| Complete 
| 555|0x00000000a2b00000, 0x00000000a2c00000, 0x00000000a2c00000|100%| E|CS|TAMS 0x00000000a2b00000| PB 0x00000000a2b00000| Complete 
| 556|0x00000000a2c00000, 0x00000000a2d00000, 0x00000000a2d00000|100%| E|CS|TAMS 0x00000000a2c00000| PB 0x00000000a2c00000| Complete 
| 557|0x00000000a2d00000, 0x00000000a2e00000, 0x00000000a2e00000|100%| E|CS|TAMS 0x00000000a2d00000| PB 0x00000000a2d00000| Complete 
| 558|0x00000000a2e00000, 0x00000000a2f00000, 0x00000000a2f00000|100%| E|CS|TAMS 0x00000000a2e00000| PB 0x00000000a2e00000| Complete 
| 559|0x00000000a2f00000, 0x00000000a3000000, 0x00000000a3000000|100%| E|CS|TAMS 0x00000000a2f00000| PB 0x00000000a2f00000| Complete 
| 560|0x00000000a3000000, 0x00000000a3100000, 0x00000000a3100000|100%| E|CS|TAMS 0x00000000a3000000| PB 0x00000000a3000000| Complete 
| 561|0x00000000a3100000, 0x00000000a3200000, 0x00000000a3200000|100%| E|CS|TAMS 0x00000000a3100000| PB 0x00000000a3100000| Complete 
| 562|0x00000000a3200000, 0x00000000a3300000, 0x00000000a3300000|100%| E|CS|TAMS 0x00000000a3200000| PB 0x00000000a3200000| Complete 
| 563|0x00000000a3300000, 0x00000000a3400000, 0x00000000a3400000|100%| E|CS|TAMS 0x00000000a3300000| PB 0x00000000a3300000| Complete 
| 564|0x00000000a3400000, 0x00000000a3500000, 0x00000000a3500000|100%| E|CS|TAMS 0x00000000a3400000| PB 0x00000000a3400000| Complete 
| 565|0x00000000a3500000, 0x00000000a3600000, 0x00000000a3600000|100%| E|CS|TAMS 0x00000000a3500000| PB 0x00000000a3500000| Complete 
| 566|0x00000000a3600000, 0x00000000a3700000, 0x00000000a3700000|100%| E|CS|TAMS 0x00000000a3600000| PB 0x00000000a3600000| Complete 
| 567|0x00000000a3700000, 0x00000000a3800000, 0x00000000a3800000|100%| E|CS|TAMS 0x00000000a3700000| PB 0x00000000a3700000| Complete 
| 568|0x00000000a3800000, 0x00000000a3900000, 0x00000000a3900000|100%| E|CS|TAMS 0x00000000a3800000| PB 0x00000000a3800000| Complete 
| 569|0x00000000a3900000, 0x00000000a3a00000, 0x00000000a3a00000|100%| E|CS|TAMS 0x00000000a3900000| PB 0x00000000a3900000| Complete 
| 570|0x00000000a3a00000, 0x00000000a3b00000, 0x00000000a3b00000|100%| E|CS|TAMS 0x00000000a3a00000| PB 0x00000000a3a00000| Complete 
| 571|0x00000000a3b00000, 0x00000000a3c00000, 0x00000000a3c00000|100%| E|CS|TAMS 0x00000000a3b00000| PB 0x00000000a3b00000| Complete 
| 572|0x00000000a3c00000, 0x00000000a3d00000, 0x00000000a3d00000|100%| E|CS|TAMS 0x00000000a3c00000| PB 0x00000000a3c00000| Complete 
| 573|0x00000000a3d00000, 0x00000000a3e00000, 0x00000000a3e00000|100%| E|CS|TAMS 0x00000000a3d00000| PB 0x00000000a3d00000| Complete 
| 574|0x00000000a3e00000, 0x00000000a3f00000, 0x00000000a3f00000|100%| E|CS|TAMS 0x00000000a3e00000| PB 0x00000000a3e00000| Complete 
| 575|0x00000000a3f00000, 0x00000000a4000000, 0x00000000a4000000|100%| E|CS|TAMS 0x00000000a3f00000| PB 0x00000000a3f00000| Complete 
| 576|0x00000000a4000000, 0x00000000a4100000, 0x00000000a4100000|100%| E|CS|TAMS 0x00000000a4000000| PB 0x00000000a4000000| Complete 
| 577|0x00000000a4100000, 0x00000000a4200000, 0x00000000a4200000|100%| E|CS|TAMS 0x00000000a4100000| PB 0x00000000a4100000| Complete 
| 578|0x00000000a4200000, 0x00000000a4300000, 0x00000000a4300000|100%| E|CS|TAMS 0x00000000a4200000| PB 0x00000000a4200000| Complete 
| 579|0x00000000a4300000, 0x00000000a4400000, 0x00000000a4400000|100%| E|CS|TAMS 0x00000000a4300000| PB 0x00000000a4300000| Complete 
| 580|0x00000000a4400000, 0x00000000a4500000, 0x00000000a4500000|100%| E|CS|TAMS 0x00000000a4400000| PB 0x00000000a4400000| Complete 
| 581|0x00000000a4500000, 0x00000000a4600000, 0x00000000a4600000|100%| E|CS|TAMS 0x00000000a4500000| PB 0x00000000a4500000| Complete 
| 582|0x00000000a4600000, 0x00000000a4700000, 0x00000000a4700000|100%| E|CS|TAMS 0x00000000a4600000| PB 0x00000000a4600000| Complete 
| 583|0x00000000a4700000, 0x00000000a4800000, 0x00000000a4800000|100%| E|CS|TAMS 0x00000000a4700000| PB 0x00000000a4700000| Complete 
| 584|0x00000000a4800000, 0x00000000a4900000, 0x00000000a4900000|100%| E|CS|TAMS 0x00000000a4800000| PB 0x00000000a4800000| Complete 
| 585|0x00000000a4900000, 0x00000000a4a00000, 0x00000000a4a00000|100%| E|CS|TAMS 0x00000000a4900000| PB 0x00000000a4900000| Complete 
| 586|0x00000000a4a00000, 0x00000000a4b00000, 0x00000000a4b00000|100%| E|CS|TAMS 0x00000000a4a00000| PB 0x00000000a4a00000| Complete 
| 587|0x00000000a4b00000, 0x00000000a4c00000, 0x00000000a4c00000|100%| E|CS|TAMS 0x00000000a4b00000| PB 0x00000000a4b00000| Complete 
| 588|0x00000000a4c00000, 0x00000000a4d00000, 0x00000000a4d00000|100%| E|CS|TAMS 0x00000000a4c00000| PB 0x00000000a4c00000| Complete 
| 589|0x00000000a4d00000, 0x00000000a4e00000, 0x00000000a4e00000|100%| E|CS|TAMS 0x00000000a4d00000| PB 0x00000000a4d00000| Complete 
| 590|0x00000000a4e00000, 0x00000000a4f00000, 0x00000000a4f00000|100%| E|CS|TAMS 0x00000000a4e00000| PB 0x00000000a4e00000| Complete 
| 591|0x00000000a4f00000, 0x00000000a5000000, 0x00000000a5000000|100%| E|CS|TAMS 0x00000000a4f00000| PB 0x00000000a4f00000| Complete 
| 592|0x00000000a5000000, 0x00000000a5100000, 0x00000000a5100000|100%| E|CS|TAMS 0x00000000a5000000| PB 0x00000000a5000000| Complete 
| 593|0x00000000a5100000, 0x00000000a5200000, 0x00000000a5200000|100%| E|CS|TAMS 0x00000000a5100000| PB 0x00000000a5100000| Complete 
| 594|0x00000000a5200000, 0x00000000a5300000, 0x00000000a5300000|100%| E|CS|TAMS 0x00000000a5200000| PB 0x00000000a5200000| Complete 
| 595|0x00000000a5300000, 0x00000000a5400000, 0x00000000a5400000|100%| E|CS|TAMS 0x00000000a5300000| PB 0x00000000a5300000| Complete 
| 596|0x00000000a5400000, 0x00000000a5500000, 0x00000000a5500000|100%| E|CS|TAMS 0x00000000a5400000| PB 0x00000000a5400000| Complete 
| 597|0x00000000a5500000, 0x00000000a5600000, 0x00000000a5600000|100%| E|CS|TAMS 0x00000000a5500000| PB 0x00000000a5500000| Complete 
| 598|0x00000000a5600000, 0x00000000a5700000, 0x00000000a5700000|100%| E|CS|TAMS 0x00000000a5600000| PB 0x00000000a5600000| Complete 
| 599|0x00000000a5700000, 0x00000000a5800000, 0x00000000a5800000|100%| E|CS|TAMS 0x00000000a5700000| PB 0x00000000a5700000| Complete 
| 600|0x00000000a5800000, 0x00000000a5900000, 0x00000000a5900000|100%| E|CS|TAMS 0x00000000a5800000| PB 0x00000000a5800000| Complete 
| 601|0x00000000a5900000, 0x00000000a5a00000, 0x00000000a5a00000|100%| E|CS|TAMS 0x00000000a5900000| PB 0x00000000a5900000| Complete 
| 602|0x00000000a5a00000, 0x00000000a5b00000, 0x00000000a5b00000|100%| E|CS|TAMS 0x00000000a5a00000| PB 0x00000000a5a00000| Complete 
| 603|0x00000000a5b00000, 0x00000000a5c00000, 0x00000000a5c00000|100%| E|CS|TAMS 0x00000000a5b00000| PB 0x00000000a5b00000| Complete 
| 604|0x00000000a5c00000, 0x00000000a5d00000, 0x00000000a5d00000|100%| E|CS|TAMS 0x00000000a5c00000| PB 0x00000000a5c00000| Complete 
| 605|0x00000000a5d00000, 0x00000000a5e00000, 0x00000000a5e00000|100%| E|CS|TAMS 0x00000000a5d00000| PB 0x00000000a5d00000| Complete 
| 606|0x00000000a5e00000, 0x00000000a5f00000, 0x00000000a5f00000|100%| E|CS|TAMS 0x00000000a5e00000| PB 0x00000000a5e00000| Complete 
| 607|0x00000000a5f00000, 0x00000000a6000000, 0x00000000a6000000|100%| E|CS|TAMS 0x00000000a5f00000| PB 0x00000000a5f00000| Complete 
| 608|0x00000000a6000000, 0x00000000a6100000, 0x00000000a6100000|100%| E|CS|TAMS 0x00000000a6000000| PB 0x00000000a6000000| Complete 
| 609|0x00000000a6100000, 0x00000000a6200000, 0x00000000a6200000|100%| E|CS|TAMS 0x00000000a6100000| PB 0x00000000a6100000| Complete 
| 610|0x00000000a6200000, 0x00000000a6300000, 0x00000000a6300000|100%| E|CS|TAMS 0x00000000a6200000| PB 0x00000000a6200000| Complete 
| 611|0x00000000a6300000, 0x00000000a6400000, 0x00000000a6400000|100%| E|CS|TAMS 0x00000000a6300000| PB 0x00000000a6300000| Complete 
| 612|0x00000000a6400000, 0x00000000a6500000, 0x00000000a6500000|100%| E|CS|TAMS 0x00000000a6400000| PB 0x00000000a6400000| Complete 
| 613|0x00000000a6500000, 0x00000000a6600000, 0x00000000a6600000|100%| E|CS|TAMS 0x00000000a6500000| PB 0x00000000a6500000| Complete 
| 614|0x00000000a6600000, 0x00000000a6700000, 0x00000000a6700000|100%| E|CS|TAMS 0x00000000a6600000| PB 0x00000000a6600000| Complete 
| 615|0x00000000a6700000, 0x00000000a6800000, 0x00000000a6800000|100%| E|CS|TAMS 0x00000000a6700000| PB 0x00000000a6700000| Complete 
| 616|0x00000000a6800000, 0x00000000a6900000, 0x00000000a6900000|100%| E|CS|TAMS 0x00000000a6800000| PB 0x00000000a6800000| Complete 
| 617|0x00000000a6900000, 0x00000000a6a00000, 0x00000000a6a00000|100%| E|CS|TAMS 0x00000000a6900000| PB 0x00000000a6900000| Complete 
| 618|0x00000000a6a00000, 0x00000000a6b00000, 0x00000000a6b00000|100%| E|CS|TAMS 0x00000000a6a00000| PB 0x00000000a6a00000| Complete 
| 619|0x00000000a6b00000, 0x00000000a6c00000, 0x00000000a6c00000|100%| E|CS|TAMS 0x00000000a6b00000| PB 0x00000000a6b00000| Complete 
| 620|0x00000000a6c00000, 0x00000000a6d00000, 0x00000000a6d00000|100%| E|CS|TAMS 0x00000000a6c00000| PB 0x00000000a6c00000| Complete 
| 621|0x00000000a6d00000, 0x00000000a6e00000, 0x00000000a6e00000|100%| E|CS|TAMS 0x00000000a6d00000| PB 0x00000000a6d00000| Complete 
| 622|0x00000000a6e00000, 0x00000000a6f00000, 0x00000000a6f00000|100%| E|CS|TAMS 0x00000000a6e00000| PB 0x00000000a6e00000| Complete 
| 623|0x00000000a6f00000, 0x00000000a7000000, 0x00000000a7000000|100%| E|CS|TAMS 0x00000000a6f00000| PB 0x00000000a6f00000| Complete 
| 624|0x00000000a7000000, 0x00000000a7100000, 0x00000000a7100000|100%| E|CS|TAMS 0x00000000a7000000| PB 0x00000000a7000000| Complete 
| 625|0x00000000a7100000, 0x00000000a7200000, 0x00000000a7200000|100%| E|CS|TAMS 0x00000000a7100000| PB 0x00000000a7100000| Complete 
| 626|0x00000000a7200000, 0x00000000a7300000, 0x00000000a7300000|100%| E|CS|TAMS 0x00000000a7200000| PB 0x00000000a7200000| Complete 
| 627|0x00000000a7300000, 0x00000000a7400000, 0x00000000a7400000|100%| E|CS|TAMS 0x00000000a7300000| PB 0x00000000a7300000| Complete 
| 628|0x00000000a7400000, 0x00000000a7500000, 0x00000000a7500000|100%| E|CS|TAMS 0x00000000a7400000| PB 0x00000000a7400000| Complete 
| 629|0x00000000a7500000, 0x00000000a7600000, 0x00000000a7600000|100%| E|CS|TAMS 0x00000000a7500000| PB 0x00000000a7500000| Complete 
| 630|0x00000000a7600000, 0x00000000a7700000, 0x00000000a7700000|100%| E|CS|TAMS 0x00000000a7600000| PB 0x00000000a7600000| Complete 
| 631|0x00000000a7700000, 0x00000000a7800000, 0x00000000a7800000|100%| E|CS|TAMS 0x00000000a7700000| PB 0x00000000a7700000| Complete 
| 632|0x00000000a7800000, 0x00000000a7900000, 0x00000000a7900000|100%| E|CS|TAMS 0x00000000a7800000| PB 0x00000000a7800000| Complete 
| 633|0x00000000a7900000, 0x00000000a7a00000, 0x00000000a7a00000|100%| E|CS|TAMS 0x00000000a7900000| PB 0x00000000a7900000| Complete 
| 634|0x00000000a7a00000, 0x00000000a7b00000, 0x00000000a7b00000|100%| E|CS|TAMS 0x00000000a7a00000| PB 0x00000000a7a00000| Complete 
| 635|0x00000000a7b00000, 0x00000000a7c00000, 0x00000000a7c00000|100%| E|CS|TAMS 0x00000000a7b00000| PB 0x00000000a7b00000| Complete 
| 636|0x00000000a7c00000, 0x00000000a7d00000, 0x00000000a7d00000|100%| E|CS|TAMS 0x00000000a7c00000| PB 0x00000000a7c00000| Complete 
| 637|0x00000000a7d00000, 0x00000000a7e00000, 0x00000000a7e00000|100%| E|CS|TAMS 0x00000000a7d00000| PB 0x00000000a7d00000| Complete 
| 638|0x00000000a7e00000, 0x00000000a7f00000, 0x00000000a7f00000|100%| E|CS|TAMS 0x00000000a7e00000| PB 0x00000000a7e00000| Complete 
| 639|0x00000000a7f00000, 0x00000000a8000000, 0x00000000a8000000|100%| E|CS|TAMS 0x00000000a7f00000| PB 0x00000000a7f00000| Complete 
| 640|0x00000000a8000000, 0x00000000a8100000, 0x00000000a8100000|100%| E|CS|TAMS 0x00000000a8000000| PB 0x00000000a8000000| Complete 
| 641|0x00000000a8100000, 0x00000000a8200000, 0x00000000a8200000|100%| E|CS|TAMS 0x00000000a8100000| PB 0x00000000a8100000| Complete 
| 642|0x00000000a8200000, 0x00000000a8300000, 0x00000000a8300000|100%| E|CS|TAMS 0x00000000a8200000| PB 0x00000000a8200000| Complete 
| 643|0x00000000a8300000, 0x00000000a8400000, 0x00000000a8400000|100%| E|CS|TAMS 0x00000000a8300000| PB 0x00000000a8300000| Complete 
| 644|0x00000000a8400000, 0x00000000a8500000, 0x00000000a8500000|100%| E|CS|TAMS 0x00000000a8400000| PB 0x00000000a8400000| Complete 
| 645|0x00000000a8500000, 0x00000000a8600000, 0x00000000a8600000|100%| E|CS|TAMS 0x00000000a8500000| PB 0x00000000a8500000| Complete 
| 646|0x00000000a8600000, 0x00000000a8700000, 0x00000000a8700000|100%| E|CS|TAMS 0x00000000a8600000| PB 0x00000000a8600000| Complete 
| 647|0x00000000a8700000, 0x00000000a8800000, 0x00000000a8800000|100%| E|CS|TAMS 0x00000000a8700000| PB 0x00000000a8700000| Complete 
| 648|0x00000000a8800000, 0x00000000a8900000, 0x00000000a8900000|100%| E|CS|TAMS 0x00000000a8800000| PB 0x00000000a8800000| Complete 
| 649|0x00000000a8900000, 0x00000000a8a00000, 0x00000000a8a00000|100%| E|CS|TAMS 0x00000000a8900000| PB 0x00000000a8900000| Complete 
| 650|0x00000000a8a00000, 0x00000000a8b00000, 0x00000000a8b00000|100%| E|CS|TAMS 0x00000000a8a00000| PB 0x00000000a8a00000| Complete 
| 651|0x00000000a8b00000, 0x00000000a8c00000, 0x00000000a8c00000|100%| E|CS|TAMS 0x00000000a8b00000| PB 0x00000000a8b00000| Complete 
| 652|0x00000000a8c00000, 0x00000000a8d00000, 0x00000000a8d00000|100%| E|CS|TAMS 0x00000000a8c00000| PB 0x00000000a8c00000| Complete 
| 653|0x00000000a8d00000, 0x00000000a8e00000, 0x00000000a8e00000|100%| E|CS|TAMS 0x00000000a8d00000| PB 0x00000000a8d00000| Complete 
| 654|0x00000000a8e00000, 0x00000000a8f00000, 0x00000000a8f00000|100%| E|CS|TAMS 0x00000000a8e00000| PB 0x00000000a8e00000| Complete 
| 655|0x00000000a8f00000, 0x00000000a9000000, 0x00000000a9000000|100%| E|CS|TAMS 0x00000000a8f00000| PB 0x00000000a8f00000| Complete 
| 656|0x00000000a9000000, 0x00000000a9100000, 0x00000000a9100000|100%| E|CS|TAMS 0x00000000a9000000| PB 0x00000000a9000000| Complete 
| 657|0x00000000a9100000, 0x00000000a9200000, 0x00000000a9200000|100%| E|CS|TAMS 0x00000000a9100000| PB 0x00000000a9100000| Complete 
| 658|0x00000000a9200000, 0x00000000a9300000, 0x00000000a9300000|100%| E|CS|TAMS 0x00000000a9200000| PB 0x00000000a9200000| Complete 
| 659|0x00000000a9300000, 0x00000000a9400000, 0x00000000a9400000|100%| E|CS|TAMS 0x00000000a9300000| PB 0x00000000a9300000| Complete 
| 660|0x00000000a9400000, 0x00000000a9500000, 0x00000000a9500000|100%| E|CS|TAMS 0x00000000a9400000| PB 0x00000000a9400000| Complete 
| 661|0x00000000a9500000, 0x00000000a9600000, 0x00000000a9600000|100%| E|CS|TAMS 0x00000000a9500000| PB 0x00000000a9500000| Complete 
| 662|0x00000000a9600000, 0x00000000a9700000, 0x00000000a9700000|100%| E|CS|TAMS 0x00000000a9600000| PB 0x00000000a9600000| Complete 
| 663|0x00000000a9700000, 0x00000000a9800000, 0x00000000a9800000|100%| E|CS|TAMS 0x00000000a9700000| PB 0x00000000a9700000| Complete 
| 664|0x00000000a9800000, 0x00000000a9900000, 0x00000000a9900000|100%| E|CS|TAMS 0x00000000a9800000| PB 0x00000000a9800000| Complete 
| 665|0x00000000a9900000, 0x00000000a9a00000, 0x00000000a9a00000|100%| E|CS|TAMS 0x00000000a9900000| PB 0x00000000a9900000| Complete 
| 666|0x00000000a9a00000, 0x00000000a9b00000, 0x00000000a9b00000|100%| E|CS|TAMS 0x00000000a9a00000| PB 0x00000000a9a00000| Complete 
| 667|0x00000000a9b00000, 0x00000000a9c00000, 0x00000000a9c00000|100%| E|CS|TAMS 0x00000000a9b00000| PB 0x00000000a9b00000| Complete 
| 668|0x00000000a9c00000, 0x00000000a9d00000, 0x00000000a9d00000|100%| E|CS|TAMS 0x00000000a9c00000| PB 0x00000000a9c00000| Complete 
| 669|0x00000000a9d00000, 0x00000000a9e00000, 0x00000000a9e00000|100%| E|CS|TAMS 0x00000000a9d00000| PB 0x00000000a9d00000| Complete 
| 670|0x00000000a9e00000, 0x00000000a9f00000, 0x00000000a9f00000|100%| E|CS|TAMS 0x00000000a9e00000| PB 0x00000000a9e00000| Complete 
| 671|0x00000000a9f00000, 0x00000000aa000000, 0x00000000aa000000|100%| E|CS|TAMS 0x00000000a9f00000| PB 0x00000000a9f00000| Complete 
| 672|0x00000000aa000000, 0x00000000aa100000, 0x00000000aa100000|100%| E|CS|TAMS 0x00000000aa000000| PB 0x00000000aa000000| Complete 
| 673|0x00000000aa100000, 0x00000000aa200000, 0x00000000aa200000|100%| E|CS|TAMS 0x00000000aa100000| PB 0x00000000aa100000| Complete 
| 674|0x00000000aa200000, 0x00000000aa300000, 0x00000000aa300000|100%| E|CS|TAMS 0x00000000aa200000| PB 0x00000000aa200000| Complete 
| 675|0x00000000aa300000, 0x00000000aa400000, 0x00000000aa400000|100%| E|CS|TAMS 0x00000000aa300000| PB 0x00000000aa300000| Complete 
| 676|0x00000000aa400000, 0x00000000aa500000, 0x00000000aa500000|100%| E|CS|TAMS 0x00000000aa400000| PB 0x00000000aa400000| Complete 
| 677|0x00000000aa500000, 0x00000000aa600000, 0x00000000aa600000|100%| E|CS|TAMS 0x00000000aa500000| PB 0x00000000aa500000| Complete 
| 678|0x00000000aa600000, 0x00000000aa700000, 0x00000000aa700000|100%| E|CS|TAMS 0x00000000aa600000| PB 0x00000000aa600000| Complete 
| 679|0x00000000aa700000, 0x00000000aa800000, 0x00000000aa800000|100%| E|CS|TAMS 0x00000000aa700000| PB 0x00000000aa700000| Complete 
| 680|0x00000000aa800000, 0x00000000aa900000, 0x00000000aa900000|100%| E|CS|TAMS 0x00000000aa800000| PB 0x00000000aa800000| Complete 
| 681|0x00000000aa900000, 0x00000000aaa00000, 0x00000000aaa00000|100%| E|CS|TAMS 0x00000000aa900000| PB 0x00000000aa900000| Complete 
| 682|0x00000000aaa00000, 0x00000000aab00000, 0x00000000aab00000|100%| E|CS|TAMS 0x00000000aaa00000| PB 0x00000000aaa00000| Complete 
| 683|0x00000000aab00000, 0x00000000aac00000, 0x00000000aac00000|100%| E|CS|TAMS 0x00000000aab00000| PB 0x00000000aab00000| Complete 
| 684|0x00000000aac00000, 0x00000000aad00000, 0x00000000aad00000|100%| E|CS|TAMS 0x00000000aac00000| PB 0x00000000aac00000| Complete 
| 685|0x00000000aad00000, 0x00000000aae00000, 0x00000000aae00000|100%| E|CS|TAMS 0x00000000aad00000| PB 0x00000000aad00000| Complete 
| 686|0x00000000aae00000, 0x00000000aaf00000, 0x00000000aaf00000|100%| E|CS|TAMS 0x00000000aae00000| PB 0x00000000aae00000| Complete 
| 687|0x00000000aaf00000, 0x00000000ab000000, 0x00000000ab000000|100%| E|CS|TAMS 0x00000000aaf00000| PB 0x00000000aaf00000| Complete 
| 688|0x00000000ab000000, 0x00000000ab100000, 0x00000000ab100000|100%| E|CS|TAMS 0x00000000ab000000| PB 0x00000000ab000000| Complete 
| 689|0x00000000ab100000, 0x00000000ab200000, 0x00000000ab200000|100%| E|CS|TAMS 0x00000000ab100000| PB 0x00000000ab100000| Complete 
| 690|0x00000000ab200000, 0x00000000ab300000, 0x00000000ab300000|100%| E|CS|TAMS 0x00000000ab200000| PB 0x00000000ab200000| Complete 
| 691|0x00000000ab300000, 0x00000000ab400000, 0x00000000ab400000|100%| E|CS|TAMS 0x00000000ab300000| PB 0x00000000ab300000| Complete 
| 692|0x00000000ab400000, 0x00000000ab500000, 0x00000000ab500000|100%| E|CS|TAMS 0x00000000ab400000| PB 0x00000000ab400000| Complete 
| 693|0x00000000ab500000, 0x00000000ab600000, 0x00000000ab600000|100%| E|CS|TAMS 0x00000000ab500000| PB 0x00000000ab500000| Complete 
| 694|0x00000000ab600000, 0x00000000ab700000, 0x00000000ab700000|100%| E|CS|TAMS 0x00000000ab600000| PB 0x00000000ab600000| Complete 
| 695|0x00000000ab700000, 0x00000000ab800000, 0x00000000ab800000|100%| E|CS|TAMS 0x00000000ab700000| PB 0x00000000ab700000| Complete 
| 696|0x00000000ab800000, 0x00000000ab900000, 0x00000000ab900000|100%| E|CS|TAMS 0x00000000ab800000| PB 0x00000000ab800000| Complete 
| 697|0x00000000ab900000, 0x00000000aba00000, 0x00000000aba00000|100%| E|CS|TAMS 0x00000000ab900000| PB 0x00000000ab900000| Complete 
| 698|0x00000000aba00000, 0x00000000abb00000, 0x00000000abb00000|100%| E|CS|TAMS 0x00000000aba00000| PB 0x00000000aba00000| Complete 
| 699|0x00000000abb00000, 0x00000000abc00000, 0x00000000abc00000|100%| E|CS|TAMS 0x00000000abb00000| PB 0x00000000abb00000| Complete 
| 700|0x00000000abc00000, 0x00000000abd00000, 0x00000000abd00000|100%| E|CS|TAMS 0x00000000abc00000| PB 0x00000000abc00000| Complete 
| 701|0x00000000abd00000, 0x00000000abe00000, 0x00000000abe00000|100%| E|CS|TAMS 0x00000000abd00000| PB 0x00000000abd00000| Complete 
| 702|0x00000000abe00000, 0x00000000abf00000, 0x00000000abf00000|100%| E|CS|TAMS 0x00000000abe00000| PB 0x00000000abe00000| Complete 
| 703|0x00000000abf00000, 0x00000000ac000000, 0x00000000ac000000|100%| E|CS|TAMS 0x00000000abf00000| PB 0x00000000abf00000| Complete 
| 704|0x00000000ac000000, 0x00000000ac100000, 0x00000000ac100000|100%| E|CS|TAMS 0x00000000ac000000| PB 0x00000000ac000000| Complete 
| 705|0x00000000ac100000, 0x00000000ac200000, 0x00000000ac200000|100%| E|CS|TAMS 0x00000000ac100000| PB 0x00000000ac100000| Complete 
| 706|0x00000000ac200000, 0x00000000ac300000, 0x00000000ac300000|100%| E|CS|TAMS 0x00000000ac200000| PB 0x00000000ac200000| Complete 
| 707|0x00000000ac300000, 0x00000000ac400000, 0x00000000ac400000|100%| E|CS|TAMS 0x00000000ac300000| PB 0x00000000ac300000| Complete 
| 708|0x00000000ac400000, 0x00000000ac500000, 0x00000000ac500000|100%| E|CS|TAMS 0x00000000ac400000| PB 0x00000000ac400000| Complete 
| 709|0x00000000ac500000, 0x00000000ac600000, 0x00000000ac600000|100%| E|CS|TAMS 0x00000000ac500000| PB 0x00000000ac500000| Complete 
| 710|0x00000000ac600000, 0x00000000ac700000, 0x00000000ac700000|100%| E|CS|TAMS 0x00000000ac600000| PB 0x00000000ac600000| Complete 
| 711|0x00000000ac700000, 0x00000000ac800000, 0x00000000ac800000|100%| E|CS|TAMS 0x00000000ac700000| PB 0x00000000ac700000| Complete 
| 712|0x00000000ac800000, 0x00000000ac900000, 0x00000000ac900000|100%| E|CS|TAMS 0x00000000ac800000| PB 0x00000000ac800000| Complete 
| 713|0x00000000ac900000, 0x00000000aca00000, 0x00000000aca00000|100%| E|CS|TAMS 0x00000000ac900000| PB 0x00000000ac900000| Complete 
| 714|0x00000000aca00000, 0x00000000acb00000, 0x00000000acb00000|100%| E|CS|TAMS 0x00000000aca00000| PB 0x00000000aca00000| Complete 
| 715|0x00000000acb00000, 0x00000000acc00000, 0x00000000acc00000|100%| E|CS|TAMS 0x00000000acb00000| PB 0x00000000acb00000| Complete 
| 716|0x00000000acc00000, 0x00000000acd00000, 0x00000000acd00000|100%| E|CS|TAMS 0x00000000acc00000| PB 0x00000000acc00000| Complete 
| 717|0x00000000acd00000, 0x00000000ace00000, 0x00000000ace00000|100%| E|CS|TAMS 0x00000000acd00000| PB 0x00000000acd00000| Complete 
| 718|0x00000000ace00000, 0x00000000acf00000, 0x00000000acf00000|100%| E|CS|TAMS 0x00000000ace00000| PB 0x00000000ace00000| Complete 
| 719|0x00000000acf00000, 0x00000000ad000000, 0x00000000ad000000|100%| E|CS|TAMS 0x00000000acf00000| PB 0x00000000acf00000| Complete 
| 720|0x00000000ad000000, 0x00000000ad100000, 0x00000000ad100000|100%| E|CS|TAMS 0x00000000ad000000| PB 0x00000000ad000000| Complete 
| 721|0x00000000ad100000, 0x00000000ad200000, 0x00000000ad200000|100%| E|CS|TAMS 0x00000000ad100000| PB 0x00000000ad100000| Complete 
| 722|0x00000000ad200000, 0x00000000ad300000, 0x00000000ad300000|100%| E|CS|TAMS 0x00000000ad200000| PB 0x00000000ad200000| Complete 
| 723|0x00000000ad300000, 0x00000000ad400000, 0x00000000ad400000|100%| E|CS|TAMS 0x00000000ad300000| PB 0x00000000ad300000| Complete 
| 724|0x00000000ad400000, 0x00000000ad500000, 0x00000000ad500000|100%| E|CS|TAMS 0x00000000ad400000| PB 0x00000000ad400000| Complete 
| 725|0x00000000ad500000, 0x00000000ad600000, 0x00000000ad600000|100%| E|CS|TAMS 0x00000000ad500000| PB 0x00000000ad500000| Complete 
| 726|0x00000000ad600000, 0x00000000ad700000, 0x00000000ad700000|100%| E|CS|TAMS 0x00000000ad600000| PB 0x00000000ad600000| Complete 
| 727|0x00000000ad700000, 0x00000000ad800000, 0x00000000ad800000|100%| E|CS|TAMS 0x00000000ad700000| PB 0x00000000ad700000| Complete 
| 728|0x00000000ad800000, 0x00000000ad900000, 0x00000000ad900000|100%| E|CS|TAMS 0x00000000ad800000| PB 0x00000000ad800000| Complete 
| 729|0x00000000ad900000, 0x00000000ada00000, 0x00000000ada00000|100%| E|CS|TAMS 0x00000000ad900000| PB 0x00000000ad900000| Complete 
| 730|0x00000000ada00000, 0x00000000adb00000, 0x00000000adb00000|100%| E|CS|TAMS 0x00000000ada00000| PB 0x00000000ada00000| Complete 
| 731|0x00000000adb00000, 0x00000000adc00000, 0x00000000adc00000|100%| E|CS|TAMS 0x00000000adb00000| PB 0x00000000adb00000| Complete 
| 732|0x00000000adc00000, 0x00000000add00000, 0x00000000add00000|100%| E|CS|TAMS 0x00000000adc00000| PB 0x00000000adc00000| Complete 
| 733|0x00000000add00000, 0x00000000ade00000, 0x00000000ade00000|100%| E|CS|TAMS 0x00000000add00000| PB 0x00000000add00000| Complete 
| 734|0x00000000ade00000, 0x00000000adf00000, 0x00000000adf00000|100%| E|CS|TAMS 0x00000000ade00000| PB 0x00000000ade00000| Complete 
| 735|0x00000000adf00000, 0x00000000ae000000, 0x00000000ae000000|100%| E|CS|TAMS 0x00000000adf00000| PB 0x00000000adf00000| Complete 
| 736|0x00000000ae000000, 0x00000000ae100000, 0x00000000ae100000|100%| E|CS|TAMS 0x00000000ae000000| PB 0x00000000ae000000| Complete 
| 737|0x00000000ae100000, 0x00000000ae200000, 0x00000000ae200000|100%| E|CS|TAMS 0x00000000ae100000| PB 0x00000000ae100000| Complete 
| 738|0x00000000ae200000, 0x00000000ae300000, 0x00000000ae300000|100%| E|CS|TAMS 0x00000000ae200000| PB 0x00000000ae200000| Complete 
| 739|0x00000000ae300000, 0x00000000ae400000, 0x00000000ae400000|100%| E|CS|TAMS 0x00000000ae300000| PB 0x00000000ae300000| Complete 
| 740|0x00000000ae400000, 0x00000000ae500000, 0x00000000ae500000|100%| E|CS|TAMS 0x00000000ae400000| PB 0x00000000ae400000| Complete 
| 741|0x00000000ae500000, 0x00000000ae600000, 0x00000000ae600000|100%| E|CS|TAMS 0x00000000ae500000| PB 0x00000000ae500000| Complete 
| 742|0x00000000ae600000, 0x00000000ae700000, 0x00000000ae700000|100%| E|CS|TAMS 0x00000000ae600000| PB 0x00000000ae600000| Complete 
| 743|0x00000000ae700000, 0x00000000ae800000, 0x00000000ae800000|100%| E|CS|TAMS 0x00000000ae700000| PB 0x00000000ae700000| Complete 
| 744|0x00000000ae800000, 0x00000000ae900000, 0x00000000ae900000|100%| E|CS|TAMS 0x00000000ae800000| PB 0x00000000ae800000| Complete 
| 745|0x00000000ae900000, 0x00000000aea00000, 0x00000000aea00000|100%| E|CS|TAMS 0x00000000ae900000| PB 0x00000000ae900000| Complete 
| 746|0x00000000aea00000, 0x00000000aeb00000, 0x00000000aeb00000|100%| E|CS|TAMS 0x00000000aea00000| PB 0x00000000aea00000| Complete 
| 747|0x00000000aeb00000, 0x00000000aec00000, 0x00000000aec00000|100%| E|CS|TAMS 0x00000000aeb00000| PB 0x00000000aeb00000| Complete 
| 748|0x00000000aec00000, 0x00000000aed00000, 0x00000000aed00000|100%| E|CS|TAMS 0x00000000aec00000| PB 0x00000000aec00000| Complete 
| 749|0x00000000aed00000, 0x00000000aee00000, 0x00000000aee00000|100%| E|CS|TAMS 0x00000000aed00000| PB 0x00000000aed00000| Complete 
| 750|0x00000000aee00000, 0x00000000aef00000, 0x00000000aef00000|100%| E|CS|TAMS 0x00000000aee00000| PB 0x00000000aee00000| Complete 
| 751|0x00000000aef00000, 0x00000000af000000, 0x00000000af000000|100%| E|CS|TAMS 0x00000000aef00000| PB 0x00000000aef00000| Complete 
| 752|0x00000000af000000, 0x00000000af100000, 0x00000000af100000|100%| E|CS|TAMS 0x00000000af000000| PB 0x00000000af000000| Complete 
| 753|0x00000000af100000, 0x00000000af200000, 0x00000000af200000|100%| E|CS|TAMS 0x00000000af100000| PB 0x00000000af100000| Complete 
| 754|0x00000000af200000, 0x00000000af300000, 0x00000000af300000|100%| E|CS|TAMS 0x00000000af200000| PB 0x00000000af200000| Complete 
| 755|0x00000000af300000, 0x00000000af400000, 0x00000000af400000|100%| E|CS|TAMS 0x00000000af300000| PB 0x00000000af300000| Complete 
| 756|0x00000000af400000, 0x00000000af500000, 0x00000000af500000|100%| E|CS|TAMS 0x00000000af400000| PB 0x00000000af400000| Complete 
| 757|0x00000000af500000, 0x00000000af600000, 0x00000000af600000|100%| E|CS|TAMS 0x00000000af500000| PB 0x00000000af500000| Complete 
| 758|0x00000000af600000, 0x00000000af700000, 0x00000000af700000|100%| E|CS|TAMS 0x00000000af600000| PB 0x00000000af600000| Complete 
| 759|0x00000000af700000, 0x00000000af800000, 0x00000000af800000|100%| E|CS|TAMS 0x00000000af700000| PB 0x00000000af700000| Complete 
| 760|0x00000000af800000, 0x00000000af900000, 0x00000000af900000|100%| E|CS|TAMS 0x00000000af800000| PB 0x00000000af800000| Complete 
| 761|0x00000000af900000, 0x00000000afa00000, 0x00000000afa00000|100%| E|CS|TAMS 0x00000000af900000| PB 0x00000000af900000| Complete 
| 762|0x00000000afa00000, 0x00000000afb00000, 0x00000000afb00000|100%| E|CS|TAMS 0x00000000afa00000| PB 0x00000000afa00000| Complete 
| 763|0x00000000afb00000, 0x00000000afc00000, 0x00000000afc00000|100%| E|CS|TAMS 0x00000000afb00000| PB 0x00000000afb00000| Complete 
| 764|0x00000000afc00000, 0x00000000afd00000, 0x00000000afd00000|100%| E|CS|TAMS 0x00000000afc00000| PB 0x00000000afc00000| Complete 
| 765|0x00000000afd00000, 0x00000000afe00000, 0x00000000afe00000|100%| E|CS|TAMS 0x00000000afd00000| PB 0x00000000afd00000| Complete 
| 766|0x00000000afe00000, 0x00000000aff00000, 0x00000000aff00000|100%| E|CS|TAMS 0x00000000afe00000| PB 0x00000000afe00000| Complete 
| 767|0x00000000aff00000, 0x00000000b0000000, 0x00000000b0000000|100%| E|CS|TAMS 0x00000000aff00000| PB 0x00000000aff00000| Complete 
| 768|0x00000000b0000000, 0x00000000b0100000, 0x00000000b0100000|100%| E|CS|TAMS 0x00000000b0000000| PB 0x00000000b0000000| Complete 
| 769|0x00000000b0100000, 0x00000000b0200000, 0x00000000b0200000|100%| E|CS|TAMS 0x00000000b0100000| PB 0x00000000b0100000| Complete 
|1991|0x00000000fc700000, 0x00000000fc800000, 0x00000000fc800000|100%| E|CS|TAMS 0x00000000fc700000| PB 0x00000000fc700000| Complete 
|1992|0x00000000fc800000, 0x00000000fc900000, 0x00000000fc900000|100%| E|CS|TAMS 0x00000000fc800000| PB 0x00000000fc800000| Complete 
|1993|0x00000000fc900000, 0x00000000fca00000, 0x00000000fca00000|100%| E|CS|TAMS 0x00000000fc900000| PB 0x00000000fc900000| Complete 
|1994|0x00000000fca00000, 0x00000000fcb00000, 0x00000000fcb00000|100%| E|CS|TAMS 0x00000000fca00000| PB 0x00000000fca00000| Complete 
|1995|0x00000000fcb00000, 0x00000000fcc00000, 0x00000000fcc00000|100%| E|CS|TAMS 0x00000000fcb00000| PB 0x00000000fcb00000| Complete 
|1996|0x00000000fcc00000, 0x00000000fcd00000, 0x00000000fcd00000|100%| E|CS|TAMS 0x00000000fcc00000| PB 0x00000000fcc00000| Complete 
|1997|0x00000000fcd00000, 0x00000000fce00000, 0x00000000fce00000|100%| E|CS|TAMS 0x00000000fcd00000| PB 0x00000000fcd00000| Complete 
|1998|0x00000000fce00000, 0x00000000fcf00000, 0x00000000fcf00000|100%| E|CS|TAMS 0x00000000fce00000| PB 0x00000000fce00000| Complete 
|1999|0x00000000fcf00000, 0x00000000fd000000, 0x00000000fd000000|100%| E|CS|TAMS 0x00000000fcf00000| PB 0x00000000fcf00000| Complete 
|2000|0x00000000fd000000, 0x00000000fd100000, 0x00000000fd100000|100%| E|CS|TAMS 0x00000000fd000000| PB 0x00000000fd000000| Complete 
|2001|0x00000000fd100000, 0x00000000fd200000, 0x00000000fd200000|100%| E|CS|TAMS 0x00000000fd100000| PB 0x00000000fd100000| Complete 
|2002|0x00000000fd200000, 0x00000000fd300000, 0x00000000fd300000|100%| E|CS|TAMS 0x00000000fd200000| PB 0x00000000fd200000| Complete 
|2003|0x00000000fd300000, 0x00000000fd400000, 0x00000000fd400000|100%| O|  |TAMS 0x00000000fd300000| PB 0x00000000fd300000| Untracked 
|2004|0x00000000fd400000, 0x00000000fd500000, 0x00000000fd500000|100%| O|  |TAMS 0x00000000fd400000| PB 0x00000000fd400000| Untracked 
|2005|0x00000000fd500000, 0x00000000fd600000, 0x00000000fd600000|100%| E|CS|TAMS 0x00000000fd500000| PB 0x00000000fd500000| Complete 
|2006|0x00000000fd600000, 0x00000000fd700000, 0x00000000fd700000|100%| E|CS|TAMS 0x00000000fd600000| PB 0x00000000fd600000| Complete 
|2007|0x00000000fd700000, 0x00000000fd800000, 0x00000000fd800000|100%| E|CS|TAMS 0x00000000fd700000| PB 0x00000000fd700000| Complete 
|2008|0x00000000fd800000, 0x00000000fd900000, 0x00000000fd900000|100%| E|CS|TAMS 0x00000000fd800000| PB 0x00000000fd800000| Complete 
|2009|0x00000000fd900000, 0x00000000fda00000, 0x00000000fda00000|100%| E|CS|TAMS 0x00000000fd900000| PB 0x00000000fd900000| Complete 
|2010|0x00000000fda00000, 0x00000000fdb00000, 0x00000000fdb00000|100%| E|CS|TAMS 0x00000000fda00000| PB 0x00000000fda00000| Complete 
|2011|0x00000000fdb00000, 0x00000000fdc00000, 0x00000000fdc00000|100%| E|CS|TAMS 0x00000000fdb00000| PB 0x00000000fdb00000| Complete 
|2012|0x00000000fdc00000, 0x00000000fdd00000, 0x00000000fdd00000|100%| E|CS|TAMS 0x00000000fdc00000| PB 0x00000000fdc00000| Complete 
|2013|0x00000000fdd00000, 0x00000000fde00000, 0x00000000fde00000|100%| E|CS|TAMS 0x00000000fdd00000| PB 0x00000000fdd00000| Complete 
|2014|0x00000000fde00000, 0x00000000fdf00000, 0x00000000fdf00000|100%| E|CS|TAMS 0x00000000fde00000| PB 0x00000000fde00000| Complete 
|2015|0x00000000fdf00000, 0x00000000fe000000, 0x00000000fe000000|100%| E|CS|TAMS 0x00000000fdf00000| PB 0x00000000fdf00000| Complete 
|2016|0x00000000fe000000, 0x00000000fe100000, 0x00000000fe100000|100%| E|CS|TAMS 0x00000000fe000000| PB 0x00000000fe000000| Complete 
|2017|0x00000000fe100000, 0x00000000fe200000, 0x00000000fe200000|100%| E|CS|TAMS 0x00000000fe100000| PB 0x00000000fe100000| Complete 
|2018|0x00000000fe200000, 0x00000000fe300000, 0x00000000fe300000|100%| E|CS|TAMS 0x00000000fe200000| PB 0x00000000fe200000| Complete 
|2019|0x00000000fe300000, 0x00000000fe400000, 0x00000000fe400000|100%| E|CS|TAMS 0x00000000fe300000| PB 0x00000000fe300000| Complete 
|2020|0x00000000fe400000, 0x00000000fe500000, 0x00000000fe500000|100%| E|CS|TAMS 0x00000000fe400000| PB 0x00000000fe400000| Complete 
|2021|0x00000000fe500000, 0x00000000fe600000, 0x00000000fe600000|100%| E|CS|TAMS 0x00000000fe500000| PB 0x00000000fe500000| Complete 
|2022|0x00000000fe600000, 0x00000000fe700000, 0x00000000fe700000|100%| E|CS|TAMS 0x00000000fe600000| PB 0x00000000fe600000| Complete 
|2023|0x00000000fe700000, 0x00000000fe800000, 0x00000000fe800000|100%| E|CS|TAMS 0x00000000fe700000| PB 0x00000000fe700000| Complete 
|2024|0x00000000fe800000, 0x00000000fe900000, 0x00000000fe900000|100%| O|  |TAMS 0x00000000fe800000| PB 0x00000000fe800000| Untracked 
|2025|0x00000000fe900000, 0x00000000fea00000, 0x00000000fea00000|100%| E|CS|TAMS 0x00000000fe900000| PB 0x00000000fe900000| Complete 
|2026|0x00000000fea00000, 0x00000000feb00000, 0x00000000feb00000|100%| E|CS|TAMS 0x00000000fea00000| PB 0x00000000fea00000| Complete 
|2027|0x00000000feb00000, 0x00000000fec00000, 0x00000000fec00000|100%| E|CS|TAMS 0x00000000feb00000| PB 0x00000000feb00000| Complete 
|2028|0x00000000fec00000, 0x00000000fed00000, 0x00000000fed00000|100%| E|CS|TAMS 0x00000000fec00000| PB 0x00000000fec00000| Complete 
|2029|0x00000000fed00000, 0x00000000fee00000, 0x00000000fee00000|100%| E|CS|TAMS 0x00000000fed00000| PB 0x00000000fed00000| Complete 
|2030|0x00000000fee00000, 0x00000000fef00000, 0x00000000fef00000|100%| E|CS|TAMS 0x00000000fee00000| PB 0x00000000fee00000| Complete 
|2031|0x00000000fef00000, 0x00000000ff000000, 0x00000000ff000000|100%| O|  |TAMS 0x00000000fef00000| PB 0x00000000fef00000| Untracked 
|2032|0x00000000ff000000, 0x00000000ff100000, 0x00000000ff100000|100%| O|  |TAMS 0x00000000ff000000| PB 0x00000000ff000000| Untracked 
|2033|0x00000000ff100000, 0x00000000ff200000, 0x00000000ff200000|100%| O|  |TAMS 0x00000000ff100000| PB 0x00000000ff100000| Untracked 
|2034|0x00000000ff200000, 0x00000000ff300000, 0x00000000ff300000|100%| E|CS|TAMS 0x00000000ff200000| PB 0x00000000ff200000| Complete 
|2035|0x00000000ff300000, 0x00000000ff400000, 0x00000000ff400000|100%| O|  |TAMS 0x00000000ff300000| PB 0x00000000ff300000| Untracked 
|2036|0x00000000ff400000, 0x00000000ff500000, 0x00000000ff500000|100%| O|  |TAMS 0x00000000ff400000| PB 0x00000000ff400000| Untracked 
|2037|0x00000000ff500000, 0x00000000ff600000, 0x00000000ff600000|100%| O|  |TAMS 0x00000000ff500000| PB 0x00000000ff500000| Untracked 
|2038|0x00000000ff600000, 0x00000000ff700000, 0x00000000ff700000|100%| E|CS|TAMS 0x00000000ff600000| PB 0x00000000ff600000| Complete 
|2039|0x00000000ff700000, 0x00000000ff800000, 0x00000000ff800000|100%| E|CS|TAMS 0x00000000ff700000| PB 0x00000000ff700000| Complete 
|2040|0x00000000ff800000, 0x00000000ff900000, 0x00000000ff900000|100%| E|CS|TAMS 0x00000000ff800000| PB 0x00000000ff800000| Complete 
|2041|0x00000000ff900000, 0x00000000ffa00000, 0x00000000ffa00000|100%| O|  |TAMS 0x00000000ff900000| PB 0x00000000ff900000| Untracked 
|2042|0x00000000ffa00000, 0x00000000ffb00000, 0x00000000ffb00000|100%| E|CS|TAMS 0x00000000ffa00000| PB 0x00000000ffa00000| Complete 
|2043|0x00000000ffb00000, 0x00000000ffc00000, 0x00000000ffc00000|100%| O|  |TAMS 0x00000000ffb00000| PB 0x00000000ffb00000| Untracked 
|2044|0x00000000ffc00000, 0x00000000ffd00000, 0x00000000ffd00000|100%| O|  |TAMS 0x00000000ffc00000| PB 0x00000000ffc00000| Untracked 
|2045|0x00000000ffd00000, 0x00000000ffe00000, 0x00000000ffe00000|100%| E|CS|TAMS 0x00000000ffd00000| PB 0x00000000ffd00000| Complete 
|2046|0x00000000ffe00000, 0x00000000fff00000, 0x00000000fff00000|100%| O|  |TAMS 0x00000000ffe00000| PB 0x00000000ffe00000| Untracked 
|2047|0x00000000fff00000, 0x0000000100000000, 0x0000000100000000|100%| E|CS|TAMS 0x00000000fff00000| PB 0x00000000fff00000| Complete 

Card table byte_map: [0x000001ec54490000,0x000001ec54890000] _byte_map_base: 0x000001ec54090000

Marking Bits: (CMBitMap*) 0x000001ec3f76e610
 Bits: [0x000001ec54890000, 0x000001ec56890000)

Polling page: 0x000001ec3fa70000

Metaspace:

Usage:
  Non-class:    231.22 MB used.
      Class:     34.11 MB used.
       Both:    265.33 MB used.

Virtual space:
  Non-class space:      256.00 MB reserved,     232.19 MB ( 91%) committed,  4 nodes.
      Class space:        1.00 GB reserved,      35.00 MB (  3%) committed,  1 nodes.
             Both:        1.25 GB reserved,     267.19 MB ( 21%) committed. 

Chunk freelists:
   Non-Class:  7.66 MB
       Class:  12.98 MB
        Both:  20.64 MB

MaxMetaspaceSize: unlimited
CompressedClassSpaceSize: 1.00 GB
Initial GC threshold: 21.00 MB
Current GC threshold: 441.81 MB
CDS: off
 - commit_granule_bytes: 65536.
 - commit_granule_words: 8192.
 - virtual_space_node_default_size: 8388608.
 - enlarge_chunks_in_place: 1.
 - use_allocation_guard: 0.


Internal statistics:

num_allocs_failed_limit: 6.
num_arena_births: 5932.
num_arena_deaths: 2280.
num_vsnodes_births: 5.
num_vsnodes_deaths: 0.
num_space_committed: 4266.
num_space_uncommitted: 0.
num_chunks_returned_to_freelist: 2618.
num_chunks_taken_from_freelist: 18021.
num_chunk_merges: 934.
num_chunk_splits: 11650.
num_chunks_enlarged: 8123.
num_inconsistent_stats: 0.

CodeHeap 'non-profiled nmethods': size=120000Kb used=14864Kb max_used=21985Kb free=105135Kb
 bounds [0x000001ec4bec0000, 0x000001ec4d440000, 0x000001ec533f0000]
CodeHeap 'profiled nmethods': size=120000Kb used=18851Kb max_used=48812Kb free=101148Kb
 bounds [0x000001ec443f0000, 0x000001ec473c0000, 0x000001ec4b920000]
CodeHeap 'non-nmethods': size=5760Kb used=2506Kb max_used=2597Kb free=3253Kb
 bounds [0x000001ec4b920000, 0x000001ec4bbc0000, 0x000001ec4bec0000]
CodeCache: size=245760Kb, used=36221Kb, max_used=73394Kb, free=209536Kb
 total_blobs=12621, nmethods=11312, adapters=1210, full_count=0
Compilation: enabled, stopped_count=0, restarted_count=0

Compilation events (20 events):
Event: 1913.461 Thread 0x000001ec597b68a0 57228  s    2       java.util.Vector::removeAllElements (43 bytes)
Event: 1913.461 Thread 0x000001ec597b68a0 nmethod 57228 0x000001ec44a99510 code [0x000001ec44a996c0, 0x000001ec44a99958]
Event: 1913.461 Thread 0x000001ec597b68a0 57229   !   2       com.sun.org.apache.xerces.internal.impl.XMLEntityManager::expandSystemId (296 bytes)
Event: 1913.463 Thread 0x000001ec597b68a0 nmethod 57229 0x000001ec44a97910 code [0x000001ec44a97cc0, 0x000001ec44a989f8]
Event: 1913.463 Thread 0x000001ec597b68a0 57231       2       java.util.ArrayList::replaceAllRange (71 bytes)
Event: 1913.463 Thread 0x000001ec597b68a0 nmethod 57231 0x000001ec454f3f90 code [0x000001ec454f4180, 0x000001ec454f45e0]
Event: 1913.463 Thread 0x000001ec597b68a0 57230       2       java.util.ArrayList::replaceAll (21 bytes)
Event: 1913.463 Thread 0x000001ec597b68a0 nmethod 57230 0x000001ec454f3c10 code [0x000001ec454f3dc0, 0x000001ec454f3f00]
Event: 1913.463 Thread 0x000001ec597b68a0 57232       2       com.android.tools.r8.dex.V$$Lambda/0x00000001023035e8::<init> (15 bytes)
Event: 1913.464 Thread 0x000001ec597b68a0 nmethod 57232 0x000001ec454f3810 code [0x000001ec454f39c0, 0x000001ec454f3b70]
Event: 1913.464 Thread 0x000001ec597b68a0 57234       2       java.lang.invoke.LambdaForm$Name::initIndex (26 bytes)
Event: 1913.464 Thread 0x000001ec597b68a0 nmethod 57234 0x000001ec454f3490 code [0x000001ec454f3640, 0x000001ec454f3790]
Event: 1913.464 Thread 0x000001ec597b68a0 57235       2       java.util.LinkedList::toArray (81 bytes)
Event: 1913.464 Thread 0x000001ec597b68a0 nmethod 57235 0x000001ec454f2c90 code [0x000001ec454f2e60, 0x000001ec454f3200]
Event: 1913.465 Thread 0x000001ec597b68a0 57237       2       com.sun.org.apache.xerces.internal.util.XMLAttributesImpl::<init> (58 bytes)
Event: 1913.466 Thread 0x000001ec597b68a0 nmethod 57237 0x000001ec454f2190 code [0x000001ec454f2360, 0x000001ec454f2a70]
Event: 1913.466 Thread 0x000001ec597b68a0 57238       2       com.android.aaptcompiler.XmlProcessor::getPrimaryFile (17 bytes)
Event: 1913.466 Thread 0x000001ec597b68a0 nmethod 57238 0x000001ec454f1810 code [0x000001ec454f1a40, 0x000001ec454f1e98]
Event: 1913.467 Thread 0x000001ec597b68a0 57240       2       android.aapt.pb.internal.ResourcesInternal$CompiledFile::getConfig (18 bytes)
Event: 1913.467 Thread 0x000001ec597b68a0 nmethod 57240 0x000001ec454f1490 code [0x000001ec454f1620, 0x000001ec454f1738]

GC Heap History (20 events):
Event: 1904.346 GC heap before
{Heap before GC invocations=175 (full 0):
 garbage-first heap   total 846848K, used 775331K [0x0000000080000000, 0x0000000100000000)
  region size 1024K, 460 young (471040K), 24 survivors (24576K)
 Metaspace       used 269368K, committed 271296K, reserved 1310720K
  class space    used 34614K, committed 35520K, reserved 1048576K
}
Event: 1904.360 GC heap after
{Heap after GC invocations=176 (full 0):
 garbage-first heap   total 846848K, used 331939K [0x0000000080000000, 0x0000000100000000)
  region size 1024K, 27 young (27648K), 27 survivors (27648K)
 Metaspace       used 269368K, committed 271296K, reserved 1310720K
  class space    used 34614K, committed 35520K, reserved 1048576K
}
Event: 1904.758 GC heap before
{Heap before GC invocations=177 (full 0):
 garbage-first heap   total 846848K, used 783523K [0x0000000080000000, 0x0000000100000000)
  region size 1024K, 470 young (481280K), 27 survivors (27648K)
 Metaspace       used 269383K, committed 271296K, reserved 1310720K
  class space    used 34617K, committed 35520K, reserved 1048576K
}
Event: 1904.773 GC heap after
{Heap after GC invocations=178 (full 0):
 garbage-first heap   total 846848K, used 331939K [0x0000000080000000, 0x0000000100000000)
  region size 1024K, 28 young (28672K), 28 survivors (28672K)
 Metaspace       used 269383K, committed 271296K, reserved 1310720K
  class space    used 34617K, committed 35520K, reserved 1048576K
}
Event: 1905.091 GC heap before
{Heap before GC invocations=178 (full 0):
 garbage-first heap   total 846848K, used 794787K [0x0000000080000000, 0x0000000100000000)
  region size 1024K, 481 young (492544K), 28 survivors (28672K)
 Metaspace       used 269395K, committed 271296K, reserved 1310720K
  class space    used 34618K, committed 35520K, reserved 1048576K
}
Event: 1905.108 GC heap after
{Heap after GC invocations=179 (full 0):
 garbage-first heap   total 846848K, used 322408K [0x0000000080000000, 0x0000000100000000)
  region size 1024K, 29 young (29696K), 29 survivors (29696K)
 Metaspace       used 269395K, committed 271296K, reserved 1310720K
  class space    used 34618K, committed 35520K, reserved 1048576K
}
Event: 1905.440 GC heap before
{Heap before GC invocations=179 (full 0):
 garbage-first heap   total 846848K, used 799592K [0x0000000080000000, 0x0000000100000000)
  region size 1024K, 496 young (507904K), 29 survivors (29696K)
 Metaspace       used 269405K, committed 271296K, reserved 1310720K
  class space    used 34621K, committed 35520K, reserved 1048576K
}
Event: 1905.456 GC heap after
{Heap after GC invocations=180 (full 0):
 garbage-first heap   total 846848K, used 322920K [0x0000000080000000, 0x0000000100000000)
  region size 1024K, 30 young (30720K), 30 survivors (30720K)
 Metaspace       used 269405K, committed 271296K, reserved 1310720K
  class space    used 34621K, committed 35520K, reserved 1048576K
}
Event: 1905.863 GC heap before
{Heap before GC invocations=181 (full 0):
 garbage-first heap   total 846848K, used 799080K [0x0000000080000000, 0x0000000100000000)
  region size 1024K, 496 young (507904K), 30 survivors (30720K)
 Metaspace       used 269412K, committed 271296K, reserved 1310720K
  class space    used 34621K, committed 35520K, reserved 1048576K
}
Event: 1905.877 GC heap after
{Heap after GC invocations=182 (full 0):
 garbage-first heap   total 846848K, used 321896K [0x0000000080000000, 0x0000000100000000)
  region size 1024K, 29 young (29696K), 29 survivors (29696K)
 Metaspace       used 269412K, committed 271296K, reserved 1310720K
  class space    used 34621K, committed 35520K, reserved 1048576K
}
Event: 1906.259 GC heap before
{Heap before GC invocations=182 (full 0):
 garbage-first heap   total 846848K, used 801128K [0x0000000080000000, 0x0000000100000000)
  region size 1024K, 496 young (507904K), 29 survivors (29696K)
 Metaspace       used 269429K, committed 271296K, reserved 1310720K
  class space    used 34621K, committed 35520K, reserved 1048576K
}
Event: 1906.280 GC heap after
{Heap after GC invocations=183 (full 0):
 garbage-first heap   total 846848K, used 312238K [0x0000000080000000, 0x0000000100000000)
  region size 1024K, 27 young (27648K), 27 survivors (27648K)
 Metaspace       used 269429K, committed 271296K, reserved 1310720K
  class space    used 34621K, committed 35520K, reserved 1048576K
}
Event: 1906.688 GC heap before
{Heap before GC invocations=183 (full 0):
 garbage-first heap   total 846848K, used 792494K [0x0000000080000000, 0x0000000100000000)
  region size 1024K, 496 young (507904K), 27 survivors (27648K)
 Metaspace       used 269431K, committed 271296K, reserved 1310720K
  class space    used 34621K, committed 35520K, reserved 1048576K
}
Event: 1906.703 GC heap after
{Heap after GC invocations=184 (full 0):
 garbage-first heap   total 846848K, used 314798K [0x0000000080000000, 0x0000000100000000)
  region size 1024K, 30 young (30720K), 30 survivors (30720K)
 Metaspace       used 269431K, committed 271296K, reserved 1310720K
  class space    used 34621K, committed 35520K, reserved 1048576K
}
Event: 1907.409 GC heap before
{Heap before GC invocations=185 (full 0):
 garbage-first heap   total 846848K, used 799150K [0x0000000080000000, 0x0000000100000000)
  region size 1024K, 496 young (507904K), 30 survivors (30720K)
 Metaspace       used 269463K, committed 271360K, reserved 1310720K
  class space    used 34621K, committed 35520K, reserved 1048576K
}
Event: 1907.423 GC heap after
{Heap after GC invocations=186 (full 0):
 garbage-first heap   total 846848K, used 307118K [0x0000000080000000, 0x0000000100000000)
  region size 1024K, 22 young (22528K), 22 survivors (22528K)
 Metaspace       used 269463K, committed 271360K, reserved 1310720K
  class space    used 34621K, committed 35520K, reserved 1048576K
}
Event: 1908.557 GC heap before
{Heap before GC invocations=186 (full 0):
 garbage-first heap   total 846848K, used 792494K [0x0000000080000000, 0x0000000100000000)
  region size 1024K, 496 young (507904K), 22 survivors (22528K)
 Metaspace       used 269470K, committed 271360K, reserved 1310720K
  class space    used 34621K, committed 35520K, reserved 1048576K
}
Event: 1908.574 GC heap after
{Heap after GC invocations=187 (full 0):
 garbage-first heap   total 846848K, used 295571K [0x0000000080000000, 0x0000000100000000)
  region size 1024K, 21 young (21504K), 21 survivors (21504K)
 Metaspace       used 269470K, committed 271360K, reserved 1310720K
  class space    used 34621K, committed 35520K, reserved 1048576K
}
Event: 1909.571 GC heap before
{Heap before GC invocations=187 (full 0):
 garbage-first heap   total 846848K, used 571027K [0x0000000080000000, 0x0000000100000000)
  region size 1024K, 292 young (299008K), 21 survivors (21504K)
 Metaspace       used 269512K, committed 271424K, reserved 1310720K
  class space    used 34627K, committed 35520K, reserved 1048576K
}
Event: 1909.586 GC heap after
{Heap after GC invocations=188 (full 0):
 garbage-first heap   total 846848K, used 300632K [0x0000000080000000, 0x0000000100000000)
  region size 1024K, 26 young (26624K), 26 survivors (26624K)
 Metaspace       used 269512K, committed 271424K, reserved 1310720K
  class space    used 34627K, committed 35520K, reserved 1048576K
}

Dll operation events (3 events):
Event: 0.119 Loaded shared library D:\Android Internship Project\jbr\bin\java.dll
Event: 0.153 Loaded shared library D:\Android Internship Project\jbr\bin\zip.dll
Event: 0.765 Loaded shared library D:\Android Internship Project\jbr\bin\verify.dll

Deoptimization events (20 events):
Event: 1913.241 Thread 0x000001ec6cc95bf0 DEOPT PACKING pc=0x000001ec4c8bcdb0 sp=0x0000009775bfe7d0
Event: 1913.241 Thread 0x000001ec6cc95bf0 DEOPT UNPACKING pc=0x000001ec4b9743a2 sp=0x0000009775bfe778 mode 2
Event: 1913.241 Thread 0x000001ec6cc95bf0 Uncommon trap: trap_request=0xffffffc6 fr.pc=0x000001ec4c8bcdb0 relative=0x00000000000001d0
Event: 1913.241 Thread 0x000001ec6cc95bf0 Uncommon trap: reason=bimorphic_or_optimized_type_check action=maybe_recompile pc=0x000001ec4c8bcdb0 method=com.android.tools.r8.utils.structural.s.a(Lcom/android/tools/r8/utils/structural/s;)Z @ 2 c2
Event: 1913.241 Thread 0x000001ec6cc95bf0 DEOPT PACKING pc=0x000001ec4c8bcdb0 sp=0x0000009775bfe7d0
Event: 1913.247 Thread 0x000001ec6cc95bf0 DEOPT UNPACKING pc=0x000001ec4b9743a2 sp=0x0000009775bfe778 mode 2
Event: 1913.247 Thread 0x000001ec6cc95bf0 Uncommon trap: trap_request=0xffffffc6 fr.pc=0x000001ec4c8bcdb0 relative=0x00000000000001d0
Event: 1913.247 Thread 0x000001ec6cc95bf0 Uncommon trap: reason=bimorphic_or_optimized_type_check action=maybe_recompile pc=0x000001ec4c8bcdb0 method=com.android.tools.r8.utils.structural.s.a(Lcom/android/tools/r8/utils/structural/s;)Z @ 2 c2
Event: 1913.247 Thread 0x000001ec6cc95bf0 DEOPT PACKING pc=0x000001ec4c8bcdb0 sp=0x0000009775bfe7d0
Event: 1913.247 Thread 0x000001ec6cc95bf0 DEOPT UNPACKING pc=0x000001ec4b9743a2 sp=0x0000009775bfe778 mode 2
Event: 1913.288 Thread 0x000001ec69a0bb40 DEOPT PACKING pc=0x000001ec45b6b1e1 sp=0x000000976ccfb0b0
Event: 1913.289 Thread 0x000001ec69a0bb40 DEOPT UNPACKING pc=0x000001ec4b974b42 sp=0x000000976ccfa568 mode 0
Event: 1913.313 Thread 0x000001ec69a0bb40 DEOPT PACKING pc=0x000001ec45625cd6 sp=0x000000976ccfabe0
Event: 1913.313 Thread 0x000001ec69a0bb40 DEOPT UNPACKING pc=0x000001ec4b974b42 sp=0x000000976ccfa0f0 mode 0
Event: 1913.338 Thread 0x000001ec69a0ae20 DEOPT PACKING pc=0x000001ec444ed055 sp=0x000000976cdfaf80
Event: 1913.338 Thread 0x000001ec69a0ae20 DEOPT UNPACKING pc=0x000001ec4b974b42 sp=0x000000976cdfa448 mode 0
Event: 1913.425 Thread 0x000001ec6cc95bf0 Uncommon trap: trap_request=0xffffffc6 fr.pc=0x000001ec4c8bcdb0 relative=0x00000000000001d0
Event: 1913.425 Thread 0x000001ec6cc95bf0 Uncommon trap: reason=bimorphic_or_optimized_type_check action=maybe_recompile pc=0x000001ec4c8bcdb0 method=com.android.tools.r8.utils.structural.s.a(Lcom/android/tools/r8/utils/structural/s;)Z @ 2 c2
Event: 1913.426 Thread 0x000001ec6cc95bf0 DEOPT PACKING pc=0x000001ec4c8bcdb0 sp=0x0000009775bfe7d0
Event: 1913.426 Thread 0x000001ec6cc95bf0 DEOPT UNPACKING pc=0x000001ec4b9743a2 sp=0x0000009775bfe778 mode 2

Classes loaded (20 events):
Event: 1910.392 Loading class java/nio/BufferUnderflowException
Event: 1910.393 Loading class java/nio/BufferUnderflowException done
Event: 1911.044 Loading class java/util/concurrent/ForkJoinTask$AdaptedInterruptibleRunnable
Event: 1911.046 Loading class java/util/concurrent/ForkJoinTask$InterruptibleTask
Event: 1911.047 Loading class java/util/concurrent/ForkJoinTask$InterruptibleTask done
Event: 1911.047 Loading class java/util/concurrent/ForkJoinTask$AdaptedInterruptibleRunnable done
Event: 1911.048 Loading class java/util/concurrent/ForkJoinPool$DefaultForkJoinWorkerThreadFactory$1
Event: 1911.050 Loading class java/util/concurrent/ForkJoinPool$DefaultForkJoinWorkerThreadFactory$1 done
Event: 1911.051 Loading class java/util/concurrent/CountedCompleter
Event: 1911.054 Loading class java/util/concurrent/CountedCompleter done
Event: 1911.067 Loading class java/nio/HeapShortBuffer
Event: 1911.078 Loading class java/nio/HeapShortBuffer done
Event: 1911.415 Loading class java/util/concurrent/ForkJoinTask$AdaptedInterruptibleCallable
Event: 1911.417 Loading class java/util/concurrent/ForkJoinTask$AdaptedInterruptibleCallable done
Event: 1913.246 Loading class java/util/concurrent/Executors$DelegatedScheduledExecutorService
Event: 1913.247 Loading class java/util/concurrent/Executors$DelegatedScheduledExecutorService done
Event: 1913.261 Loading class java/lang/ProcessImpl
Event: 1913.294 Loading class java/lang/ProcessImpl done
Event: 1913.465 Loading class java/lang/ProcessHandleImpl
Event: 1913.467 Loading class java/lang/ProcessHandleImpl done

Classes unloaded (20 events):
Event: 1889.869 Thread 0x000001ec595a78b0 Unloading class 0x0000000101e73000 'KotlinCoroutineJvmDebugArgumentsProvider$_asArguments_closure1'
Event: 1889.869 Thread 0x000001ec595a78b0 Unloading class 0x00000001005e8400 'KotlinCoroutineJvmDebugArgumentsProvider'
Event: 1889.869 Thread 0x000001ec595a78b0 Unloading class 0x0000000100618400 'Properties'
Event: 1892.214 Thread 0x000001ec595a78b0 Unloading class 0x00000001020a4c00 'java/lang/invoke/LambdaForm$DMH+0x00000001020a4c00'
Event: 1892.214 Thread 0x000001ec595a78b0 Unloading class 0x00000001020a4800 'java/lang/invoke/LambdaForm$DMH+0x00000001020a4800'
Event: 1892.214 Thread 0x000001ec595a78b0 Unloading class 0x00000001020a4400 'java/lang/invoke/LambdaForm$DMH+0x00000001020a4400'
Event: 1893.120 Thread 0x000001ec595a78b0 Unloading class 0x00000001021ea000 'java/lang/invoke/LambdaForm$DMH+0x00000001021ea000'
Event: 1893.120 Thread 0x000001ec595a78b0 Unloading class 0x00000001021e9c00 'java/lang/invoke/LambdaForm$DMH+0x00000001021e9c00'
Event: 1893.120 Thread 0x000001ec595a78b0 Unloading class 0x00000001021e8c00 'java/lang/invoke/LambdaForm$DMH+0x00000001021e8c00'
Event: 1893.120 Thread 0x000001ec595a78b0 Unloading class 0x00000001021e9400 'java/lang/invoke/LambdaForm$DMH+0x00000001021e9400'
Event: 1893.120 Thread 0x000001ec595a78b0 Unloading class 0x00000001021e9800 'java/lang/invoke/LambdaForm$DMH+0x00000001021e9800'
Event: 1893.120 Thread 0x000001ec595a78b0 Unloading class 0x00000001021e9000 'java/lang/invoke/LambdaForm$DMH+0x00000001021e9000'
Event: 1893.120 Thread 0x000001ec595a78b0 Unloading class 0x00000001021e8800 'java/lang/invoke/LambdaForm$DMH+0x00000001021e8800'
Event: 1893.120 Thread 0x000001ec595a78b0 Unloading class 0x00000001021e8000 'java/lang/invoke/LambdaForm$DMH+0x00000001021e8000'
Event: 1893.120 Thread 0x000001ec595a78b0 Unloading class 0x00000001021a0c00 'java/lang/invoke/LambdaForm$DMH+0x00000001021a0c00'
Event: 1893.120 Thread 0x000001ec595a78b0 Unloading class 0x00000001021a1800 'java/lang/invoke/LambdaForm$DMH+0x00000001021a1800'
Event: 1893.120 Thread 0x000001ec595a78b0 Unloading class 0x00000001021a1000 'java/lang/invoke/LambdaForm$DMH+0x00000001021a1000'
Event: 1893.120 Thread 0x000001ec595a78b0 Unloading class 0x00000001021a0400 'java/lang/invoke/LambdaForm$DMH+0x00000001021a0400'
Event: 1893.120 Thread 0x000001ec595a78b0 Unloading class 0x00000001021a0800 'java/lang/invoke/LambdaForm$DMH+0x00000001021a0800'
Event: 1893.120 Thread 0x000001ec595a78b0 Unloading class 0x00000001021a1400 'java/lang/invoke/LambdaForm$DMH+0x00000001021a1400'

Classes redefined (0 events):
No events

Internal exceptions (20 events):
Event: 1913.433 Thread 0x000001ec143dcaa0 Exception <a 'sun/nio/fs/WindowsException'{0x00000000979ff448}> (0x00000000979ff448) 
thrown [s\src\hotspot\share\prims\jni.cpp, line 537]
Event: 1913.435 Thread 0x000001ec69a0ae20 Exception <a 'sun/nio/fs/WindowsException'{0x000000009782c5f0}> (0x000000009782c5f0) 
thrown [s\src\hotspot\share\prims\jni.cpp, line 537]
Event: 1913.436 Thread 0x000001ec69a0bb40 Exception <a 'sun/nio/fs/WindowsException'{0x0000000097856308}> (0x0000000097856308) 
thrown [s\src\hotspot\share\prims\jni.cpp, line 537]
Event: 1913.440 Thread 0x000001ec69a0bb40 Exception <a 'sun/nio/fs/WindowsException'{0x0000000097872248}> (0x0000000097872248) 
thrown [s\src\hotspot\share\prims\jni.cpp, line 537]
Event: 1913.443 Thread 0x000001ec69a0ae20 Exception <a 'sun/nio/fs/WindowsException'{0x000000009783f660}> (0x000000009783f660) 
thrown [s\src\hotspot\share\prims\jni.cpp, line 537]
Event: 1913.443 Thread 0x000001ec69a0bb40 Exception <a 'sun/nio/fs/WindowsException'{0x00000000978ac430}> (0x00000000978ac430) 
thrown [s\src\hotspot\share\prims\jni.cpp, line 537]
Event: 1913.446 Thread 0x000001ec69a0ae20 Exception <a 'sun/nio/fs/WindowsException'{0x00000000978bdaf0}> (0x00000000978bdaf0) 
thrown [s\src\hotspot\share\prims\jni.cpp, line 537]
Event: 1913.447 Thread 0x000001ec69a0bb40 Exception <a 'sun/nio/fs/WindowsException'{0x00000000978e9858}> (0x00000000978e9858) 
thrown [s\src\hotspot\share\prims\jni.cpp, line 537]
Event: 1913.451 Thread 0x000001ec69a0bb40 Exception <a 'sun/nio/fs/WindowsException'{0x00000000978ff6e0}> (0x00000000978ff6e0) 
thrown [s\src\hotspot\share\prims\jni.cpp, line 537]
Event: 1913.452 Thread 0x000001ec69a0ae20 Exception <a 'sun/nio/fs/WindowsException'{0x00000000978d0bd0}> (0x00000000978d0bd0) 
thrown [s\src\hotspot\share\prims\jni.cpp, line 537]
Event: 1913.455 Thread 0x000001ec69a0bb40 Exception <a 'sun/nio/fs/WindowsException'{0x0000000097715298}> (0x0000000097715298) 
thrown [s\src\hotspot\share\prims\jni.cpp, line 537]
Event: 1913.457 Thread 0x000001ec69a0ae20 Exception <a 'sun/nio/fs/WindowsException'{0x0000000097732610}> (0x0000000097732610) 
thrown [s\src\hotspot\share\prims\jni.cpp, line 537]
Event: 1913.458 Thread 0x000001ec69a0bb40 Exception <a 'sun/nio/fs/WindowsException'{0x00000000977d91f8}> (0x00000000977d91f8) 
thrown [s\src\hotspot\share\prims\jni.cpp, line 537]
Event: 1913.461 Thread 0x000001ec69a0bb40 Exception <a 'sun/nio/fs/WindowsException'{0x00000000977eed50}> (0x00000000977eed50) 
thrown [s\src\hotspot\share\prims\jni.cpp, line 537]
Event: 1913.462 Thread 0x000001ec69a0ae20 Exception <a 'sun/nio/fs/WindowsException'{0x0000000097748438}> (0x0000000097748438) 
thrown [s\src\hotspot\share\prims\jni.cpp, line 537]
Event: 1913.464 Thread 0x000001ec69a0bb40 Exception <a 'sun/nio/fs/WindowsException'{0x0000000097604d18}> (0x0000000097604d18) 
thrown [s\src\hotspot\share\prims\jni.cpp, line 537]
Event: 1913.464 Thread 0x000001ec157e3500 Exception <a 'java/lang/NoSuchMethodError'{0x0000000097622dd0}: 'void java.lang.invoke.DirectMethodHandle$Holder.invokeStatic(java.lang.Object, long)'> (0x0000000097622dd0) 
thrown [s\src\hotspot\share\interpreter\linkResolver.cpp, line 784]
Event: 1913.466 Thread 0x000001ec69a0bb40 Exception <a 'sun/nio/fs/WindowsException'{0x000000009761a568}> (0x000000009761a568) 
thrown [s\src\hotspot\share\prims\jni.cpp, line 537]
Event: 1913.466 Thread 0x000001ec69a0ae20 Exception <a 'sun/nio/fs/WindowsException'{0x0000000097656318}> (0x0000000097656318) 
thrown [s\src\hotspot\share\prims\jni.cpp, line 537]
Event: 1913.469 Thread 0x000001ec69a0bb40 Exception <a 'sun/nio/fs/WindowsException'{0x00000000976f9820}> (0x00000000976f9820) 
thrown [s\src\hotspot\share\prims\jni.cpp, line 537]

ZGC Phase Switch (0 events):
No events

VM Operations (20 events):
Event: 1910.408 Executing non-safepoint VM operation: HandshakeAllThreads (Deoptimize)
Event: 1910.409 Executing non-safepoint VM operation: HandshakeAllThreads (Deoptimize) done
Event: 1910.877 Executing safepoint VM operation: ICBufferFull
Event: 1910.877 Executing safepoint VM operation: ICBufferFull done
Event: 1911.087 Executing non-safepoint VM operation: HandshakeAllThreads (Deoptimize)
Event: 1911.088 Executing non-safepoint VM operation: HandshakeAllThreads (Deoptimize) done
Event: 1911.091 Executing non-safepoint VM operation: HandshakeAllThreads (Deoptimize)
Event: 1911.091 Executing non-safepoint VM operation: HandshakeAllThreads (Deoptimize) done
Event: 1911.097 Executing non-safepoint VM operation: HandshakeAllThreads (Deoptimize)
Event: 1911.097 Executing non-safepoint VM operation: HandshakeAllThreads (Deoptimize) done
Event: 1911.099 Executing non-safepoint VM operation: HandshakeAllThreads (Deoptimize)
Event: 1911.100 Executing non-safepoint VM operation: HandshakeAllThreads (Deoptimize) done
Event: 1911.310 Executing safepoint VM operation: ICBufferFull
Event: 1911.311 Executing safepoint VM operation: ICBufferFull done
Event: 1912.069 Executing safepoint VM operation: ICBufferFull
Event: 1912.069 Executing safepoint VM operation: ICBufferFull done
Event: 1913.034 Executing safepoint VM operation: ICBufferFull
Event: 1913.034 Executing safepoint VM operation: ICBufferFull done
Event: 1913.393 Executing non-safepoint VM operation: HandshakeAllThreads (Deoptimize)
Event: 1913.395 Executing non-safepoint VM operation: HandshakeAllThreads (Deoptimize) done

Memory protections (0 events):
No events

Nmethod flushes (20 events):
Event: 1909.768 Thread 0x000001ec595a78b0 flushing  nmethod 0x000001ec46c6f810
Event: 1909.768 Thread 0x000001ec595a78b0 flushing  nmethod 0x000001ec46c6fe10
Event: 1909.768 Thread 0x000001ec595a78b0 flushing  nmethod 0x000001ec46c72110
Event: 1909.768 Thread 0x000001ec595a78b0 flushing  nmethod 0x000001ec46c77910
Event: 1909.768 Thread 0x000001ec595a78b0 flushing  nmethod 0x000001ec46c77e90
Event: 1909.768 Thread 0x000001ec595a78b0 flushing  nmethod 0x000001ec47019090
Event: 1909.768 Thread 0x000001ec595a78b0 flushing  nmethod 0x000001ec47019690
Event: 1909.768 Thread 0x000001ec595a78b0 flushing  nmethod 0x000001ec47106510
Event: 1909.768 Thread 0x000001ec595a78b0 flushing  nmethod 0x000001ec47106b90
Event: 1909.768 Thread 0x000001ec595a78b0 flushing  nmethod 0x000001ec47108110
Event: 1909.768 Thread 0x000001ec595a78b0 flushing  nmethod 0x000001ec47108c90
Event: 1909.768 Thread 0x000001ec595a78b0 flushing  nmethod 0x000001ec47109490
Event: 1909.768 Thread 0x000001ec595a78b0 flushing  nmethod 0x000001ec4730fb90
Event: 1909.768 Thread 0x000001ec595a78b0 flushing  nmethod 0x000001ec47314710
Event: 1909.768 Thread 0x000001ec595a78b0 flushing  nmethod 0x000001ec47315190
Event: 1909.768 Thread 0x000001ec595a78b0 flushing  nmethod 0x000001ec4731bd90
Event: 1909.768 Thread 0x000001ec595a78b0 flushing  nmethod 0x000001ec4731c990
Event: 1909.768 Thread 0x000001ec595a78b0 flushing  nmethod 0x000001ec4731e710
Event: 1909.768 Thread 0x000001ec595a78b0 flushing  nmethod 0x000001ec4731f210
Event: 1909.768 Thread 0x000001ec595a78b0 flushing  nmethod 0x000001ec47320e90

Events (20 events):
Event: 1890.864 Thread 0x000001ec145fd4a0 Thread added: 0x000001ec72d67910
Event: 1892.854 Thread 0x000001ec14611460 Thread exited: 0x000001ec14611460
Event: 1892.857 Thread 0x000001ec698bd2f0 Thread exited: 0x000001ec698bd2f0
Event: 1898.608 Thread 0x000001ec597b68a0 Thread added: 0x000001ec72609b70
Event: 1908.931 Thread 0x000001ec6cdd53d0 Thread exited: 0x000001ec6cdd53d0
Event: 1909.997 Thread 0x000001ec145fd4a0 Thread added: 0x000001ec72d67fa0
Event: 1910.108 Thread 0x000001ec69936620 Thread exited: 0x000001ec69936620
Event: 1911.050 Thread 0x000001ec5fac4460 Thread added: 0x000001ec6bb77390
Event: 1911.051 Thread 0x000001ec5fac4460 Thread added: 0x000001ec6bb77a20
Event: 1911.051 Thread 0x000001ec6bb77390 Thread added: 0x000001ec72605e10
Event: 1911.051 Thread 0x000001ec6bb77a20 Thread added: 0x000001ec6962ea70
Event: 1911.051 Thread 0x000001ec72605e10 Thread added: 0x000001ec6cc95bf0
Event: 1911.052 Thread 0x000001ec6cc95bf0 Thread added: 0x000001ec04c58610
Event: 1911.052 Thread 0x000001ec6962ea70 Thread added: 0x000001ec154912b0
Event: 1911.053 Thread 0x000001ec04c58610 Thread added: 0x000001ec13df89f0
Event: 1911.053 Thread 0x000001ec154912b0 Thread added: 0x000001ec72605780
Event: 1911.053 Thread 0x000001ec13df89f0 Thread added: 0x000001ec04c5a6e0
Event: 1911.054 Thread 0x000001ec72605780 Thread added: 0x000001ec64178db0
Event: 1911.054 Thread 0x000001ec04c5a6e0 Thread added: 0x000001ec13a7c480
Event: 1913.253 Thread 0x000001ec157e3500 Thread added: 0x000001ec6417a160


Dynamic libraries:
0x00007ff705740000 - 0x00007ff70574a000 	D:\Android Internship Project\jbr\bin\java.exe
0x00007fff03640000 - 0x00007fff038a7000 	C:\WINDOWS\SYSTEM32\ntdll.dll
0x00007fff02540000 - 0x00007fff02609000 	C:\WINDOWS\System32\KERNEL32.DLL
0x00007fff00e80000 - 0x00007fff01277000 	C:\WINDOWS\System32\KERNELBASE.dll
0x00007fff00d30000 - 0x00007fff00e7b000 	C:\WINDOWS\System32\ucrtbase.dll
0x00007ffee5e50000 - 0x00007ffee5e6b000 	D:\Android Internship Project\jbr\bin\VCRUNTIME140.dll
0x00007ffefbb60000 - 0x00007ffefbb78000 	D:\Android Internship Project\jbr\bin\jli.dll
0x00007fff01880000 - 0x00007fff01a46000 	C:\WINDOWS\System32\USER32.dll
0x00007fff00070000 - 0x00007fff00097000 	C:\WINDOWS\System32\win32u.dll
0x00007ffee1c20000 - 0x00007ffee1eb2000 	C:\WINDOWS\WinSxS\amd64_microsoft.windows.common-controls_6595b64144ccf1df_6.0.26100.8457_none_3e0b2faee331e92d\COMCTL32.dll
0x00007fff021d0000 - 0x00007fff021fb000 	C:\WINDOWS\System32\GDI32.dll
0x00007fff034c0000 - 0x00007fff03569000 	C:\WINDOWS\System32\msvcrt.dll
0x00007fff00150000 - 0x00007fff0027c000 	C:\WINDOWS\System32\gdi32full.dll
0x00007fff000a0000 - 0x00007fff00143000 	C:\WINDOWS\System32\msvcp_win.dll
0x00007fff028b0000 - 0x00007fff028e2000 	C:\WINDOWS\System32\IMM32.DLL
0x00007ffee5e70000 - 0x00007ffee5e7c000 	D:\Android Internship Project\jbr\bin\vcruntime140_1.dll
0x00007ffeb98d0000 - 0x00007ffeb995d000 	D:\Android Internship Project\jbr\bin\msvcp140.dll
0x00007ffe70b90000 - 0x00007ffe71826000 	D:\Android Internship Project\jbr\bin\server\jvm.dll
0x00007fff03380000 - 0x00007fff03436000 	C:\WINDOWS\System32\ADVAPI32.dll
0x00007fff02610000 - 0x00007fff026b7000 	C:\WINDOWS\System32\sechost.dll
0x00007fff02200000 - 0x00007fff02318000 	C:\WINDOWS\System32\RPCRT4.dll
0x00007fff03570000 - 0x00007fff035f0000 	C:\WINDOWS\System32\WS2_32.dll
0x00007ffeffef0000 - 0x00007ffefff4e000 	C:\WINDOWS\SYSTEM32\POWRPROF.dll
0x00007ffef7530000 - 0x00007ffef753b000 	C:\WINDOWS\SYSTEM32\VERSION.dll
0x00007ffef74f0000 - 0x00007ffef7526000 	C:\WINDOWS\SYSTEM32\WINMM.dll
0x00007ffeffed0000 - 0x00007ffeffee4000 	C:\WINDOWS\SYSTEM32\UMPDC.dll
0x00007ffefedc0000 - 0x00007ffefeddb000 	C:\WINDOWS\SYSTEM32\kernel.appcore.dll
0x00007ffee5e40000 - 0x00007ffee5e4a000 	D:\Android Internship Project\jbr\bin\jimage.dll
0x00007ffef2650000 - 0x00007ffef2892000 	C:\WINDOWS\SYSTEM32\DBGHELP.DLL
0x00007fff014f0000 - 0x00007fff01873000 	C:\WINDOWS\System32\combase.dll
0x00007fff02b70000 - 0x00007fff02c49000 	C:\WINDOWS\System32\OLEAUT32.dll
0x00007ffee7880000 - 0x00007ffee78bb000 	C:\WINDOWS\SYSTEM32\dbgcore.DLL
0x00007fff01280000 - 0x00007fff01328000 	C:\WINDOWS\System32\bcryptPrimitives.dll
0x00007ffefbb50000 - 0x00007ffefbb5e000 	D:\Android Internship Project\jbr\bin\instrument.dll
0x00007ffece490000 - 0x00007ffece4b0000 	D:\Android Internship Project\jbr\bin\java.dll
0x00007ffecca70000 - 0x00007ffecca88000 	D:\Android Internship Project\jbr\bin\zip.dll
0x00007fff01a50000 - 0x00007fff021be000 	C:\WINDOWS\System32\SHELL32.dll
0x00007fff00280000 - 0x00007fff00aec000 	C:\WINDOWS\System32\windows.storage.dll
0x00007fff02de0000 - 0x00007fff02ed6000 	C:\WINDOWS\System32\SHCORE.dll
0x00007fff02330000 - 0x00007fff02396000 	C:\WINDOWS\System32\shlwapi.dll
0x00007ffefff90000 - 0x00007ffefffb9000 	C:\WINDOWS\SYSTEM32\profapi.dll
0x00007ffecca60000 - 0x00007ffecca70000 	D:\Android Internship Project\jbr\bin\net.dll
0x00007ffef8f70000 - 0x00007ffef9099000 	C:\WINDOWS\SYSTEM32\WINHTTP.dll
0x00007ffeff310000 - 0x00007ffeff37c000 	C:\WINDOWS\system32\mswsock.dll
0x00007ffecc8d0000 - 0x00007ffecc8e6000 	D:\Android Internship Project\jbr\bin\nio.dll
0x00007ffefa1a0000 - 0x00007ffefa1b0000 	D:\Android Internship Project\jbr\bin\verify.dll
0x00007ffe51310000 - 0x00007ffe51337000 	C:\Users\ec5cd\.gradle\native\1def1411415f61bf3af743bc5b6707747c0891f09f0c88961ee8f79bc544acac\windows-amd64\native-platform.dll
0x00007ffeb9810000 - 0x00007ffeb9887000 	C:\Users\ec5cd\.gradle\native\0.2.8\x86_64-windows-gnu\gradle-fileevents.dll
0x00007ffe64470000 - 0x00007ffe64479000 	D:\Android Internship Project\jbr\bin\management.dll
0x00007ffe64370000 - 0x00007ffe6437b000 	D:\Android Internship Project\jbr\bin\management_ext.dll
0x00007fff026c0000 - 0x00007fff026c8000 	C:\WINDOWS\System32\PSAPI.DLL
0x00007ffefe7b0000 - 0x00007ffefe7e2000 	C:\WINDOWS\SYSTEM32\IPHLPAPI.DLL
0x00007fff02970000 - 0x00007fff0297a000 	C:\WINDOWS\System32\NSI.dll
0x00007ffe7b560000 - 0x00007ffe7b569000 	D:\Android Internship Project\jbr\bin\extnet.dll
0x00007ffeff710000 - 0x00007ffeff72b000 	C:\WINDOWS\SYSTEM32\CRYPTSP.dll
0x00007ffefed20000 - 0x00007ffefed59000 	C:\WINDOWS\system32\rsaenh.dll
0x00007ffeff3c0000 - 0x00007ffeff3f3000 	C:\WINDOWS\SYSTEM32\USERENV.dll
0x00007ffefff60000 - 0x00007ffefff8a000 	C:\WINDOWS\SYSTEM32\bcrypt.dll
0x00007ffeff570000 - 0x00007ffeff57c000 	C:\WINDOWS\SYSTEM32\CRYPTBASE.dll
0x00007ffec5670000 - 0x00007ffec5678000 	C:\WINDOWS\system32\wshunix.dll
0x00007ffefe840000 - 0x00007ffefe972000 	C:\WINDOWS\SYSTEM32\DNSAPI.dll
0x00007ffef91b0000 - 0x00007ffef91bb000 	C:\Windows\System32\rasadhlp.dll
0x00007ffef7700000 - 0x00007ffef7786000 	C:\WINDOWS\System32\fwpuclnt.dll
0x00007ffed5180000 - 0x00007ffed5198000 	C:\WINDOWS\system32\napinsp.dll
0x00007ffed5160000 - 0x00007ffed5173000 	C:\WINDOWS\System32\winrnr.dll
0x00007ffed5130000 - 0x00007ffed5152000 	C:\WINDOWS\system32\nlansp_c.dll
0x00007ffef81f0000 - 0x00007ffef8206000 	C:\WINDOWS\system32\wshbth.dll
0x00007ffefeee0000 - 0x00007ffefef16000 	C:\WINDOWS\SYSTEM32\ntmarta.dll
0x00007ffefd970000 - 0x00007ffefda10000 	C:\WINDOWS\system32\apphelp.dll

JVMTI agents:
C:\Users\ec5cd\.gradle\wrapper\dists\gradle-9.0.0-bin\d6wjpkvcgsg3oed0qlfss3wgl\gradle-9.0.0\lib\agents\gradle-instrumentation-agent-9.0.0.jar path:D:\Android Internship Project\jbr\bin\instrument.dll, loaded, initialized, instrumentlib options:none

dbghelp: loaded successfully - version: 4.0.5 - missing functions: none
symbol engine: initialized successfully - sym options: 0x614 - pdb path: .;D:\Android Internship Project\jbr\bin;C:\WINDOWS\SYSTEM32;C:\WINDOWS\WinSxS\amd64_microsoft.windows.common-controls_6595b64144ccf1df_6.0.26100.8457_none_3e0b2faee331e92d;D:\Android Internship Project\jbr\bin\server;C:\Users\ec5cd\.gradle\native\1def1411415f61bf3af743bc5b6707747c0891f09f0c88961ee8f79bc544acac\windows-amd64;C:\Users\ec5cd\.gradle\native\0.2.8\x86_64-windows-gnu

VM Arguments:
jvm_args: --add-opens=java.base/java.lang=ALL-UNNAMED --add-opens=java.base/java.lang.invoke=ALL-UNNAMED --add-opens=java.base/java.util=ALL-UNNAMED --add-opens=java.prefs/java.util.prefs=ALL-UNNAMED --add-exports=jdk.compiler/com.sun.tools.javac.api=ALL-UNNAMED --add-exports=jdk.compiler/com.sun.tools.javac.util=ALL-UNNAMED --add-opens=java.base/java.util=ALL-UNNAMED --add-opens=java.prefs/java.util.prefs=ALL-UNNAMED --add-opens=java.base/java.nio.charset=ALL-UNNAMED --add-opens=java.base/java.net=ALL-UNNAMED --add-opens=java.base/java.util.concurrent=ALL-UNNAMED --add-opens=java.base/java.util.concurrent.atomic=ALL-UNNAMED --add-opens=java.xml/javax.xml.namespace=ALL-UNNAMED -Xmx2048m -Dfile.encoding=UTF-8 -Duser.country=IN -Duser.language=en -Duser.variant -javaagent:C:\Users\ec5cd\.gradle\wrapper\dists\gradle-9.0.0-bin\d6wjpkvcgsg3oed0qlfss3wgl\gradle-9.0.0\lib\agents\gradle-instrumentation-agent-9.0.0.jar 
java_command: org.gradle.launcher.daemon.bootstrap.GradleDaemon 9.0.0
java_class_path (initial): C:\Users\ec5cd\.gradle\wrapper\dists\gradle-9.0.0-bin\d6wjpkvcgsg3oed0qlfss3wgl\gradle-9.0.0\lib\gradle-daemon-main-9.0.0.jar
Launcher Type: SUN_STANDARD

[Global flags]
     intx CICompilerCount                          = 4                                         {product} {ergonomic}
     uint ConcGCThreads                            = 3                                         {product} {ergonomic}
     uint G1ConcRefinementThreads                  = 10                                        {product} {ergonomic}
   size_t G1HeapRegionSize                         = 1048576                                   {product} {ergonomic}
    uintx GCDrainStackTargetSize                   = 64                                        {product} {ergonomic}
   size_t InitialHeapSize                          = 123731968                                 {product} {ergonomic}
   size_t MarkStackSize                            = 4194304                                   {product} {ergonomic}
   size_t MaxHeapSize                              = 2147483648                                {product} {command line}
   size_t MaxNewSize                               = 1287651328                                {product} {ergonomic}
   size_t MinHeapDeltaBytes                        = 1048576                                   {product} {ergonomic}
   size_t MinHeapSize                              = 8388608                                   {product} {ergonomic}
    uintx NonNMethodCodeHeapSize                   = 5839372                                {pd product} {ergonomic}
    uintx NonProfiledCodeHeapSize                  = 122909434                              {pd product} {ergonomic}
    uintx ProfiledCodeHeapSize                     = 122909434                              {pd product} {ergonomic}
    uintx ReservedCodeCacheSize                    = 251658240                              {pd product} {ergonomic}
     bool SegmentedCodeCache                       = true                                      {product} {ergonomic}
   size_t SoftMaxHeapSize                          = 2147483648                             {manageable} {ergonomic}
     bool UseCompressedOops                        = true                           {product lp64_product} {ergonomic}
     bool UseG1GC                                  = true                                      {product} {ergonomic}
     bool UseLargePagesIndividualAllocation        = false                                  {pd product} {ergonomic}

Logging:
Log output configuration:
 #0: stdout all=warning uptime,level,tags foldmultilines=false
 #1: stderr all=off uptime,level,tags foldmultilines=false

Release file:
JAVA_VERSION="21.0.10" 
MODULES="java.base java.compiler java.datatransfer java.xml java.prefs java.desktop java.instrument java.logging java.management java.security.sasl java.naming java.rmi java.management.rmi java.net.http java.scripting java.security.jgss java.transaction.xa java.sql java.sql.rowset java.xml.crypto java.se java.smartcardio jdk.accessibility jdk.internal.jvmstat jdk.attach jdk.charsets jdk.internal.opt jdk.zipfs jdk.compiler jdk.crypto.ec jdk.crypto.cryptoki jdk.dynalink jdk.hotspot.agent jdk.httpserver jdk.internal.ed jdk.internal.le jdk.internal.vm.ci jdk.jartool jdk.javadoc jdk.jcmd jdk.jdeps jdk.jdwp.agent jdk.jdi jdk.jfr jdk.jlink jdk.jsobject jdk.localedata jdk.management jdk.management.agent jdk.management.jfr jdk.naming.dns jdk.naming.rmi jdk.net jdk.sctp jdk.security.auth jdk.security.jgss jdk.unsupported jdk.unsupported.desktop jdk.xml.dom" 
IMPLEMENTOR="JetBrains s.r.o." 
JAVA_RUNTIME_VERSION="21.0.10+-14961533-b1163.108" 
LIBC="default" 
OS_ARCH="x86_64" 
OS_NAME="Windows" 
SOURCE=".:git:1351622c2ff2" 

Environment Variables:
JAVA_HOME=C:\Program Files\Android\Android Studio\jbr
PATH=C:\Scripts\;C:\;C:\ffmpeg\ffmpeg-2025-01-13-git-851a84650e-full_build\bin;%PATH;C:\Program Files\nodejs;C:\Program Files\HP\HP One Agent;C:\Program Files\Python313;C:\Program Files\Python313\Scripts;C:\flutter\bin;C:\Users\ec5cd\AppData\Roaming\Python\Python313\Scripts;C:\Users\ec5cd\AppData\Roaming\Python\Python313;C:\Users\ec5cd\AppData\Roaming\Python\Python313\site-packages;C:\Users\ec5cd\AppData\Roaming\Python\Python313\Scripts;C:\Windows\System32;%JAVA_HOME%\bin;C:\Program Files\PostgreSQL\17\bin;C:\Program Files\Tesseract-OCR;C:\Users\ec5cd\AppData\Local\Programs\Tesseract-OCR;C:\Program Files\Git\cmd;C:\Program Files\Git\mingw64\bin;C:\Program Files\Git\usr\bin;C:\Users\ec5cd\AppData\Local\Programs\Python\Python313\Scripts\;C:\Users\ec5cd\AppData\Local\Programs\Python\Python313\;C:\Users\ec5cd\AppData\Local\Microsoft\WindowsApps;C:\Users\ec5cd\AppData\Roaming\npm;C:\Users\ec5cd\AppData\Local\Programs\Microsoft VS Code\bin;C:\Program Files\mongosh\;C:\platform-tools-latest-windows\platform-tools;C:\Program Files\Python313;C:\Program Files\Python313\Scripts;C:\flutter\bin;C:\IdemiaL1RdService\RDService;C:\Users\ec5cd\AppData\Local\Android\Sdk\platform-tools;C:\Users\ec5cd\AppData\Local\Android\Sdk\emulator;C:\Users\ec5cd\AppData\Local\Android\Sdk\cmdline-tools\latest\bin;C:\Program Files\Android\Android Studio\jbr\bin;D:\cursor\resources\app\bin;C:\Program Files\Tesseract-OCR;C:\Users\ec5cd\AppData\Local\Programs\Windsurf\bin;C:\Users\ec5cd\AppData\Local\Programs\Kiro\bin;D:\Antigravity\bin
USERNAME=ec5cd
OS=Windows_NT
PROCESSOR_IDENTIFIER=AMD64 Family 25 Model 80 Stepping 0, AuthenticAMD
TMP=C:\Users\ec5cd\AppData\Local\Temp
TEMP=C:\Users\ec5cd\AppData\Local\Temp




Periodic native trim disabled

JNI global refs:
JNI global refs: 30, weak refs: 135

JNI global refs memory usage: 835, weak refs: 2729

Process memory usage:
Resident Set Size: 1071088K (13% of 7702372K total physical memory with 871320K free physical memory)

OOME stack traces (most recent first):
Classloader memory used:
Loader org.gradle.internal.classloader.VisitableURLClassLoader                         : 120M
Loader org.gradle.internal.classloader.VisitableURLClassLoader$InstrumentingVisitableURLClassLoader: 75549K
Loader bootstrap                                                                       : 38429K
Loader org.gradle.internal.classloader.VisitableURLClassLoader                         : 17065K
Loader org.gradle.initialization.MixInLegacyTypesClassLoader                           : 14658K
Loader jdk.internal.reflect.DelegatingClassLoader                                      : 1142K
Loader jdk.internal.loader.ClassLoaders$PlatformClassLoader                            : 772K
Loader jdk.internal.jrtfs.JrtFileSystemProvider$JrtFsLoader                            : 332K
Loader org.gradle.groovy.scripts.internal.DefaultScriptCompilationHandler$ScriptClassLoader: 239K
Loader jdk.internal.loader.ClassLoaders$AppClassLoader                                 : 231K
Loader sun.reflect.misc.MethodUtil                                                     : 2984B

Classes loaded by more than one classloader:
Class Program                                                                         : loaded 6 times (x 72B)
Class com.google.common.collect.ImmutableList                                         : loaded 5 times (x 206B)
Class com.google.common.collect.Iterators$4                                           : loaded 5 times (x 82B)
Class com.google.common.collect.PeekingIterator                                       : loaded 5 times (x 70B)
Class com.google.common.collect.ImmutableCollection                                   : loaded 5 times (x 125B)
Class com.google.common.collect.Lists                                                 : loaded 5 times (x 71B)
Class com.google.common.base.Preconditions                                            : loaded 5 times (x 71B)
Class com.google.common.collect.Iterators$ArrayItr                                    : loaded 5 times (x 97B)
Class com.google.common.collect.Iterators$9                                           : loaded 5 times (x 81B)
Class com.google.common.collect.UnmodifiableIterator                                  : loaded 5 times (x 80B)
Class com.google.common.collect.Iterators$1                                           : loaded 5 times (x 81B)
Class com.google.common.collect.Iterators$MergingIterator                             : loaded 5 times (x 81B)
Class com.google.common.collect.UnmodifiableListIterator                              : loaded 5 times (x 95B)
Class com.google.common.collect.Iterators                                             : loaded 5 times (x 71B)
Class com.google.common.collect.Lists$StringAsImmutableList                           : loaded 5 times (x 207B)
Class com.google.common.collect.AbstractIterator                                      : loaded 5 times (x 82B)
Class com.google.common.collect.AbstractIndexedListIterator                           : loaded 5 times (x 96B)
Class com.google.common.collect.Iterators$5                                           : loaded 5 times (x 82B)
Class com.google.common.base.Function                                                 : loaded 4 times (x 70B)
Class com.google.common.collect.RegularImmutableList                                  : loaded 4 times (x 213B)
Class com.google.common.collect.CompoundOrdering                                      : loaded 4 times (x 115B)
Class com.google.common.collect.RegularImmutableSortedSet                             : loaded 4 times (x 300B)
Class com.google.common.collect.ImmutableRangeSet$Builder                             : loaded 4 times (x 77B)
Class com.google.common.collect.NullsFirstOrdering                                    : loaded 4 times (x 115B)
Class com.google.common.base.CharMatcher$IsEither                                     : loaded 4 times (x 112B)
Class com.google.common.collect.SingletonImmutableList                                : loaded 4 times (x 207B)
Class com.google.common.base.CharMatcher$And                                          : loaded 4 times (x 113B)
Class com.google.common.base.CharMatcher$BitSetMatcher                                : loaded 4 times (x 113B)
Class com.google.common.collect.ImmutableSet                                          : loaded 4 times (x 145B)
Class com.google.common.base.CharMatcher$Or                                           : loaded 4 times (x 113B)
Class com.google.common.collect.ExplicitOrdering                                      : loaded 4 times (x 115B)
Class com.google.common.base.CharMatcher$IsNot                                        : loaded 4 times (x 112B)
Class com.google.common.collect.Range                                                 : loaded 4 times (x 86B)
Class com.google.common.collect.LexicographicalOrdering                               : loaded 4 times (x 115B)
Class com.google.common.collect.ForwardingCollection                                  : loaded 4 times (x 130B)
Class com.google.common.collect.ImmutableList$ReverseImmutableList                    : loaded 4 times (x 209B)
Class com.google.common.collect.ImmutableRangeSet$1                                   : loaded 4 times (x 210B)
Class com.google.common.collect.RegularImmutableAsList                                : loaded 4 times (x 217B)
Class org.gradle.internal.Cast                                                        : loaded 4 times (x 71B)
Class org.gradle.api.Action                                                           : loaded 4 times (x 70B)
Class com.google.common.collect.ImmutableList$Builder                                 : loaded 4 times (x 77B)
Class com.google.common.base.CharMatcher$FastMatcher                                  : loaded 4 times (x 112B)
Class com.google.common.base.CharMatcher$ForPredicate                                 : loaded 4 times (x 113B)
Class com.google.common.collect.ImmutableSortedSet                                    : loaded 4 times (x 300B)
Class com.google.common.base.Predicate                                                : loaded 4 times (x 70B)
Class com.intellij.gradle.toolingExtension.util.GradleVersionUtil                     : loaded 4 times (x 71B)
Class com.google.common.base.CharMatcher$NegatedFastMatcher                           : loaded 4 times (x 114B)
Class com.google.common.collect.RegularImmutableSet                                   : loaded 4 times (x 149B)
Class com.google.common.collect.UsingToStringOrdering                                 : loaded 4 times (x 114B)
Class com.google.common.collect.ImmutableList$1                                       : loaded 4 times (x 97B)
Class com.google.common.collect.AbstractRangeSet                                      : loaded 4 times (x 114B)
Class com.google.common.collect.ImmutableAsList                                       : loaded 4 times (x 209B)
Class org.gradle.api.GradleException                                                  : loaded 4 times (x 82B)
Class com.google.common.base.Joiner                                                   : loaded 4 times (x 80B)
Class com.google.common.collect.ImmutableRangeSet$AsSet                               : loaded 4 times (x 300B)
Class com.google.common.collect.SingletonImmutableSet                                 : loaded 4 times (x 146B)
Class com.google.common.collect.ImmutableCollection$Builder                           : loaded 4 times (x 76B)
Class com.google.common.collect.NullsLastOrdering                                     : loaded 4 times (x 115B)
Class org.gradle.internal.IoActions                                                   : loaded 4 times (x 71B)
Class com.google.common.collect.ImmutableSet$RegularSetBuilderImpl                    : loaded 4 times (x 77B)
Class com.google.common.collect.ImmutableRangeSet$ComplementRanges                    : loaded 4 times (x 207B)
Class com.google.common.collect.AllEqualOrdering                                      : loaded 4 times (x 114B)
Class com.google.common.base.CharMatcher$Negated                                      : loaded 4 times (x 114B)
Class com.google.common.base.CharMatcher$Is                                           : loaded 4 times (x 112B)
Class com.google.common.collect.ImmutableSet$CachingAsList                            : loaded 4 times (x 148B)
Class com.google.common.base.CharMatcher                                              : loaded 4 times (x 112B)
Class com.google.common.base.Joiner$1                                                 : loaded 4 times (x 81B)
Class com.google.common.collect.NaturalOrdering                                       : loaded 4 times (x 115B)
Class com.google.common.base.CharMatcher$AnyOf                                        : loaded 4 times (x 113B)
Class com.google.common.collect.ByFunctionOrdering                                    : loaded 4 times (x 115B)
Class com.google.common.base.CharMatcher$1                                            : loaded 4 times (x 114B)
Class com.google.common.base.CharMatcher$NamedFastMatcher                             : loaded 4 times (x 113B)
Class com.google.common.collect.ComparatorOrdering                                    : loaded 4 times (x 115B)
Class com.google.common.base.Joiner$2                                                 : loaded 4 times (x 80B)
Class com.google.common.collect.RangeGwtSerializationDependencies                     : loaded 4 times (x 71B)
Class com.google.common.collect.RangeSet                                              : loaded 4 times (x 70B)
Class com.google.common.collect.ImmutableRangeSet                                     : loaded 4 times (x 115B)
Class com.google.common.collect.Ordering                                              : loaded 4 times (x 114B)
Class com.google.common.base.CharMatcher$InRange                                      : loaded 4 times (x 112B)
Class com.google.common.collect.ReverseOrdering                                       : loaded 4 times (x 115B)
Class com.google.common.collect.ImmutableList$SubList                                 : loaded 4 times (x 209B)
Class com.google.common.collect.ReverseNaturalOrdering                                : loaded 4 times (x 114B)
Class com.google.common.collect.ForwardingObject                                      : loaded 4 times (x 72B)
Class com.google.common.collect.SortedIterable                                        : loaded 4 times (x 70B)
Class com.google.common.collect.ImmutableSet$SetBuilderImpl                           : loaded 4 times (x 76B)
Class com.google.common.collect.Iterators$SingletonIterator                           : loaded 4 times (x 81B)
Class com.android.utils.FileUtils                                                     : loaded 3 times (x 71B)
Class com.amazon.ion.impl.bin.IonManagedBinaryWriter$ImportDescriptor                 : loaded 3 times (x 76B)
Class com.android.builder.model.v2.ide.AaptOptions$Namespacing                        : loaded 3 times (x 79B)
Class org.gradle.util.GradleVersion                                                   : loaded 3 times (x 81B)
Class kotlin.sequences.TransformingSequence                                           : loaded 3 times (x 75B)
Class org.gradle.tooling.internal.adapter.MethodInvocation                            : loaded 3 times (x 85B)
Class kotlin.coroutines.jvm.internal.SuspendFunction                                  : loaded 3 times (x 70B)
Class com.amazon.ion.SymbolTable                                                      : loaded 3 times (x 70B)
Class org.gradle.internal.operations.MultipleBuildOperationFailures                   : loaded 3 times (x 95B)
Class com.google.common.collect.ComparisonChain$InactiveComparisonChain               : loaded 3 times (x 80B)
Class com.android.builder.model.v2.ide.BasicArtifact                                  : loaded 3 times (x 70B)
Class com.amazon.ion.SubstituteSymbolTableException                                   : loaded 3 times (x 84B)
Class com.amazon.ion.impl.SymbolTokenImpl                                             : loaded 3 times (x 81B)
Class com.amazon.ion.IonText                                                          : loaded 3 times (x 70B)
Class [Lcom.amazon.ion.impl.bin.IonRawBinaryWriter$StreamCloseMode;                   : loaded 3 times (x 69B)
Class com.amazon.ion.impl.lite.IonSymbolLite                                          : loaded 3 times (x 246B)
Class com.amazon.ion.impl.bin.IonManagedBinaryWriter$ImportedSymbolResolverMode$1     : loaded 3 times (x 80B)
Class com.amazon.ion.impl.bin.utf8.Pool$Allocator                                     : loaded 3 times (x 70B)
Class com.amazon.ion.impl.bin.utf8.Utf8StringEncoder$Result                           : loaded 3 times (x 74B)
Class org.gradle.tooling.model.DomainObjectSet                                        : loaded 3 times (x 70B)
Class com.intellij.util.containers.IntObjectHashMap$ArrayProducer                     : loaded 3 times (x 70B)
Class org.gradle.tooling.model.idea.IdeaProject                                       : loaded 3 times (x 70B)
Class org.jetbrains.kotlin.idea.gradleTooling.AndroidAwareGradleModelProvider$Companion: loaded 3 times (x 71B)
Class org.gradle.tooling.internal.adapter.ProtocolToModelAdapter$ViewGraphDetails     : loaded 3 times (x 72B)
Class kotlin.jvm.internal.Ref$BooleanRef                                              : loaded 3 times (x 71B)
Class com.android.builder.model.v2.ide.LintOptions                                    : loaded 3 times (x 70B)
Class [Lcom.amazon.ion.impl.bin.IonRawBinaryWriter$ContainerType;                     : loaded 3 times (x 69B)
Class kotlin.jvm.internal.markers.KMappedMarker                                       : loaded 3 times (x 70B)
Class org.gradle.internal.time.Timer                                                  : loaded 3 times (x 70B)
Class com.android.builder.model.v2.ide.SourceSetContainer                             : loaded 3 times (x 70B)
Class com.amazon.ion.impl.bin.IonManagedBinaryWriter$ImportedSymbolResolverMode$2     : loaded 3 times (x 80B)
Class org.jetbrains.plugins.gradle.model.GradleExtension                              : loaded 3 times (x 70B)
Class com.intellij.util.ThrowableConsumer                                             : loaded 3 times (x 70B)
Class kotlin.text.MatcherMatchResult$groupValues$1                                    : loaded 3 times (x 198B)
Class kotlin.sequences.SequencesKt___SequencesKt                                      : loaded 3 times (x 71B)
Class com.amazon.ion.IonBufferConfiguration$Builder                                   : loaded 3 times (x 78B)
Class com.amazon.ion.impl.lite.IonDecimalLite                                         : loaded 3 times (x 188B)
Class kotlin.collections.AbstractList$Companion                                       : loaded 3 times (x 71B)
Class com.android.ide.gradle.model.GradlePluginModel                                  : loaded 3 times (x 70B)
Class org.gradle.tooling.model.build.JavaEnvironment                                  : loaded 3 times (x 70B)
Class kotlin.jvm.internal.StringCompanionObject                                       : loaded 3 times (x 71B)
Class com.android.builder.model.v2.ide.Edge                                           : loaded 3 times (x 70B)
Class com.amazon.ion.impl.bin.IonRawBinaryWriter$PreallocationMode$3                  : loaded 3 times (x 82B)
Class org.jetbrains.kotlin.idea.projectModel.KotlinTaskProperties                     : loaded 3 times (x 70B)
Class org.jetbrains.kotlin.idea.gradleTooling.PrepareKotlinIdeImportTaskModel         : loaded 3 times (x 70B)
Class com.android.builder.model.v2.ide.VectorDrawablesOptions                         : loaded 3 times (x 70B)
Class kotlin.coroutines.intrinsics.IntrinsicsKt__IntrinsicsJvmKt                      : loaded 3 times (x 71B)
Class kotlin.coroutines.jvm.internal.CoroutineStackFrame                              : loaded 3 times (x 70B)
Class [Lcom.android.ide.common.repository.AgpVersion$PreviewKind;                     : loaded 3 times (x 69B)
Class kotlin.sequences.SequencesKt___SequencesKt$flatMap$2                            : loaded 3 times (x 125B)
Class com.amazon.ion.impl.bin.IonRawBinaryWriter$PreallocationMode$2                  : loaded 3 times (x 82B)
Class org.jetbrains.plugins.gradle.tooling.serialization.internal.IdeaProjectSerializationService: loaded 3 times (x 77B)
Class com.amazon.ion.IonInt                                                           : loaded 3 times (x 70B)
Class kotlin.NoWhenBranchMatchedException                                             : loaded 3 times (x 82B)
Class org.jetbrains.kotlin.idea.gradleTooling.KotlinMPPGradleModel                    : loaded 3 times (x 70B)
Class org.gradle.tooling.model.BuildIdentifier                                        : loaded 3 times (x 70B)
Class com.amazon.ion.impl.lite.IonSystemLite                                          : loaded 3 times (x 275B)
Class com.amazon.ion.util.InputStreamInterceptor                                      : loaded 3 times (x 70B)
Class com.amazon.ion.impl.bin.IonRawBinaryWriter$PreallocationMode                    : loaded 3 times (x 82B)
Class com.amazon.ion.impl.bin._Private_IonRawWriter                                   : loaded 3 times (x 70B)
Class com.amazon.ion.IonWriter                                                        : loaded 3 times (x 70B)
Class com.intellij.gradle.toolingExtension.impl.model.dependencyDownloadPolicyModel.GradleDependencyDownloadPolicy: loaded 3 times (x 70B)
Class [Lcom.amazon.ion.impl.bin._Private_IonManagedBinaryWriterBuilder$AllocatorMode; : loaded 3 times (x 69B)
Class com.amazon.ion.impl.bin.IonRawBinaryWriter$PreallocationMode$1                  : loaded 3 times (x 82B)
Class com.amazon.ion.impl._Private_ValueFactory                                       : loaded 3 times (x 70B)
Class kotlin.text.StringsKt__AppendableKt                                             : loaded 3 times (x 71B)
Class org.jetbrains.plugins.gradle.tooling.serialization.GradleExtensionsSerializationService$WriteContext: loaded 3 times (x 72B)
Class com.android.builder.model.v2.models.AndroidDsl                                  : loaded 3 times (x 70B)
Class com.amazon.ion.impl.lite.IonClobLite                                            : loaded 3 times (x 220B)
Class org.jetbrains.plugins.gradle.model.DependencyAccessorsModel                     : loaded 3 times (x 70B)
Class org.gradle.tooling.internal.gradle.DefaultProjectIdentifier                     : loaded 3 times (x 86B)
Class gnu.trove.TObjectIntHashMap                                                     : loaded 3 times (x 109B)
Class [Lcom.intellij.openapi.externalSystem.model.project.dependencies.ResolutionState;: loaded 3 times (x 69B)
Class kotlin.jvm.internal.CallableReference$NoReceiver                                : loaded 3 times (x 71B)
Class org.gradle.tooling.internal.adapter.TargetTypeProvider                          : loaded 3 times (x 70B)
Class kotlin.text.StringsKt__StringBuilderKt                                          : loaded 3 times (x 71B)
Class com.amazon.ion.impl.lite.IonNullLite                                            : loaded 3 times (x 175B)
Class com.amazon.ion.impl._Private_RecyclingQueue$ElementFactory                      : loaded 3 times (x 70B)
Class com.amazon.ion.impl._Private_IonContainer                                       : loaded 3 times (x 70B)
Class kotlin.jvm.internal.ArrayIteratorKt                                             : loaded 3 times (x 71B)
Class org.jetbrains.plugins.gradle.tooling.serialization.AnnotationProcessingModelSerializationService: loaded 3 times (x 77B)
Class kotlin.collections.ArraysKt__ArraysJVMKt                                        : loaded 3 times (x 71B)
Class com.android.ide.common.repository.AgpVersion$PreviewKind                        : loaded 3 times (x 79B)
Class org.jetbrains.plugins.gradle.model.AnnotationProcessingModel                    : loaded 3 times (x 70B)
Class org.jetbrains.plugins.gradle.model.GradleExtensions                             : loaded 3 times (x 70B)
Class com.google.common.collect.Iterators$PeekingImpl                                 : loaded 3 times (x 89B)
Class org.jetbrains.plugins.gradle.model.UnresolvedExternalDependency                 : loaded 3 times (x 70B)
Class com.intellij.gradle.toolingExtension.impl.model.taskModel.GradleTaskSerialisationService$Companion: loaded 3 times (x 71B)
Class com.intellij.gradle.toolingExtension.impl.model.buildScriptClasspathModel.GradleBuildScriptClasspathSerializationService$ReadContext: loaded 3 times (x 72B)
Class org.gradle.tooling.internal.adapter.ProtocolToModelAdapter$MethodInvocationCache$MethodInvocationKey: loaded 3 times (x 73B)
Class com.amazon.ion.impl._Private_LocalSymbolTableFactory                            : loaded 3 times (x 70B)
Class com.amazon.ion.impl.bin.IonManagedBinaryWriter$ImportedSymbolResolverMode$1$1$1 : loaded 3 times (x 76B)
Class com.amazon.ion.system.IonTextWriterBuilder                                      : loaded 3 times (x 98B)
Class org.gradle.internal.time.Time                                                   : loaded 3 times (x 71B)
Class org.jetbrains.plugins.gradle.tooling.serialization.ExternalTestsSerializationService: loaded 3 times (x 77B)
Class com.amazon.ion.impl._Private_RecyclingStack$$Iterator                           : loaded 3 times (x 99B)
Class com.amazon.ion.impl.SharedSymbolTable                                           : loaded 3 times (x 93B)
Class com.amazon.ion.impl.bin.IonRawBinaryWriter                                      : loaded 3 times (x 169B)
Class com.amazon.ion.SymbolToken                                                      : loaded 3 times (x 70B)
Class kotlin.sequences.SequencesKt__SequencesKt$sequenceOf$$inlined$Sequence$1        : loaded 3 times (x 75B)
Class kotlin.coroutines.EmptyCoroutineContext                                         : loaded 3 times (x 77B)
Class kotlin.collections.SetsKt__SetsKt                                               : loaded 3 times (x 71B)
Class com.android.builder.model.v2.ide.AndroidArtifact                                : loaded 3 times (x 70B)
Class kotlin.text.StringsKt__StringNumberConversionsJVMKt                             : loaded 3 times (x 71B)
Class org.jetbrains.plugins.gradle.javaModel.JavaGradleManifestModel                  : loaded 3 times (x 70B)
Class kotlin.ranges.IntProgression$Companion                                          : loaded 3 times (x 71B)
Class [Lcom.amazon.ion.impl.bin.IonManagedBinaryWriter$SymbolState;                   : loaded 3 times (x 69B)
Class kotlin.text.MatchResult                                                         : loaded 3 times (x 70B)
Class com.android.builder.model.AndroidProject                                        : loaded 3 times (x 70B)
Class com.android.builder.model.v2.models.BasicAndroidProject                         : loaded 3 times (x 70B)
Class kotlin.sequences.SequenceScope                                                  : loaded 3 times (x 73B)
Class kotlin.sequences.Sequence                                                       : loaded 3 times (x 70B)
Class org.gradle.tooling.ToolingModelContract                                         : loaded 3 times (x 70B)
Class com.android.builder.model.v2.dsl.DependenciesInfo                               : loaded 3 times (x 70B)
Class com.amazon.ion.impl._Private_IonWriterBase                                      : loaded 3 times (x 162B)
Class com.amazon.ion.IonSequence                                                      : loaded 3 times (x 70B)
Class com.amazon.ion.IonLob                                                           : loaded 3 times (x 70B)
Class com.amazon.ion.IonBlob                                                          : loaded 3 times (x 70B)
Class com.amazon.ion.impl.bin.IonRawBinaryWriter$PatchPoint                           : loaded 3 times (x 73B)
Class org.gradle.tooling.model.HierarchicalElement                                    : loaded 3 times (x 70B)
Class com.amazon.ion.impl.lite.IonBoolLite                                            : loaded 3 times (x 178B)
Class com.intellij.gradle.toolingExtension.impl.model.projectModel.GradleExternalProjectSerializationService: loaded 3 times (x 77B)
Class kotlin.collections.ArraysKt                                                     : loaded 3 times (x 71B)
Class kotlin.collections.ArrayDeque$Companion                                         : loaded 3 times (x 71B)
Class com.amazon.ion.system.IonBinaryWriterBuilder                                    : loaded 3 times (x 99B)
Class kotlin.collections.CollectionsKt___CollectionsKt$asSequence$$inlined$Sequence$1 : loaded 3 times (x 75B)
Class kotlin.text.CharsKt__CharKt                                                     : loaded 3 times (x 71B)
Class com.android.builder.model.v2.ide.ProjectInfo                                    : loaded 3 times (x 70B)
Class com.amazon.ion.impl._Private_IonBinaryWriterBuilder$Mutable                     : loaded 3 times (x 115B)
Class com.amazon.ion.impl.bin.IonRawBinaryWriter$StreamCloseMode                      : loaded 3 times (x 79B)
Class org.jetbrains.plugins.gradle.model.tests.ExternalTestsModel                     : loaded 3 times (x 70B)
Class org.gradle.internal.exceptions.DefaultMultiCauseException                       : loaded 3 times (x 95B)
Class org.gradle.tooling.internal.adapter.WeakIdentityHashMap$WeakKey                 : loaded 3 times (x 79B)
Class org.gradle.tooling.internal.adapter.ProtocolToModelAdapter$SafeMethodInvoker    : loaded 3 times (x 76B)
Class org.gradle.tooling.model.idea.IdeaLanguageLevel                                 : loaded 3 times (x 70B)
Class kotlin.ranges.RangesKt___RangesKt                                               : loaded 3 times (x 71B)
Class com.android.ide.common.repository.AgpVersion$Companion$WhenMappings             : loaded 3 times (x 71B)
Class com.amazon.ion.impl.bin.IonManagedBinaryWriter$UserState$4                      : loaded 3 times (x 85B)
Class org.jetbrains.kotlin.idea.gradleTooling.model.kapt.KaptGradleModel              : loaded 3 times (x 70B)
Class org.jetbrains.plugins.gradle.model.ClasspathEntryModel                          : loaded 3 times (x 70B)
Class org.jetbrains.kotlin.idea.gradleTooling.KotlinDslScriptAdditionalTask           : loaded 3 times (x 70B)
Class com.amazon.ion.system.IonSystemBuilder                                          : loaded 3 times (x 75B)
Class com.amazon.ion.IonDecimal                                                       : loaded 3 times (x 70B)
Class kotlin.KotlinNullPointerException                                               : loaded 3 times (x 83B)
Class kotlin.sequences.SequenceBuilderIterator                                        : loaded 3 times (x 85B)
Class kotlin.ranges.OpenEndRange                                                      : loaded 3 times (x 70B)
Class org.jetbrains.plugins.gradle.model.GradleConfiguration                          : loaded 3 times (x 70B)
Class com.amazon.ion.BufferConfiguration$OversizedValueHandler                        : loaded 3 times (x 70B)
Class com.amazon.ion.impl._Private_IonSystem                                          : loaded 3 times (x 70B)
Class com.amazon.ion.impl.bin.utf8.Utf8StringEncoderPool                              : loaded 3 times (x 74B)
Class com.amazon.ion.IonTimestamp                                                     : loaded 3 times (x 70B)
Class com.amazon.ion.impl.bin.PooledBlockAllocatorProvider$PooledBlockAllocator       : loaded 3 times (x 81B)
Class com.android.ide.gradle.model.AdditionalClassifierArtifactsModelParameter        : loaded 3 times (x 70B)
Class org.gradle.tooling.model.ProjectModel                                           : loaded 3 times (x 70B)
Class org.gradle.api.JavaVersion                                                      : loaded 3 times (x 79B)
Class com.intellij.gradle.toolingExtension.impl.model.dependencyModel.DependencyWriteContext: loaded 3 times (x 72B)
Class com.intellij.gradle.toolingExtension.impl.model.projectModel.GradleExternalProjectSerializationService$ReadContext: loaded 3 times (x 73B)
Class org.jetbrains.plugins.gradle.tooling.serialization.GradleExtensionsSerializationService: loaded 3 times (x 77B)
Class kotlin.collections.CollectionsKt__IterablesKt                                   : loaded 3 times (x 71B)
Class kotlin.coroutines.intrinsics.CoroutineSingletons                                : loaded 3 times (x 79B)
Class org.gradle.tooling.model.Dependency                                             : loaded 3 times (x 70B)
Class kotlin.collections.MapsKt                                                       : loaded 3 times (x 71B)
Class kotlin.jvm.internal.Intrinsics                                                  : loaded 3 times (x 71B)
Class org.gradle.internal.time.CountdownTimer                                         : loaded 3 times (x 70B)
Class org.gradle.internal.exceptions.MultiCauseException                              : loaded 3 times (x 70B)
Class com.amazon.ion.IonDatagram                                                      : loaded 3 times (x 70B)
Class com.amazon.ion.impl._Private_RecyclingStack$ElementFactory                      : loaded 3 times (x 70B)
Class com.amazon.ion.impl.bin.IonManagedBinaryWriter$ImportedSymbolResolverMode$1$1   : loaded 3 times (x 78B)
Class com.amazon.ion.impl._Private_ByteTransferSink                                   : loaded 3 times (x 70B)
Class kotlin.coroutines.intrinsics.IntrinsicsKt                                       : loaded 3 times (x 71B)
Class kotlin.jvm.internal.markers.KMutableCollection                                  : loaded 3 times (x 70B)
Class kotlin.reflect.KAnnotatedElement                                                : loaded 3 times (x 70B)
Class kotlin.collections.EmptyMap                                                     : loaded 3 times (x 108B)
Class kotlin.text.StringsKt__RegexExtensionsJVMKt                                     : loaded 3 times (x 71B)
Class com.android.builder.model.v2.ide.AbstractArtifact                               : loaded 3 times (x 70B)
Class com.google.common.collect.ComparisonChain$1                                     : loaded 3 times (x 81B)
Class com.amazon.ion.IonCatalog                                                       : loaded 3 times (x 70B)
Class kotlin.collections.ArraysKt___ArraysJvmKt                                       : loaded 3 times (x 71B)
Class kotlin.collections.CollectionsKt__CollectionsKt                                 : loaded 3 times (x 71B)
Class kotlin.text.MatcherMatchResult$groups$1                                         : loaded 3 times (x 151B)
Class com.intellij.openapi.externalSystem.model.project.dependencies.ResolutionState  : loaded 3 times (x 79B)
Class com.android.builder.model.v2.ide.TestedTargetVariant                            : loaded 3 times (x 70B)
Class kotlin.ranges.IntRange$Companion                                                : loaded 3 times (x 71B)
Class com.amazon.ion.impl._Private_Utils                                              : loaded 3 times (x 71B)
Class com.intellij.gradle.toolingExtension.model.repositoryModel.ProjectRepositoriesModel: loaded 3 times (x 70B)
Class gnu.trove.TObjectCanonicalHashingStrategy                                       : loaded 3 times (x 78B)
Class org.jetbrains.plugins.gradle.model.GradleProperty                               : loaded 3 times (x 70B)
Class com.android.builder.model.v2.models.VariantDependencies                         : loaded 3 times (x 70B)
Class com.android.utils.StringHelper                                                  : loaded 3 times (x 71B)
Class kotlin.io.NoSuchFileException                                                   : loaded 3 times (x 82B)
Class com.amazon.ion.IonLoader                                                        : loaded 3 times (x 70B)
Class org.jetbrains.kotlin.tooling.core.HasMutableExtras                              : loaded 3 times (x 70B)
Class kotlin.text.Regex$Companion                                                     : loaded 3 times (x 71B)
Class kotlin.enums.EnumEntriesKt                                                      : loaded 3 times (x 71B)
Class kotlin.collections.CollectionsKt                                                : loaded 3 times (x 71B)
Class org.jetbrains.plugins.gradle.model.ExternalLibraryDependency                    : loaded 3 times (x 70B)
Class kotlin.collections.CollectionsKt__MutableCollectionsJVMKt                       : loaded 3 times (x 71B)
Class com.intellij.gradle.toolingExtension.impl.model.utilTurnOffDefaultTasksModel.TurnOffDefaultTasks: loaded 3 times (x 70B)
Class kotlin.text.StringsKt___StringsKt                                               : loaded 3 times (x 71B)
Class com.amazon.ion.IonBool                                                          : loaded 3 times (x 70B)
Class com.amazon.ion.impl.bin.utf8.Utf8StringEncoder                                  : loaded 3 times (x 80B)
Class [Lcom.amazon.ion.impl.bin.IonManagedBinaryWriter$UserState;                     : loaded 3 times (x 69B)
Class org.gradle.tooling.internal.adapter.ProtocolToModelAdapter$ReflectionMethodInvoker: loaded 3 times (x 76B)
Class com.amazon.ion.IonValue                                                         : loaded 3 times (x 70B)
Class gnu.trove.TObjectHashingStrategy                                                : loaded 3 times (x 70B)
Class kotlin.collections.MapsKt__MapWithDefaultKt                                     : loaded 3 times (x 71B)
Class com.amazon.ion.IonNumber                                                        : loaded 3 times (x 70B)
Class com.amazon.ion.impl.lite.IonTextLite                                            : loaded 3 times (x 181B)
Class com.amazon.ion.impl.lite.IonLobLite                                             : loaded 3 times (x 184B)
Class com.intellij.gradle.toolingExtension.impl.model.sourceSetModel.GradleSourceSetSerialisationService$SourceSetModelReadContext: loaded 3 times (x 72B)
Class kotlin.ranges.IntProgressionIterator                                            : loaded 3 times (x 82B)
Class org.gradle.tooling.internal.adapter.ProtocolToModelAdapter$InvocationHandlerImpl: loaded 3 times (x 77B)
Class kotlin.jvm.internal.FunctionReference                                           : loaded 3 times (x 122B)
Class org.jetbrains.plugins.gradle.tooling.ModelBuilderService$Parameter              : loaded 3 times (x 70B)
Class [Lkotlin.coroutines.intrinsics.CoroutineSingletons;                             : loaded 3 times (x 69B)
Class kotlin.jvm.internal.FunctionBase                                                : loaded 3 times (x 70B)
Class kotlin.collections.ArraysKt___ArraysKt                                          : loaded 3 times (x 71B)
Class kotlin.enums.EnumEntriesList                                                    : loaded 3 times (x 223B)
Class kotlin.collections.MapsKt___MapsKt                                              : loaded 3 times (x 71B)
Class com.android.builder.model.v2.models.Versions$Version                            : loaded 3 times (x 70B)
Class kotlin.io.FilesKt                                                               : loaded 3 times (x 71B)
Class com.amazon.ion.IonClob                                                          : loaded 3 times (x 70B)
Class org.jetbrains.plugins.gradle.model.AnnotationProcessingConfig                   : loaded 3 times (x 70B)
Class gnu.trove.Equality                                                              : loaded 3 times (x 70B)
Class com.amazon.ion.impl.bin.IonRawBinaryWriter$ContainerType                        : loaded 3 times (x 79B)
Class com.amazon.ion.impl._Private_IonTextWriterBuilder$Mutable                       : loaded 3 times (x 102B)
Class kotlin.annotation.Retention                                                     : loaded 3 times (x 70B)
Class kotlin.reflect.KDeclarationContainer                                            : loaded 3 times (x 70B)
Class kotlin.comparisons.ComparisonsKt___ComparisonsJvmKt                             : loaded 3 times (x 71B)
Class com.android.builder.model.v2.ide.ApiVersion                                     : loaded 3 times (x 70B)
Class kotlin.text.StringsKt___StringsJvmKt                                            : loaded 3 times (x 71B)
Class org.jetbrains.plugins.gradle.tooling.util.IntObjectMap$ObjectFactory            : loaded 3 times (x 70B)
Class com.android.builder.model.v2.ide.AndroidLibraryData                             : loaded 3 times (x 70B)
Class kotlin.collections.CollectionsKt__IteratorsJVMKt                                : loaded 3 times (x 71B)
Class com.amazon.ion.system.IonReaderBuilder                                          : loaded 3 times (x 95B)
Class com.amazon.ion.IonReader                                                        : loaded 3 times (x 70B)
Class org.gradle.tooling.internal.adapter.ViewBuilder                                 : loaded 3 times (x 70B)
Class org.gradle.tooling.model.idea.IdeaModuleDependency                              : loaded 3 times (x 70B)
Class org.gradle.internal.exceptions.NonGradleCauseExceptionsHolder                   : loaded 3 times (x 70B)
Class org.gradle.tooling.model.build.GradleEnvironment                                : loaded 3 times (x 70B)
Class org.jetbrains.plugins.gradle.tooling.util.ObjectCollector$Processor             : loaded 3 times (x 70B)
Class gnu.trove.TObjectHash                                                           : loaded 3 times (x 94B)
Class kotlin.collections.CollectionsKt___CollectionsKt                                : loaded 3 times (x 71B)
Class kotlin.annotation.Target                                                        : loaded 3 times (x 70B)
Class kotlin.collections.EmptySet                                                     : loaded 3 times (x 122B)
Class kotlin.jvm.functions.Function4                                                  : loaded 3 times (x 70B)
Class com.amazon.ion.impl.bin.AbstractIonWriter                                       : loaded 3 times (x 161B)
Class com.android.builder.model.v2.ide.TestInfo$Execution                             : loaded 3 times (x 79B)
Class org.gradle.tooling.internal.adapter.WeakIdentityHashMap$AbsentValueProvider     : loaded 3 times (x 70B)
Class com.android.builder.model.v2.dsl.BuildType                                      : loaded 3 times (x 70B)
Class com.android.ide.gradle.model.dependencies.Coordinates                           : loaded 3 times (x 70B)
Class kotlin.collections.MapsKt___MapsJvmKt                                           : loaded 3 times (x 71B)
Class kotlin.Result                                                                   : loaded 3 times (x 72B)
Class com.android.builder.model.v2.models.VariantDependenciesAdjacencyList            : loaded 3 times (x 70B)
Class kotlin.coroutines.CoroutineContext                                              : loaded 3 times (x 70B)
Class com.amazon.ion.impl.SymbolTableAsStruct                                         : loaded 3 times (x 70B)
Class org.jetbrains.plugins.gradle.model.IntelliJSettings                             : loaded 3 times (x 70B)
Class org.jetbrains.kotlin.idea.gradleTooling.KotlinSourceSetContainer                : loaded 3 times (x 70B)
Class com.amazon.ion.impl._Private_Utils$1                                            : loaded 3 times (x 89B)
Class com.amazon.ion.impl.lite.IonSequenceLite                                        : loaded 3 times (x 432B)
Class org.jetbrains.plugins.gradle.model.GradleSourceSetModel                         : loaded 3 times (x 70B)
Class com.intellij.gradle.toolingExtension.impl.model.sourceSetDependencyModel.GradleSourceSetDependencySerialisationService: loaded 3 times (x 77B)
Class org.jetbrains.plugins.gradle.tooling.serialization.internal.IdeaProjectSerializationService$WriteContext: loaded 3 times (x 72B)
Class kotlin.coroutines.jvm.internal.DebugProbesKt                                    : loaded 3 times (x 71B)
Class kotlin.jvm.functions.Function2                                                  : loaded 3 times (x 70B)
Class com.amazon.ion.impl.IonWriterSystem                                             : loaded 3 times (x 171B)
Class com.amazon.ion.impl.bin.Symbols$2                                               : loaded 3 times (x 107B)
Class com.amazon.ion.impl.bin._Private_IonManagedWriter                               : loaded 3 times (x 70B)
Class com.intellij.gradle.toolingExtension.impl.model.sourceSetModel.GradleSourceSetSerialisationService$SourceSetModelWriteContext: loaded 3 times (x 72B)
Class com.android.ide.gradle.model.GradlePropertiesModel                              : loaded 3 times (x 70B)
Class org.gradle.tooling.internal.adapter.WeakIdentityHashMap                         : loaded 3 times (x 76B)
Class kotlin.sequences.TransformingSequence$iterator$1                                : loaded 3 times (x 79B)
Class kotlin.Pair                                                                     : loaded 3 times (x 72B)
Class org.gradle.tooling.internal.adapter.ProtocolToModelAdapter$SupportedPropertyInvoker: loaded 3 times (x 76B)
Class org.gradle.tooling.model.UnsupportedMethodException                             : loaded 3 times (x 82B)
Class kotlin.KotlinNothingValueException                                              : loaded 3 times (x 82B)
Class com.android.builder.model.v2.models.ndk.NativeModelBuilderParameter             : loaded 3 times (x 70B)
Class com.amazon.ion.impl.bin.BlockAllocatorProvider                                  : loaded 3 times (x 72B)
Class kotlin.jvm.functions.Function1                                                  : loaded 3 times (x 70B)
Class kotlin.collections.AbstractMutableList                                          : loaded 3 times (x 206B)
Class org.gradle.tooling.GradleConnectionException                                    : loaded 3 times (x 83B)
Class com.amazon.ion.IonException                                                     : loaded 3 times (x 84B)
Class com.amazon.ion.impl.lite.IonContainerLite                                       : loaded 3 times (x 248B)
Class com.amazon.ion.IonBufferConfiguration$OversizedSymbolTableHandler               : loaded 3 times (x 70B)
Class com.amazon.ion.facet.Faceted                                                    : loaded 3 times (x 70B)
Class com.amazon.ion.system.IonWriterBuilder                                          : loaded 3 times (x 74B)
Class org.jetbrains.plugins.gradle.tooling.serialization.ToolingStreamApiUtils        : loaded 3 times (x 71B)
Class com.amazon.ion.impl.bin.AbstractIonWriter$WriteValueOptimization                : loaded 3 times (x 79B)
Class com.amazon.ion.util.GzipStreamInterceptor                                       : loaded 3 times (x 85B)
Class kotlin.collections.CollectionsKt__MutableCollectionsKt                          : loaded 3 times (x 71B)
Class org.gradle.tooling.model.idea.IdeaDependency                                    : loaded 3 times (x 70B)
Class com.amazon.ion.impl.bin.IonManagedBinaryWriter$UserState$3                      : loaded 3 times (x 85B)
Class org.gradle.tooling.internal.adapter.ProtocolToModelAdapter$1                    : loaded 3 times (x 75B)
Class org.jetbrains.plugins.gradle.tooling.serialization.ExternalTestsSerializationService$ReadContext: loaded 3 times (x 72B)
Class kotlin.collections.ArraysUtilJVM                                                : loaded 3 times (x 71B)
Class kotlin.jvm.functions.Function0                                                  : loaded 3 times (x 70B)
Class kotlin.sequences.FlatteningSequence$iterator$1                                  : loaded 3 times (x 79B)
Class com.android.ide.common.repository.AgpVersion$Companion                          : loaded 3 times (x 71B)
Class com.amazon.ion.impl.BlockedBuffer$BufferedOutputStream                          : loaded 3 times (x 90B)
Class com.amazon.ion.impl.bin.utf8.Poolable                                           : loaded 3 times (x 79B)
Class com.amazon.ion.IonSymbol                                                        : loaded 3 times (x 70B)
Class com.amazon.ion.impl.bin.IonBinaryWriterAdapter$Factory                          : loaded 3 times (x 70B)
Class [Lcom.amazon.ion.SymbolTable;                                                   : loaded 3 times (x 69B)
Class com.amazon.ion.impl.bin.IonRawBinaryWriter$1                                    : loaded 3 times (x 77B)
Class kotlin.io.TerminateException                                                    : loaded 3 times (x 82B)
Class kotlin.io.FilesKt__FilePathComponentsKt                                         : loaded 3 times (x 71B)
Class com.android.builder.model.v2.ide.CodeShrinker                                   : loaded 3 times (x 79B)
Class org.gradle.tooling.internal.adapter.ProtocolToModelAdapter$ViewDecoration       : loaded 3 times (x 70B)
Class com.amazon.ion.impl._Private_RecyclingQueue$Recycler                            : loaded 3 times (x 70B)
Class kotlin.reflect.KCallable                                                        : loaded 3 times (x 70B)
Class org.jetbrains.plugins.gradle.tooling.serialization.AnnotationProcessingModelSerializationService$WriteContext: loaded 3 times (x 72B)
Class org.gradle.tooling.internal.adapter.ProtocolToModelAdapter$ViewGraphDetails$1   : loaded 3 times (x 77B)
Class kotlin.ranges.RangesKt                                                          : loaded 3 times (x 71B)
Class com.amazon.ion.impl.lite.IonStructLite                                          : loaded 3 times (x 298B)
Class com.amazon.ion.impl._Private_ReaderWriter                                       : loaded 3 times (x 70B)
Class com.amazon.ion.impl.bin.AbstractSymbolTable                                     : loaded 3 times (x 107B)
Class com.amazon.ion.Decimal                                                          : loaded 3 times (x 133B)
Class com.amazon.ion.impl.bin._Private_IonManagedBinaryWriterBuilder$AllocatorMode$1  : loaded 3 times (x 80B)
Class kotlin.collections.AbstractIterator                                             : loaded 3 times (x 83B)
Class kotlin.text.CharsKt                                                             : loaded 3 times (x 71B)
Class com.amazon.ion.impl.lite.ContainerlessContext                                   : loaded 3 times (x 80B)
Class org.jetbrains.plugins.gradle.tooling.serialization.GradleExtensionsSerializationService$ReadContext: loaded 3 times (x 72B)
Class [Lcom.android.builder.model.v2.ide.AaptOptions$Namespacing;                     : loaded 3 times (x 69B)
Class org.gradle.tooling.model.kotlin.dsl.KotlinDslScriptModel                        : loaded 3 times (x 70B)
Class com.intellij.gradle.toolingExtension.impl.util.collectionUtil.GradleCollections : loaded 3 times (x 71B)
Class org.jetbrains.plugins.gradle.tooling.serialization.ProjectDependenciesSerializationService$WriteContext: loaded 3 times (x 72B)
Class org.jetbrains.plugins.gradle.tooling.serialization.ProjectDependenciesSerializationService: loaded 3 times (x 77B)
Class org.gradle.tooling.internal.adapter.CollectionMapper                            : loaded 3 times (x 73B)
Class com.intellij.compose.ide.plugin.gradleTooling.rt.ComposeResourcesModel          : loaded 3 times (x 70B)
Class org.jetbrains.kotlin.idea.gradleTooling.KotlinGradlePluginVersion               : loaded 3 times (x 70B)
Class org.gradle.tooling.internal.adapter.ProtocolToModelAdapter$DefaultViewBuilder   : loaded 3 times (x 80B)
Class kotlin.sequences.SequencesKt___SequencesJvmKt                                   : loaded 3 times (x 71B)
Class kotlin.Unit                                                                     : loaded 3 times (x 71B)
Class kotlin.jvm.internal.markers.KMutableIterable                                    : loaded 3 times (x 70B)
Class com.amazon.ion.impl.lite.IonFloatLite                                           : loaded 3 times (x 186B)
Class com.amazon.ion.impl._Private_IonTextWriterBuilder                               : loaded 3 times (x 102B)
Class com.amazon.ion.impl.bin._Private_IonManagedBinaryWriterBuilder$AllocatorMode$2  : loaded 3 times (x 80B)
Class com.android.ide.gradle.model.ArtifactIdentifierImpl                             : loaded 3 times (x 77B)
Class [Lcom.android.builder.model.v2.ide.LibraryType;                                 : loaded 3 times (x 69B)
Class com.android.builder.model.v2.ide.LibraryType                                    : loaded 3 times (x 79B)
Class kotlin.TuplesKt                                                                 : loaded 3 times (x 71B)
Class com.intellij.gradle.toolingExtension.impl.model.sourceSetModel.GradleSourceSetSerialisationService$Companion: loaded 3 times (x 71B)
Class kotlin.collections.CollectionsKt__ReversedViewsKt                               : loaded 3 times (x 71B)
Class [Lcom.android.builder.model.v2.ide.ProjectType;                                 : loaded 3 times (x 69B)
Class kotlin.sequences.SequencesKt__SequenceBuilderKt                                 : loaded 3 times (x 71B)
Class com.amazon.ion.system.IonWriterBuilderBase                                      : loaded 3 times (x 83B)
Class com.amazon.ion.impl._Private_RecyclingQueue                                     : loaded 3 times (x 80B)
Class kotlin.collections.CollectionsKt___CollectionsJvmKt                             : loaded 3 times (x 71B)
Class kotlin.jvm.internal.FunctionReferenceImpl                                       : loaded 3 times (x 122B)
Class com.amazon.ion.impl._Private_RecyclingStack                                     : loaded 3 times (x 79B)
Class com.amazon.ion.impl._Private_IonReaderBuilder                                   : loaded 3 times (x 97B)
Class com.amazon.ion.IonMutableCatalog                                                : loaded 3 times (x 70B)
Class com.amazon.ion.impl.bin.BlockAllocator                                          : loaded 3 times (x 80B)
Class com.amazon.ion.impl.IonWriterSystemTextMarkup                                   : loaded 3 times (x 192B)
Class kotlin.io.FilesKt__FileTreeWalkKt                                               : loaded 3 times (x 71B)
Class kotlin.jvm.internal.CollectionToArray                                           : loaded 3 times (x 71B)
Class org.jetbrains.plugins.gradle.ExternalDependencyId                               : loaded 3 times (x 70B)
Class org.gradle.util.internal.DefaultGradleVersion                                   : loaded 3 times (x 82B)
Class gnu.trove.THash                                                                 : loaded 3 times (x 81B)
Class com.intellij.gradle.toolingExtension.impl.model.buildScriptClasspathModel.GradleBuildScriptClasspathSerializationService$WriteContext: loaded 3 times (x 72B)
Class org.gradle.tooling.internal.adapter.ProtocolToModelAdapter                      : loaded 3 times (x 80B)
Class org.jetbrains.plugins.gradle.model.GradleBuildScriptClasspathModel              : loaded 3 times (x 70B)
Class kotlin.Result$Companion                                                         : loaded 3 times (x 71B)
Class kotlin.collections.ArraysKt___ArraysKt$asSequence$$inlined$Sequence$1           : loaded 3 times (x 75B)
Class org.gradle.tooling.internal.adapter.MethodInvoker                               : loaded 3 times (x 70B)
Class kotlin.coroutines.jvm.internal.BaseContinuationImpl                             : loaded 3 times (x 87B)
Class com.android.builder.model.v2.ide.AndroidGradlePluginProjectFlags$BooleanFlag    : loaded 3 times (x 79B)
Class kotlin.collections.MapsKt__MapsJVMKt                                            : loaded 3 times (x 71B)
Class kotlin.collections.EmptyList                                                    : loaded 3 times (x 174B)
Class com.android.builder.model.v2.ide.SourceProvider                                 : loaded 3 times (x 70B)
Class com.android.builder.model.v2.ide.BundleInfo                                     : loaded 3 times (x 70B)
Class kotlin.comparisons.ComparisonsKt___ComparisonsKt                                : loaded 3 times (x 71B)
Class org.gradle.internal.time.DefaultTimer                                           : loaded 3 times (x 80B)
Class kotlin.comparisons.ComparisonsKt                                                : loaded 3 times (x 71B)
Class kotlin.text.CharsKt__CharJVMKt                                                  : loaded 3 times (x 71B)
Class kotlin.sequences.FilteringSequence                                              : loaded 3 times (x 75B)
Class com.amazon.ion.IonStruct                                                        : loaded 3 times (x 70B)
Class com.amazon.ion.impl.bin.IonManagedBinaryWriter$SymbolState                      : loaded 3 times (x 80B)
Class kotlin.coroutines.Continuation                                                  : loaded 3 times (x 70B)
Class kotlin.sequences.SequencesKt__SequencesKt                                       : loaded 3 times (x 71B)
Class com.amazon.ion.impl.bin.PooledBlockAllocatorProvider$PooledBlockAllocator$1     : loaded 3 times (x 79B)
Class com.amazon.ion.impl.lite.IonStringLite                                          : loaded 3 times (x 212B)
Class kotlin.collections.SetsKt___SetsKt                                              : loaded 3 times (x 71B)
Class kotlin.ranges.RangesKt__RangesKt                                                : loaded 3 times (x 71B)
Class com.android.builder.model.v2.ide.BasicVariant                                   : loaded 3 times (x 70B)
Class com.android.builder.model.v2.ide.AndroidGradlePluginProjectFlags                : loaded 3 times (x 70B)
Class [Lcom.android.builder.model.v2.ide.AndroidGradlePluginProjectFlags$BooleanFlag; : loaded 3 times (x 69B)
Class kotlin.comparisons.ComparisonsKt__ComparisonsKt                                 : loaded 3 times (x 71B)
Class org.gradle.tooling.internal.adapter.ProtocolToModelAdapter$ViewKey              : loaded 3 times (x 72B)
Class kotlin.sequences.SequencesKt__SequencesKt$sequenceOf$1$1                        : loaded 3 times (x 79B)
Class com.google.common.base.Objects                                                  : loaded 3 times (x 71B)
Class com.amazon.ion.UnsupportedIonVersionException                                   : loaded 3 times (x 85B)
Class [Lcom.amazon.ion.impl.bin.IonRawBinaryWriter$StreamFlushMode;                   : loaded 3 times (x 69B)
Class org.gradle.tooling.model.internal.ImmutableDomainObjectSet                      : loaded 3 times (x 155B)
Class org.jetbrains.plugins.gradle.tooling.util.IntObjectMap$1                        : loaded 3 times (x 77B)
Class org.jetbrains.kotlin.tooling.core.Extras                                        : loaded 3 times (x 70B)
Class com.amazon.ion.impl.bin.Block                                                   : loaded 3 times (x 79B)
Class com.android.builder.model.v2.CustomSourceDirectory                              : loaded 3 times (x 70B)
Class kotlin.sequences.FilteringSequence$iterator$1                                   : loaded 3 times (x 79B)
Class com.amazon.ion.impl._Private_IonValue                                           : loaded 3 times (x 70B)
Class com.android.ide.common.repository.AgpVersion                                    : loaded 3 times (x 75B)
Class com.intellij.gradle.toolingExtension.impl.model.taskModel.GradleTaskSerialisationService: loaded 3 times (x 76B)
Class kotlin.ResultKt                                                                 : loaded 3 times (x 71B)
Class kotlin.Triple                                                                   : loaded 3 times (x 72B)
Class org.gradle.tooling.internal.adapter.ProtocolToModelAdapter$PropertyCachingMethodInvoker: loaded 3 times (x 76B)
Class kotlin.sequences.SequencesKt__SequenceBuilderKt$sequence$$inlined$Sequence$1    : loaded 3 times (x 75B)
Class com.android.ide.gradle.model.LegacyV1AgpVersionModel                            : loaded 3 times (x 70B)
Class kotlin.text.Regex                                                               : loaded 3 times (x 72B)
Class com.amazon.ion.impl.bin.IonManagedBinaryWriter$UserState$2                      : loaded 3 times (x 85B)
Class kotlin.text.StringsKt__StringBuilderJVMKt                                       : loaded 3 times (x 71B)
Class com.amazon.ion.impl.bin.utf8.Utf8StringEncoderPool$1                            : loaded 3 times (x 76B)
Class com.amazon.ion.impl.lite.IonLoaderLite                                          : loaded 3 times (x 82B)
Class com.amazon.ion.impl.lite.IonContext                                             : loaded 3 times (x 70B)
Class com.amazon.ion.impl.IonWriterSystemText                                         : loaded 3 times (x 190B)
Class [Lcom.amazon.ion.impl.bin.IonManagedBinaryWriter$ImportedSymbolResolverMode;    : loaded 3 times (x 69B)
Class com.amazon.ion.ValueFactory                                                     : loaded 3 times (x 70B)
Class com.google.common.collect.Lists$ReverseList$1                                   : loaded 3 times (x 99B)
Class gnu.trove.PrimeFinder                                                           : loaded 3 times (x 71B)
Class com.android.builder.model.v2.models.ProjectSyncIssues                           : loaded 3 times (x 70B)
Class kotlin.Result$Failure                                                           : loaded 3 times (x 72B)
Class kotlin.collections.ArraysKt__ArraysKt                                           : loaded 3 times (x 71B)
Class org.jetbrains.plugins.gradle.model.ExternalTask                                 : loaded 3 times (x 70B)
Class com.amazon.ion.system.SimpleCatalog                                             : loaded 3 times (x 91B)
Class com.amazon.ion.BufferConfiguration                                              : loaded 3 times (x 73B)
Class org.gradle.internal.time.DefaultCountdownTimer                                  : loaded 3 times (x 88B)
Class kotlin.collections.AbstractCollection                                           : loaded 3 times (x 117B)
Class kotlin.collections.AbstractList                                                 : loaded 3 times (x 197B)
Class org.gradle.tooling.model.Element                                                : loaded 3 times (x 70B)
Class org.gradle.tooling.internal.adapter.ProtocolToModelAdapter$NoOpDecoration       : loaded 3 times (x 79B)
Class org.gradle.tooling.internal.adapter.TypeInspector                               : loaded 3 times (x 73B)
Class org.jetbrains.plugins.gradle.model.GradleSourceSetDependencyModel               : loaded 3 times (x 70B)
Class com.amazon.ion.impl.bin.IonManagedBinaryWriter$SymbolResolver                   : loaded 3 times (x 70B)
Class com.amazon.ion.impl._Private_SymbolToken                                        : loaded 3 times (x 70B)
Class com.amazon.ion.impl.bin._Private_IonManagedBinaryWriterBuilder$AllocatorMode    : loaded 3 times (x 80B)
Class kotlin.coroutines.jvm.internal.RestrictedSuspendLambda                          : loaded 3 times (x 91B)
Class kotlin.sequences.SequencesKt__SequencesJVMKt                                    : loaded 3 times (x 71B)
Class kotlin.collections.SetsKt__SetsJVMKt                                            : loaded 3 times (x 71B)
Class kotlin.Function                                                                 : loaded 3 times (x 70B)
Class org.jetbrains.plugins.gradle.model.GradleTaskModel                              : loaded 3 times (x 70B)
Class org.jetbrains.plugins.gradle.tooling.util.ObjectCollector                       : loaded 3 times (x 72B)
Class org.gradle.tooling.internal.adapter.ProtocolToModelAdapter$AdaptingMethodInvoker: loaded 3 times (x 76B)
Class org.gradle.tooling.internal.gradle.DefaultBuildIdentifier                       : loaded 3 times (x 79B)
Class com.amazon.ion.UnexpectedEofException                                           : loaded 3 times (x 84B)
Class com.android.builder.model.v2.dsl.ProductFlavor                                  : loaded 3 times (x 70B)
Class kotlin.io.FilePathComponents                                                    : loaded 3 times (x 72B)
Class [Lcom.android.builder.model.v2.ide.TestInfo$Execution;                          : loaded 3 times (x 69B)
Class [Lcom.amazon.ion.util.GzipStreamInterceptor;                                    : loaded 3 times (x 69B)
Class com.amazon.ion.impl._Private_IonReaderBuilder$Mutable                           : loaded 3 times (x 97B)
Class com.amazon.ion.IonString                                                        : loaded 3 times (x 70B)
Class org.jetbrains.plugins.gradle.model.FileCollectionDependency                     : loaded 3 times (x 70B)
Class kotlin.io.FileAlreadyExistsException                                            : loaded 3 times (x 82B)
Class kotlin.internal.ProgressionUtilKt                                               : loaded 3 times (x 71B)
Class org.gradle.internal.time.Clock                                                  : loaded 3 times (x 70B)
Class com.intellij.gradle.toolingExtension.impl.model.utilDummyModel.DummyModel       : loaded 3 times (x 70B)
Class com.intellij.openapi.externalSystem.model.project.IExternalSystemSourceType     : loaded 3 times (x 70B)
Class kotlin.collections.EmptyIterator                                                : loaded 3 times (x 89B)
Class kotlin.text.StringsKt__RegexExtensionsKt                                        : loaded 3 times (x 71B)
Class com.amazon.ion.impl.lite.IonTimestampLite                                       : loaded 3 times (x 192B)
Class com.amazon.ion.impl.LocalSymbolTableAsStruct                                    : loaded 3 times (x 126B)
Class com.intellij.gradle.toolingExtension.impl.model.buildScriptClasspathModel.GradleBuildScriptClasspathSerializationService: loaded 3 times (x 77B)
Class kotlin.jvm.internal.ArrayIterator                                               : loaded 3 times (x 79B)
Class kotlin.sequences.DistinctIterator                                               : loaded 3 times (x 83B)
Class com.amazon.ion.impl.bin.IonManagedBinaryWriter$ImportedSymbolResolverMode       : loaded 3 times (x 80B)
Class com.amazon.ion.impl.LocalSymbolTable$Factory                                    : loaded 3 times (x 77B)
Class com.amazon.ion.IonFloat                                                         : loaded 3 times (x 70B)
Class com.amazon.ion.impl.lite.IonListLite                                            : loaded 3 times (x 490B)
Class com.amazon.ion.impl.lite.IonSexpLite                                            : loaded 3 times (x 490B)
Class org.jetbrains.plugins.gradle.tooling.serialization.ProjectDependenciesSerializationService$ReadContext: loaded 3 times (x 72B)
Class kotlin.jvm.internal.DefaultConstructorMarker                                    : loaded 3 times (x 71B)
Class com.intellij.openapi.externalSystem.model.project.dependencies.ProjectDependencies: loaded 3 times (x 70B)
Class org.gradle.internal.time.TimeSource$1                                           : loaded 3 times (x 77B)
Class com.android.builder.model.v2.dsl.BaseConfig                                     : loaded 3 times (x 70B)
Class kotlin.sequences.DistinctSequence                                               : loaded 3 times (x 75B)
Class [Lcom.amazon.ion.impl.bin.IonRawBinaryWriter$PreallocationMode;                 : loaded 3 times (x 69B)
Class com.amazon.ion.util._Private_FastAppendable                                     : loaded 3 times (x 70B)
Class com.amazon.ion.impl._Private_IonReaderBuilder$TwoElementInputStream             : loaded 3 times (x 92B)
Class com.amazon.ion.impl.lite.IonIntLite                                             : loaded 3 times (x 189B)
Class org.jetbrains.kotlin.tooling.core.HasExtras                                     : loaded 3 times (x 70B)
Class com.intellij.gradle.toolingExtension.impl.model.sourceSetModel.GradleSourceSetSerialisationService: loaded 3 times (x 77B)
Class com.google.common.collect.ComparisonChain                                       : loaded 3 times (x 80B)
Class com.android.builder.model.v2.ide.ProjectType                                    : loaded 3 times (x 79B)
Class kotlin.io.FileSystemException                                                   : loaded 3 times (x 82B)
Class com.android.builder.model.v2.ide.ComponentInfo                                  : loaded 3 times (x 70B)
Class org.gradle.tooling.model.ProjectIdentifier                                      : loaded 3 times (x 70B)
Class com.amazon.ion.IonBufferConfiguration                                           : loaded 3 times (x 73B)
Class com.amazon.ion.impl.bin.Symbols                                                 : loaded 3 times (x 71B)
Class org.gradle.tooling.model.idea.IdeaCompilerOutput                                : loaded 3 times (x 70B)
Class com.android.ide.gradle.model.artifacts.AdditionalClassifierArtifactsModel       : loaded 3 times (x 70B)
Class com.android.builder.model.Variant                                               : loaded 3 times (x 70B)
Class kotlin.text.MatchResult$DefaultImpls                                            : loaded 3 times (x 71B)
Class org.jetbrains.plugins.gradle.tooling.serialization.RepositoriesModelSerializationService: loaded 3 times (x 82B)
Class org.gradle.tooling.internal.gradle.GradleProjectIdentity                        : loaded 3 times (x 70B)
Class com.amazon.ion.impl.bin.IonManagedBinaryWriter$ImportedSymbolContext            : loaded 3 times (x 72B)
Class com.amazon.ion.IonSystem                                                        : loaded 3 times (x 70B)
Class org.gradle.internal.exceptions.ResolutionProvider                               : loaded 3 times (x 70B)
Class org.gradle.tooling.internal.adapter.ProtocolToModelAdapter$MixInMappingAction   : loaded 3 times (x 80B)
Class org.jetbrains.plugins.gradle.tooling.serialization.internal.adapter.Supplier    : loaded 3 times (x 70B)
Class [Lcom.amazon.ion.impl.bin.AbstractIonWriter$WriteValueOptimization;             : loaded 3 times (x 69B)
Class com.amazon.ion.IonSexp                                                          : loaded 3 times (x 70B)
Class com.android.builder.model.v2.ide.JavaCompileOptions                             : loaded 3 times (x 70B)
Class kotlin.ranges.ClosedRange                                                       : loaded 3 times (x 70B)
Class com.android.builder.model.v2.ide.JavaArtifact                                   : loaded 3 times (x 70B)
Class com.android.builder.model.ProjectSyncIssues                                     : loaded 3 times (x 70B)
Class com.amazon.ion.IonList                                                          : loaded 3 times (x 70B)
Class org.jetbrains.plugins.gradle.tooling.serialization.RepositoriesModelSerializationService$ReadContext: loaded 3 times (x 72B)
Class kotlin.enums.EnumEntries                                                        : loaded 3 times (x 70B)
Class org.gradle.tooling.internal.gradle.GradleBuildIdentity                          : loaded 3 times (x 70B)
Class org.jetbrains.plugins.gradle.tooling.serialization.SerializationService         : loaded 3 times (x 70B)
Class com.amazon.ion.ReadOnlyValueException                                           : loaded 3 times (x 84B)
Class com.android.builder.model.v2.ide.TestInfo                                       : loaded 3 times (x 70B)
Class com.amazon.ion.impl.LocalSymbolTable                                            : loaded 3 times (x 121B)
Class com.amazon.ion.impl.lite.IonBlobLite                                            : loaded 3 times (x 219B)
Class org.gradle.tooling.model.kotlin.dsl.KotlinDslScriptsModel                       : loaded 3 times (x 70B)
Class com.google.common.collect.Multimap                                              : loaded 3 times (x 70B)
Class org.gradle.internal.time.TimeSource                                             : loaded 3 times (x 70B)
Class gnu.trove.TObjectIntProcedure                                                   : loaded 3 times (x 70B)
Class org.jetbrains.plugins.gradle.tooling.serialization.internal.IdeaProjectSerializationService$WriteContext$8: loaded 3 times (x 83B)
Class com.amazon.ion.impl.bin.IonManagedBinaryWriter$UserState                        : loaded 3 times (x 85B)
Class com.amazon.ion.impl._Private_IonWriter                                          : loaded 3 times (x 70B)
Class com.amazon.ion.impl.bin._Private_IonManagedBinaryWriterBuilder                  : loaded 3 times (x 72B)
Class org.gradle.tooling.model.idea.IdeaDependencyScope                               : loaded 3 times (x 70B)
Class kotlin.text.StringsKt__StringsJVMKt                                             : loaded 3 times (x 71B)
Class kotlin.collections.IntIterator                                                  : loaded 3 times (x 82B)
Class com.google.common.collect.NullnessCasts                                         : loaded 3 times (x 71B)
Class kotlin.ranges.IntRange                                                          : loaded 3 times (x 93B)
Class com.intellij.gradle.toolingExtension.impl.model.projectModel.GradleExternalProjectSerializationService$WriteContext: loaded 3 times (x 73B)
Class com.amazon.ion.impl.bin.IonManagedBinaryWriter                                  : loaded 3 times (x 166B)
Class com.amazon.ion.impl.bin.WriteBuffer                                             : loaded 3 times (x 78B)
Class [Lorg.gradle.api.JavaVersion;                                                   : loaded 3 times (x 69B)
Class com.google.common.base.ExtraObjectsMethodsForWeb                                : loaded 3 times (x 71B)
Class org.jetbrains.plugins.gradle.model.RepositoryModels                             : loaded 3 times (x 70B)
Class com.amazon.ion.impl._Private_LocalSymbolTable                                   : loaded 3 times (x 70B)
Class org.jetbrains.plugins.gradle.tooling.serialization.internal.IdeaProjectSerializationService$WriteContext$7: loaded 3 times (x 83B)
Class [Lcom.amazon.ion.SymbolToken;                                                   : loaded 3 times (x 69B)
Class kotlin.jvm.internal.CallableReference                                           : loaded 3 times (x 106B)
Class kotlin.collections.AbstractList$SubList                                         : loaded 3 times (x 198B)
Class kotlin.text.StringsKt__IndentKt                                                 : loaded 3 times (x 71B)
Class com.android.builder.model.v2.dsl.SigningConfig                                  : loaded 3 times (x 70B)
Class com.amazon.ion.BufferConfiguration$DataHandler                                  : loaded 3 times (x 70B)
Class com.amazon.ion.impl._Private_IonBinaryWriterBuilder                             : loaded 3 times (x 115B)
Class com.android.builder.model.v2.models.AndroidProject                              : loaded 3 times (x 70B)
Class com.android.builder.model.v2.AndroidModel                                       : loaded 3 times (x 70B)
Class kotlin.jvm.internal.Intrinsics$Kotlin                                           : loaded 3 times (x 71B)
Class kotlin.collections.SetsKt                                                       : loaded 3 times (x 71B)
Class com.amazon.ion.impl.lite.ValueFactoryLite                                       : loaded 3 times (x 218B)
Class org.jetbrains.plugins.gradle.tooling.util.IntObjectMap                          : loaded 3 times (x 73B)
Class org.jetbrains.plugins.gradle.tooling.serialization.internal.IdeaProjectSerializationService$WriteContext$6: loaded 3 times (x 83B)
Class com.android.builder.model.v2.ide.LibraryInfo                                    : loaded 3 times (x 70B)
Class com.google.common.collect.Lists$RandomAccessReverseList                         : loaded 3 times (x 200B)
Class com.amazon.ion.impl.lite._Private_LiteDomTrampoline                             : loaded 3 times (x 71B)
Class com.amazon.ion.impl._Private_RecyclingQueue$ElementIterator                     : loaded 3 times (x 82B)
Class com.amazon.ion.impl.bin.IntList                                                 : loaded 3 times (x 77B)
Class com.intellij.gradle.toolingExtension.impl.model.sourceSetDependencyModel.GradleSourceSetDependencySerialisationService$SourceSetDependencyModelWriteContext: loaded 3 times (x 72B)
Class org.jetbrains.plugins.gradle.tooling.serialization.internal.IdeaProjectSerializationService$WriteContext$5: loaded 3 times (x 83B)
Class kotlin.NotImplementedError                                                      : loaded 3 times (x 82B)
Class kotlin.reflect.KFunction                                                        : loaded 3 times (x 70B)
Class kotlin.collections.ArrayDeque                                                   : loaded 3 times (x 207B)
Class com.intellij.gradle.toolingExtension.util.GradleVersionSpecificsUtil            : loaded 3 times (x 71B)
Class org.jetbrains.plugins.gradle.tooling.serialization.KotlinDslScriptsModelSerializationService: loaded 3 times (x 81B)
Class org.jetbrains.plugins.gradle.tooling.serialization.internal.IdeaProjectSerializationService$ReadContext: loaded 3 times (x 72B)
Class org.jetbrains.plugins.gradle.model.ExternalProjectDependency                    : loaded 3 times (x 70B)
Class com.google.common.collect.Lists$ReverseList                                     : loaded 3 times (x 200B)
Class kotlin.sequences.SequencesKt___SequencesKt$sortedWith$1                         : loaded 3 times (x 75B)
Class [Lkotlin.sequences.Sequence;                                                    : loaded 3 times (x 69B)
Class com.amazon.ion.BufferConfiguration$Builder                                      : loaded 3 times (x 78B)
Class org.jetbrains.kotlin.idea.gradleTooling.AndroidAwareGradleModelProvider         : loaded 3 times (x 79B)
Class org.gradle.internal.time.MonotonicClock                                         : loaded 3 times (x 77B)
Class com.amazon.ion.system.IonSystemBuilder$Mutable                                  : loaded 3 times (x 75B)
Class com.amazon.ion.impl.bin.IonManagedBinaryWriter$SymbolResolverBuilder            : loaded 3 times (x 70B)
Class com.intellij.gradle.toolingExtension.impl.model.sourceSetDependencyModel.GradleSourceSetDependencySerialisationService$Companion: loaded 3 times (x 71B)
Class org.jetbrains.plugins.gradle.tooling.serialization.internal.IdeaProjectSerializationService$WriteContext$4: loaded 3 times (x 83B)
Class kotlin.jvm.internal.markers.KMutableList                                        : loaded 3 times (x 70B)
Class kotlin.collections.MapsKt__MapsKt                                               : loaded 3 times (x 71B)
Class kotlin.text.MatchNamedGroupCollection                                           : loaded 3 times (x 70B)
Class org.jetbrains.plugins.gradle.tooling.serialization.ExternalTestsSerializationService$WriteContext: loaded 3 times (x 72B)
Class com.android.ide.gradle.model.dependencies.DeclaredDependencies                  : loaded 3 times (x 70B)
Class kotlin.io.FilesKt__FileReadWriteKt                                              : loaded 3 times (x 71B)
Class kotlin.text.StringsKt__StringNumberConversionsKt                                : loaded 3 times (x 71B)
Class org.jetbrains.kotlin.idea.gradleTooling.KotlinGradleModel                       : loaded 3 times (x 70B)
Class [Lkotlin.Pair;                                                                  : loaded 3 times (x 69B)
Class gnu.trove.TObjectHash$NULL                                                      : loaded 3 times (x 71B)
Class org.jetbrains.plugins.gradle.tooling.serialization.internal.IdeaProjectSerializationService$WriteContext$3: loaded 3 times (x 83B)
Class org.jetbrains.plugins.gradle.tooling.serialization.AnnotationProcessingModelSerializationService$ReadContext: loaded 3 times (x 72B)
Class kotlin.coroutines.jvm.internal.RestrictedContinuationImpl                       : loaded 3 times (x 87B)
Class org.gradle.util.internal.DefaultGradleVersion$Stage                             : loaded 3 times (x 75B)
Class com.amazon.ion.impl._Private_RecyclingStack$Recycler                            : loaded 3 times (x 70B)
Class com.amazon.ion.impl.bin.IonManagedBinaryWriter$LocalSymbolTableView             : loaded 3 times (x 107B)
Class com.amazon.ion.impl.bin.IonRawBinaryWriter$ThrowingRunnable                     : loaded 3 times (x 70B)
Class com.android.ide.gradle.model.ArtifactIdentifier                                 : loaded 3 times (x 70B)
Class com.android.ide.gradle.model.artifacts.AdditionalClassifierArtifacts            : loaded 3 times (x 70B)
Class com.amazon.ion.impl.bin.PooledBlockAllocatorProvider                            : loaded 3 times (x 73B)
Class com.amazon.ion.IonContainer                                                     : loaded 3 times (x 70B)
Class com.android.builder.model.v2.ide.Variant                                        : loaded 3 times (x 70B)
Class kotlin.sequences.FlatteningSequence                                             : loaded 3 times (x 75B)
Class com.amazon.ion.impl.lite.IonValueLite                                           : loaded 3 times (x 147B)
Class com.amazon.ion.impl._Private_IonSymbol                                          : loaded 3 times (x 70B)
Class org.jetbrains.plugins.gradle.tooling.serialization.internal.IdeaProjectSerializationService$WriteContext$2: loaded 3 times (x 83B)
Class kotlin.text.MatcherMatchResult                                                  : loaded 3 times (x 80B)
Class org.gradle.tooling.model.Model                                                  : loaded 3 times (x 70B)
Class kotlin.text.MatchGroupCollection                                                : loaded 3 times (x 70B)
Class kotlin.text.StringsKt                                                           : loaded 3 times (x 71B)
Class com.amazon.ion.UnknownSymbolException                                           : loaded 3 times (x 86B)
Class [Lcom.android.builder.model.v2.ide.CodeShrinker;                                : loaded 3 times (x 69B)
Class com.amazon.ion.impl._Private_SymtabExtendsCache                                 : loaded 3 times (x 72B)
Class kotlin.ranges.IntProgression                                                    : loaded 3 times (x 81B)
Class com.amazon.ion.impl.bin.utf8.Pool                                               : loaded 3 times (x 74B)
Class kotlin.text.MatchResult$Destructured                                            : loaded 3 times (x 72B)
Class org.jetbrains.plugins.gradle.model.ExternalProject                              : loaded 3 times (x 70B)
Class com.android.ide.gradle.model.composites.BuildMap                                : loaded 3 times (x 70B)
Class kotlin.Metadata                                                                 : loaded 3 times (x 70B)
Class kotlin.UninitializedPropertyAccessException                                     : loaded 3 times (x 82B)
Class org.jetbrains.plugins.gradle.tooling.serialization.internal.IdeaProjectSerializationService$WriteContext$1: loaded 3 times (x 83B)
Class kotlin.collections.CollectionsKt__IteratorsKt                                   : loaded 3 times (x 71B)
Class kotlin.sequences.SequencesKt                                                    : loaded 3 times (x 71B)
Class com.android.builder.model.v2.ide.ViewBindingOptions                             : loaded 3 times (x 70B)
Class kotlin.text.StringsKt__StringsKt                                                : loaded 3 times (x 71B)
Class [Lcom.amazon.ion.util.InputStreamInterceptor;                                   : loaded 3 times (x 69B)
Class com.android.builder.model.v2.ide.Library                                        : loaded 3 times (x 70B)
Class com.android.builder.model.v2.ide.ArtifactDependenciesAdjacencyList              : loaded 3 times (x 70B)
Class com.amazon.ion.impl.bin.IonManagedBinaryWriter$SymbolState$4                    : loaded 3 times (x 80B)
Class com.intellij.gradle.toolingExtension.impl.model.sourceSetArtifactIndex.GradleSourceSetArtifactBuildRequest: loaded 3 times (x 70B)
Class kotlin.collections.CollectionsKt__CollectionsJVMKt                              : loaded 3 times (x 71B)
Class com.android.builder.model.v2.models.Versions                                    : loaded 3 times (x 70B)
Class com.android.ide.gradle.model.LegacyAndroidGradlePluginProperties                : loaded 3 times (x 70B)
Class com.google.common.collect.Lists$TransformingRandomAccessList                    : loaded 3 times (x 199B)
Class kotlin.io.FilesKt__UtilsKt                                                      : loaded 3 times (x 71B)
Class org.gradle.tooling.internal.adapter.ProtocolToModelAdapter$MethodInvocationCache: loaded 3 times (x 73B)
Class org.jetbrains.plugins.gradle.model.IntelliJProjectSettings                      : loaded 3 times (x 70B)
Class com.android.builder.model.v2.models.ModelBuilderParameter                       : loaded 3 times (x 70B)
Class kotlin.jvm.KotlinReflectionNotSupportedError                                    : loaded 3 times (x 82B)
Class com.amazon.ion.IonBinaryWriter                                                  : loaded 3 times (x 70B)
Class com.amazon.ion.impl.bin.IonRawBinaryWriter$StreamFlushMode                      : loaded 3 times (x 79B)
Class com.amazon.ion.impl.bin.IonManagedBinaryWriter$SymbolState$3                    : loaded 3 times (x 80B)
Class com.amazon.ion.impl.bin.IonRawBinaryWriter$ContainerInfo                        : loaded 3 times (x 74B)
Class org.jetbrains.plugins.gradle.model.ProjectImportModelProvider                   : loaded 3 times (x 70B)
Class org.jetbrains.plugins.gradle.model.ExternalSourceSet                            : loaded 3 times (x 70B)
Class com.intellij.gradle.toolingExtension.impl.model.warmUp.GradleTaskWarmUpRequest  : loaded 3 times (x 70B)
Class kotlin.coroutines.intrinsics.IntrinsicsKt__IntrinsicsKt                         : loaded 3 times (x 71B)
Class kotlin.text.RegexKt                                                             : loaded 3 times (x 71B)
Class org.gradle.tooling.model.gradle.GradleScript                                    : loaded 3 times (x 70B)
Class com.amazon.ion.impl.bin.IonManagedBinaryWriter$UserState$1                      : loaded 3 times (x 85B)
Class com.android.builder.model.v2.models.ndk.NativeModule                            : loaded 3 times (x 70B)
Class com.intellij.util.containers.IntObjectHashMap                                   : loaded 3 times (x 72B)
Class org.jetbrains.plugins.gradle.model.ExternalDependency                           : loaded 3 times (x 70B)
Class com.google.common.collect.ImmutableSortedAsList                                 : loaded 3 times (x 221B)
Class com.android.ide.gradle.model.LegacyAndroidGradlePluginPropertiesModelParameters : loaded 3 times (x 70B)
Class com.android.builder.model.v2.ide.AaptOptions                                    : loaded 3 times (x 70B)
Class com.amazon.ion.IonNull                                                          : loaded 3 times (x 70B)
Class com.amazon.ion.impl.bin.IonManagedBinaryWriter$SymbolState$2                    : loaded 3 times (x 80B)
Class org.jetbrains.plugins.gradle.model.VersionCatalogsModel                         : loaded 3 times (x 70B)
Class org.gradle.tooling.internal.adapter.ObjectGraphAdapter                          : loaded 3 times (x 70B)
Class com.intellij.gradle.toolingExtension.impl.model.dependencyModel.DependencyReadContext: loaded 3 times (x 72B)
Class com.intellij.gradle.toolingExtension.impl.model.sourceSetDependencyModel.GradleSourceSetDependencySerialisationService$SourceSetDependencyModelReadContext: loaded 3 times (x 72B)
Class com.amazon.ion.impl.bin.IonManagedBinaryWriter$SymbolState$1                    : loaded 3 times (x 80B)
Class com.amazon.ion.impl.LocalSymbolTableAsStruct$Factory                            : loaded 3 times (x 79B)
Class [Lcom.amazon.ion.IonType;                                                       : loaded 3 times (x 69B)
Class com.android.ide.common.repository.AgpVersion$PreviewKind$Companion              : loaded 3 times (x 71B)
Class com.amazon.ion.IonType                                                          : loaded 3 times (x 79B)
Class org.jetbrains.plugins.gradle.tooling.serialization.RepositoriesModelSerializationService$WriteContext: loaded 3 times (x 72B)
Class com.android.tools.idea.gradle.project.sync.AdditionalClassifierArtifactsModelCollectorKt: loaded 2 times (x 71B)
Class com.android.tools.idea.gradle.project.sync.AndroidExtraModelProviderKt          : loaded 2 times (x 71B)
Class jdk.internal.jimage.decompressor.ResourceDecompressorFactory                    : loaded 2 times (x 74B)
Class ijKotlinCoroutineJvmDebugInit1_64ljrt26atqwjoaiux4yhefof$_run_closure1          : loaded 2 times (x 139B)
Class org.gradle.tooling.internal.adapter.ProtocolToModelAdapter$MixInBeanMappingAction: loaded 2 times (x 81B)
Class org.gradle.api.internal.classpath.ModuleRegistry                                : loaded 2 times (x 70B)
Class org.gradle.internal.installation.GradleInstallation$1                           : loaded 2 times (x 75B)
Class com.google.common.util.concurrent.internal.InternalFutureFailureAccess          : loaded 2 times (x 72B)
Class com.google.common.collect.ImmutableSet$JdkBackedSetBuilderImpl                  : loaded 2 times (x 76B)
Class com.google.common.base.Splitter$SplittingIterator                               : loaded 2 times (x 84B)
Class com.google.common.collect.AbstractListMultimap                                  : loaded 2 times (x 172B)
Class com.google.common.collect.ImmutableBiMap                                        : loaded 2 times (x 143B)
Class com.google.common.cache.CacheLoader                                             : loaded 2 times (x 74B)
Class com.android.tools.idea.gradle.project.sync.FetchedVariantResult                 : loaded 2 times (x 71B)
Class [Lorg.objectweb.asm.SymbolTable$Entry;                                          : loaded 2 times (x 69B)
Class com.android.builder.model.v2.ide.Installation                                   : loaded 2 times (x 70B)
Class com.android.tools.idea.gradle.project.sync.LibraryIdentity$LibraryIdentityProvider$Companion: loaded 2 times (x 71B)
Class org.jetbrains.kotlin.utils.DescriptionAware                                     : loaded 2 times (x 70B)
Class com.android.tools.idea.gradle.project.sync.AndroidProjectResult$Companion$RuntimeClasspathBehaviour: loaded 2 times (x 71B)
Class com.android.tools.idea.gradle.model.impl.IdeMultiVariantDataImpl                : loaded 2 times (x 77B)
Class com.android.tools.idea.gradle.model.IdeUnresolvedJavaLibrary                    : loaded 2 times (x 70B)
Class com.android.tools.idea.gradle.project.sync.NativeVariantAbiResult               : loaded 2 times (x 71B)
Class com.android.tools.idea.gradle.project.sync.StandaloneDeliverableModel           : loaded 2 times (x 75B)
Class com.google.common.collect.ImmutableMultimap$Values                              : loaded 2 times (x 126B)
Class com.google.common.collect.HashBiMap$Inverse                                     : loaded 2 times (x 142B)
Class com.google.common.cache.LocalCache$LocalManualCache$1                           : loaded 2 times (x 75B)
Class jdk.internal.jimage.ImageReader$Node                                            : loaded 2 times (x 84B)
Class jdk.internal.jimage.ImageReader$SharedImageReader                               : loaded 2 times (x 95B)
Class com.google.common.cache.LocalCache$Segment                                      : loaded 2 times (x 154B)
Class com.google.common.collect.AbstractMapBasedMultimap$AsMap$AsMapEntries           : loaded 2 times (x 138B)
Class com.google.common.reflect.TypeToken$2                                           : loaded 2 times (x 110B)
Class com.intellij.gradle.toolingExtension.impl.modelSerialization.ToolingSerializerConverter: loaded 2 times (x 73B)
Class [Lcom.android.tools.idea.gradle.project.sync.SyncTestMode;                      : loaded 2 times (x 69B)
Class com.android.tools.idea.gradle.model.impl.ThrowingIdeDependencies                : loaded 2 times (x 78B)
Class com.android.tools.idea.gradle.model.impl.IdeBuildTypeContainerImpl              : loaded 2 times (x 79B)
Class io.opentelemetry.context.Context                                                : loaded 2 times (x 70B)
Class io.opentelemetry.context.ContextExecutorService                                 : loaded 2 times (x 104B)
Class com.google.common.collect.SortedLists$KeyPresentBehavior                        : loaded 2 times (x 80B)
Class [Lcom.android.tools.idea.gradle.project.sync.MeasurementCheckpoint;             : loaded 2 times (x 69B)
Class [Lcom.google.common.collect.SortedLists$KeyAbsentBehavior;                      : loaded 2 times (x 69B)
Class com.android.tools.idea.gradle.project.sync.DefaultVariantsKt                    : loaded 2 times (x 71B)
Class org.gradle.tooling.internal.consumer.converters.BasicGradleProjectIdentifierMixin: loaded 2 times (x 73B)
Class org.gradle.tooling.model.idea.BasicIdeaProject                                  : loaded 2 times (x 70B)
Class org.gradle.tooling.internal.consumer.versioning.ModelMapping                    : loaded 2 times (x 73B)
Class org.jetbrains.kotlin.config.AnalysisFlag                                        : loaded 2 times (x 72B)
Class org.gradle.api.internal.classpath.DefaultModuleRegistry                         : loaded 2 times (x 86B)
Class jdk.internal.jimage.BasicImageReader$1                                          : loaded 2 times (x 77B)
Class org.jetbrains.plugins.gradle.tooling.util.GradleVersionComparator               : loaded 2 times (x 75B)
Class com.android.tools.idea.gradle.model.IdeJavaArtifactCore                         : loaded 2 times (x 70B)
Class sync_studio_tooling2_89r458dwgnqnq8sc5kif5dxh9                                  : loaded 2 times (x 171B)
Class com.android.tools.idea.gradle.project.sync.NativeVariantAbiResult$V2            : loaded 2 times (x 72B)
Class com.android.tools.idea.gradle.model.IdeExtraSourceProvider                      : loaded 2 times (x 70B)
Class com.android.tools.idea.gradle.project.sync.AndroidProjectResult                 : loaded 2 times (x 76B)
Class jdk.internal.jimage.ImageReader                                                 : loaded 2 times (x 75B)
Class com.google.common.collect.ImmutableMap$IteratorBasedImmutableMap                : loaded 2 times (x 125B)
Class com.android.tools.idea.gradle.project.sync.BuildId                              : loaded 2 times (x 72B)
Class com.google.common.cache.LocalCache$ComputingValueReference                      : loaded 2 times (x 96B)
Class com.google.common.reflect.TypeToken$1                                           : loaded 2 times (x 110B)
Class com.intellij.gradle.toolingExtension.modelAction.GradleModelFetchPhase          : loaded 2 times (x 70B)
Class com.android.tools.idea.gradle.project.sync.AndroidExtraModelProviderWorker      : loaded 2 times (x 72B)
Class com.google.common.util.concurrent.ListenableFuture                              : loaded 2 times (x 70B)
Class com.google.common.cache.ReferenceEntry                                          : loaded 2 times (x 70B)
Class com.google.common.base.Converter                                                : loaded 2 times (x 90B)
Class com.android.ide.common.repository.AgpVersion$PreviewKind$WhenMappings           : loaded 2 times (x 71B)
Class com.android.tools.idea.gradle.model.impl.IdeTestOptionsImpl                     : loaded 2 times (x 77B)
Class com.android.tools.idea.gradle.project.sync.GradleProject                        : loaded 2 times (x 75B)
Class com.intellij.openapi.util.io.FileTooBigException                                : loaded 2 times (x 82B)
Class com.android.tools.idea.gradle.model.IdeUnresolvedAndroidLibrary                 : loaded 2 times (x 70B)
Class com.android.tools.idea.gradle.project.sync.ModelResult                          : loaded 2 times (x 72B)
Class com.android.builder.model.v2.ide.SyncIssue                                      : loaded 2 times (x 70B)
Class com.google.common.base.Suppliers$SupplierOfInstance                             : loaded 2 times (x 79B)
Class com.google.common.collect.SortedLists$KeyAbsentBehavior                         : loaded 2 times (x 80B)
Class org.objectweb.asm.Edge                                                          : loaded 2 times (x 72B)
Class io.opentelemetry.context.ThreadLocalContextStorage                              : loaded 2 times (x 85B)
Class com.android.tools.idea.gradle.project.sync.ModelFetchersKt                      : loaded 2 times (x 71B)
Class org.gradle.tooling.model.eclipse.EclipseClasspathEntry                          : loaded 2 times (x 70B)
Class org.gradle.tooling.internal.consumer.converters.BackwardsCompatibleIdeaModuleDependency: loaded 2 times (x 70B)
Class org.apache.http.HeaderElement                                                   : loaded 2 times (x 70B)
Class com.google.common.util.concurrent.AbstractFuture                                : loaded 2 times (x 106B)
Class com.google.common.base.FunctionalEquivalence                                    : loaded 2 times (x 83B)
Class com.google.common.collect.AbstractMapBasedMultimap                              : loaded 2 times (x 139B)
Class org.gradle.internal.impldep.com.google.common.base.Optional                     : loaded 2 times (x 80B)
Class com.android.tools.idea.gradle.project.sync.ActionToRun                          : loaded 2 times (x 72B)
Class com.android.tools.idea.gradle.model.IdeSourceProviderKt                         : loaded 2 times (x 71B)
Class com.android.tools.idea.gradle.model.impl.IdeAndroidGradlePluginProjectFlagsImpl : loaded 2 times (x 87B)
Class [Lcom.intellij.openapi.diagnostic.LogLevel;                                     : loaded 2 times (x 69B)
Class com.android.ide.common.gradle.Module                                            : loaded 2 times (x 72B)
Class jdk.internal.jimage.ImageStringsReader                                          : loaded 2 times (x 80B)
Class com.android.tools.idea.gradle.project.sync.AndroidSyncException                 : loaded 2 times (x 82B)
Class com.google.gson.internal.JsonReaderInternalAccess                               : loaded 2 times (x 72B)
Class [Lio.opentelemetry.context.Scope;                                               : loaded 2 times (x 69B)
Class org.objectweb.asm.SymbolTable$Entry                                             : loaded 2 times (x 74B)
Class com.google.common.io.CharStreams$NullWriter                                     : loaded 2 times (x 99B)
Class org.jetbrains.kotlin.cli.common.arguments.Freezable                             : loaded 2 times (x 72B)
Class org.gradle.tooling.model.GradleProject                                          : loaded 2 times (x 70B)
Class com.google.common.reflect.TypeResolver$TypeTable                                : loaded 2 times (x 73B)
Class org.jetbrains.kotlin.config.ExplicitApiMode                                     : loaded 2 times (x 79B)
Class com.google.common.collect.ImmutableMultiset                                     : loaded 2 times (x 163B)
Class com.google.common.io.CharStreams                                                : loaded 2 times (x 71B)
Class org.objectweb.asm.RecordComponentVisitor                                        : loaded 2 times (x 77B)
Class com.google.common.cache.CacheLoader$SupplierToCacheLoader                       : loaded 2 times (x 75B)
Class jdk.internal.jimage.decompressor.Decompressor                                   : loaded 2 times (x 72B)
Class jdk.internal.jimage.ImageReader$Resource                                        : loaded 2 times (x 84B)
Class com.android.tools.idea.gradle.project.sync.VariantDetailsKt                     : loaded 2 times (x 71B)
Class com.google.common.io.CharSource$CharSequenceCharSource                          : loaded 2 times (x 86B)
Class com.intellij.platform.diagnostic.telemetry.rt.context.TelemetryContext          : loaded 2 times (x 134B)
Class [Lio.opentelemetry.context.ContextStorage;                                      : loaded 2 times (x 69B)
Class com.android.tools.idea.gradle.project.sync.ModelCacheV2ImplKt$modelCacheV2Impl$1: loaded 2 times (x 80B)
Class [Lcom.android.tools.idea.gradle.project.upgrade.AndroidGradlePluginCompatibility;: loaded 2 times (x 69B)
Class [Lio.opentelemetry.api.trace.TraceFlags;                                        : loaded 2 times (x 69B)
Class org.jetbrains.plugins.gradle.tooling.serialization.internal.adapter.kotlin.dsl.InternalKotlinDslScriptModel: loaded 2 times (x 84B)
Class com.android.tools.idea.gradle.model.impl.IdeCompositeBuildMapImpl               : loaded 2 times (x 76B)
Class com.android.builder.model.v2.ide.TestSuiteVariantTarget                         : loaded 2 times (x 70B)
Class com.android.tools.idea.gradle.model.IdeTestOptions$Execution                    : loaded 2 times (x 79B)
Class com.android.builder.model.v2.ide.UnresolvedDependency                           : loaded 2 times (x 70B)
Class org.gradle.tooling.internal.adapter.ProtocolToModelAdapter$MixInTypeMappingAction: loaded 2 times (x 81B)
Class com.google.common.base.JdkPattern                                               : loaded 2 times (x 75B)
Class [Lorg.apache.http.HeaderElement;                                                : loaded 2 times (x 69B)
Class com.intellij.gradle.toolingExtension.impl.telemetry.GradleOpenTelemetry         : loaded 2 times (x 72B)
Class com.google.common.reflect.TypeResolver$TypeTable$1                              : loaded 2 times (x 73B)
Class org.jetbrains.kotlin.cli.common.CompilerSystemProperties$value$1                : loaded 2 times (x 125B)
Class com.google.common.collect.Maps$EntryTransformer                                 : loaded 2 times (x 70B)
Class org.gradle.internal.service.ServiceLookupException                              : loaded 2 times (x 82B)
Class jdk.internal.jrtfs.JrtFileAttributes                                            : loaded 2 times (x 83B)
Class com.google.common.io.Files$FileByteSource                                       : loaded 2 times (x 85B)
Class com.google.common.collect.Interners$InternerBuilder                             : loaded 2 times (x 76B)
Class com.android.builder.model.v2.models.TestSuiteSourceDependenciesAdjacencyList    : loaded 2 times (x 70B)
Class [Lcom.google.common.reflect.Types$JavaVersion;                                  : loaded 2 times (x 69B)
Class com.android.tools.idea.gradle.model.impl.IdeProjectPathImpl                     : loaded 2 times (x 77B)
Class com.android.tools.idea.gradle.project.sync.SwitchVariantRequest                 : loaded 2 times (x 72B)
Class com.android.tools.idea.gradle.project.sync.GradleModule                         : loaded 2 times (x 78B)
Class org.gradle.tooling.internal.consumer.connection.StreamingAwareBuildControllerAdapter: loaded 2 times (x 101B)
Class com.android.tools.idea.gradle.project.sync.BasicNonAndroidIncompleteGradleModule: loaded 2 times (x 73B)
Class com.android.tools.idea.projectsystem.gradle.sync.PerformanceMeasurementUtilKt   : loaded 2 times (x 71B)
Class com.android.tools.idea.gradle.project.sync.AgpVersionTooNew                     : loaded 2 times (x 82B)
Class com.android.tools.idea.gradle.model.impl.IdeDependenciesCoreDirect              : loaded 2 times (x 79B)
Class io.opentelemetry.context.ContextStorage                                         : loaded 2 times (x 70B)
Class com.intellij.gradle.toolingExtension.impl.model.projectModel.GradleExternalProjectModelProvider: loaded 2 times (x 79B)
Class [Lcom.google.common.cache.LocalCache$EntryFactory;                              : loaded 2 times (x 69B)
Class org.gradle.internal.classloader.ClassLoaderFactory                              : loaded 2 times (x 70B)
Class org.gradle.internal.classpath.ClassPath                                         : loaded 2 times (x 70B)
Class Settings_gradle$1                                                               : loaded 2 times (x 74B)
Class com.google.common.cache.CacheBuilder                                            : loaded 2 times (x 72B)
Class org.jetbrains.plugins.gradle.tooling.serialization.internal.IdeaProjectSerializationService$10: loaded 2 times (x 76B)
Class com.google.common.io.ByteSink                                                   : loaded 2 times (x 76B)
Class com.android.tools.idea.gradle.model.IdeJavaLibrary                              : loaded 2 times (x 70B)
Class com.android.tools.idea.gradle.model.ClasspathType                               : loaded 2 times (x 79B)
Class org.jetbrains.kotlin.config.JvmDefaultMode$Companion                            : loaded 2 times (x 71B)
Class com.android.tools.idea.gradle.project.sync.AndroidVariantResolver               : loaded 2 times (x 70B)
Class com.android.tools.idea.gradle.model.impl.IdeDependenciesInfoImpl                : loaded 2 times (x 75B)
Class io.opentelemetry.api.trace.ImmutableTraceFlags                                  : loaded 2 times (x 77B)
Class org.gradle.tooling.internal.consumer.versioning.ModelMapping$DefaultModelIdentifier: loaded 2 times (x 76B)
Class org.gradle.tooling.internal.consumer.converters.EclipseProjectHasAutoBuildMixin : loaded 2 times (x 72B)
Class org.gradle.tooling.UnknownModelException                                        : loaded 2 times (x 83B)
Class com.google.common.cache.LocalCache$LocalManualCache                             : loaded 2 times (x 99B)
Class com.google.common.base.CommonPattern                                            : loaded 2 times (x 74B)
Class org.gradle.internal.service.CachingServiceLocator                               : loaded 2 times (x 82B)
Class com.intellij.openapi.util.io.FileUtilRt$RepeatableIOOperation                   : loaded 2 times (x 70B)
Class com.android.tools.idea.gradle.project.sync.DependencyGraphCompat$AdjacencyList  : loaded 2 times (x 72B)
Class com.android.tools.idea.gradle.model.IdeProjectPath                              : loaded 2 times (x 70B)
Class com.android.tools.idea.gradle.project.sync.BasicIncompleteGradleModule          : loaded 2 times (x 73B)
Class com.android.builder.model.v2.models.HostJarTestSuiteSource                      : loaded 2 times (x 70B)
Class [Lcom.android.tools.idea.gradle.model.impl.IdeModuleWellKnownSourceSet;         : loaded 2 times (x 69B)
Class com.android.tools.idea.gradle.project.sync.ModelCacheV1ImplKt                   : loaded 2 times (x 71B)
Class org.gradle.tooling.model.idea.IdeaModule                                        : loaded 2 times (x 70B)
Class com.android.tools.idea.gradle.model.ndk.v2.IdeNativeModule                      : loaded 2 times (x 70B)
Class org.apache.commons.io.IOUtils                                                   : loaded 2 times (x 71B)
Class com.google.common.collect.Streams                                               : loaded 2 times (x 71B)
Class org.apache.http.NameValuePair                                                   : loaded 2 times (x 70B)
Class com.google.common.collect.AbstractMapBasedMultimap$KeySet                       : loaded 2 times (x 137B)
Class com.google.common.math.IntMath                                                  : loaded 2 times (x 71B)
Class com.google.common.collect.MapMakerInternalMap$Segment                           : loaded 2 times (x 142B)
Class com.google.common.reflect.TypeToken                                             : loaded 2 times (x 73B)
Class org.gradle.tooling.model.cpp.CppComponent                                       : loaded 2 times (x 70B)
Class org.gradle.tooling.model.Launchable                                             : loaded 2 times (x 70B)
Class com.android.tools.idea.gradle.model.impl.IdeBasicVariantImpl                    : loaded 2 times (x 79B)
Class jdk.internal.jimage.decompressor.ResourceDecompressor                           : loaded 2 times (x 70B)
Class org.gradle.internal.classpath.DefaultClassPath$ImmutableUniqueList              : loaded 2 times (x 199B)
Class org.gradle.api.internal.ClassPathRegistry                                       : loaded 2 times (x 70B)
Class com.google.common.primitives.IntsMethodsForWeb                                  : loaded 2 times (x 71B)
Class com.google.common.reflect.Types$TypeVariableInvocationHandler                   : loaded 2 times (x 75B)
Class com.google.common.collect.MapMakerInternalMap$InternalEntry                     : loaded 2 times (x 70B)
Class [Lcom.google.common.collect.HashBiMap$BiEntry;                                  : loaded 2 times (x 69B)
Class org.objectweb.asm.commons.InstructionAdapter                                    : loaded 2 times (x 187B)
Class com.google.common.collect.ImmutableMapEntry                                     : loaded 2 times (x 85B)
Class com.google.common.collect.ImmutableMultimap$Keys                                : loaded 2 times (x 166B)
Class [Lorg.jetbrains.kotlin.config.JvmDefaultMode;                                   : loaded 2 times (x 69B)
Class com.android.tools.idea.gradle.project.sync.IdeSyncExecutionReport               : loaded 2 times (x 71B)
Class com.android.tools.idea.gradle.project.sync.FetchedVariantResult$Finished        : loaded 2 times (x 72B)
Class com.android.tools.idea.gradle.model.IdePreResolvedModuleLibraryImpl             : loaded 2 times (x 81B)
Class com.android.tools.idea.gradle.model.IdeAndroidLibraryImpl                       : loaded 2 times (x 106B)
Class com.android.tools.idea.gradle.project.sync.ModelCacheV2ImplKt$WhenMappings      : loaded 2 times (x 71B)
Class org.jetbrains.kotlin.cli.common.messages.MessageCollector                       : loaded 2 times (x 70B)
Class com.google.common.reflect.Invokable$ConstructorInvokable                        : loaded 2 times (x 107B)
Class org.gradle.tooling.model.idea.IdeaSourceDirectory                               : loaded 2 times (x 70B)
Class org.gradle.tooling.internal.consumer.connection.UnparameterizedBuildController  : loaded 2 times (x 101B)
Class io.opentelemetry.api.internal.AutoValue_ImmutableSpanContext                    : loaded 2 times (x 92B)
Class com.intellij.gradle.toolingExtension.impl.modelSerialization.SerializationServiceNotFoundException: loaded 2 times (x 82B)
Class com.google.common.collect.ImmutableMultimap                                     : loaded 2 times (x 147B)
Class com.google.common.base.Predicates                                               : loaded 2 times (x 71B)
Class com.google.common.base.Equivalence                                              : loaded 2 times (x 82B)
Class com.google.common.collect.ImmutableMapEntry$NonTerminalImmutableMapEntry        : loaded 2 times (x 85B)
Class com.android.tools.idea.gradle.model.CodeShrinker                                : loaded 2 times (x 79B)
Class com.android.tools.idea.projectsystem.gradle.sync.Counter                        : loaded 2 times (x 72B)
Class com.android.tools.idea.gradle.project.sync.SyncVariantResultSuccess             : loaded 2 times (x 72B)
Class com.android.tools.idea.gradle.project.sync.FetchedVariant                       : loaded 2 times (x 72B)
Class com.android.tools.idea.gradle.model.impl.IdeSigningConfigImpl                   : loaded 2 times (x 78B)
Class com.android.tools.idea.gradle.project.sync.ArtifactDependenciesCompat$AdjacencyList: loaded 2 times (x 72B)
Class com.android.builder.model.v2.models.SourceType                                  : loaded 2 times (x 79B)
Class com.android.tools.idea.gradle.project.sync.SyncProjectActionWorker              : loaded 2 times (x 72B)
Class com.android.tools.idea.gradle.project.sync.ModelCacheV2ImplKt$modelCacheV2Impl$createFromDependencies$1$LibrariesByType: loaded 2 times (x 72B)
Class org.jetbrains.plugins.gradle.model.ExternalFilter                               : loaded 2 times (x 70B)
Class org.jetbrains.plugins.gradle.tooling.serialization.internal.IdeaProjectSerializationService$JavaHomePathGetter: loaded 2 times (x 75B)
Class org.gradle.api.internal.DefaultClassPathRegistry                                : loaded 2 times (x 76B)
Class com.google.common.cache.RemovalListener                                         : loaded 2 times (x 70B)
Class com.android.tools.idea.gradle.project.sync.SingleVariantSyncActionOptions       : loaded 2 times (x 73B)
Class [Lorg.jetbrains.kotlin.cli.common.CompilerSystemProperties;                     : loaded 2 times (x 69B)
Class com.google.common.collect.IndexedImmutableSet$1                                 : loaded 2 times (x 212B)
Class com.google.common.cache.CacheBuilder$OneWeigher                                 : loaded 2 times (x 82B)
Class jdk.internal.jimage.ImageBufferCache                                            : loaded 2 times (x 71B)
Class jdk.internal.jrtfs.JrtPath                                                      : loaded 2 times (x 118B)
Class com.google.common.collect.AbstractMapBasedMultimap$WrappedCollection$WrappedIterator: loaded 2 times (x 84B)
Class com.google.common.base.Present                                                  : loaded 2 times (x 81B)
Class com.android.tools.idea.gradle.model.IdeDependencyCore                           : loaded 2 times (x 70B)
Class com.android.builder.model.v2.models.BaseTestSuiteSourceIdentity                 : loaded 2 times (x 70B)
Class com.android.tools.idea.gradle.project.sync.AndroidModule                        : loaded 2 times (x 88B)
Class com.android.tools.idea.gradle.project.sync.SyncActionRunnerKt                   : loaded 2 times (x 71B)
Class com.android.tools.idea.gradle.project.sync.ModelCacheKt                         : loaded 2 times (x 71B)
Class com.android.tools.idea.projectsystem.gradle.sync.Counter$time$1                 : loaded 2 times (x 78B)
Class org.jetbrains.plugins.gradle.model.MavenRepositoryModel                         : loaded 2 times (x 70B)
Class com.google.common.base.NullnessCasts                                            : loaded 2 times (x 71B)
Class org.jetbrains.kotlin.gradle.idea.tcs.IdeaKotlinDependency                       : loaded 2 times (x 70B)
Class com.google.common.reflect.Types$ClassOwnership$1LocalClass                      : loaded 2 times (x 71B)
Class org.gradle.internal.classloader.ClasspathUtil                                   : loaded 2 times (x 71B)
Class com.google.common.collect.ImmutableMap$Builder                                  : loaded 2 times (x 82B)
Class com.android.tools.idea.gradle.model.IdeAndroidGradlePluginProjectFlags          : loaded 2 times (x 70B)
Class com.google.common.util.concurrent.AbstractFuture$Cancellation                   : loaded 2 times (x 72B)
Class com.google.common.io.AppendableWriter                                           : loaded 2 times (x 100B)
Class com.android.tools.idea.gradle.project.sync.AgpCompatibilityKt$WhenMappings      : loaded 2 times (x 71B)
Class org.apache.commons.io.filefilter.IOFileFilter                                   : loaded 2 times (x 70B)
Class com.android.tools.idea.projectsystem.gradle.sync.Counter$time$2                 : loaded 2 times (x 78B)
Class org.gradle.tooling.internal.adapter.ProtocolToModelAdapter$BeanMixInMethodInvoker: loaded 2 times (x 76B)
Class org.gradle.tooling.internal.consumer.converters.GradleProjectIdentifierMixin    : loaded 2 times (x 73B)
Class com.intellij.util.ReflectionUtilRt                                              : loaded 2 times (x 71B)
Class com.intellij.gradle.toolingExtension.impl.modelAction.GradleModelId             : loaded 2 times (x 72B)
Class org.jetbrains.kotlin.idea.gradleTooling.KotlinMPPGradleModel$Companion          : loaded 2 times (x 71B)
Class org.objectweb.asm.tree.MethodNode                                               : loaded 2 times (x 109B)
Class com.google.common.util.concurrent.Uninterruptibles                              : loaded 2 times (x 71B)
Class com.android.builder.model.v2.ide.JUnitEngineInfo                                : loaded 2 times (x 70B)
Class com.android.tools.idea.gradle.project.sync.AndroidModule$V2                     : loaded 2 times (x 88B)
Class com.google.gson.stream.JsonReader$1                                             : loaded 2 times (x 72B)
Class com.google.common.cache.Cache                                                   : loaded 2 times (x 70B)
Class com.google.common.cache.LocalCache$Strength                                     : loaded 2 times (x 81B)
Class com.android.tools.idea.gradle.project.sync.FetchedVariantResult$InProgress      : loaded 2 times (x 71B)
Class com.google.common.base.Stopwatch                                                : loaded 2 times (x 72B)
Class [Lorg.gradle.tooling.internal.adapter.MethodInvoker;                            : loaded 2 times (x 69B)
Class io.opentelemetry.context.propagation.TextMapGetter                              : loaded 2 times (x 70B)
Class org.jetbrains.kotlin.config.ApiVersion                                          : loaded 2 times (x 86B)
Class io.opentelemetry.api.trace.TraceStateBuilder                                    : loaded 2 times (x 70B)
Class com.android.tools.idea.gradle.project.sync.SyncActionOptions                    : loaded 2 times (x 72B)
Class com.google.common.io.CharSource                                                 : loaded 2 times (x 85B)
Class com.google.common.collect.Maps                                                  : loaded 2 times (x 71B)
Class org.gradle.api.specs.Spec                                                       : loaded 2 times (x 70B)
Class jdk.internal.jimage.ImageReader$SharedImageReader$LocationVisitor               : loaded 2 times (x 70B)
Class org.jetbrains.plugins.gradle.model.GradleLightBuild                             : loaded 2 times (x 70B)
Class org.jetbrains.plugins.gradle.model.DefaultGradleLightProject                    : loaded 2 times (x 84B)
Class com.android.tools.idea.gradle.project.sync.AndroidModule$V1                     : loaded 2 times (x 88B)
Class io.opentelemetry.context.ThreadLocalContextStorage$ScopeImpl                    : loaded 2 times (x 79B)
Class com.google.common.reflect.Types$JavaVersion                                     : loaded 2 times (x 83B)
Class com.google.common.collect.MapMaker                                              : loaded 2 times (x 72B)
Class [Lcom.google.common.collect.ImmutableEntry;                                     : loaded 2 times (x 69B)
Class com.intellij.openapi.util.SystemInfoRt                                          : loaded 2 times (x 71B)
Class com.intellij.openapi.diagnostic.Logger                                          : loaded 2 times (x 99B)
Class com.android.tools.idea.gradle.project.sync.DeliverableAndroidModule             : loaded 2 times (x 76B)
Class com.android.tools.idea.gradle.model.IdeUnresolvedLibrary                        : loaded 2 times (x 70B)
Class com.android.tools.idea.gradle.project.sync.ModelCacheV2ImplKt$modelCacheV2Impl$variantCoreFrom$6: loaded 2 times (x 125B)
Class com.android.tools.idea.gradle.model.impl.BuildFolderPaths                       : loaded 2 times (x 72B)
Class jdk.internal.jimage.ImageHeader                                                 : loaded 2 times (x 71B)
Class com.intellij.gradle.toolingExtension.impl.modelAction.GradleModelHolderState    : loaded 2 times (x 77B)
Class com.google.common.cache.LocalCache$LoadingValueReference                        : loaded 2 times (x 96B)
Class jdk.internal.jimage.decompressor.ResourceDecompressorRepository                 : loaded 2 times (x 71B)
Class org.gradle.api.internal.classpath.UnknownModuleException                        : loaded 2 times (x 82B)
Class com.google.common.cache.Weigher                                                 : loaded 2 times (x 70B)
Class com.android.tools.idea.gradle.project.sync.AndroidExtraModelProvider            : loaded 2 times (x 79B)
Class org.gradle.tooling.internal.consumer.versioning.VersionDetails$R48VersionDetails: loaded 2 times (x 80B)
Class com.intellij.gradle.toolingExtension.impl.modelSerialization.DefaultSerializationService: loaded 2 times (x 76B)
Class com.android.tools.idea.gradle.project.sync.BuildModelsAndMap                    : loaded 2 times (x 72B)
Class io.opentelemetry.api.trace.SpanBuilder                                          : loaded 2 times (x 70B)
Class io.opentelemetry.api.DefaultOpenTelemetry                                       : loaded 2 times (x 89B)
Class com.android.builder.model.v2.models.BasicTestSuite                              : loaded 2 times (x 70B)
Class [Lcom.android.tools.idea.gradle.model.IdeAaptOptions$Namespacing;               : loaded 2 times (x 69B)
Class org.gradle.tooling.model.BuildModel                                             : loaded 2 times (x 70B)
Class com.google.common.reflect.Invokable$MethodInvokable                             : loaded 2 times (x 107B)
Class com.google.common.collect.CollectSpliterators                                   : loaded 2 times (x 71B)
Class com.google.common.collect.AbstractMapBasedMultimap$AsMap                        : loaded 2 times (x 128B)
Class com.google.common.collect.MapMakerInternalMap$StrongKeyDummyValueEntry          : loaded 2 times (x 84B)
Class com.google.common.io.LineReader$1                                               : loaded 2 times (x 75B)
Class com.google.common.base.Platform                                                 : loaded 2 times (x 71B)
Class jdk.internal.jimage.ImageReader$Directory                                       : loaded 2 times (x 84B)
Class com.android.tools.idea.gradle.model.impl.IdeDependencyCoreImpl                  : loaded 2 times (x 76B)
Class com.android.tools.idea.gradle.project.sync.ResolvedAndroidProjectPath           : loaded 2 times (x 70B)
Class com.android.tools.idea.gradle.model.IdeDependenciesCore                         : loaded 2 times (x 70B)
Class com.android.tools.idea.gradle.model.impl.IdeDependenciesImplKt                  : loaded 2 times (x 71B)
Class com.intellij.openapi.util.Comparing                                             : loaded 2 times (x 71B)
Class org.gradle.api.internal.classpath.Module                                        : loaded 2 times (x 70B)
Class com.google.common.collect.ImmutableMapEntrySet                                  : loaded 2 times (x 151B)
Class com.android.tools.idea.gradle.project.sync.AgpVersionIncompatible               : loaded 2 times (x 82B)
Class org.apache.commons.io.output.NullOutputStream                                   : loaded 2 times (x 85B)
Class com.android.tools.idea.gradle.project.sync.ModelVersion                         : loaded 2 times (x 75B)
Class org.gradle.tooling.model.java.InstalledJdk                                      : loaded 2 times (x 70B)
Class com.intellij.openapi.diagnostic.Logger$Factory                                  : loaded 2 times (x 70B)
Class com.google.common.collect.ObjectArrays                                          : loaded 2 times (x 71B)
Class io.opentelemetry.context.propagation.TextMapPropagator                          : loaded 2 times (x 70B)
Class com.google.common.collect.ArrayListMultimapGwtSerializationDependencies         : loaded 2 times (x 172B)
Class com.google.common.collect.Multiset                                              : loaded 2 times (x 70B)
Class com.google.common.math.MathPreconditions                                        : loaded 2 times (x 71B)
Class com.intellij.openapi.externalSystem.model.ExternalSystemException               : loaded 2 times (x 86B)
Class org.jetbrains.kotlin.idea.projectModel.KotlinTarget                             : loaded 2 times (x 70B)
Class com.intellij.gradle.toolingExtension.modelAction.GradleProjectLoadedModelFetchPhase: loaded 2 times (x 81B)
Class com.google.common.collect.AbstractMapBasedMultimap$WrappedList                  : loaded 2 times (x 205B)
Class [Lorg.objectweb.asm.AnnotationWriter;                                           : loaded 2 times (x 69B)
Class com.google.common.collect.Maps$8                                                : loaded 2 times (x 82B)
Class io.opentelemetry.api.GlobalOpenTelemetry$ObfuscatedOpenTelemetry                : loaded 2 times (x 92B)
Class io.opentelemetry.api.internal.IncubatingUtil                                    : loaded 2 times (x 71B)
Class com.intellij.openapi.util.io.FileUtilRt$SymlinkResolver                         : loaded 2 times (x 70B)
Class com.android.tools.idea.gradle.model.IdeJavaLibraryImpl                          : loaded 2 times (x 92B)
Class com.android.tools.idea.gradle.model.IdeJavaCompileOptions                       : loaded 2 times (x 70B)
Class com.android.tools.idea.gradle.project.sync.ModelCacheV2ImplKt$modelCacheV2Impl$variantCoreFrom$9: loaded 2 times (x 125B)
Class com.android.tools.idea.gradle.model.ResolverType                                : loaded 2 times (x 79B)
Class com.android.tools.idea.gradle.model.IdeArtifactName$Companion                   : loaded 2 times (x 71B)
Class ijJvmDebugger1_dq8mwv66opdvxaq962xbao7yr                                        : loaded 2 times (x 171B)
Class com.google.common.primitives.Ints                                               : loaded 2 times (x 71B)
Class com.google.common.reflect.Reflection                                            : loaded 2 times (x 71B)
Class org.gradle.tooling.internal.consumer.connection.InternalPhasedActionAdapter     : loaded 2 times (x 78B)
Class io.opentelemetry.context.DefaultContextKey                                      : loaded 2 times (x 72B)
Class com.intellij.gradle.toolingExtension.impl.util.GradleTreeTraverserUtil          : loaded 2 times (x 71B)
Class com.android.tools.idea.gradle.model.impl.FileImplKt                             : loaded 2 times (x 71B)
Class io.opentelemetry.context.ArrayBasedContext                                      : loaded 2 times (x 100B)
Class org.gradle.api.internal.classpath.DefaultModuleRegistry$DefaultModule           : loaded 2 times (x 86B)
Class [Lcom.google.common.collect.Iterators$EmptyModifiableIterator;                  : loaded 2 times (x 69B)
Class com.google.common.collect.Sets$SetView                                          : loaded 2 times (x 138B)
Class com.google.common.cache.LocalCache$StrongValueReference                         : loaded 2 times (x 90B)
Class org.jetbrains.plugins.gradle.tooling.serialization.internal.IdeaProjectSerializationService$1: loaded 2 times (x 76B)
Class org.jetbrains.plugins.gradle.model.GradleConvention                             : loaded 2 times (x 70B)
Class com.android.tools.idea.gradle.project.sync.LibraryIdentity$LibraryIdentityProvider: loaded 2 times (x 72B)
Class org.gradle.tooling.model.SourceDirectory                                        : loaded 2 times (x 70B)
Class com.intellij.openapi.util.io.FileUtilRt                                         : loaded 2 times (x 71B)
Class com.google.common.collect.BiMap                                                 : loaded 2 times (x 70B)
Class com.google.common.collect.ImmutableMap$1                                        : loaded 2 times (x 81B)
Class org.gradle.internal.impldep.com.google.common.base.Preconditions                : loaded 2 times (x 71B)
Class org.gradle.tooling.model.idea.IdeaSingleEntryLibraryDependency                  : loaded 2 times (x 70B)
Class org.gradle.tooling.model.ExternalDependency                                     : loaded 2 times (x 70B)
Class com.android.tools.idea.gradle.project.sync.ModelConsumerVersion                 : loaded 2 times (x 75B)
Class [Lorg.jetbrains.kotlin.config.JVMAssertionsMode;                                : loaded 2 times (x 69B)
Class org.jetbrains.kotlin.config.JVMAssertionsMode                                   : loaded 2 times (x 79B)
Class com.google.common.graph.SuccessorsFunction                                      : loaded 2 times (x 70B)
Class [Lcom.google.gson.stream.JsonToken;                                             : loaded 2 times (x 69B)
Class org.objectweb.asm.Type                                                          : loaded 2 times (x 72B)
Class org.gradle.internal.classloader.VisitableURLClassLoader$InstrumentingVisitableURLClassLoader: loaded 2 times (x 123B)
Class org.jetbrains.plugins.gradle.tooling.serialization.internal.IdeaProjectSerializationService$2: loaded 2 times (x 77B)
Class com.google.common.collect.IndexedImmutableSet                                   : loaded 2 times (x 150B)
Class org.objectweb.asm.FieldVisitor                                                  : loaded 2 times (x 76B)
Class io.opentelemetry.context.ImplicitContextKeyed                                   : loaded 2 times (x 70B)
Class com.android.tools.idea.gradle.project.sync.AllVariantsSyncActionOptions         : loaded 2 times (x 73B)
Class com.android.tools.idea.gradle.model.impl.IdeProductFlavorImpl                   : loaded 2 times (x 101B)
Class com.android.tools.idea.gradle.project.sync.ModuleId                             : loaded 2 times (x 72B)
Class com.android.tools.idea.gradle.model.IdeBuildType                                : loaded 2 times (x 70B)
Class com.android.tools.idea.gradle.project.sync.ArtifactRef                          : loaded 2 times (x 71B)
Class com.android.tools.idea.gradle.project.sync.VariantSelectionChange               : loaded 2 times (x 72B)
Class com.android.tools.idea.gradle.project.sync.GradleModulesKt                      : loaded 2 times (x 71B)
Class com.android.tools.idea.gradle.project.sync.InternedModels$nameLibraries$IdeModelAndReferenceAndIdentity: loaded 2 times (x 75B)
Class org.jetbrains.plugins.gradle.tooling.serialization.internal.IdeaProjectSerializationService$WriteContext$FilePathComparator: loaded 2 times (x 91B)
Class jdk.internal.jimage.ImageBufferCache$2                                          : loaded 2 times (x 91B)
Class io.opentelemetry.api.trace.SpanId                                               : loaded 2 times (x 71B)
Class com.intellij.gradle.toolingExtension.impl.model.taskModel.GradleTaskModelProvider: loaded 2 times (x 78B)
Class com.google.common.collect.MapMakerInternalMap$StrongKeyDummyValueEntry$Helper   : loaded 2 times (x 79B)
Class org.apache.commons.io.FileUtils                                                 : loaded 2 times (x 71B)
Class com.google.common.io.Files$FileByteSink                                         : loaded 2 times (x 77B)
Class org.objectweb.asm.ByteVector                                                    : loaded 2 times (x 78B)
Class [Lcom.google.common.cache.CacheBuilder$NullListener;                            : loaded 2 times (x 69B)
Class com.google.common.math.IntMath$1                                                : loaded 2 times (x 71B)
Class org.gradle.internal.classloader.VisitableURLClassLoader$Spec                    : loaded 2 times (x 74B)
Class org.gradle.internal.classpath.DefaultClassPath                                  : loaded 2 times (x 90B)
Class jdk.internal.jimage.decompressor.ZipDecompressorFactory                         : loaded 2 times (x 74B)
Class org.jetbrains.plugins.gradle.tooling.serialization.internal.IdeaProjectSerializationService$3: loaded 2 times (x 77B)
Class org.gradle.internal.classloader.ClasspathUtil$1                                 : loaded 2 times (x 76B)
Class com.google.common.cache.CacheLoader$UnsupportedLoadingOperationException        : loaded 2 times (x 82B)
Class com.android.tools.idea.gradle.model.IdeAndroidLibrary                           : loaded 2 times (x 70B)
Class org.objectweb.asm.ClassWriter                                                   : loaded 2 times (x 104B)
Class [Lcom.android.tools.idea.gradle.project.sync.AndroidModule$NativeModelVersion;  : loaded 2 times (x 69B)
Class com.android.tools.idea.gradle.model.impl.IdeAndroidProjectImpl$Companion        : loaded 2 times (x 71B)
Class com.android.tools.idea.gradle.model.impl.IdeAaptOptionsImpl                     : loaded 2 times (x 75B)
Class com.google.common.collect.AbstractMapBasedMultimap$KeySet$1                     : loaded 2 times (x 82B)
Class com.google.common.collect.HashMultimapGwtSerializationDependencies              : loaded 2 times (x 174B)
Class io.opentelemetry.context.ThreadLocalContextStorage$NoopScope                    : loaded 2 times (x 85B)
Class [Lio.opentelemetry.context.ThreadLocalContextStorage$NoopScope;                 : loaded 2 times (x 69B)
Class com.android.tools.idea.gradle.project.sync.MeasurementCheckpoint                : loaded 2 times (x 79B)
Class com.android.ide.common.gradle.Separator                                         : loaded 2 times (x 79B)
Class jdk.internal.jimage.ImageBufferCache$1                                          : loaded 2 times (x 83B)
Class org.gradle.internal.InternalTransformer                                         : loaded 2 times (x 70B)
Class org.jetbrains.plugins.gradle.model.DefaultGradleLightBuild                      : loaded 2 times (x 82B)
Class org.gradle.tooling.internal.consumer.versioning.VersionDetails$R26VersionDetails: loaded 2 times (x 80B)
Class com.google.common.reflect.Types$ClassOwnership                                  : loaded 2 times (x 80B)
Class org.objectweb.asm.Symbol                                                        : loaded 2 times (x 73B)
Class com.google.common.base.AbstractIterator                                         : loaded 2 times (x 80B)
Class com.android.tools.idea.gradle.project.sync.Modules                              : loaded 2 times (x 71B)
Class com.android.tools.idea.gradle.model.impl.IdeVariantCoreSerializable             : loaded 2 times (x 70B)
Class com.android.builder.model.v2.models.ndk.NativeBuildSystem                       : loaded 2 times (x 79B)
Class com.android.builder.model.v2.ide.BasicTestSuiteArtifact                         : loaded 2 times (x 70B)
Class com.android.tools.idea.gradle.model.IdeCompositeBuildMap                        : loaded 2 times (x 70B)
Class org.gradle.tooling.model.cpp.CppBinary                                          : loaded 2 times (x 70B)
Class [Lio.opentelemetry.context.ThreadLocalContextStorage;                           : loaded 2 times (x 69B)
Class com.google.common.io.Closer                                                     : loaded 2 times (x 78B)
Class com.google.common.io.Java8Compatibility                                         : loaded 2 times (x 71B)
Class com.google.common.collect.RegularImmutableMap$Values                            : loaded 2 times (x 207B)
Class org.gradle.internal.classloader.ClassLoaderSpec                                 : loaded 2 times (x 71B)
Class sync_studio_tooling8_3jd56mx4ftw67qpo6qe9v5az3$_run_closure1                    : loaded 2 times (x 139B)
Class com.android.builder.model.v2.ide.TestSuiteTestInfo                              : loaded 2 times (x 70B)
Class com.android.tools.idea.gradle.model.impl.IdeUnresolvedLibraryTableImpl          : loaded 2 times (x 75B)
Class com.android.tools.idea.gradle.model.LibraryReference                            : loaded 2 times (x 72B)
Class com.android.tools.idea.gradle.model.IdeAaptOptions                              : loaded 2 times (x 70B)
Class com.android.builder.model.v2.ide.TestSuite                                      : loaded 2 times (x 70B)
Class com.google.common.collect.SortedLists$KeyAbsentBehavior$1                       : loaded 2 times (x 80B)
Class com.google.common.util.concurrent.UncheckedExecutionException                   : loaded 2 times (x 82B)
Class com.google.common.io.ByteSink$AsCharSink                                        : loaded 2 times (x 80B)
Class org.jetbrains.kotlin.idea.gradleTooling.IdeaKpmProjectProvider                  : loaded 2 times (x 78B)
Class com.google.common.io.ByteSource$EmptyByteSource                                 : loaded 2 times (x 85B)
Class org.objectweb.asm.AnnotationWriter                                              : loaded 2 times (x 78B)
Class com.google.common.cache.CacheStats                                              : loaded 2 times (x 71B)
Class org.jetbrains.plugins.gradle.tooling.serialization.internal.IdeaProjectSerializationService$6: loaded 2 times (x 76B)
Class org.jetbrains.kotlin.tooling.core.KotlinToolingVersion                          : loaded 2 times (x 75B)
Class io.opentelemetry.api.trace.DefaultTracerProvider                                : loaded 2 times (x 79B)
Class org.gradle.tooling.internal.consumer.converters.FixedBuildIdentifierProvider    : loaded 2 times (x 75B)
Class [Lcom.android.tools.idea.gradle.model.ClasspathType;                            : loaded 2 times (x 69B)
Class [Lcom.android.builder.model.v2.models.ndk.NativeBuildSystem;                    : loaded 2 times (x 69B)
Class io.opentelemetry.context.ForwardingExecutorService                              : loaded 2 times (x 104B)
Class [Lcom.android.tools.idea.gradle.model.IdeArtifactName;                          : loaded 2 times (x 69B)
Class com.google.common.collect.SortedLists$KeyAbsentBehavior$2                       : loaded 2 times (x 80B)
Class com.google.common.collect.Cut$AboveAll                                          : loaded 2 times (x 88B)
Class com.android.tools.idea.gradle.project.sync.HasBasicGradleProject                : loaded 2 times (x 70B)
Class jdk.internal.jrtfs.JrtDirectoryStream$1                                         : loaded 2 times (x 83B)
Class jdk.internal.jimage.ImageLocation                                               : loaded 2 times (x 90B)
Class com.google.common.util.concurrent.AbstractFuture$Trusted                        : loaded 2 times (x 70B)
Class com.android.tools.idea.gradle.project.sync.SyncCounters                         : loaded 2 times (x 72B)
Class org.jetbrains.plugins.gradle.model.DefaultBuildController                       : loaded 2 times (x 98B)
Class com.google.common.base.Optional                                                 : loaded 2 times (x 80B)
Class io.opentelemetry.api.trace.Tracer                                               : loaded 2 times (x 70B)
Class com.intellij.gradle.toolingExtension.modelProvider.GradleClassBuildModelProvider: loaded 2 times (x 80B)
Class com.google.common.collect.Interners                                             : loaded 2 times (x 71B)
Class com.google.common.collect.ImmutableMultisetGwtSerializationDependencies         : loaded 2 times (x 125B)
Class com.google.common.io.Closer$Suppressor                                          : loaded 2 times (x 70B)
Class com.google.common.io.LineProcessor                                              : loaded 2 times (x 70B)
Class org.apache.http.util.Args                                                       : loaded 2 times (x 71B)
Class org.objectweb.asm.RecordComponentWriter                                         : loaded 2 times (x 78B)
Class com.google.common.util.concurrent.AbstractFuture$Listener                       : loaded 2 times (x 72B)
Class Settings_gradle$1$1                                                             : loaded 2 times (x 74B)
Class org.jetbrains.plugins.gradle.tooling.serialization.internal.IdeaProjectSerializationService$7: loaded 2 times (x 76B)
Class com.android.tools.idea.gradle.project.sync.DeliverableJavaModule                : loaded 2 times (x 76B)
Class com.intellij.openapi.util.io.FileUtil                                           : loaded 2 times (x 71B)
Class com.android.ide.common.gradle.Version$Companion$ParseState                      : loaded 2 times (x 70B)
Class com.android.tools.idea.gradle.model.impl.IdeBuildImpl                           : loaded 2 times (x 76B)
Class com.android.builder.model.v2.ide.TestSuiteArtifact                              : loaded 2 times (x 70B)
Class com.google.common.collect.SortedLists$KeyAbsentBehavior$3                       : loaded 2 times (x 80B)
Class io.opentelemetry.api.trace.DefaultTracer$NoopSpanBuilder                        : loaded 2 times (x 91B)
Class com.intellij.gradle.toolingExtension.impl.modelAction.GradleDaemonModelHolder$1 : loaded 2 times (x 78B)
Class io.opentelemetry.api.trace.SpanContext                                          : loaded 2 times (x 70B)
Class io.opentelemetry.api.trace.ArrayBasedTraceState                                 : loaded 2 times (x 86B)
Class io.opentelemetry.context.ContextKey                                             : loaded 2 times (x 70B)
Class io.opentelemetry.context.propagation.TextMapSetter                              : loaded 2 times (x 70B)
Class com.android.tools.idea.gradle.project.sync.AndroidExtraModelProviderImpl        : loaded 2 times (x 72B)
Class [Lorg.objectweb.asm.Label;                                                      : loaded 2 times (x 69B)
Class com.google.common.collect.ForwardingSet                                         : loaded 2 times (x 151B)
Class org.objectweb.asm.Attribute                                                     : loaded 2 times (x 77B)
Class com.google.common.base.Supplier                                                 : loaded 2 times (x 70B)
Class org.gradle.internal.classloader.VisitableURLClassLoader                         : loaded 2 times (x 117B)
Class org.jetbrains.plugins.gradle.tooling.serialization.internal.IdeaProjectSerializationService$8: loaded 2 times (x 76B)
Class com.android.tools.idea.gradle.model.IdeBasicVariant                             : loaded 2 times (x 70B)
Class com.android.tools.idea.gradle.model.impl.IdeJavaCompileOptionsImpl              : loaded 2 times (x 78B)
Class com.android.ide.common.gradle.Component                                         : loaded 2 times (x 72B)
Class org.jetbrains.plugins.gradle.tooling.serialization.internal.IdeaProjectSerializationService$TestResourceDirectoriesGetter: loaded 2 times (x 75B)
Class com.intellij.openapi.util.io.FileUtil$1                                         : loaded 2 times (x 77B)
Class com.google.common.collect.AbstractMultimap                                      : loaded 2 times (x 123B)
Class com.google.common.cache.LocalCache$2                                            : loaded 2 times (x 142B)
Class com.google.common.collect.Sets$ImprovedAbstractSet                              : loaded 2 times (x 135B)
Class com.google.common.collect.AbstractSetMultimap                                   : loaded 2 times (x 174B)
Class com.google.common.collect.MapMakerInternalMap$AbstractStrongKeyEntry            : loaded 2 times (x 82B)
Class com.intellij.gradle.toolingExtension.impl.modelSerialization.ToolingSerializer  : loaded 2 times (x 72B)
Class com.google.common.io.ByteSource$ByteArrayByteSource                             : loaded 2 times (x 85B)
Class com.google.common.io.CharSource$StringCharSource                                : loaded 2 times (x 86B)
Class org.gradle.tooling.model.eclipse.EclipseProject                                 : loaded 2 times (x 70B)
Class com.google.common.reflect.TypeToken$SimpleTypeToken                             : loaded 2 times (x 73B)
Class com.google.common.io.CharSource$AsByteSource                                    : loaded 2 times (x 85B)
Class Settings_gradle                                                                 : loaded 2 times (x 124B)
Class jdk.internal.jimage.decompressor.ZipDecompressor                                : loaded 2 times (x 75B)
Class com.android.builder.model.v2.ide.BytecodeTransformation                         : loaded 2 times (x 79B)
Class org.jetbrains.kotlin.gradle.idea.kpm.IdeaKpmProjectContainer                    : loaded 2 times (x 70B)
Class com.android.tools.idea.gradle.project.sync.IndexedModels                        : loaded 2 times (x 72B)
Class com.google.common.collect.AbstractMapEntry                                      : loaded 2 times (x 81B)
Class com.intellij.openapi.util.io.FileUtil$2                                         : loaded 2 times (x 82B)
Class com.android.tools.idea.gradle.model.IdeUnresolvedUnknownLibrary                 : loaded 2 times (x 70B)
Class com.android.ide.common.gradle.Version$Companion                                 : loaded 2 times (x 71B)
Class com.android.tools.idea.gradle.model.IdeAndroidProject                           : loaded 2 times (x 70B)
Class [Lcom.android.builder.model.v2.ide.BytecodeTransformation;                      : loaded 2 times (x 69B)
Class com.google.common.cache.LocalCache$1                                            : loaded 2 times (x 89B)
Class com.google.common.collect.SingletonImmutableBiMap                               : loaded 2 times (x 143B)
Class com.google.common.base.Ascii                                                    : loaded 2 times (x 71B)
Class com.google.common.collect.MapMakerInternalMap                                   : loaded 2 times (x 161B)
Class com.google.common.collect.HashBiMap                                             : loaded 2 times (x 143B)
Class com.google.common.collect.Sets                                                  : loaded 2 times (x 71B)
Class org.objectweb.asm.Handler                                                       : loaded 2 times (x 72B)
Class com.google.common.base.Strings                                                  : loaded 2 times (x 71B)
Class com.google.common.base.Ticker                                                   : loaded 2 times (x 72B)
Class com.google.common.collect.HashBiMap$BiEntry                                     : loaded 2 times (x 83B)
Class org.apache.commons.io.FileExistsException                                       : loaded 2 times (x 82B)
Class com.intellij.gradle.toolingExtension.impl.util.GradleExecutorServiceUtil        : loaded 2 times (x 71B)
Class com.intellij.util.containers.UtilKt                                             : loaded 2 times (x 71B)
Class com.android.tools.idea.gradle.model.impl.IdeSourceProviderContainerImpl         : loaded 2 times (x 76B)
Class com.android.tools.idea.gradle.project.sync.BasicModulesKt                       : loaded 2 times (x 71B)
Class com.android.tools.idea.gradle.project.upgrade.AndroidGradlePluginCompatibility  : loaded 2 times (x 79B)
Class com.google.common.collect.Cut$AboveValue                                        : loaded 2 times (x 88B)
Class com.android.tools.idea.gradle.project.sync.VariantDependenciesCompat$AdjacencyList: loaded 2 times (x 72B)
Class com.android.tools.idea.gradle.project.sync.ModelVersions                        : loaded 2 times (x 72B)
Class jdk.internal.jrtfs.JrtFileSystemProvider                                        : loaded 2 times (x 101B)
Class org.gradle.internal.service.ServiceLocator                                      : loaded 2 times (x 70B)
Class com.google.common.collect.Platform                                              : loaded 2 times (x 71B)
Class [Lorg.objectweb.asm.Type;                                                       : loaded 2 times (x 69B)
Class io.opentelemetry.api.trace.ArrayBasedTraceStateBuilder                          : loaded 2 times (x 77B)
Class com.android.tools.idea.gradle.project.sync.SyncProjectActionOptions             : loaded 2 times (x 73B)
Class org.gradle.tooling.BuildController                                              : loaded 2 times (x 70B)
Class [Lcom.google.common.cache.LocalCache$Segment;                                   : loaded 2 times (x 69B)
Class [Lcom.google.common.cache.LocalCache$Strength;                                  : loaded 2 times (x 69B)
Class com.google.common.cache.CacheBuilder$1                                          : loaded 2 times (x 85B)
Class com.google.common.collect.ImmutableMap                                          : loaded 2 times (x 120B)
Class org.gradle.internal.classpath.DefaultClassPath$ImmutableUniqueList$Builder      : loaded 2 times (x 75B)
Class [Lorg.objectweb.asm.Attribute;                                                  : loaded 2 times (x 69B)
Class org.jetbrains.kotlin.config.LanguageOrApiVersion                                : loaded 2 times (x 70B)
Class org.gradle.tooling.internal.consumer.connection.ParameterAwareBuildControllerAdapter: loaded 2 times (x 101B)
Class io.opentelemetry.context.propagation.DefaultContextPropagators                  : loaded 2 times (x 75B)
Class com.android.tools.idea.gradle.project.sync.ModelCacheV2ImplKt$modelCacheV2Impl$createFromDependencies$1$LibraryWithDependencies: loaded 2 times (x 72B)
Class com.android.tools.idea.gradle.model.impl.IdeViewBindingOptionsImpl              : loaded 2 times (x 74B)
Class io.opentelemetry.context.ContextStorageWrappers                                 : loaded 2 times (x 71B)
Class com.android.tools.idea.gradle.project.sync.ModelConverter                       : loaded 2 times (x 71B)
Class com.android.tools.idea.gradle.project.sync.SyncActionRunnerKt$toMeasuringController$1: loaded 2 times (x 86B)
Class io.opentelemetry.api.trace.TracerProvider                                       : loaded 2 times (x 70B)
Class com.google.common.collect.TreeRangeSet$AsRanges                                 : loaded 2 times (x 149B)
Class com.google.common.collect.MapMakerInternalMap$WeakValueReference                : loaded 2 times (x 70B)
Class com.google.gson.stream.JsonToken                                                : loaded 2 times (x 79B)
Class com.google.common.cache.LocalCache                                              : loaded 2 times (x 187B)
Class com.google.common.cache.CacheBuilder$2                                          : loaded 2 times (x 79B)
Class com.android.tools.idea.gradle.project.sync.AndroidModule$NativeModelVersion     : loaded 2 times (x 79B)
Class com.android.tools.idea.gradle.project.sync.VariantSelectionKt                   : loaded 2 times (x 71B)
Class com.android.tools.idea.gradle.project.sync.IdeModelWithPostProcessor            : loaded 2 times (x 72B)
Class com.android.tools.idea.gradle.project.sync.AndroidProjectResult$V2Project       : loaded 2 times (x 77B)
Class com.android.tools.idea.gradle.model.impl.IdeModuleWellKnownSourceSet$Companion  : loaded 2 times (x 71B)
Class com.android.tools.idea.gradle.project.sync.LibraryIdentity$LibraryIdentityProvider$special$$inlined$thenBy$1: loaded 2 times (x 90B)
Class com.android.tools.idea.gradle.project.sync.NativeVariantAbiResult$None          : loaded 2 times (x 71B)
Class com.android.tools.idea.gradle.project.sync.VariantSelectionChange$Companion     : loaded 2 times (x 71B)
Class ijKotlinCoroutineJvmDebugInit1_64ljrt26atqwjoaiux4yhefof                        : loaded 2 times (x 171B)
Class com.google.common.base.MoreObjects                                              : loaded 2 times (x 71B)
Class io.opentelemetry.api.trace.AutoValue_ArrayBasedTraceState                       : loaded 2 times (x 87B)
Class org.apache.commons.io.output.ByteArrayOutputStream                              : loaded 2 times (x 92B)
Class com.google.common.collect.BaseImmutableMultimap                                 : loaded 2 times (x 123B)
Class com.google.common.collect.EmptyImmutableListMultimap                            : loaded 2 times (x 176B)
Class org.jetbrains.kotlin.config.LanguageFeature                                     : loaded 2 times (x 80B)
Class org.jetbrains.kotlin.config.LanguageVersion                                     : loaded 2 times (x 91B)
Class org.jetbrains.kotlin.cli.common.arguments.K2JVMCompilerArguments                : loaded 2 times (x 81B)
Class com.google.common.cache.CacheBuilder$3                                          : loaded 2 times (x 72B)
Class [Lcom.google.common.collect.AbstractMapEntry;                                   : loaded 2 times (x 69B)
Class com.google.common.collect.ImmutableEntry                                        : loaded 2 times (x 82B)
Class com.google.common.collect.ArrayListMultimap                                     : loaded 2 times (x 172B)
Class jdk.internal.jimage.ImageStrings                                                : loaded 2 times (x 70B)
Class com.google.common.reflect.TypeResolver$TypeVariableKey                          : loaded 2 times (x 72B)
Class org.gradle.tooling.internal.consumer.converters.IdeaProjectJavaLanguageSettingsMixin: loaded 2 times (x 73B)
Class com.android.ide.common.gradle.Version                                           : loaded 2 times (x 75B)
Class com.android.tools.idea.gradle.project.sync.BuildInfo                            : loaded 2 times (x 72B)
Class com.android.tools.idea.gradle.model.IdeAaptOptions$Namespacing                  : loaded 2 times (x 79B)
Class com.android.builder.model.v2.models.TestApkTestSuiteSource                      : loaded 2 times (x 70B)
Class com.android.tools.idea.gradle.model.IdeApiVersion                               : loaded 2 times (x 70B)
Class com.android.tools.idea.gradle.project.sync.ModelCacheV2ImplKt                   : loaded 2 times (x 71B)
Class com.android.tools.idea.gradle.model.IdeSigningConfig                            : loaded 2 times (x 70B)
Class com.android.tools.idea.gradle.model.IdeLibrary                                  : loaded 2 times (x 70B)
Class jdk.internal.jrtfs.SystemImage$2                                                : loaded 2 times (x 76B)
Class org.gradle.tooling.model.eclipse.EclipseExternalDependency                      : loaded 2 times (x 70B)
Class org.gradle.tooling.internal.adapter.ProtocolToModelAdapter$TypeSpecificMappingAction: loaded 2 times (x 81B)
Class io.opentelemetry.api.trace.TraceState                                           : loaded 2 times (x 70B)
Class org.gradle.tooling.model.eclipse.HierarchicalEclipseProject                     : loaded 2 times (x 70B)
Class org.gradle.tooling.internal.consumer.versioning.VersionDetails$R35VersionDetails: loaded 2 times (x 80B)
Class com.google.common.cache.CacheLoader$FunctionToCacheLoader                       : loaded 2 times (x 75B)
Class com.google.common.io.CharSource$EmptyCharSource                                 : loaded 2 times (x 86B)
Class com.google.common.base.Suppliers$MemoizingSupplier                              : loaded 2 times (x 79B)
Class com.google.common.collect.CollectPreconditions                                  : loaded 2 times (x 71B)
Class com.google.common.collect.Maps$IteratorBasedAbstractMap$1                       : loaded 2 times (x 138B)
Class com.android.tools.idea.gradle.project.sync.IdeModelFactoryV2Kt                  : loaded 2 times (x 71B)
Class com.google.common.collect.ImmutableListMultimap                                 : loaded 2 times (x 176B)
Class com.google.common.reflect.Types$ParameterizedTypeImpl                           : loaded 2 times (x 81B)
Class com.android.tools.idea.gradle.project.sync.SelectedVariants                     : loaded 2 times (x 72B)
Class com.intellij.gradle.toolingExtension.impl.modelSerialization.ToolingSerializer$1: loaded 2 times (x 76B)
Class com.android.tools.idea.gradle.model.IdeBuild                                    : loaded 2 times (x 70B)
Class io.opentelemetry.context.LazyStorage                                            : loaded 2 times (x 71B)
Class [Lcom.google.common.collect.MapMakerInternalMap$Strength;                       : loaded 2 times (x 69B)
Class [Lcom.google.common.io.FileWriteMode;                                           : loaded 2 times (x 69B)
Class com.google.common.collect.SortedMapDifference                                   : loaded 2 times (x 70B)
Class ijInit1_ypi799ccrszx3hgo1suatcyi                                                : loaded 2 times (x 171B)
Class com.android.tools.idea.gradle.project.sync.ModelCache                           : loaded 2 times (x 70B)
Class com.android.tools.idea.gradle.model.impl.IdeDependenciesCoreImpl                : loaded 2 times (x 70B)
Class com.android.tools.idea.gradle.project.sync.AndroidProjectPathResolver           : loaded 2 times (x 70B)
Class com.android.tools.idea.gradle.project.sync.IdeAndroidModels                     : loaded 2 times (x 72B)
Class com.android.tools.idea.gradle.project.sync.SyncProjectActionWorker$populateAndroidModels$3$1: loaded 2 times (x 125B)
Class com.android.tools.idea.gradle.model.IdeUnresolvedArtifactLibrary                : loaded 2 times (x 70B)
Class com.android.tools.idea.gradle.model.IdeBuildTasksAndOutputInformation           : loaded 2 times (x 70B)
Class [Lcom.android.tools.idea.gradle.model.IdeAndroidProjectType;                    : loaded 2 times (x 69B)
Class com.android.tools.idea.gradle.project.sync.VariantDiscovery$prepareRequestedOrDefaultModuleConfigurations$$inlined$sortedBy$1: loaded 2 times (x 89B)
Class com.android.tools.idea.gradle.model.IdeArtifactName$Companion$WhenMappings      : loaded 2 times (x 71B)
Class jdk.internal.jrtfs.SystemImage$1                                                : loaded 2 times (x 78B)
Class org.jetbrains.kotlin.idea.gradleTooling.KotlinDslScriptModelProvider            : loaded 2 times (x 79B)
Class com.google.common.collect.MapMakerInternalMap$StrongKeyDummyValueSegment        : loaded 2 times (x 142B)
Class com.google.common.io.Files                                                      : loaded 2 times (x 71B)
Class org.jetbrains.kotlin.cli.common.arguments.CommonCompilerArguments               : loaded 2 times (x 80B)
Class com.google.common.cache.LocalCache$WriteThroughEntry                            : loaded 2 times (x 79B)
Class com.google.common.cache.LocalCache$HashIterator                                 : loaded 2 times (x 86B)
Class com.google.common.cache.LocalCache$EntryFactory                                 : loaded 2 times (x 83B)
Class org.gradle.internal.classloader.InstrumentingClassLoader                        : loaded 2 times (x 70B)
Class org.gradle.internal.classpath.TransformedClassPath                              : loaded 2 times (x 96B)
Class com.google.common.cache.CacheBuilder$NullListener                               : loaded 2 times (x 82B)
Class [Lcom.android.ide.common.gradle.Separator;                                      : loaded 2 times (x 69B)
Class com.android.tools.idea.gradle.model.impl.IdeModuleSourceSet                     : loaded 2 times (x 70B)
Class org.objectweb.asm.FieldWriter                                                   : loaded 2 times (x 77B)
Class com.google.common.collect.MapMaker$Dummy                                        : loaded 2 times (x 79B)
Class org.gradle.tooling.model.Task                                                   : loaded 2 times (x 70B)
Class com.google.common.reflect.Invokable                                             : loaded 2 times (x 103B)
Class kotlin.coroutines.jvm.internal.CoroutineDumpState                               : loaded 2 times (x 71B)
Class org.gradle.tooling.model.idea.IdeaContentRoot                                   : loaded 2 times (x 70B)
Class com.android.tools.idea.gradle.model.IdeArtifactName                             : loaded 2 times (x 79B)
Class org.jetbrains.kotlin.idea.projectModel.ExtraFeatures                            : loaded 2 times (x 70B)
Class com.google.common.reflect.Types$NativeTypeVariableEquals                        : loaded 2 times (x 71B)
Class com.google.common.reflect.TypeParameter                                         : loaded 2 times (x 72B)
Class [Lcom.google.common.collect.MapMaker$Dummy;                                     : loaded 2 times (x 69B)
Class com.google.common.cache.LocalCache$AbstractReferenceEntry                       : loaded 2 times (x 107B)
Class org.jetbrains.plugins.gradle.tooling.serialization.internal.IdeaProjectSerializationService$JdkGetter: loaded 2 times (x 75B)
Class com.android.tools.idea.gradle.model.impl.IdeBuildTasksAndOutputInformationImpl  : loaded 2 times (x 80B)
Class com.android.tools.idea.gradle.model.IdeMultiVariantData                         : loaded 2 times (x 70B)
Class com.android.tools.idea.gradle.project.sync.BuildTypeDef                         : loaded 2 times (x 72B)
Class com.android.tools.idea.gradle.project.sync.IdeModelFactoryV2                    : loaded 2 times (x 72B)
Class org.jetbrains.plugins.gradle.tooling.serialization.internal.IdeaProjectSerializationService$ResourceDirectoriesGetter: loaded 2 times (x 75B)
Class ijJvmDebugger1_dq8mwv66opdvxaq962xbao7yr$_run_closure1$_closure2                : loaded 2 times (x 140B)
Class com.google.common.base.Splitter$1                                               : loaded 2 times (x 77B)
Class com.android.tools.idea.gradle.project.sync.SyncActionRunner$Companion           : loaded 2 times (x 71B)
Class com.android.tools.idea.gradle.project.sync.SyncActionRunner                     : loaded 2 times (x 76B)
Class com.google.common.collect.MapDifference                                         : loaded 2 times (x 70B)
Class com.google.common.cache.LocalCache$Strength$3                                   : loaded 2 times (x 81B)
Class io.opentelemetry.context.propagation.NoopTextMapPropagator                      : loaded 2 times (x 76B)
Class com.android.tools.idea.gradle.project.sync.GradleSyncStudioFlags                : loaded 2 times (x 72B)
Class com.google.common.io.ByteStreams                                                : loaded 2 times (x 71B)
Class com.intellij.gradle.toolingExtension.modelAction.GradleBuildFinishedModelFetchPhase: loaded 2 times (x 81B)
Class com.google.common.collect.ImmutableMapKeySet                                    : loaded 2 times (x 150B)
Class org.objectweb.asm.SymbolTable                                                   : loaded 2 times (x 72B)
Class com.google.common.cache.CacheLoader$InvalidCacheLoadException                   : loaded 2 times (x 82B)
Class org.gradle.internal.classloader.SystemClassLoaderSpec                           : loaded 2 times (x 71B)
Class ijJvmDebugger1_dq8mwv66opdvxaq962xbao7yr$_run_closure1                          : loaded 2 times (x 139B)
Class com.google.common.collect.TransformedIterator                                   : loaded 2 times (x 80B)
Class com.android.tools.idea.gradle.project.sync.AndroidArtifactRef                   : loaded 2 times (x 72B)
Class com.google.common.collect.Interner                                              : loaded 2 times (x 70B)
Class com.google.common.collect.Interners$InternerImpl                                : loaded 2 times (x 75B)
Class com.intellij.openapi.util.Pair                                                  : loaded 2 times (x 72B)
Class com.android.tools.idea.gradle.model.IdeAndroidProjectType                       : loaded 2 times (x 79B)
Class com.android.tools.idea.gradle.project.sync.ModelCacheV2ImplKt$modelCacheV2Impl$variantCoreFrom$15: loaded 2 times (x 125B)
Class com.android.tools.idea.gradle.project.sync.ModelResult$Context                  : loaded 2 times (x 70B)
Class com.android.tools.idea.gradle.project.sync.DeliverableGradleModule$ModelConsumer: loaded 2 times (x 72B)
Class com.google.common.cache.LocalCache$Strength$2                                   : loaded 2 times (x 81B)
Class com.google.common.util.concurrent.SettableFuture                                : loaded 2 times (x 114B)
Class com.google.common.reflect.Types$ClassOwnership$3                                : loaded 2 times (x 71B)
Class com.google.common.cache.LocalCache$StrongEntry                                  : loaded 2 times (x 108B)
Class com.google.common.util.concurrent.AbstractFuture$TrustedFuture                  : loaded 2 times (x 114B)
Class com.google.common.cache.LoadingCache                                            : loaded 2 times (x 70B)
Class jdk.internal.jrtfs.JrtFileSystem                                                : loaded 2 times (x 102B)
Class com.intellij.openapi.diagnostic.Logger$DefaultFactory                           : loaded 2 times (x 74B)
Class com.android.tools.idea.gradle.project.sync.LibraryIdentity$Companion            : loaded 2 times (x 71B)
Class com.android.tools.idea.gradle.model.impl.IdeModuleWellKnownSourceSet            : loaded 2 times (x 84B)
Class com.android.tools.idea.gradle.project.sync.InternedModels                       : loaded 2 times (x 72B)
Class com.android.tools.idea.gradle.project.sync.BasicV2AndroidModuleGradleProject    : loaded 2 times (x 73B)
Class org.jetbrains.kotlin.idea.gradleTooling.IdeaKotlinDependenciesContainer         : loaded 2 times (x 70B)
Class com.intellij.gradle.toolingExtension.impl.util.GradleExecutorServiceUtil$SimpleThreadFactory: loaded 2 times (x 75B)
Class com.intellij.platform.diagnostic.telemetry.rt.context.TelemetryContextGetter    : loaded 2 times (x 75B)
Class org.jetbrains.plugins.gradle.model.ProjectImportModelProvider$GradleModelConsumer$1: loaded 2 times (x 77B)
Class com.android.tools.idea.gradle.project.sync.AndroidExtraModelProviderKt$flattenDag$2: loaded 2 times (x 95B)
Class com.android.tools.idea.gradle.model.IdeVariantBuildInformation                  : loaded 2 times (x 70B)
Class org.gradle.tooling.internal.consumer.connection.NestedActionAwareBuildControllerAdapter: loaded 2 times (x 101B)
Class org.gradle.tooling.internal.consumer.versioning.VersionDetails$R51VersionDetails: loaded 2 times (x 80B)
Class org.gradle.tooling.model.gradle.GradleBuild                                     : loaded 2 times (x 70B)
Class io.opentelemetry.api.trace.Span                                                 : loaded 2 times (x 70B)
Class org.gradle.tooling.internal.consumer.versioning.VersionDetails                  : loaded 2 times (x 80B)
Class com.google.common.base.Suppliers$NonSerializableMemoizingSupplier               : loaded 2 times (x 79B)
Class com.google.common.io.ByteStreams$LimitedInputStream                             : loaded 2 times (x 92B)
Class org.objectweb.asm.MethodWriter                                                  : loaded 2 times (x 105B)
Class [Lcom.google.common.cache.Weigher;                                              : loaded 2 times (x 69B)
Class com.google.common.collect.RegularImmutableMap$BucketOverflowException           : loaded 2 times (x 82B)
Class jdk.internal.jimage.decompressor.CompressedResourceHeader                       : loaded 2 times (x 71B)
Class com.google.common.cache.LocalCache$Strength$1                                   : loaded 2 times (x 81B)
Class org.objectweb.asm.ModuleVisitor                                                 : loaded 2 times (x 80B)
Class com.google.common.collect.Sets$4                                                : loaded 2 times (x 139B)
Class org.apache.http.message.BasicHeader                                             : loaded 2 times (x 82B)
Class com.android.tools.idea.gradle.project.sync.DeliverableGradleModule              : loaded 2 times (x 76B)
Class com.intellij.openapi.diagnostic.LogLevel                                        : loaded 2 times (x 79B)
Class com.android.tools.idea.gradle.model.IdeUnknownLibraryImpl                       : loaded 2 times (x 83B)
Class com.android.ide.common.gradle.Version$Companion$ParseState$EMPTY                : loaded 2 times (x 74B)
Class com.android.tools.idea.gradle.project.sync.VariantDiscoveryKt                   : loaded 2 times (x 71B)
Class com.android.tools.idea.gradle.project.sync.HasAndroidVariantResolver            : loaded 2 times (x 70B)
Class com.google.common.io.ByteArrayDataInput                                         : loaded 2 times (x 70B)
Class com.google.common.collect.Cut                                                   : loaded 2 times (x 88B)
Class org.jetbrains.kotlin.config.JvmDefaultMode                                      : loaded 2 times (x 79B)
Class com.google.common.collect.MapMakerInternalMap$StrongValueEntry                  : loaded 2 times (x 70B)
Class com.google.common.collect.AbstractMapBasedMultimap$RandomAccessWrappedList      : loaded 2 times (x 205B)
Class com.google.common.collect.ImmutableMultimap$1                                   : loaded 2 times (x 82B)
Class org.jetbrains.kotlin.cli.common.CompilerSystemProperties$Companion              : loaded 2 times (x 71B)
Class com.google.common.reflect.TypeResolver                                          : loaded 2 times (x 72B)
Class com.google.common.reflect.Types$ClassOwnership$2                                : loaded 2 times (x 80B)
Class com.android.tools.idea.gradle.model.IdeVariantHeader                            : loaded 2 times (x 70B)
Class com.android.tools.idea.gradle.model.impl.IdeVariantCoreImpl$Companion           : loaded 2 times (x 71B)
Class com.google.common.collect.Range$RangeLexOrdering                                : loaded 2 times (x 115B)
Class org.gradle.internal.service.UnknownServiceException                             : loaded 2 times (x 83B)
Class com.google.common.base.AbstractIterator$State                                   : loaded 2 times (x 79B)
Class com.google.common.cache.LocalCache$LocalLoadingCache                            : loaded 2 times (x 134B)
Class com.google.common.collect.Sets$3                                                : loaded 2 times (x 139B)
Class [Lorg.objectweb.asm.AnnotationVisitor;                                          : loaded 2 times (x 69B)
Class io.opentelemetry.api.OpenTelemetry                                              : loaded 2 times (x 70B)
Class org.jetbrains.kotlin.cli.common.CompilerSystemProperties                        : loaded 2 times (x 80B)
Class com.google.common.collect.MapMakerInternalMap$Strength$2                        : loaded 2 times (x 80B)
Class com.android.tools.idea.gradle.project.sync.VariantDetails                       : loaded 2 times (x 72B)
Class com.google.common.reflect.Types$JavaVersion$1                                   : loaded 2 times (x 83B)
Class [Lorg.jetbrains.kotlin.config.ExplicitApiMode;                                  : loaded 2 times (x 69B)
Class com.google.common.collect.ImmutableMultimap$2                                   : loaded 2 times (x 81B)
Class [Lorg.apache.http.NameValuePair;                                                : loaded 2 times (x 69B)
Class com.google.common.collect.RegularImmutableBiMap                                 : loaded 2 times (x 148B)
Class com.google.common.cache.LocalCache$ValueReference                               : loaded 2 times (x 70B)
Class com.google.common.reflect.Types$ClassOwnership$1                                : loaded 2 times (x 80B)
Class com.android.tools.idea.gradle.project.sync.ModelProviderCachedData              : loaded 2 times (x 72B)
Class org.jetbrains.plugins.gradle.model.tests.ExternalTestSourceMapping              : loaded 2 times (x 70B)
Class com.android.tools.idea.gradle.project.sync.VariantDependenciesCompat            : loaded 2 times (x 72B)
Class com.android.tools.idea.gradle.project.sync.SyncTestMode                         : loaded 2 times (x 79B)
Class com.android.tools.idea.gradle.model.IdeDependenciesInfo                         : loaded 2 times (x 70B)
Class org.jetbrains.plugins.gradle.model.ExternalSourceDirectorySet                   : loaded 2 times (x 70B)
Class com.android.tools.idea.gradle.project.sync.ModelCacheV2ImplKt$modelCacheV2Impl$variantCoreFrom$12: loaded 2 times (x 125B)
Class com.android.tools.idea.gradle.project.sync.ModelResult$Companion                : loaded 2 times (x 71B)
Class com.android.tools.idea.gradle.project.sync.AndroidProjectResultKt               : loaded 2 times (x 71B)
Class com.android.tools.idea.gradle.project.sync.ModuleConfiguration                  : loaded 2 times (x 72B)
Class io.opentelemetry.api.trace.PropagatedSpan                                       : loaded 2 times (x 112B)
Class jdk.internal.jrtfs.SystemImage                                                  : loaded 2 times (x 74B)
Class com.google.common.reflect.Types$JavaVersion$2                                   : loaded 2 times (x 83B)
Class com.google.common.reflect.Types                                                 : loaded 2 times (x 71B)
Class org.jetbrains.kotlin.cli.common.arguments.CommonToolArguments                   : loaded 2 times (x 73B)
Class [Lorg.apache.http.Header;                                                       : loaded 2 times (x 69B)
Class com.google.common.hash.PrimitiveSink                                            : loaded 2 times (x 70B)
Class com.google.common.util.concurrent.AbstractFuture$Failure                        : loaded 2 times (x 72B)
Class com.google.common.base.PatternCompiler                                          : loaded 2 times (x 70B)
Class com.google.common.base.Equivalence$Equals                                       : loaded 2 times (x 82B)
Class com.google.common.collect.Hashing                                               : loaded 2 times (x 71B)
Class org.gradle.api.internal.ClassPathProvider                                       : loaded 2 times (x 70B)
Class [Lorg.gradle.api.internal.ClassPathProvider;                                    : loaded 2 times (x 69B)
Class com.google.common.collect.Sets$2                                                : loaded 2 times (x 139B)
Class com.google.common.collect.Maps$ViewCachingAbstractMap                           : loaded 2 times (x 125B)
Class com.google.common.collect.MapMakerInternalMap$Strength$1                        : loaded 2 times (x 80B)
Class [Lcom.android.tools.idea.gradle.model.ResolverType;                             : loaded 2 times (x 69B)
Class com.android.tools.idea.gradle.project.sync.LibraryIdentity                      : loaded 2 times (x 72B)
Class com.android.tools.idea.gradle.model.IdeVariantCore                              : loaded 2 times (x 70B)
Class com.google.common.io.CharSource$ConcatenatedCharSource                          : loaded 2 times (x 86B)
Class com.google.common.collect.TreeRangeSet                                          : loaded 2 times (x 115B)
Class com.android.tools.idea.gradle.project.upgrade.AndroidGradlePluginCompatibilityKt: loaded 2 times (x 71B)
Class com.android.tools.idea.gradle.project.sync.BasicIncompleteAndroidModule         : loaded 2 times (x 73B)
Class com.android.tools.idea.gradle.project.sync.DefaultVariantsKt$getDefaultVariant$$inlined$thenBy$2: loaded 2 times (x 90B)
Class com.android.tools.idea.gradle.model.impl.IdeAndroidProjectImpl                  : loaded 2 times (x 107B)
Class com.android.tools.idea.gradle.project.sync.ActionToRun$toSafeController$1       : loaded 2 times (x 86B)
Class org.gradle.tooling.model.GradleTask                                             : loaded 2 times (x 70B)
Class com.android.tools.idea.gradle.project.sync.VariantDiscovery                     : loaded 2 times (x 72B)
Class com.android.tools.idea.gradle.project.sync.DependencyGraphCompat                : loaded 2 times (x 71B)
Class org.gradle.api.internal.DefaultClassPathProvider                                : loaded 2 times (x 76B)
Class io.opentelemetry.api.trace.TraceFlags                                           : loaded 2 times (x 70B)
Class com.google.common.base.Splitter                                                 : loaded 2 times (x 72B)
Class com.google.common.reflect.Types$JavaVersion$3                                   : loaded 2 times (x 83B)
Class com.google.common.collect.ImmutableSetMultimap                                  : loaded 2 times (x 180B)
Class com.google.common.io.CharSink                                                   : loaded 2 times (x 79B)
Class org.objectweb.asm.Label                                                         : loaded 2 times (x 73B)
Class org.objectweb.asm.CurrentFrame                                                  : loaded 2 times (x 73B)
Class org.objectweb.asm.ClassTooLargeException                                        : loaded 2 times (x 83B)
Class com.google.gson.stream.JsonReader                                               : loaded 2 times (x 97B)
Class org.objectweb.asm.AnnotationVisitor                                             : loaded 2 times (x 77B)
Class com.google.common.collect.Sets$1                                                : loaded 2 times (x 139B)
Class com.google.common.collect.Iterators$EmptyModifiableIterator                     : loaded 2 times (x 86B)
Class org.gradle.tooling.internal.consumer.converters.ConsumerTargetTypeProvider      : loaded 2 times (x 76B)
Class com.google.common.collect.Cut$BelowValue                                        : loaded 2 times (x 88B)
Class com.android.ide.common.gradle.Version$Companion$ParseState$NUMERIC              : loaded 2 times (x 74B)
Class com.android.tools.idea.gradle.project.sync.VariantNameResolutionKt$buildVariantNameResolver$1: loaded 2 times (x 75B)
Class com.android.tools.idea.gradle.model.impl.IdeVariantBuildInformationImpl         : loaded 2 times (x 76B)
Class com.android.tools.idea.gradle.project.sync.JavaModule                           : loaded 2 times (x 78B)
Class com.android.tools.idea.gradle.project.sync.DefaultVariantsKt$getDefaultVariant$$inlined$thenBy$1: loaded 2 times (x 90B)
Class com.android.builder.model.v2.models.TestSuiteDependenciesAdjacencyList          : loaded 2 times (x 70B)
Class com.android.builder.model.v2.models.ProjectGraph                                : loaded 2 times (x 70B)
Class [Lcom.android.tools.idea.gradle.model.impl.IdeModuleSourceSet;                  : loaded 2 times (x 69B)
Class com.intellij.gradle.toolingExtension.impl.util.GradleModelProviderUtil          : loaded 2 times (x 71B)
Class com.android.ide.common.gradle.Numeric                                           : loaded 2 times (x 77B)
Class com.google.common.reflect.Types$JavaVersion$4                                   : loaded 2 times (x 83B)
Class com.google.common.io.ByteSource$AsCharSource                                    : loaded 2 times (x 86B)
Class com.google.common.collect.MapMakerInternalMap$InternalEntryHelper               : loaded 2 times (x 70B)
Class com.google.common.collect.Table                                                 : loaded 2 times (x 70B)
Class com.google.common.collect.Maps$IteratorBasedAbstractMap                         : loaded 2 times (x 125B)
Class org.objectweb.asm.Frame                                                         : loaded 2 times (x 73B)
Class org.objectweb.asm.MethodVisitor                                                 : loaded 2 times (x 104B)
Class com.google.common.cache.LocalCache$EntryFactory$1                               : loaded 2 times (x 83B)
Class [Lcom.google.common.cache.RemovalListener;                                      : loaded 2 times (x 69B)
Class com.google.common.collect.ListMultimap                                          : loaded 2 times (x 70B)
Class com.android.tools.idea.gradle.project.sync.SyncVariantResult                    : loaded 2 times (x 72B)
Class com.google.common.collect.ImmutableEnumMap                                      : loaded 2 times (x 125B)
Class com.android.tools.idea.gradle.model.impl.IdeVectorDrawablesOptionsImpl          : loaded 2 times (x 75B)
Class org.jetbrains.kotlin.idea.gradleTooling.model.kapt.KaptSourceSetModel           : loaded 2 times (x 70B)
Class org.apache.commons.io.output.StringBuilderWriter                                : loaded 2 times (x 100B)
Class org.objectweb.asm.tree.ClassNode                                                : loaded 2 times (x 90B)
Class com.intellij.gradle.toolingExtension.modelAction.GradleModelFetchPhase$BuildFinished: loaded 2 times (x 70B)
Class org.jetbrains.kotlin.idea.projectModel.KotlinTarget$Companion                   : loaded 2 times (x 71B)
Class org.gradle.tooling.internal.consumer.versioning.VersionDetails$R28VersionDetails: loaded 2 times (x 80B)
Class org.gradle.tooling.internal.adapter.ProtocolToModelAdapter$ClassMixInMethodInvoker: loaded 2 times (x 76B)
Class com.google.common.reflect.Types$JavaVersion$5                                   : loaded 2 times (x 71B)
Class [Lcom.google.common.reflect.Types$ClassOwnership;                               : loaded 2 times (x 69B)
Class com.google.common.cache.LocalCache$EntryFactory$2                               : loaded 2 times (x 83B)
Class org.gradle.api.internal.classpath.GlobalCacheRootsProvider                      : loaded 2 times (x 70B)
Class org.jetbrains.kotlin.idea.gradleTooling.AndroidAwareGradleModelProvider$populateModels$1: loaded 2 times (x 74B)
Class com.android.tools.idea.gradle.model.IdeBaseArtifactCore                         : loaded 2 times (x 70B)
Class com.android.tools.idea.gradle.model.IdeViewBindingOptions                       : loaded 2 times (x 70B)
Class com.android.tools.idea.gradle.project.sync.SyncProjectActionWorker$populateAndroidModels$2$variantDiscovery$1: loaded 2 times (x 78B)
Class com.android.ide.common.gradle.Component$Companion                               : loaded 2 times (x 71B)
Class com.android.tools.idea.gradle.model.IdeLintOptions                              : loaded 2 times (x 70B)
Class com.android.tools.idea.gradle.project.sync.VariantAssetSourceProviderContext    : loaded 2 times (x 72B)
Class com.android.tools.idea.gradle.project.sync.DefaultVariantsKt$getDefaultVariant$$inlined$compareBy$1: loaded 2 times (x 90B)
Class com.android.builder.model.v2.dsl.ClassField                                     : loaded 2 times (x 70B)
Class com.google.common.collect.Cut$BelowAll                                          : loaded 2 times (x 88B)
Class com.android.tools.idea.gradle.project.sync.AndroidExtraModelProviderWorkerKt    : loaded 2 times (x 71B)
Class com.android.tools.idea.gradle.model.impl.IdeUnresolvedLibraryTable              : loaded 2 times (x 70B)
Class org.jetbrains.plugins.gradle.tooling.util.ClassMap                              : loaded 2 times (x 72B)
Class org.gradle.api.internal.classpath.EffectiveClassPath                            : loaded 2 times (x 90B)
Class io.opentelemetry.context.propagation.ContextPropagators                         : loaded 2 times (x 70B)
Class [Lcom.google.common.collect.ImmutableMapEntry;                                  : loaded 2 times (x 69B)
Class com.intellij.gradle.toolingExtension.impl.model.sourceSetDependencyModel.GradleSourceSetDependencyModelProvider: loaded 2 times (x 79B)
Class com.google.common.collect.CollectCollectors                                     : loaded 2 times (x 71B)
Class org.objectweb.asm.ModuleWriter                                                  : loaded 2 times (x 81B)
Class com.google.common.cache.LocalCache$EntryFactory$3                               : loaded 2 times (x 83B)
Class com.google.common.base.Ticker$1                                                 : loaded 2 times (x 72B)
Class com.google.common.collect.ImmutableMapEntrySet$RegularEntrySet                  : loaded 2 times (x 151B)
Class com.google.common.collect.Maps$BiMapConverter                                   : loaded 2 times (x 90B)
Class sync_studio_tooling2_89r458dwgnqnq8sc5kif5dxh9$_run_closure1                    : loaded 2 times (x 139B)
Class org.jetbrains.kotlin.gradle.idea.tcs.IdeaKotlinDependencyCoordinates            : loaded 2 times (x 70B)
Class com.intellij.gradle.toolingExtension.model.repositoryModel.RepositoryModel      : loaded 2 times (x 70B)
Class com.android.builder.model.v2.models.TestSuiteSource                             : loaded 2 times (x 70B)
Class com.android.tools.idea.gradle.model.IdeAndroidLibraryImpl$Companion             : loaded 2 times (x 71B)
Class com.android.tools.idea.gradle.model.IdeAndroidArtifactCore                      : loaded 2 times (x 70B)
Class com.android.tools.idea.gradle.model.impl.IdeApiVersionImpl                      : loaded 2 times (x 77B)
Class com.android.tools.idea.gradle.project.sync.AndroidProjectResult$Companion       : loaded 2 times (x 71B)
Class com.android.tools.idea.gradle.model.IdeBuildTypeContainer                       : loaded 2 times (x 70B)
Class com.google.common.collect.SortedLists$KeyPresentBehavior$1                      : loaded 2 times (x 80B)
Class org.gradle.tooling.model.kotlin.dsl.EditorReportSeverity                        : loaded 2 times (x 79B)
Class com.intellij.gradle.toolingExtension.impl.modelAction.GradleDaemonModelHolder$ConvertedModel: loaded 2 times (x 72B)
Class org.gradle.tooling.internal.consumer.converters.EclipseExternalDependencyUnresolvedMixin: loaded 2 times (x 73B)
Class org.gradle.tooling.model.BuildableElement                                       : loaded 2 times (x 70B)
Class org.gradle.tooling.model.HasGradleProject                                       : loaded 2 times (x 70B)
Class org.gradle.tooling.internal.consumer.versioning.VersionDetails$R44VersionDetails: loaded 2 times (x 80B)
Class org.jetbrains.kotlin.idea.projectModel.KotlinPlatform                           : loaded 2 times (x 79B)
Class com.android.tools.idea.gradle.model.impl.IdeJavaArtifactCoreImpl                : loaded 2 times (x 91B)
Class com.google.common.collect.SetMultimap                                           : loaded 2 times (x 70B)
Class com.google.common.cache.LocalCache$EntryFactory$4                               : loaded 2 times (x 83B)
Class com.google.common.collect.ImmutableSet$Builder                                  : loaded 2 times (x 85B)
Class org.gradle.internal.classloader.ClassLoaderVisitor                              : loaded 2 times (x 76B)
Class com.android.tools.idea.gradle.model.IdeAndroidLibraryImplKt                     : loaded 2 times (x 71B)
Class com.android.tools.idea.gradle.model.IdeArtifactLibrary                          : loaded 2 times (x 70B)
Class ijInit1_ypi799ccrszx3hgo1suatcyi$_run_closure1                                  : loaded 2 times (x 140B)
Class com.android.tools.idea.gradle.model.impl.IdeLintOptionsImpl                     : loaded 2 times (x 103B)
Class com.android.tools.idea.gradle.model.IdeSourceProviderContainer                  : loaded 2 times (x 70B)
Class com.google.common.collect.SortedLists$KeyPresentBehavior$2                      : loaded 2 times (x 80B)
Class com.google.common.base.CharMatcher$None                                         : loaded 2 times (x 112B)
Class com.android.builder.model.v2.models.VariantDependenciesFlatList                 : loaded 2 times (x 70B)
Class org.jetbrains.kotlin.config.LanguageVersionSettings                             : loaded 2 times (x 70B)
Class org.gradle.tooling.internal.consumer.connection.NestedActionAwareBuildControllerAdapter$1: loaded 2 times (x 76B)
Class com.google.common.io.ByteSource$ConcatenatedByteSource                          : loaded 2 times (x 85B)
Class org.gradle.tooling.model.build.BuildEnvironment                                 : loaded 2 times (x 70B)
Class com.intellij.gradle.toolingExtension.impl.model.sourceSetModel.GradleSourceSetModelProvider: loaded 2 times (x 79B)
Class com.google.common.io.ByteStreams$1                                              : loaded 2 times (x 85B)
Class com.google.common.cache.LocalCache$EntryFactory$5                               : loaded 2 times (x 83B)
Class org.jetbrains.plugins.gradle.tooling.serialization.internal.IdeaProjectSerializationService$TargetBytecodeVersionGetter: loaded 2 times (x 75B)
Class io.opentelemetry.context.Scope                                                  : loaded 2 times (x 70B)
Class org.gradle.tooling.model.kotlin.dsl.EditorPosition                              : loaded 2 times (x 70B)
Class com.android.tools.idea.gradle.model.IdePreResolvedModuleLibrary                 : loaded 2 times (x 70B)
Class [Lcom.android.tools.idea.gradle.model.IdeTestOptions$Execution;                 : loaded 2 times (x 69B)
Class com.android.builder.model.v2.models.AssetsTestSuiteSource                       : loaded 2 times (x 70B)
Class org.gradle.internal.classloader.DefaultClassLoaderFactory                       : loaded 2 times (x 82B)
Class com.google.common.collect.SortedLists$KeyPresentBehavior$3                      : loaded 2 times (x 80B)
Class org.gradle.internal.impldep.com.google.common.base.Present                      : loaded 2 times (x 81B)
Class org.gradle.tooling.internal.consumer.connection.HasCompatibilityMapping         : loaded 2 times (x 73B)
Class com.google.common.base.Suppliers                                                : loaded 2 times (x 71B)
Class [Lcom.google.common.cache.CacheBuilder$OneWeigher;                              : loaded 2 times (x 69B)
Class org.gradle.tooling.internal.consumer.connection.InternalBuildActionAdapter      : loaded 2 times (x 80B)
Class org.jetbrains.kotlin.config.JVMAssertionsMode$Companion                         : loaded 2 times (x 71B)
Class com.google.common.collect.HashMultimap                                          : loaded 2 times (x 174B)
Class com.google.common.cache.LocalCache$EntryFactory$6                               : loaded 2 times (x 83B)
Class org.gradle.internal.installation.CurrentGradleInstallationLocator               : loaded 2 times (x 71B)
Class com.google.common.base.Platform$JdkPatternCompiler                              : loaded 2 times (x 75B)
Class com.android.tools.idea.gradle.project.sync.AllKotlinModels                      : loaded 2 times (x 72B)
Class org.objectweb.asm.MethodTooLargeException                                       : loaded 2 times (x 83B)
Class com.google.common.collect.SortedLists                                           : loaded 2 times (x 71B)
Class [Lcom.google.common.collect.SortedLists$KeyPresentBehavior;                     : loaded 2 times (x 69B)
Class com.google.common.collect.SortedLists$KeyPresentBehavior$4                      : loaded 2 times (x 80B)
Class com.google.common.collect.MapMakerInternalMap$Strength                          : loaded 2 times (x 80B)
Class org.gradle.tooling.model.idea.IdeaJavaLanguageSettings                          : loaded 2 times (x 70B)
Class org.jetbrains.plugins.gradle.tooling.serialization.internal.adapter.kotlin.dsl.InternalKotlinDslScriptsModel: loaded 2 times (x 76B)
Class org.gradle.tooling.internal.adapter.ProtocolToModelAdapter$ChainedMethodInvoker : loaded 2 times (x 76B)
Class com.intellij.gradle.toolingExtension.impl.modelAction.GradleDaemonModelHolder   : loaded 2 times (x 76B)
Class io.opentelemetry.api.GlobalOpenTelemetry                                        : loaded 2 times (x 71B)
Class org.gradle.tooling.model.kotlin.dsl.EditorReport                                : loaded 2 times (x 70B)
Class com.google.common.io.ByteSource$SlicedByteSource                                : loaded 2 times (x 85B)
Class com.google.common.collect.ImmutableMultimap$Builder                             : loaded 2 times (x 83B)
Class org.objectweb.asm.ClassReader                                                   : loaded 2 times (x 92B)
Class com.google.common.collect.Maps$KeySet                                           : loaded 2 times (x 137B)
Class com.google.common.cache.LocalCache$EntryFactory$7                               : loaded 2 times (x 83B)
Class com.google.common.collect.ImmutableSet$EmptySetBuilderImpl                      : loaded 2 times (x 76B)
Class org.gradle.internal.service.DefaultServiceLocator                               : loaded 2 times (x 83B)
Class jdk.internal.jrtfs.JrtDirectoryStream                                           : loaded 2 times (x 89B)
Class com.android.tools.idea.gradle.model.IdeBaseConfig                               : loaded 2 times (x 70B)
Class com.android.tools.idea.gradle.project.sync.GradleModelCollection                : loaded 2 times (x 70B)
Class org.objectweb.asm.ClassVisitor                                                  : loaded 2 times (x 87B)
Class [Lorg.objectweb.asm.Symbol;                                                     : loaded 2 times (x 69B)
Class org.jetbrains.kotlin.config.ExplicitApiMode$Companion                           : loaded 2 times (x 71B)
Class com.android.tools.idea.gradle.project.sync.VariantNameResolutionKt              : loaded 2 times (x 71B)
Class com.google.common.collect.TransformedListIterator                               : loaded 2 times (x 93B)
Class com.google.common.collect.SortedLists$KeyPresentBehavior$5                      : loaded 2 times (x 80B)
Class com.google.common.reflect.TypeCapture                                           : loaded 2 times (x 71B)
Class io.opentelemetry.api.internal.OtelEncodingUtils                                 : loaded 2 times (x 71B)
Class org.gradle.tooling.internal.consumer.converters.IdeaModuleDependencyTargetNameMixin: loaded 2 times (x 73B)
Class org.jetbrains.plugins.gradle.model.FilePatternSet                               : loaded 2 times (x 70B)
Class org.jetbrains.plugins.gradle.model.GradleLightProject                           : loaded 2 times (x 70B)
Class io.opentelemetry.api.trace.SpanContextKey                                       : loaded 2 times (x 71B)
Class com.android.tools.idea.gradle.project.sync.AdditionalClassifierArtifactsActionOptions: loaded 2 times (x 72B)
Class com.android.tools.idea.gradle.project.sync.AgpVersionsMismatch                  : loaded 2 times (x 82B)
Class com.google.common.collect.ImmutableMultimap$EntryCollection                     : loaded 2 times (x 127B)
Class com.google.common.collect.Maps$EntrySet                                         : loaded 2 times (x 136B)
Class org.jetbrains.kotlin.util.capitalizeDecapitalize.CapitalizeDecapitalizeKt       : loaded 2 times (x 71B)
Class com.google.common.cache.LocalCache$EntryFactory$8                               : loaded 2 times (x 83B)
Class org.gradle.internal.installation.CurrentGradleInstallation                      : loaded 2 times (x 73B)
Class [Lcom.android.tools.idea.gradle.project.sync.ModelFeature;                      : loaded 2 times (x 69B)
Class com.android.tools.idea.gradle.project.sync.ModelCache$V2                        : loaded 2 times (x 70B)
Class com.android.tools.idea.gradle.model.IdeUnknownLibrary                           : loaded 2 times (x 70B)
Class kotlin.jvm.internal.FunctionAdapter                                             : loaded 2 times (x 70B)
Class com.android.tools.idea.gradle.project.sync.LibraryIdentity$LibraryIdentityProvider$special$$inlined$compareBy$1: loaded 2 times (x 90B)
Class com.android.ide.common.gradle.Module$Companion                                  : loaded 2 times (x 71B)
Class jdk.internal.jimage.decompressor.StringSharingDecompressorFactory               : loaded 2 times (x 74B)
Class com.google.common.collect.ImmutableMap$MapViewOfValuesAsSingletonSets           : loaded 2 times (x 125B)
Class com.android.tools.idea.gradle.project.sync.GradleInjectedSyncActionRunner       : loaded 2 times (x 70B)
Class com.google.common.collect.RegularImmutableMap                                   : loaded 2 times (x 121B)
Class com.google.gson.stream.MalformedJsonException                                   : loaded 2 times (x 82B)
Class com.google.common.io.ByteArrayDataOutput                                        : loaded 2 times (x 70B)
Class io.opentelemetry.context.ContextStorageProvider                                 : loaded 2 times (x 70B)
Class org.gradle.tooling.internal.consumer.connection.ToolingParameterProxy           : loaded 2 times (x 76B)
Class org.gradle.tooling.model.gradle.ProjectPublications                             : loaded 2 times (x 70B)
Class com.android.tools.idea.gradle.project.sync.VariantDef                           : loaded 2 times (x 72B)
Class org.jetbrains.kotlin.idea.projectModel.KotlinTargetJar                          : loaded 2 times (x 70B)
Class com.google.common.cache.CacheLoader$1                                           : loaded 2 times (x 75B)
Class org.gradle.util.internal.GUtil                                                  : loaded 2 times (x 71B)
Class com.android.tools.idea.gradle.project.sync.ClasspathIdentifier                  : loaded 2 times (x 72B)
Class com.android.tools.idea.gradle.project.sync.VariantDiscovery$toTraverseAction$1$1$moduleDependencies$1: loaded 2 times (x 125B)
Class sync_studio_tooling8_3jd56mx4ftw67qpo6qe9v5az3                                  : loaded 2 times (x 171B)
Class org.gradle.api.internal.classpath.ManifestUtil                                  : loaded 2 times (x 71B)
Class com.google.common.util.concurrent.ExecutionError                                : loaded 2 times (x 82B)
Class com.android.tools.idea.gradle.project.sync.AndroidSdkBootClasspathUtilKt        : loaded 2 times (x 71B)
Class com.android.tools.idea.gradle.model.impl.IdeVariantCoreImpl                     : loaded 2 times (x 108B)
Class com.android.tools.idea.gradle.model.impl.IdeExtraSourceProviderImpl             : loaded 2 times (x 76B)
Class com.google.common.collect.ImmutableEnumSet                                      : loaded 2 times (x 146B)
Class com.android.tools.idea.gradle.project.sync.AgpVersionTooOld                     : loaded 2 times (x 82B)
Class com.google.common.collect.AbstractMapBasedMultimap$WrappedCollection            : loaded 2 times (x 124B)
Class com.intellij.gradle.toolingExtension.modelAction.GradleModelFetchPhase$ProjectLoaded: loaded 2 times (x 70B)
Class com.intellij.gradle.toolingExtension.modelProvider.GradleClassProjectModelProvider: loaded 2 times (x 80B)
Class io.opentelemetry.api.trace.TraceId                                              : loaded 2 times (x 71B)
Class com.google.common.io.ByteSource                                                 : loaded 2 times (x 84B)
Class com.google.common.cache.AbstractCache$StatsCounter                              : loaded 2 times (x 70B)
Class ijKotlinCoroutineJvmDebugInit1_64ljrt26atqwjoaiux4yhefof$_run_closure1$_closure2: loaded 2 times (x 139B)
Class [Lio.opentelemetry.api.trace.ImmutableTraceFlags;                               : loaded 2 times (x 69B)
Class com.android.tools.idea.gradle.model.impl.FileImpl                               : loaded 2 times (x 121B)
Class com.android.builder.model.v2.ide.TestSuiteTarget                                : loaded 2 times (x 70B)
Class com.android.tools.idea.gradle.model.IdeVectorDrawablesOptions                   : loaded 2 times (x 70B)
Class com.android.tools.idea.gradle.model.IdeSourceProvider                           : loaded 2 times (x 72B)
Class com.android.tools.idea.gradle.model.IdeTestOptions                              : loaded 2 times (x 70B)
Class com.intellij.openapi.diagnostic.DefaultLogger                                   : loaded 2 times (x 101B)
Class com.intellij.openapi.diagnostic.Attachment                                      : loaded 2 times (x 72B)
Class org.gradle.tooling.internal.consumer.converters.IncludedBuildsMixin             : loaded 2 times (x 74B)
Class io.opentelemetry.api.internal.ImmutableSpanContext                              : loaded 2 times (x 91B)
Class [Lcom.android.tools.idea.gradle.model.impl.IdeDependenciesCoreImpl;             : loaded 2 times (x 69B)
Class com.android.tools.idea.gradle.project.sync.GradleProject$ModelConsumer          : loaded 2 times (x 72B)
Class org.gradle.internal.classloader.ClassLoaderHierarchy                            : loaded 2 times (x 70B)
Class [Lcom.google.common.base.AbstractIterator$State;                                : loaded 2 times (x 69B)
Class com.google.common.reflect.Types$TypeVariableImpl                                : loaded 2 times (x 72B)
Class com.google.common.collect.MapMakerInternalMap$1                                 : loaded 2 times (x 83B)
Class org.objectweb.asm.Context                                                       : loaded 2 times (x 72B)
Class com.google.common.io.LineBuffer                                                 : loaded 2 times (x 75B)
Class org.gradle.internal.installation.GradleInstallation                             : loaded 2 times (x 75B)
Class jdk.internal.jimage.decompressor.ResourceDecompressor$StringsProvider           : loaded 2 times (x 70B)
Class com.google.common.collect.SortedSetMultimap                                     : loaded 2 times (x 70B)
Class org.apache.http.Header                                                          : loaded 2 times (x 70B)
Class com.android.tools.idea.gradle.project.sync.StandaloneDeliverableModel$Companion : loaded 2 times (x 71B)
Class [Lcom.android.tools.idea.gradle.model.IdeDependenciesCore;                      : loaded 2 times (x 69B)
Class com.android.tools.idea.gradle.project.sync.AgpCompatibilityKt                   : loaded 2 times (x 71B)
Class com.google.common.io.FileWriteMode                                              : loaded 2 times (x 79B)
Class [Lcom.google.common.collect.MapMakerInternalMap$Segment;                        : loaded 2 times (x 69B)
Class org.gradle.tooling.model.gradle.BasicGradleProject                              : loaded 2 times (x 70B)
Class io.opentelemetry.api.trace.DefaultTracer                                        : loaded 2 times (x 74B)
Class org.gradle.tooling.internal.adapter.ProtocolToModelAdapter$2                    : loaded 2 times (x 78B)
Class com.android.tools.idea.gradle.project.sync.HasLintJar                           : loaded 2 times (x 70B)
Class org.jetbrains.kotlin.config.LanguageFeature$State                               : loaded 2 times (x 82B)
Class com.google.common.collect.Iterables                                             : loaded 2 times (x 71B)
Class com.google.common.base.Splitter$Strategy                                        : loaded 2 times (x 70B)
Class org.jetbrains.plugins.gradle.tooling.serialization.internal.IdeaProjectSerializationService$11: loaded 2 times (x 76B)
Class jdk.internal.jimage.BasicImageReader                                            : loaded 2 times (x 95B)
Class org.gradle.internal.classloader.FilteringClassLoader                            : loaded 2 times (x 105B)
Class com.google.common.collect.RegularImmutableMap$KeySet                            : loaded 2 times (x 150B)
Class com.google.common.base.Equivalence$Identity                                     : loaded 2 times (x 82B)
Class com.google.common.base.PairwiseEquivalence                                      : loaded 2 times (x 83B)
Class com.google.common.io.LineReader                                                 : loaded 2 times (x 72B)
Class com.android.ide.common.gradle.Part                                              : loaded 2 times (x 77B)
Class org.jetbrains.plugins.gradle.model.ProjectImportModelProvider$GradleModelConsumer: loaded 2 times (x 70B)
Class com.android.tools.idea.gradle.project.sync.ModelFeature                         : loaded 2 times (x 79B)
Class com.android.tools.idea.gradle.model.impl.IdeBuildTypeImpl                       : loaded 2 times (x 93B)
Class com.android.tools.idea.gradle.model.impl.IdeAndroidArtifactCoreImpl             : loaded 2 times (x 103B)
Class com.android.tools.idea.gradle.project.sync.ArtifactDependenciesCompat           : loaded 2 times (x 72B)
Class org.gradle.tooling.model.internal.Exceptions                                    : loaded 2 times (x 71B)
Class com.android.tools.idea.gradle.model.IdeProductFlavor                            : loaded 2 times (x 70B)
Class org.gradle.tooling.UnsupportedVersionException                                  : loaded 2 times (x 83B)
Class com.intellij.gradle.toolingExtension.impl.model.buildScriptClasspathModel.GradleBuildScriptClasspathModelProvider: loaded 2 times (x 79B)
Class com.intellij.gradle.toolingExtension.impl.modelAction.GradleModelFetchAction    : loaded 2 times (x 86B)
Class org.gradle.tooling.BuildAction                                                  : loaded 2 times (x 70B)

---------------  S Y S T E M  ---------------

OS:
 Windows 11 , 64 bit Build 26100 (10.0.26100.8328)
OS uptime: 0 days 0:33 hours
Hyper-V role detected

CPU: total 12 (initial active 12) (12 cores per cpu, 2 threads per core) family 25 model 80 stepping 0 microcode 0xa50000d, cx8, cmov, fxsr, ht, mmx, 3dnowpref, sse, sse2, sse3, ssse3, sse4a, sse4.1, sse4.2, popcnt, lzcnt, tsc, tscinvbit, avx, avx2, aes, erms, clmul, bmi1, bmi2, adx, sha, fma, vzeroupper, clflush, clflushopt, hv, rdtscp, rdpid, fsrm, f16c, cet_ss
Processor Information for processor 0
  Max Mhz: 3301, Current Mhz: 1805, Mhz Limit: 3301
Processor Information for processor 1
  Max Mhz: 3301, Current Mhz: 3301, Mhz Limit: 3301
Processor Information for processor 2
  Max Mhz: 3301, Current Mhz: 1805, Mhz Limit: 3301
Processor Information for processor 3
  Max Mhz: 3301, Current Mhz: 1805, Mhz Limit: 3301
Processor Information for processor 4
  Max Mhz: 3301, Current Mhz: 3301, Mhz Limit: 3301
Processor Information for processor 5
  Max Mhz: 3301, Current Mhz: 3301, Mhz Limit: 3301
Processor Information for processor 6
  Max Mhz: 3301, Current Mhz: 3301, Mhz Limit: 3301
Processor Information for processor 7
  Max Mhz: 3301, Current Mhz: 1805, Mhz Limit: 3301
Processor Information for processor 8
  Max Mhz: 3301, Current Mhz: 1805, Mhz Limit: 3301
Processor Information for processor 9
  Max Mhz: 3301, Current Mhz: 1805, Mhz Limit: 3301
Processor Information for processor 10
  Max Mhz: 3301, Current Mhz: 3301, Mhz Limit: 3301
Processor Information for processor 11
  Max Mhz: 3301, Current Mhz: 3301, Mhz Limit: 3301

Memory: 4k page, system-wide physical 7521M (897M free)
TotalPageFile size 14274M (AvailPageFile size 0M)
current process WorkingSet (physical memory assigned to process): 1076M, peak: 1264M
current process commit charge ("private bytes"): 1552M, peak: 1619M

vm_info: OpenJDK 64-Bit Server VM (21.0.10+-14961533-b1163.108) for windows-amd64 JRE (21.0.10+-14961533-b1163.108), built on 2026-03-02T19:58:50Z by "builder" with MS VC++ 16.10 / 16.11 (VS2019)

END.
