#
# There is insufficient memory for the Java Runtime Environment to continue.
# Native memory allocation (malloc) failed to allocate 1678896 bytes. Error detail: Chunk::new
# Possible reasons:
#   The system is out of physical RAM or swap space
#   This process is running with CompressedOops enabled, and the Java Heap may be blocking the growth of the native heap
# Possible solutions:
#   Reduce memory load on the system
#   Increase physical memory or swap space
#   Check if swap backing store is full
#   Decrease Java heap size (-Xmx/-Xms)
#   Decrease number of Java threads
#   Decrease Java thread stack sizes (-Xss)
#   Set larger code cache with -XX:ReservedCodeCacheSize=
#   JVM is running with Unscaled Compressed Oops mode in which the Java heap is
#     placed in the first 4GB address space. The Java Heap base address is the
#     maximum limit for the native heap growth. Please use -XX:HeapBaseMinAddress
#     to set the Java Heap base and to place the Java Heap above 4GB virtual address.
# This output file may be truncated or incomplete.
#
#  Out of Memory Error (arena.cpp:168), pid=7200, tid=1520
#
# JRE version: OpenJDK Runtime Environment (21.0.10) (build 21.0.10+-14961533-b1163.108)
# Java VM: OpenJDK 64-Bit Server VM (21.0.10+-14961533-b1163.108, mixed mode, tiered, compressed oops, compressed class ptrs, g1 gc, windows-amd64)
# No core dump will be written. Minidumps are not enabled by default on client versions of Windows
#

---------------  S U M M A R Y ------------

Command Line: --add-opens=java.base/java.lang=ALL-UNNAMED --add-opens=java.base/java.lang.invoke=ALL-UNNAMED --add-opens=java.base/java.util=ALL-UNNAMED --add-opens=java.prefs/java.util.prefs=ALL-UNNAMED --add-exports=jdk.compiler/com.sun.tools.javac.api=ALL-UNNAMED --add-exports=jdk.compiler/com.sun.tools.javac.util=ALL-UNNAMED --add-opens=java.base/java.util=ALL-UNNAMED --add-opens=java.prefs/java.util.prefs=ALL-UNNAMED --add-opens=java.base/java.nio.charset=ALL-UNNAMED --add-opens=java.base/java.net=ALL-UNNAMED --add-opens=java.base/java.util.concurrent=ALL-UNNAMED --add-opens=java.base/java.util.concurrent.atomic=ALL-UNNAMED --add-opens=java.xml/javax.xml.namespace=ALL-UNNAMED -Xmx2048m -Dfile.encoding=UTF-8 -Duser.country=IN -Duser.language=en -Duser.variant -javaagent:C:\Users\ec5cd\.gradle\wrapper\dists\gradle-9.0.0-bin\d6wjpkvcgsg3oed0qlfss3wgl\gradle-9.0.0\lib\agents\gradle-instrumentation-agent-9.0.0.jar org.gradle.launcher.daemon.bootstrap.GradleDaemon 9.0.0

Host: AMD Ryzen 5 5600H with Radeon Graphics         , 12 cores, 7G,  Windows 11 , 64 bit Build 26100 (10.0.26100.8328)
Time: Thu May 14 02:06:56 2026 India Standard Time elapsed time: 54.561920 seconds (0d 0h 0m 54s)

---------------  T H R E A D  ---------------

Current thread (0x0000025b27457720):  JavaThread "C2 CompilerThread0" daemon [_thread_in_native, id=1520, stack(0x00000071ff200000,0x00000071ff300000) (1024K)]


Current CompileTask:
C2:54562 18680       4       org.gradle.internal.serialize.HierarchicalNameSerializer::writeName (88 bytes)

Stack: [0x00000071ff200000,0x00000071ff300000]
Native frames: (J=compiled Java code, j=interpreted, Vv=VM code, C=native code)
V  [jvm.dll+0x6d78a9]
V  [jvm.dll+0x8665b3]
V  [jvm.dll+0x868bde]
V  [jvm.dll+0x8692c3]
V  [jvm.dll+0x280ee6]
V  [jvm.dll+0xc07cd]
V  [jvm.dll+0xc0d03]
V  [jvm.dll+0x3ba091]
V  [jvm.dll+0x385df7]
V  [jvm.dll+0x38526a]
V  [jvm.dll+0x249bd2]
V  [jvm.dll+0x2491a1]
V  [jvm.dll+0x1c76e4]
V  [jvm.dll+0x25891e]
V  [jvm.dll+0x256e66]
V  [jvm.dll+0x3f513e]
V  [jvm.dll+0x80fd28]
V  [jvm.dll+0x6d60fd]
C  [ucrtbase.dll+0x37b0]
C  [KERNEL32.DLL+0x2e957]
C  [ntdll.dll+0x427c]


---------------  P R O C E S S  ---------------

Threads class SMR info:
_java_thread_list=0x0000025b3557c120, length=127, elements={
0x0000025b0d89e670, 0x0000025b273fdfd0, 0x0000025b274030e0, 0x0000025b27403b40,
0x0000025b2740e040, 0x0000025b2740eaa0, 0x0000025b2740f500, 0x0000025b27410090,
0x0000025b27457720, 0x0000025b2747a5e0, 0x0000025b2770a710, 0x0000025b2de03790,
0x0000025b2c8d21e0, 0x0000025b2dd66510, 0x0000025b2cefe020, 0x0000025b2cf02f60,
0x0000025b2cf035d0, 0x0000025b2ca08c80, 0x0000025b2ca0ad50, 0x0000025b2ca09310,
0x0000025b2ca0b3e0, 0x0000025b2ca099a0, 0x0000025b2ca0ba70, 0x0000025b2ca0a6c0,
0x0000025b2ebbafd0, 0x0000025b2ebbc380, 0x0000025b2ebbbcf0, 0x0000025b2ebba2b0,
0x0000025b2ebb9c20, 0x0000025b2ebb8f00, 0x0000025b2ebb9590, 0x0000025b2ebbddc0,
0x0000025b2ebbd730, 0x0000025b2ebbca10, 0x0000025b35183e50, 0x0000025b35185f20,
0x0000025b35182aa0, 0x0000025b351865b0, 0x0000025b35186c40, 0x0000025b351872d0,
0x0000025b35187ff0, 0x0000025b35187960, 0x0000025b307a9d70, 0x0000025b307aaa90,
0x0000025b307ab7b0, 0x0000025b356dc060, 0x0000025b356da620, 0x0000025b356de7c0,
0x0000025b356dcd80, 0x0000025b356db9d0, 0x0000025b356ddaa0, 0x0000025b356de130,
0x0000025b356db340, 0x0000025b356e0200, 0x0000025b356e0f20, 0x0000025b356dee50,
0x0000025b356df4e0, 0x0000025b356e0890, 0x0000025b356e15b0, 0x0000025b2cce5730,
0x0000025b2cce6ae0, 0x0000025b2cce9240, 0x0000025b2cce6450, 0x0000025b2cce8520,
0x0000025b2cce5dc0, 0x0000025b2cce98d0, 0x0000025b2cce7800, 0x0000025b2cce7e90,
0x0000025b2cce8bb0, 0x0000025b2cce9f60, 0x0000025b2cce7170, 0x0000025b2cceac80,
0x0000025b2cceb310, 0x0000025b2ccec030, 0x0000025b2cceb9a0, 0x0000025b2ccec6c0,
0x0000025b2ccecd50, 0x0000025b2fc17300, 0x0000025b2fc186b0, 0x0000025b2fc18d40,
0x0000025b2fc17990, 0x0000025b2fc193d0, 0x0000025b2fc18020, 0x0000025b2fc15f50,
0x0000025b2fc165e0, 0x0000025b2fc1a0f0, 0x0000025b2fc16c70, 0x0000025b2fc1a780,
0x0000025b2fc1c1c0, 0x0000025b2fc1cee0, 0x0000025b2fc1ae10, 0x0000025b2fc1b4a0,
0x0000025b2fc1bb30, 0x0000025b2fc1c850, 0x0000025b3532e6c0, 0x0000025b353314b0,
0x0000025b3532f3e0, 0x0000025b3532ed50, 0x0000025b3532e030, 0x0000025b3532fa70,
0x0000025b353321d0, 0x0000025b35332860, 0x0000025b35330100, 0x0000025b35332ef0,
0x0000025b35333580, 0x0000025b35331b40, 0x0000025b35330790, 0x0000025b353342a0,
0x0000025b35330e20, 0x0000025b35336370, 0x0000025b35337db0, 0x0000025b35337720,
0x0000025b35334930, 0x0000025b35335ce0, 0x0000025b35334fc0, 0x0000025b35336a00,
0x0000025b35338440, 0x0000025b3533b230, 0x0000025b485594e0, 0x0000025b3533a510,
0x0000025b3533b8c0, 0x0000025b3533bf50, 0x0000025b3533aba0, 0x0000025b3533c5e0,
0x0000025b353397f0, 0x0000025b3533d300, 0x0000025b35339e80
}

Java Threads: ( => current thread )
  0x0000025b0d89e670 JavaThread "main"                              [_thread_blocked, id=13720, stack(0x00000071fe300000,0x00000071fe400000) (1024K)]
  0x0000025b273fdfd0 JavaThread "Common-Cleaner"             daemon [_thread_blocked, id=11952, stack(0x00000071feb00000,0x00000071fec00000) (1024K)]
  0x0000025b274030e0 JavaThread "Reference Handler"          daemon [_thread_blocked, id=5936, stack(0x00000071fec00000,0x00000071fed00000) (1024K)]
  0x0000025b27403b40 JavaThread "Finalizer"                  daemon [_thread_blocked, id=20260, stack(0x00000071fed00000,0x00000071fee00000) (1024K)]
  0x0000025b2740e040 JavaThread "Signal Dispatcher"          daemon [_thread_blocked, id=14228, stack(0x00000071fee00000,0x00000071fef00000) (1024K)]
  0x0000025b2740eaa0 JavaThread "Attach Listener"            daemon [_thread_blocked, id=11568, stack(0x00000071fef00000,0x00000071ff000000) (1024K)]
  0x0000025b2740f500 JavaThread "Service Thread"             daemon [_thread_blocked, id=13448, stack(0x00000071ff000000,0x00000071ff100000) (1024K)]
  0x0000025b27410090 JavaThread "Monitor Deflation Thread"   daemon [_thread_blocked, id=6744, stack(0x00000071ff100000,0x00000071ff200000) (1024K)]
=>0x0000025b27457720 JavaThread "C2 CompilerThread0"         daemon [_thread_in_native, id=1520, stack(0x00000071ff200000,0x00000071ff300000) (1024K)]
  0x0000025b2747a5e0 JavaThread "C1 CompilerThread0"         daemon [_thread_blocked, id=15932, stack(0x00000071ff300000,0x00000071ff400000) (1024K)]
  0x0000025b2770a710 JavaThread "Notification Thread"        daemon [_thread_blocked, id=1480, stack(0x00000071ff400000,0x00000071ff500000) (1024K)]
  0x0000025b2de03790 JavaThread "Daemon health stats"               [_thread_blocked, id=22960, stack(0x00000071ffb00000,0x00000071ffc00000) (1024K)]
  0x0000025b2c8d21e0 JavaThread "Incoming local TCP Connector on port 55667"        [_thread_in_native, id=10100, stack(0x00000071ffc00000,0x00000071ffd00000) (1024K)]
  0x0000025b2dd66510 JavaThread "Daemon periodic checks"            [_thread_blocked, id=10612, stack(0x0000007180200000,0x0000007180300000) (1024K)]
  0x0000025b2cefe020 JavaThread "Daemon"                            [_thread_blocked, id=7344, stack(0x0000007180300000,0x0000007180400000) (1024K)]
  0x0000025b2cf02f60 JavaThread "Handler for socket connection from /127.0.0.1:55667 to /127.0.0.1:55668"        [_thread_in_native, id=10360, stack(0x0000007180400000,0x0000007180500000) (1024K)]
  0x0000025b2cf035d0 JavaThread "Cancel handler"                    [_thread_blocked, id=19860, stack(0x0000007180500000,0x0000007180600000) (1024K)]
  0x0000025b2ca08c80 JavaThread "Daemon worker"                     [_thread_in_native, id=23216, stack(0x0000007180600000,0x0000007180700000) (1024K)]
  0x0000025b2ca0ad50 JavaThread "Asynchronous log dispatcher for DefaultDaemonConnection: socket connection from /127.0.0.1:55667 to /127.0.0.1:55668"        [_thread_blocked, id=19840, stack(0x0000007180700000,0x0000007180800000) (1024K)]
  0x0000025b2ca09310 JavaThread "Stdin handler"                     [_thread_blocked, id=13352, stack(0x0000007180800000,0x0000007180900000) (1024K)]
  0x0000025b2ca0b3e0 JavaThread "Daemon client event forwarder"        [_thread_blocked, id=11892, stack(0x0000007180900000,0x0000007180a00000) (1024K)]
  0x0000025b2ca099a0 JavaThread "Cache worker for journal cache (C:\Users\ec5cd\.gradle\caches\journal-1)"        [_thread_blocked, id=21948, stack(0x0000007180c00000,0x0000007180d00000) (1024K)]
  0x0000025b2ca0ba70 JavaThread "File lock request listener"        [_thread_in_native, id=15648, stack(0x0000007180d00000,0x0000007180e00000) (1024K)]
  0x0000025b2ca0a6c0 JavaThread "Cache worker for file hash cache (C:\Users\ec5cd\.gradle\caches\9.0.0\fileHashes)"        [_thread_blocked, id=18176, stack(0x0000007180e00000,0x0000007180f00000) (1024K)]
  0x0000025b2ebbafd0 JavaThread "Cache worker for file hash cache (D:\Project 5\.gradle\9.0.0\fileHashes)"        [_thread_blocked, id=2092, stack(0x0000007180f00000,0x0000007181000000) (1024K)]
  0x0000025b2ebbc380 JavaThread "Cache worker for Build Output Cleanup Cache (D:\Project 5\.gradle\buildOutputCleanup)"        [_thread_blocked, id=3196, stack(0x0000007181000000,0x0000007181100000) (1024K)]
  0x0000025b2ebbbcf0 JavaThread "File watcher server"        daemon [_thread_in_native, id=6088, stack(0x0000007181100000,0x0000007181200000) (1024K)]
  0x0000025b2ebba2b0 JavaThread "File watcher consumer"      daemon [_thread_blocked, id=2728, stack(0x0000007181200000,0x0000007181300000) (1024K)]
  0x0000025b2ebb9c20 JavaThread "Cache worker for checksums cache (D:\Project 5\.gradle\9.0.0\checksums)"        [_thread_blocked, id=13260, stack(0x0000007181300000,0x0000007181400000) (1024K)]
  0x0000025b2ebb8f00 JavaThread "Cache worker for file content cache (C:\Users\ec5cd\.gradle\caches\9.0.0\fileContent)"        [_thread_blocked, id=14256, stack(0x0000007181400000,0x0000007181500000) (1024K)]
  0x0000025b2ebb9590 JavaThread "Cache worker for cache directory md-supplier (C:\Users\ec5cd\.gradle\caches\9.0.0\md-supplier)"        [_thread_blocked, id=22900, stack(0x0000007181500000,0x0000007181600000) (1024K)]
  0x0000025b2ebbddc0 JavaThread "Cache worker for cache directory md-rule (C:\Users\ec5cd\.gradle\caches\9.0.0\md-rule)"        [_thread_blocked, id=4104, stack(0x0000007181600000,0x0000007181700000) (1024K)]
  0x0000025b2ebbd730 JavaThread "jar transforms"                    [_thread_blocked, id=3316, stack(0x0000007181700000,0x0000007181800000) (1024K)]
  0x0000025b2ebbca10 JavaThread "jar transforms Thread 2"           [_thread_blocked, id=19032, stack(0x0000007181800000,0x0000007181900000) (1024K)]
  0x0000025b35183e50 JavaThread "Kotlin DSL Writer"                 [_thread_blocked, id=3384, stack(0x0000007181900000,0x0000007181a00000) (1024K)]
  0x0000025b35185f20 JavaThread "Unconstrained build operations"        [_thread_blocked, id=3080, stack(0x0000007181c00000,0x0000007181d00000) (1024K)]
  0x0000025b35182aa0 JavaThread "Unconstrained build operations Thread 2"        [_thread_blocked, id=22712, stack(0x0000007181d00000,0x0000007181e00000) (1024K)]
  0x0000025b351865b0 JavaThread "Unconstrained build operations Thread 3"        [_thread_blocked, id=17392, stack(0x0000007181e00000,0x0000007181f00000) (1024K)]
  0x0000025b35186c40 JavaThread "Unconstrained build operations Thread 4"        [_thread_blocked, id=11344, stack(0x0000007181f00000,0x0000007182000000) (1024K)]
  0x0000025b351872d0 JavaThread "Unconstrained build operations Thread 5"        [_thread_blocked, id=2288, stack(0x0000007182000000,0x0000007182100000) (1024K)]
  0x0000025b35187ff0 JavaThread "Unconstrained build operations Thread 6"        [_thread_blocked, id=12096, stack(0x0000007182100000,0x0000007182200000) (1024K)]
  0x0000025b35187960 JavaThread "Unconstrained build operations Thread 7"        [_thread_blocked, id=20284, stack(0x0000007182200000,0x0000007182300000) (1024K)]
  0x0000025b307a9d70 JavaThread "Unconstrained build operations Thread 8"        [_thread_blocked, id=6188, stack(0x0000007182300000,0x0000007182400000) (1024K)]
  0x0000025b307aaa90 JavaThread "Unconstrained build operations Thread 9"        [_thread_blocked, id=19904, stack(0x0000007182400000,0x0000007182500000) (1024K)]
  0x0000025b307ab7b0 JavaThread "Unconstrained build operations Thread 10"        [_thread_blocked, id=22368, stack(0x0000007182500000,0x0000007182600000) (1024K)]
  0x0000025b356dc060 JavaThread "Unconstrained build operations Thread 11"        [_thread_blocked, id=20988, stack(0x0000007182600000,0x0000007182700000) (1024K)]
  0x0000025b356da620 JavaThread "Unconstrained build operations Thread 12"        [_thread_blocked, id=15256, stack(0x0000007182700000,0x0000007182800000) (1024K)]
  0x0000025b356de7c0 JavaThread "Unconstrained build operations Thread 13"        [_thread_blocked, id=14796, stack(0x0000007182800000,0x0000007182900000) (1024K)]
  0x0000025b356dcd80 JavaThread "Unconstrained build operations Thread 14"        [_thread_blocked, id=1692, stack(0x0000007182900000,0x0000007182a00000) (1024K)]
  0x0000025b356db9d0 JavaThread "Unconstrained build operations Thread 15"        [_thread_blocked, id=1804, stack(0x0000007182a00000,0x0000007182b00000) (1024K)]
  0x0000025b356ddaa0 JavaThread "Unconstrained build operations Thread 16"        [_thread_blocked, id=8868, stack(0x0000007182b00000,0x0000007182c00000) (1024K)]
  0x0000025b356de130 JavaThread "Unconstrained build operations Thread 17"        [_thread_blocked, id=2476, stack(0x0000007182c00000,0x0000007182d00000) (1024K)]
  0x0000025b356db340 JavaThread "Unconstrained build operations Thread 18"        [_thread_blocked, id=18064, stack(0x0000007182d00000,0x0000007182e00000) (1024K)]
  0x0000025b356e0200 JavaThread "Unconstrained build operations Thread 19"        [_thread_blocked, id=18056, stack(0x0000007182e00000,0x0000007182f00000) (1024K)]
  0x0000025b356e0f20 JavaThread "Unconstrained build operations Thread 20"        [_thread_blocked, id=4688, stack(0x0000007182f00000,0x0000007183000000) (1024K)]
  0x0000025b356dee50 JavaThread "Unconstrained build operations Thread 21"        [_thread_blocked, id=11908, stack(0x0000007183000000,0x0000007183100000) (1024K)]
  0x0000025b356df4e0 JavaThread "Unconstrained build operations Thread 22"        [_thread_blocked, id=10776, stack(0x0000007183100000,0x0000007183200000) (1024K)]
  0x0000025b356e0890 JavaThread "Unconstrained build operations Thread 23"        [_thread_blocked, id=13160, stack(0x0000007183200000,0x0000007183300000) (1024K)]
  0x0000025b356e15b0 JavaThread "Unconstrained build operations Thread 24"        [_thread_blocked, id=16196, stack(0x0000007183300000,0x0000007183400000) (1024K)]
  0x0000025b2cce5730 JavaThread "Unconstrained build operations Thread 25"        [_thread_blocked, id=13728, stack(0x0000007183400000,0x0000007183500000) (1024K)]
  0x0000025b2cce6ae0 JavaThread "Unconstrained build operations Thread 26"        [_thread_blocked, id=15796, stack(0x0000007183500000,0x0000007183600000) (1024K)]
  0x0000025b2cce9240 JavaThread "Unconstrained build operations Thread 27"        [_thread_blocked, id=22732, stack(0x0000007183600000,0x0000007183700000) (1024K)]
  0x0000025b2cce6450 JavaThread "Unconstrained build operations Thread 28"        [_thread_blocked, id=15012, stack(0x0000007183700000,0x0000007183800000) (1024K)]
  0x0000025b2cce8520 JavaThread "Unconstrained build operations Thread 29"        [_thread_blocked, id=2032, stack(0x0000007181a00000,0x0000007181b00000) (1024K)]
  0x0000025b2cce5dc0 JavaThread "Unconstrained build operations Thread 30"        [_thread_blocked, id=12160, stack(0x0000007183800000,0x0000007183900000) (1024K)]
  0x0000025b2cce98d0 JavaThread "Unconstrained build operations Thread 31"        [_thread_blocked, id=11724, stack(0x0000007183900000,0x0000007183a00000) (1024K)]
  0x0000025b2cce7800 JavaThread "Unconstrained build operations Thread 32"        [_thread_blocked, id=3556, stack(0x0000007183a00000,0x0000007183b00000) (1024K)]
  0x0000025b2cce7e90 JavaThread "Unconstrained build operations Thread 33"        [_thread_blocked, id=2984, stack(0x0000007183b00000,0x0000007183c00000) (1024K)]
  0x0000025b2cce8bb0 JavaThread "Unconstrained build operations Thread 34"        [_thread_blocked, id=20928, stack(0x0000007183c00000,0x0000007183d00000) (1024K)]
  0x0000025b2cce9f60 JavaThread "Unconstrained build operations Thread 35"        [_thread_blocked, id=18284, stack(0x0000007183d00000,0x0000007183e00000) (1024K)]
  0x0000025b2cce7170 JavaThread "Unconstrained build operations Thread 36"        [_thread_blocked, id=11712, stack(0x0000007183e00000,0x0000007183f00000) (1024K)]
  0x0000025b2cceac80 JavaThread "Unconstrained build operations Thread 37"        [_thread_blocked, id=14888, stack(0x0000007183f00000,0x0000007184000000) (1024K)]
  0x0000025b2cceb310 JavaThread "Unconstrained build operations Thread 38"        [_thread_blocked, id=5632, stack(0x0000007184000000,0x0000007184100000) (1024K)]
  0x0000025b2ccec030 JavaThread "Unconstrained build operations Thread 39"        [_thread_blocked, id=17236, stack(0x0000007184100000,0x0000007184200000) (1024K)]
  0x0000025b2cceb9a0 JavaThread "Unconstrained build operations Thread 40"        [_thread_blocked, id=20764, stack(0x0000007184200000,0x0000007184300000) (1024K)]
  0x0000025b2ccec6c0 JavaThread "Unconstrained build operations Thread 41"        [_thread_blocked, id=4760, stack(0x0000007184300000,0x0000007184400000) (1024K)]
  0x0000025b2ccecd50 JavaThread "Unconstrained build operations Thread 42"        [_thread_blocked, id=16904, stack(0x0000007184400000,0x0000007184500000) (1024K)]
  0x0000025b2fc17300 JavaThread "Unconstrained build operations Thread 43"        [_thread_blocked, id=20908, stack(0x0000007184500000,0x0000007184600000) (1024K)]
  0x0000025b2fc186b0 JavaThread "Unconstrained build operations Thread 44"        [_thread_blocked, id=9380, stack(0x0000007184600000,0x0000007184700000) (1024K)]
  0x0000025b2fc18d40 JavaThread "Unconstrained build operations Thread 45"        [_thread_blocked, id=9376, stack(0x0000007184700000,0x0000007184800000) (1024K)]
  0x0000025b2fc17990 JavaThread "Unconstrained build operations Thread 46"        [_thread_blocked, id=16544, stack(0x0000007184800000,0x0000007184900000) (1024K)]
  0x0000025b2fc193d0 JavaThread "Unconstrained build operations Thread 47"        [_thread_blocked, id=21304, stack(0x0000007184900000,0x0000007184a00000) (1024K)]
  0x0000025b2fc18020 JavaThread "Unconstrained build operations Thread 48"        [_thread_blocked, id=21316, stack(0x0000007184a00000,0x0000007184b00000) (1024K)]
  0x0000025b2fc15f50 JavaThread "Unconstrained build operations Thread 49"        [_thread_blocked, id=21324, stack(0x0000007184b00000,0x0000007184c00000) (1024K)]
  0x0000025b2fc165e0 JavaThread "Unconstrained build operations Thread 50"        [_thread_blocked, id=21336, stack(0x0000007184d00000,0x0000007184e00000) (1024K)]
  0x0000025b2fc1a0f0 JavaThread "Unconstrained build operations Thread 51"        [_thread_blocked, id=21332, stack(0x0000007184e00000,0x0000007184f00000) (1024K)]
  0x0000025b2fc16c70 JavaThread "Unconstrained build operations Thread 52"        [_thread_blocked, id=21352, stack(0x0000007184c00000,0x0000007184d00000) (1024K)]
  0x0000025b2fc1a780 JavaThread "Unconstrained build operations Thread 53"        [_thread_blocked, id=21356, stack(0x0000007184f00000,0x0000007185000000) (1024K)]
  0x0000025b2fc1c1c0 JavaThread "Unconstrained build operations Thread 54"        [_thread_blocked, id=21360, stack(0x0000007185000000,0x0000007185100000) (1024K)]
  0x0000025b2fc1cee0 JavaThread "Unconstrained build operations Thread 55"        [_thread_blocked, id=21364, stack(0x0000007185100000,0x0000007185200000) (1024K)]
  0x0000025b2fc1ae10 JavaThread "Unconstrained build operations Thread 56"        [_thread_blocked, id=21348, stack(0x0000007185200000,0x0000007185300000) (1024K)]
  0x0000025b2fc1b4a0 JavaThread "Unconstrained build operations Thread 57"        [_thread_blocked, id=21368, stack(0x0000007185300000,0x0000007185400000) (1024K)]
  0x0000025b2fc1bb30 JavaThread "Unconstrained build operations Thread 58"        [_thread_blocked, id=21388, stack(0x0000007185400000,0x0000007185500000) (1024K)]
  0x0000025b2fc1c850 JavaThread "Unconstrained build operations Thread 59"        [_thread_blocked, id=21320, stack(0x0000007185500000,0x0000007185600000) (1024K)]
  0x0000025b3532e6c0 JavaThread "Unconstrained build operations Thread 60"        [_thread_blocked, id=21396, stack(0x0000007185600000,0x0000007185700000) (1024K)]
  0x0000025b353314b0 JavaThread "Unconstrained build operations Thread 61"        [_thread_blocked, id=21400, stack(0x0000007185700000,0x0000007185800000) (1024K)]
  0x0000025b3532f3e0 JavaThread "Unconstrained build operations Thread 62"        [_thread_blocked, id=21408, stack(0x0000007185800000,0x0000007185900000) (1024K)]
  0x0000025b3532ed50 JavaThread "Unconstrained build operations Thread 63"        [_thread_blocked, id=21456, stack(0x0000007185900000,0x0000007185a00000) (1024K)]
  0x0000025b3532e030 JavaThread "Unconstrained build operations Thread 64"        [_thread_blocked, id=21328, stack(0x0000007185a00000,0x0000007185b00000) (1024K)]
  0x0000025b3532fa70 JavaThread "Unconstrained build operations Thread 65"        [_thread_blocked, id=9760, stack(0x0000007185b00000,0x0000007185c00000) (1024K)]
  0x0000025b353321d0 JavaThread "Unconstrained build operations Thread 66"        [_thread_blocked, id=21492, stack(0x0000007185c00000,0x0000007185d00000) (1024K)]
  0x0000025b35332860 JavaThread "Unconstrained build operations Thread 67"        [_thread_blocked, id=21496, stack(0x0000007185d00000,0x0000007185e00000) (1024K)]
  0x0000025b35330100 JavaThread "Unconstrained build operations Thread 68"        [_thread_blocked, id=20236, stack(0x0000007185e00000,0x0000007185f00000) (1024K)]
  0x0000025b35332ef0 JavaThread "Unconstrained build operations Thread 69"        [_thread_blocked, id=11916, stack(0x0000007185f00000,0x0000007186000000) (1024K)]
  0x0000025b35333580 JavaThread "Unconstrained build operations Thread 70"        [_thread_blocked, id=18736, stack(0x0000007186000000,0x0000007186100000) (1024K)]
  0x0000025b35331b40 JavaThread "Unconstrained build operations Thread 71"        [_thread_blocked, id=20224, stack(0x0000007186100000,0x0000007186200000) (1024K)]
  0x0000025b35330790 JavaThread "Unconstrained build operations Thread 72"        [_thread_blocked, id=20552, stack(0x0000007186200000,0x0000007186300000) (1024K)]
  0x0000025b353342a0 JavaThread "Unconstrained build operations Thread 73"        [_thread_blocked, id=20616, stack(0x0000007186300000,0x0000007186400000) (1024K)]
  0x0000025b35330e20 JavaThread "Unconstrained build operations Thread 74"        [_thread_blocked, id=20640, stack(0x0000007186400000,0x0000007186500000) (1024K)]
  0x0000025b35336370 JavaThread "Unconstrained build operations Thread 75"        [_thread_blocked, id=20656, stack(0x0000007186500000,0x0000007186600000) (1024K)]
  0x0000025b35337db0 JavaThread "Unconstrained build operations Thread 76"        [_thread_blocked, id=20716, stack(0x0000007186600000,0x0000007186700000) (1024K)]
  0x0000025b35337720 JavaThread "Unconstrained build operations Thread 77"        [_thread_blocked, id=20568, stack(0x0000007186700000,0x0000007186800000) (1024K)]
  0x0000025b35334930 JavaThread "Unconstrained build operations Thread 78"        [_thread_blocked, id=20644, stack(0x0000007186800000,0x0000007186900000) (1024K)]
  0x0000025b35335ce0 JavaThread "Unconstrained build operations Thread 79"        [_thread_blocked, id=9700, stack(0x0000007186900000,0x0000007186a00000) (1024K)]
  0x0000025b35334fc0 JavaThread "Unconstrained build operations Thread 80"        [_thread_blocked, id=20864, stack(0x0000007186a00000,0x0000007186b00000) (1024K)]
  0x0000025b35336a00 JavaThread "Unconstrained build operations Thread 81"        [_thread_blocked, id=21472, stack(0x0000007186b00000,0x0000007186c00000) (1024K)]
  0x0000025b35338440 JavaThread "Unconstrained build operations Thread 82"        [_thread_blocked, id=9756, stack(0x0000007186c00000,0x0000007186d00000) (1024K)]
  0x0000025b3533b230 JavaThread "Unconstrained build operations Thread 83"        [_thread_in_native, id=3464, stack(0x0000007186f00000,0x0000007187000000) (1024K)]
  0x0000025b485594e0 JavaThread "C2 CompilerThread1"         daemon [_thread_in_native, id=8412, stack(0x0000007187000000,0x0000007187100000) (1024K)]
  0x0000025b3533a510 JavaThread "Unconstrained build operations Thread 84"        [_thread_blocked, id=21808, stack(0x0000007187100000,0x0000007187200000) (1024K)]
  0x0000025b3533b8c0 JavaThread "Unconstrained build operations Thread 85"        [_thread_blocked, id=23392, stack(0x0000007187200000,0x0000007187300000) (1024K)]
  0x0000025b3533bf50 JavaThread "Unconstrained build operations Thread 86"        [_thread_in_native, id=3800, stack(0x0000007187300000,0x0000007187400000) (1024K)]
  0x0000025b3533aba0 JavaThread "Unconstrained build operations Thread 87"        [_thread_blocked, id=21264, stack(0x0000007187400000,0x0000007187500000) (1024K)]
  0x0000025b3533c5e0 JavaThread "Unconstrained build operations Thread 88"        [_thread_blocked, id=19992, stack(0x0000007187500000,0x0000007187600000) (1024K)]
  0x0000025b353397f0 JavaThread "Unconstrained build operations Thread 89"        [_thread_blocked, id=22464, stack(0x0000007187600000,0x0000007187700000) (1024K)]
  0x0000025b3533d300 JavaThread "Unconstrained build operations Thread 90"        [_thread_blocked, id=22572, stack(0x0000007187700000,0x0000007187800000) (1024K)]
  0x0000025b35339e80 JavaThread "Unconstrained build operations Thread 91"        [_thread_blocked, id=5008, stack(0x0000007187800000,0x0000007187900000) (1024K)]
Total: 127

Other Threads:
  0x0000025b2726eb50 VMThread "VM Thread"                           [id=16004, stack(0x00000071fea00000,0x00000071feb00000) (1024K)]
  0x0000025b27206870 WatcherThread "VM Periodic Task Thread"        [id=10856, stack(0x00000071fe900000,0x00000071fea00000) (1024K)]
  0x0000025b0d8f78f0 WorkerThread "GC Thread#0"                     [id=2600, stack(0x00000071fe400000,0x00000071fe500000) (1024K)]
  0x0000025b27a64f50 WorkerThread "GC Thread#1"                     [id=16516, stack(0x00000071ff600000,0x00000071ff700000) (1024K)]
  0x0000025b27a45830 WorkerThread "GC Thread#2"                     [id=7468, stack(0x00000071ff700000,0x00000071ff800000) (1024K)]
  0x0000025b2c72c890 WorkerThread "GC Thread#3"                     [id=6648, stack(0x00000071ff900000,0x00000071ffa00000) (1024K)]
  0x0000025b2c547db0 WorkerThread "GC Thread#4"                     [id=15928, stack(0x00000071ffa00000,0x00000071ffb00000) (1024K)]
  0x0000025b2db87c00 WorkerThread "GC Thread#5"                     [id=11464, stack(0x00000071ffd00000,0x00000071ffe00000) (1024K)]
  0x0000025b2c8bb950 WorkerThread "GC Thread#6"                     [id=21252, stack(0x00000071ffe00000,0x00000071fff00000) (1024K)]
  0x0000025b2c8bbd00 WorkerThread "GC Thread#7"                     [id=7144, stack(0x00000071fff00000,0x0000007200000000) (1024K)]
  0x0000025b2dd58320 WorkerThread "GC Thread#8"                     [id=22868, stack(0x0000007180000000,0x0000007180100000) (1024K)]
  0x0000025b2dd586d0 WorkerThread "GC Thread#9"                     [id=2256, stack(0x0000007180100000,0x0000007180200000) (1024K)]
  0x0000025b0d909000 ConcurrentGCThread "G1 Main Marker"            [id=23024, stack(0x00000071fe500000,0x00000071fe600000) (1024K)]
  0x0000025b0d90beb0 WorkerThread "G1 Conc#0"                       [id=3900, stack(0x00000071fe600000,0x00000071fe700000) (1024K)]
  0x0000025b2c769760 WorkerThread "G1 Conc#1"                       [id=18084, stack(0x0000007180a00000,0x0000007180b00000) (1024K)]
  0x0000025b2c769000 WorkerThread "G1 Conc#2"                       [id=2840, stack(0x0000007180b00000,0x0000007180c00000) (1024K)]
  0x0000025b270d9860 ConcurrentGCThread "G1 Refine#0"               [id=4216, stack(0x00000071fe700000,0x00000071fe800000) (1024K)]
  0x0000025b270da090 ConcurrentGCThread "G1 Service"                [id=11288, stack(0x00000071fe800000,0x00000071fe900000) (1024K)]
Total: 18

Threads with active compile tasks:
C2 CompilerThread0  54593 18680       4       org.gradle.internal.serialize.HierarchicalNameSerializer::writeName (88 bytes)
C2 CompilerThread1  54593 18656       4       java.util.Optional::map (30 bytes)
Total: 2

VM state: not at safepoint (normal execution)

VM Mutex/Monitor currently owned by a thread: None

Heap address: 0x0000000080000000, size: 2048 MB, Compressed Oops mode: 32-bit

CDS archive(s) not mapped
Compressed class space mapped at: 0x0000000100000000-0x0000000140000000, reserved size: 1073741824
Narrow klass base: 0x0000000000000000, Narrow klass shift: 3, Narrow klass range: 0x140000000

GC Precious Log:
 CardTable entry size: 512
 Card Set container configuration: InlinePtr #cards 5 size 8 Array Of Cards #cards 12 size 40 Howl #buckets 4 coarsen threshold 1843 Howl Bitmap #cards 512 size 80 coarsen threshold 460 Card regions per heap region 1 cards per card region 2048
 CPUs: 12 total, 12 available
 Memory: 7521M
 Large Page Support: Disabled
 NUMA Support: Disabled
 Compressed Oops: Enabled (32-bit)
 Heap Region Size: 1M
 Heap Min Capacity: 8M
 Heap Initial Capacity: 118M
 Heap Max Capacity: 2G
 Pre-touch: Disabled
 Parallel Workers: 10
 Concurrent Workers: 3
 Concurrent Refinement Workers: 10
 Periodic GC: Disabled

Heap:
 garbage-first heap   total 457728K, used 253510K [0x0000000080000000, 0x0000000100000000)
  region size 1024K, 117 young (119808K), 18 survivors (18432K)
 Metaspace       used 153363K, committed 155264K, reserved 1245184K
  class space    used 19849K, committed 20736K, reserved 1048576K

Heap Regions: E=young(eden), S=young(survivor), O=old, HS=humongous(starts), HC=humongous(continues), CS=collection set, F=free, TAMS=top-at-mark-start, PB=parsable bottom
|   0|0x0000000080000000, 0x0000000080100000, 0x0000000080100000|100%|HS|  |TAMS 0x0000000080000000| PB 0x0000000080000000| Complete 
|   1|0x0000000080100000, 0x0000000080200000, 0x0000000080200000|100%|HC|  |TAMS 0x0000000080100000| PB 0x0000000080100000| Complete 
|   2|0x0000000080200000, 0x0000000080300000, 0x0000000080300000|100%|HC|  |TAMS 0x0000000080200000| PB 0x0000000080200000| Complete 
|   3|0x0000000080300000, 0x0000000080400000, 0x0000000080400000|100%| O|  |TAMS 0x0000000080300000| PB 0x0000000080300000| Untracked 
|   4|0x0000000080400000, 0x0000000080500000, 0x0000000080500000|100%| O|  |TAMS 0x0000000080400000| PB 0x0000000080400000| Untracked 
|   5|0x0000000080500000, 0x0000000080600000, 0x0000000080600000|100%| O|  |TAMS 0x0000000080500000| PB 0x0000000080500000| Untracked 
|   6|0x0000000080600000, 0x0000000080700000, 0x0000000080700000|100%|HS|  |TAMS 0x0000000080600000| PB 0x0000000080600000| Complete 
|   7|0x0000000080700000, 0x0000000080800000, 0x0000000080800000|100%| O|  |TAMS 0x0000000080700000| PB 0x0000000080700000| Untracked 
|   8|0x0000000080800000, 0x0000000080900000, 0x0000000080900000|100%| O|  |TAMS 0x0000000080800000| PB 0x0000000080800000| Untracked 
|   9|0x0000000080900000, 0x0000000080a00000, 0x0000000080a00000|100%| O|  |TAMS 0x0000000080900000| PB 0x0000000080900000| Untracked 
|  10|0x0000000080a00000, 0x0000000080b00000, 0x0000000080b00000|100%| O|  |TAMS 0x0000000080a00000| PB 0x0000000080a00000| Untracked 
|  11|0x0000000080b00000, 0x0000000080c00000, 0x0000000080c00000|100%| O|  |TAMS 0x0000000080b00000| PB 0x0000000080b00000| Untracked 
|  12|0x0000000080c00000, 0x0000000080d00000, 0x0000000080d00000|100%| O|  |TAMS 0x0000000080c00000| PB 0x0000000080c00000| Untracked 
|  13|0x0000000080d00000, 0x0000000080e00000, 0x0000000080e00000|100%| O|  |TAMS 0x0000000080d00000| PB 0x0000000080d00000| Untracked 
|  14|0x0000000080e00000, 0x0000000080f00000, 0x0000000080f00000|100%| O|  |TAMS 0x0000000080e00000| PB 0x0000000080e00000| Untracked 
|  15|0x0000000080f00000, 0x0000000081000000, 0x0000000081000000|100%| O|  |TAMS 0x0000000080f00000| PB 0x0000000080f00000| Untracked 
|  16|0x0000000081000000, 0x0000000081100000, 0x0000000081100000|100%| O|  |TAMS 0x0000000081000000| PB 0x0000000081000000| Untracked 
|  17|0x0000000081100000, 0x0000000081200000, 0x0000000081200000|100%| O|  |TAMS 0x0000000081100000| PB 0x0000000081100000| Untracked 
|  18|0x0000000081200000, 0x0000000081300000, 0x0000000081300000|100%| O|  |TAMS 0x0000000081200000| PB 0x0000000081200000| Untracked 
|  19|0x0000000081300000, 0x0000000081400000, 0x0000000081400000|100%| O|  |TAMS 0x0000000081300000| PB 0x0000000081300000| Untracked 
|  20|0x0000000081400000, 0x0000000081500000, 0x0000000081500000|100%| O|  |TAMS 0x0000000081400000| PB 0x0000000081400000| Untracked 
|  21|0x0000000081500000, 0x0000000081600000, 0x0000000081600000|100%| O|  |TAMS 0x0000000081500000| PB 0x0000000081500000| Untracked 
|  22|0x0000000081600000, 0x0000000081700000, 0x0000000081700000|100%| O|  |TAMS 0x0000000081600000| PB 0x0000000081600000| Untracked 
|  23|0x0000000081700000, 0x0000000081800000, 0x0000000081800000|100%| O|  |TAMS 0x0000000081700000| PB 0x0000000081700000| Untracked 
|  24|0x0000000081800000, 0x0000000081900000, 0x0000000081900000|100%| O|  |TAMS 0x0000000081800000| PB 0x0000000081800000| Untracked 
|  25|0x0000000081900000, 0x0000000081a00000, 0x0000000081a00000|100%| O|  |TAMS 0x0000000081900000| PB 0x0000000081900000| Untracked 
|  26|0x0000000081a00000, 0x0000000081b00000, 0x0000000081b00000|100%| O|  |TAMS 0x0000000081a00000| PB 0x0000000081a00000| Untracked 
|  27|0x0000000081b00000, 0x0000000081c00000, 0x0000000081c00000|100%| O|  |TAMS 0x0000000081b00000| PB 0x0000000081b00000| Untracked 
|  28|0x0000000081c00000, 0x0000000081d00000, 0x0000000081d00000|100%| O|  |TAMS 0x0000000081c00000| PB 0x0000000081c00000| Untracked 
|  29|0x0000000081d00000, 0x0000000081e00000, 0x0000000081e00000|100%| O|  |TAMS 0x0000000081d00000| PB 0x0000000081d00000| Untracked 
|  30|0x0000000081e00000, 0x0000000081f00000, 0x0000000081f00000|100%| O|  |TAMS 0x0000000081e00000| PB 0x0000000081e00000| Untracked 
|  31|0x0000000081f00000, 0x0000000082000000, 0x0000000082000000|100%| O|  |TAMS 0x0000000081f00000| PB 0x0000000081f00000| Untracked 
|  32|0x0000000082000000, 0x0000000082100000, 0x0000000082100000|100%| O|  |TAMS 0x0000000082000000| PB 0x0000000082000000| Untracked 
|  33|0x0000000082100000, 0x0000000082200000, 0x0000000082200000|100%| O|  |TAMS 0x0000000082100000| PB 0x0000000082100000| Untracked 
|  34|0x0000000082200000, 0x0000000082300000, 0x0000000082300000|100%| O|  |TAMS 0x0000000082200000| PB 0x0000000082200000| Untracked 
|  35|0x0000000082300000, 0x0000000082400000, 0x0000000082400000|100%|HS|  |TAMS 0x0000000082300000| PB 0x0000000082300000| Complete 
|  36|0x0000000082400000, 0x0000000082500000, 0x0000000082500000|100%|HS|  |TAMS 0x0000000082400000| PB 0x0000000082400000| Complete 
|  37|0x0000000082500000, 0x0000000082500000, 0x0000000082600000|  0%| F|  |TAMS 0x0000000082500000| PB 0x0000000082500000| Untracked 
|  38|0x0000000082600000, 0x0000000082600000, 0x0000000082700000|  0%| F|  |TAMS 0x0000000082600000| PB 0x0000000082600000| Untracked 
|  39|0x0000000082700000, 0x0000000082800000, 0x0000000082800000|100%|HS|  |TAMS 0x0000000082700000| PB 0x0000000082700000| Complete 
|  40|0x0000000082800000, 0x0000000082800000, 0x0000000082900000|  0%| F|  |TAMS 0x0000000082800000| PB 0x0000000082800000| Untracked 
|  41|0x0000000082900000, 0x0000000082a00000, 0x0000000082a00000|100%| O|  |TAMS 0x0000000082900000| PB 0x0000000082900000| Untracked 
|  42|0x0000000082a00000, 0x0000000082b00000, 0x0000000082b00000|100%| O|  |TAMS 0x0000000082a00000| PB 0x0000000082a00000| Untracked 
|  43|0x0000000082b00000, 0x0000000082b00000, 0x0000000082c00000|  0%| F|  |TAMS 0x0000000082b00000| PB 0x0000000082b00000| Untracked 
|  44|0x0000000082c00000, 0x0000000082c00000, 0x0000000082d00000|  0%| F|  |TAMS 0x0000000082c00000| PB 0x0000000082c00000| Untracked 
|  45|0x0000000082d00000, 0x0000000082e00000, 0x0000000082e00000|100%| O|  |TAMS 0x0000000082d00000| PB 0x0000000082d00000| Untracked 
|  46|0x0000000082e00000, 0x0000000082e00000, 0x0000000082f00000|  0%| F|  |TAMS 0x0000000082e00000| PB 0x0000000082e00000| Untracked 
|  47|0x0000000082f00000, 0x0000000082f00000, 0x0000000083000000|  0%| F|  |TAMS 0x0000000082f00000| PB 0x0000000082f00000| Untracked 
|  48|0x0000000083000000, 0x0000000083000000, 0x0000000083100000|  0%| F|  |TAMS 0x0000000083000000| PB 0x0000000083000000| Untracked 
|  49|0x0000000083100000, 0x0000000083200000, 0x0000000083200000|100%| O|  |TAMS 0x0000000083100000| PB 0x0000000083100000| Untracked 
|  50|0x0000000083200000, 0x0000000083300000, 0x0000000083300000|100%| O|  |TAMS 0x0000000083200000| PB 0x0000000083200000| Untracked 
|  51|0x0000000083300000, 0x0000000083400000, 0x0000000083400000|100%| O|  |TAMS 0x0000000083300000| PB 0x0000000083300000| Untracked 
|  52|0x0000000083400000, 0x0000000083500000, 0x0000000083500000|100%| O|  |TAMS 0x0000000083400000| PB 0x0000000083400000| Untracked 
|  53|0x0000000083500000, 0x0000000083600000, 0x0000000083600000|100%| O|  |TAMS 0x0000000083500000| PB 0x0000000083500000| Untracked 
|  54|0x0000000083600000, 0x0000000083700000, 0x0000000083700000|100%| O|  |TAMS 0x0000000083600000| PB 0x0000000083600000| Untracked 
|  55|0x0000000083700000, 0x0000000083800000, 0x0000000083800000|100%| O|  |TAMS 0x0000000083700000| PB 0x0000000083700000| Untracked 
|  56|0x0000000083800000, 0x0000000083900000, 0x0000000083900000|100%| O|  |TAMS 0x0000000083800000| PB 0x0000000083800000| Untracked 
|  57|0x0000000083900000, 0x0000000083900000, 0x0000000083a00000|  0%| F|  |TAMS 0x0000000083900000| PB 0x0000000083900000| Untracked 
|  58|0x0000000083a00000, 0x0000000083a00000, 0x0000000083b00000|  0%| F|  |TAMS 0x0000000083a00000| PB 0x0000000083a00000| Untracked 
|  59|0x0000000083b00000, 0x0000000083b00000, 0x0000000083c00000|  0%| F|  |TAMS 0x0000000083b00000| PB 0x0000000083b00000| Untracked 
|  60|0x0000000083c00000, 0x0000000083d00000, 0x0000000083d00000|100%| O|  |TAMS 0x0000000083c00000| PB 0x0000000083c00000| Untracked 
|  61|0x0000000083d00000, 0x0000000083e00000, 0x0000000083e00000|100%| O|  |TAMS 0x0000000083d00000| PB 0x0000000083d00000| Untracked 
|  62|0x0000000083e00000, 0x0000000083f00000, 0x0000000083f00000|100%| O|  |TAMS 0x0000000083e00000| PB 0x0000000083e00000| Untracked 
|  63|0x0000000083f00000, 0x0000000084000000, 0x0000000084000000|100%| O|  |TAMS 0x0000000083f00000| PB 0x0000000083f00000| Untracked 
|  64|0x0000000084000000, 0x0000000084100000, 0x0000000084100000|100%| O|  |TAMS 0x0000000084000000| PB 0x0000000084000000| Untracked 
|  65|0x0000000084100000, 0x0000000084200000, 0x0000000084200000|100%| O|  |TAMS 0x0000000084100000| PB 0x0000000084100000| Untracked 
|  66|0x0000000084200000, 0x0000000084300000, 0x0000000084300000|100%| O|  |TAMS 0x0000000084200000| PB 0x0000000084200000| Untracked 
|  67|0x0000000084300000, 0x0000000084400000, 0x0000000084400000|100%| O|  |TAMS 0x0000000084300000| PB 0x0000000084300000| Untracked 
|  68|0x0000000084400000, 0x0000000084500000, 0x0000000084500000|100%| O|  |TAMS 0x0000000084400000| PB 0x0000000084400000| Untracked 
|  69|0x0000000084500000, 0x0000000084600000, 0x0000000084600000|100%| O|  |TAMS 0x0000000084500000| PB 0x0000000084500000| Untracked 
|  70|0x0000000084600000, 0x0000000084700000, 0x0000000084700000|100%| O|  |TAMS 0x0000000084600000| PB 0x0000000084600000| Untracked 
|  71|0x0000000084700000, 0x0000000084800000, 0x0000000084800000|100%| O|  |TAMS 0x0000000084700000| PB 0x0000000084700000| Untracked 
|  72|0x0000000084800000, 0x0000000084900000, 0x0000000084900000|100%| O|  |TAMS 0x0000000084800000| PB 0x0000000084800000| Untracked 
|  73|0x0000000084900000, 0x0000000084a00000, 0x0000000084a00000|100%| O|  |TAMS 0x0000000084900000| PB 0x0000000084900000| Untracked 
|  74|0x0000000084a00000, 0x0000000084b00000, 0x0000000084b00000|100%| O|  |TAMS 0x0000000084a00000| PB 0x0000000084a00000| Untracked 
|  75|0x0000000084b00000, 0x0000000084c00000, 0x0000000084c00000|100%| O|  |TAMS 0x0000000084b00000| PB 0x0000000084b00000| Untracked 
|  76|0x0000000084c00000, 0x0000000084d00000, 0x0000000084d00000|100%| O|  |TAMS 0x0000000084c00000| PB 0x0000000084c00000| Untracked 
|  77|0x0000000084d00000, 0x0000000084e00000, 0x0000000084e00000|100%| O|  |TAMS 0x0000000084d00000| PB 0x0000000084d00000| Untracked 
|  78|0x0000000084e00000, 0x0000000084f00000, 0x0000000084f00000|100%| O|  |TAMS 0x0000000084e00000| PB 0x0000000084e00000| Untracked 
|  79|0x0000000084f00000, 0x0000000085000000, 0x0000000085000000|100%| O|  |TAMS 0x0000000084f00000| PB 0x0000000084f00000| Untracked 
|  80|0x0000000085000000, 0x0000000085100000, 0x0000000085100000|100%| O|  |TAMS 0x0000000085000000| PB 0x0000000085000000| Untracked 
|  81|0x0000000085100000, 0x0000000085200000, 0x0000000085200000|100%| O|  |TAMS 0x0000000085100000| PB 0x0000000085100000| Untracked 
|  82|0x0000000085200000, 0x0000000085300000, 0x0000000085300000|100%| O|  |TAMS 0x0000000085200000| PB 0x0000000085200000| Untracked 
|  83|0x0000000085300000, 0x0000000085400000, 0x0000000085400000|100%| O|  |TAMS 0x0000000085300000| PB 0x0000000085300000| Untracked 
|  84|0x0000000085400000, 0x0000000085500000, 0x0000000085500000|100%| O|  |TAMS 0x0000000085400000| PB 0x0000000085400000| Untracked 
|  85|0x0000000085500000, 0x0000000085600000, 0x0000000085600000|100%| O|  |TAMS 0x0000000085500000| PB 0x0000000085500000| Untracked 
|  86|0x0000000085600000, 0x0000000085600000, 0x0000000085700000|  0%| F|  |TAMS 0x0000000085600000| PB 0x0000000085600000| Untracked 
|  87|0x0000000085700000, 0x0000000085800000, 0x0000000085800000|100%| O|  |TAMS 0x0000000085700000| PB 0x0000000085700000| Untracked 
|  88|0x0000000085800000, 0x0000000085900000, 0x0000000085900000|100%| O|  |TAMS 0x0000000085800000| PB 0x0000000085800000| Untracked 
|  89|0x0000000085900000, 0x0000000085a00000, 0x0000000085a00000|100%| O|  |TAMS 0x0000000085900000| PB 0x0000000085900000| Untracked 
|  90|0x0000000085a00000, 0x0000000085b00000, 0x0000000085b00000|100%| O|  |TAMS 0x0000000085a00000| PB 0x0000000085a00000| Untracked 
|  91|0x0000000085b00000, 0x0000000085c00000, 0x0000000085c00000|100%| O|  |TAMS 0x0000000085b00000| PB 0x0000000085b00000| Untracked 
|  92|0x0000000085c00000, 0x0000000085d00000, 0x0000000085d00000|100%| O|  |TAMS 0x0000000085c00000| PB 0x0000000085c00000| Untracked 
|  93|0x0000000085d00000, 0x0000000085e00000, 0x0000000085e00000|100%| O|  |TAMS 0x0000000085d00000| PB 0x0000000085d00000| Untracked 
|  94|0x0000000085e00000, 0x0000000085f00000, 0x0000000085f00000|100%| O|  |TAMS 0x0000000085e00000| PB 0x0000000085e00000| Untracked 
|  95|0x0000000085f00000, 0x0000000086000000, 0x0000000086000000|100%| O|  |TAMS 0x0000000085f00000| PB 0x0000000085f00000| Untracked 
|  96|0x0000000086000000, 0x0000000086100000, 0x0000000086100000|100%| O|  |TAMS 0x0000000086000000| PB 0x0000000086000000| Untracked 
|  97|0x0000000086100000, 0x0000000086200000, 0x0000000086200000|100%| O|  |TAMS 0x0000000086100000| PB 0x0000000086100000| Untracked 
|  98|0x0000000086200000, 0x0000000086300000, 0x0000000086300000|100%| O|  |TAMS 0x0000000086200000| PB 0x0000000086200000| Untracked 
|  99|0x0000000086300000, 0x000000008631b768, 0x0000000086400000| 10%| O|  |TAMS 0x0000000086300000| PB 0x0000000086300000| Untracked 
| 100|0x0000000086400000, 0x0000000086500000, 0x0000000086500000|100%| O|  |TAMS 0x0000000086400000| PB 0x0000000086400000| Untracked 
| 101|0x0000000086500000, 0x0000000086600000, 0x0000000086600000|100%| O|  |TAMS 0x0000000086500000| PB 0x0000000086500000| Untracked 
| 102|0x0000000086600000, 0x0000000086700000, 0x0000000086700000|100%| O|  |TAMS 0x0000000086600000| PB 0x0000000086600000| Untracked 
| 103|0x0000000086700000, 0x0000000086800000, 0x0000000086800000|100%| O|  |TAMS 0x0000000086700000| PB 0x0000000086700000| Untracked 
| 104|0x0000000086800000, 0x0000000086900000, 0x0000000086900000|100%| O|  |TAMS 0x0000000086800000| PB 0x0000000086800000| Untracked 
| 105|0x0000000086900000, 0x0000000086a00000, 0x0000000086a00000|100%| O|  |TAMS 0x0000000086900000| PB 0x0000000086900000| Untracked 
| 106|0x0000000086a00000, 0x0000000086b00000, 0x0000000086b00000|100%| O|  |TAMS 0x0000000086a00000| PB 0x0000000086a00000| Untracked 
| 107|0x0000000086b00000, 0x0000000086c00000, 0x0000000086c00000|100%| O|  |TAMS 0x0000000086b00000| PB 0x0000000086b00000| Untracked 
| 108|0x0000000086c00000, 0x0000000086d00000, 0x0000000086d00000|100%| O|  |TAMS 0x0000000086c00000| PB 0x0000000086c00000| Untracked 
| 109|0x0000000086d00000, 0x0000000086e00000, 0x0000000086e00000|100%| O|  |TAMS 0x0000000086d00000| PB 0x0000000086d00000| Untracked 
| 110|0x0000000086e00000, 0x0000000086f00000, 0x0000000086f00000|100%| O|  |TAMS 0x0000000086e00000| PB 0x0000000086e00000| Untracked 
| 111|0x0000000086f00000, 0x0000000087000000, 0x0000000087000000|100%| O|  |TAMS 0x0000000086f00000| PB 0x0000000086f00000| Untracked 
| 112|0x0000000087000000, 0x0000000087100000, 0x0000000087100000|100%| O|  |TAMS 0x0000000087000000| PB 0x0000000087000000| Untracked 
| 113|0x0000000087100000, 0x0000000087200000, 0x0000000087200000|100%| O|  |TAMS 0x0000000087100000| PB 0x0000000087100000| Untracked 
| 114|0x0000000087200000, 0x0000000087300000, 0x0000000087300000|100%| O|  |TAMS 0x0000000087200000| PB 0x0000000087200000| Untracked 
| 115|0x0000000087300000, 0x0000000087400000, 0x0000000087400000|100%| O|  |TAMS 0x0000000087300000| PB 0x0000000087300000| Untracked 
| 116|0x0000000087400000, 0x0000000087500000, 0x0000000087500000|100%| O|  |TAMS 0x0000000087400000| PB 0x0000000087400000| Untracked 
| 117|0x0000000087500000, 0x0000000087600000, 0x0000000087600000|100%| O|  |TAMS 0x0000000087500000| PB 0x0000000087500000| Untracked 
| 118|0x0000000087600000, 0x0000000087700000, 0x0000000087700000|100%| O|  |TAMS 0x0000000087600000| PB 0x0000000087600000| Untracked 
| 119|0x0000000087700000, 0x0000000087800000, 0x0000000087800000|100%| O|  |TAMS 0x0000000087700000| PB 0x0000000087700000| Untracked 
| 120|0x0000000087800000, 0x0000000087900000, 0x0000000087900000|100%| O|  |TAMS 0x0000000087800000| PB 0x0000000087800000| Untracked 
| 121|0x0000000087900000, 0x0000000087a00000, 0x0000000087a00000|100%| O|  |TAMS 0x0000000087900000| PB 0x0000000087900000| Untracked 
| 122|0x0000000087a00000, 0x0000000087a00000, 0x0000000087b00000|  0%| F|  |TAMS 0x0000000087a00000| PB 0x0000000087a00000| Untracked 
| 123|0x0000000087b00000, 0x0000000087b00000, 0x0000000087c00000|  0%| F|  |TAMS 0x0000000087b00000| PB 0x0000000087b00000| Untracked 
| 124|0x0000000087c00000, 0x0000000087c00000, 0x0000000087d00000|  0%| F|  |TAMS 0x0000000087c00000| PB 0x0000000087c00000| Untracked 
| 125|0x0000000087d00000, 0x0000000087d00000, 0x0000000087e00000|  0%| F|  |TAMS 0x0000000087d00000| PB 0x0000000087d00000| Untracked 
| 126|0x0000000087e00000, 0x0000000087e00000, 0x0000000087f00000|  0%| F|  |TAMS 0x0000000087e00000| PB 0x0000000087e00000| Untracked 
| 127|0x0000000087f00000, 0x0000000087f00000, 0x0000000088000000|  0%| F|  |TAMS 0x0000000087f00000| PB 0x0000000087f00000| Untracked 
| 128|0x0000000088000000, 0x0000000088000000, 0x0000000088100000|  0%| F|  |TAMS 0x0000000088000000| PB 0x0000000088000000| Untracked 
| 129|0x0000000088100000, 0x0000000088200000, 0x0000000088200000|100%| O|  |TAMS 0x0000000088100000| PB 0x0000000088100000| Untracked 
| 130|0x0000000088200000, 0x0000000088300000, 0x0000000088300000|100%| O|  |TAMS 0x0000000088200000| PB 0x0000000088200000| Untracked 
| 131|0x0000000088300000, 0x0000000088400000, 0x0000000088400000|100%| O|  |TAMS 0x0000000088300000| PB 0x0000000088300000| Untracked 
| 132|0x0000000088400000, 0x0000000088500000, 0x0000000088500000|100%| O|  |TAMS 0x0000000088400000| PB 0x0000000088400000| Untracked 
| 133|0x0000000088500000, 0x0000000088600000, 0x0000000088600000|100%| O|  |TAMS 0x0000000088500000| PB 0x0000000088500000| Untracked 
| 134|0x0000000088600000, 0x0000000088700000, 0x0000000088700000|100%| O|  |TAMS 0x0000000088600000| PB 0x0000000088600000| Untracked 
| 135|0x0000000088700000, 0x0000000088800000, 0x0000000088800000|100%| O|  |TAMS 0x0000000088700000| PB 0x0000000088700000| Untracked 
| 136|0x0000000088800000, 0x0000000088900000, 0x0000000088900000|100%| O|  |TAMS 0x0000000088800000| PB 0x0000000088800000| Untracked 
| 137|0x0000000088900000, 0x0000000088a00000, 0x0000000088a00000|100%| O|  |TAMS 0x0000000088900000| PB 0x0000000088900000| Untracked 
| 138|0x0000000088a00000, 0x0000000088b00000, 0x0000000088b00000|100%| O|  |TAMS 0x0000000088a00000| PB 0x0000000088a00000| Untracked 
| 139|0x0000000088b00000, 0x0000000088c00000, 0x0000000088c00000|100%| O|  |TAMS 0x0000000088b00000| PB 0x0000000088b00000| Untracked 
| 140|0x0000000088c00000, 0x0000000088d00000, 0x0000000088d00000|100%| O|  |TAMS 0x0000000088c00000| PB 0x0000000088c00000| Untracked 
| 141|0x0000000088d00000, 0x0000000088e00000, 0x0000000088e00000|100%| O|  |TAMS 0x0000000088d00000| PB 0x0000000088d00000| Untracked 
| 142|0x0000000088e00000, 0x0000000088f00000, 0x0000000088f00000|100%| O|  |TAMS 0x0000000088e00000| PB 0x0000000088e00000| Untracked 
| 143|0x0000000088f00000, 0x0000000089000000, 0x0000000089000000|100%| O|  |TAMS 0x0000000088f00000| PB 0x0000000088f00000| Untracked 
| 144|0x0000000089000000, 0x0000000089100000, 0x0000000089100000|100%| O|  |TAMS 0x0000000089000000| PB 0x0000000089000000| Untracked 
| 145|0x0000000089100000, 0x0000000089200000, 0x0000000089200000|100%| O|  |TAMS 0x0000000089100000| PB 0x0000000089100000| Untracked 
| 146|0x0000000089200000, 0x0000000089300000, 0x0000000089300000|100%| O|  |TAMS 0x0000000089200000| PB 0x0000000089200000| Untracked 
| 147|0x0000000089300000, 0x0000000089400000, 0x0000000089400000|100%| O|  |TAMS 0x0000000089300000| PB 0x0000000089300000| Untracked 
| 148|0x0000000089400000, 0x0000000089500000, 0x0000000089500000|100%| O|  |TAMS 0x0000000089400000| PB 0x0000000089400000| Untracked 
| 149|0x0000000089500000, 0x0000000089600000, 0x0000000089600000|100%| O|  |TAMS 0x0000000089500000| PB 0x0000000089500000| Untracked 
| 150|0x0000000089600000, 0x0000000089700000, 0x0000000089700000|100%| O|  |TAMS 0x0000000089600000| PB 0x0000000089600000| Untracked 
| 151|0x0000000089700000, 0x0000000089800000, 0x0000000089800000|100%| O|  |TAMS 0x0000000089700000| PB 0x0000000089700000| Untracked 
| 152|0x0000000089800000, 0x0000000089900000, 0x0000000089900000|100%| O|  |TAMS 0x0000000089800000| PB 0x0000000089800000| Untracked 
| 153|0x0000000089900000, 0x0000000089900000, 0x0000000089a00000|  0%| F|  |TAMS 0x0000000089900000| PB 0x0000000089900000| Untracked 
| 154|0x0000000089a00000, 0x0000000089a00000, 0x0000000089b00000|  0%| F|  |TAMS 0x0000000089a00000| PB 0x0000000089a00000| Untracked 
| 155|0x0000000089b00000, 0x0000000089b00000, 0x0000000089c00000|  0%| F|  |TAMS 0x0000000089b00000| PB 0x0000000089b00000| Untracked 
| 156|0x0000000089c00000, 0x0000000089c00000, 0x0000000089d00000|  0%| F|  |TAMS 0x0000000089c00000| PB 0x0000000089c00000| Untracked 
| 157|0x0000000089d00000, 0x0000000089d00000, 0x0000000089e00000|  0%| F|  |TAMS 0x0000000089d00000| PB 0x0000000089d00000| Untracked 
| 158|0x0000000089e00000, 0x0000000089e00000, 0x0000000089f00000|  0%| F|  |TAMS 0x0000000089e00000| PB 0x0000000089e00000| Untracked 
| 159|0x0000000089f00000, 0x0000000089f00000, 0x000000008a000000|  0%| F|  |TAMS 0x0000000089f00000| PB 0x0000000089f00000| Untracked 
| 160|0x000000008a000000, 0x000000008a00ff78, 0x000000008a100000|  6%| S|CS|TAMS 0x000000008a000000| PB 0x000000008a000000| Complete 
| 161|0x000000008a100000, 0x000000008a100000, 0x000000008a200000|  0%| F|  |TAMS 0x000000008a100000| PB 0x000000008a100000| Untracked 
| 162|0x000000008a200000, 0x000000008a200000, 0x000000008a300000|  0%| F|  |TAMS 0x000000008a200000| PB 0x000000008a200000| Untracked 
| 163|0x000000008a300000, 0x000000008a300000, 0x000000008a400000|  0%| F|  |TAMS 0x000000008a300000| PB 0x000000008a300000| Untracked 
| 164|0x000000008a400000, 0x000000008a400000, 0x000000008a500000|  0%| F|  |TAMS 0x000000008a400000| PB 0x000000008a400000| Untracked 
| 165|0x000000008a500000, 0x000000008a500000, 0x000000008a600000|  0%| F|  |TAMS 0x000000008a500000| PB 0x000000008a500000| Untracked 
| 166|0x000000008a600000, 0x000000008a600000, 0x000000008a700000|  0%| F|  |TAMS 0x000000008a600000| PB 0x000000008a600000| Untracked 
| 167|0x000000008a700000, 0x000000008a800000, 0x000000008a800000|100%| S|CS|TAMS 0x000000008a700000| PB 0x000000008a700000| Complete 
| 168|0x000000008a800000, 0x000000008a900000, 0x000000008a900000|100%| S|CS|TAMS 0x000000008a800000| PB 0x000000008a800000| Complete 
| 169|0x000000008a900000, 0x000000008aa00000, 0x000000008aa00000|100%| S|CS|TAMS 0x000000008a900000| PB 0x000000008a900000| Complete 
| 170|0x000000008aa00000, 0x000000008ab00000, 0x000000008ab00000|100%| S|CS|TAMS 0x000000008aa00000| PB 0x000000008aa00000| Complete 
| 171|0x000000008ab00000, 0x000000008ac00000, 0x000000008ac00000|100%| S|CS|TAMS 0x000000008ab00000| PB 0x000000008ab00000| Complete 
| 172|0x000000008ac00000, 0x000000008ad00000, 0x000000008ad00000|100%| S|CS|TAMS 0x000000008ac00000| PB 0x000000008ac00000| Complete 
| 173|0x000000008ad00000, 0x000000008ae00000, 0x000000008ae00000|100%| S|CS|TAMS 0x000000008ad00000| PB 0x000000008ad00000| Complete 
| 174|0x000000008ae00000, 0x000000008af00000, 0x000000008af00000|100%| S|CS|TAMS 0x000000008ae00000| PB 0x000000008ae00000| Complete 
| 175|0x000000008af00000, 0x000000008b000000, 0x000000008b000000|100%| S|CS|TAMS 0x000000008af00000| PB 0x000000008af00000| Complete 
| 176|0x000000008b000000, 0x000000008b100000, 0x000000008b100000|100%| S|CS|TAMS 0x000000008b000000| PB 0x000000008b000000| Complete 
| 177|0x000000008b100000, 0x000000008b200000, 0x000000008b200000|100%| S|CS|TAMS 0x000000008b100000| PB 0x000000008b100000| Complete 
| 178|0x000000008b200000, 0x000000008b200000, 0x000000008b300000|  0%| F|  |TAMS 0x000000008b200000| PB 0x000000008b200000| Untracked 
| 179|0x000000008b300000, 0x000000008b3663f0, 0x000000008b400000| 39%| O|  |TAMS 0x000000008b300000| PB 0x000000008b300000| Untracked 
| 180|0x000000008b400000, 0x000000008b400000, 0x000000008b500000|  0%| F|  |TAMS 0x000000008b400000| PB 0x000000008b400000| Untracked 
| 181|0x000000008b500000, 0x000000008b500000, 0x000000008b600000|  0%| F|  |TAMS 0x000000008b500000| PB 0x000000008b500000| Untracked 
| 182|0x000000008b600000, 0x000000008b600000, 0x000000008b700000|  0%| F|  |TAMS 0x000000008b600000| PB 0x000000008b600000| Untracked 
| 183|0x000000008b700000, 0x000000008b700000, 0x000000008b800000|  0%| F|  |TAMS 0x000000008b700000| PB 0x000000008b700000| Untracked 
| 184|0x000000008b800000, 0x000000008b800000, 0x000000008b900000|  0%| F|  |TAMS 0x000000008b800000| PB 0x000000008b800000| Untracked 
| 185|0x000000008b900000, 0x000000008b900000, 0x000000008ba00000|  0%| F|  |TAMS 0x000000008b900000| PB 0x000000008b900000| Untracked 
| 186|0x000000008ba00000, 0x000000008ba00000, 0x000000008bb00000|  0%| F|  |TAMS 0x000000008ba00000| PB 0x000000008ba00000| Untracked 
| 187|0x000000008bb00000, 0x000000008bb00000, 0x000000008bc00000|  0%| F|  |TAMS 0x000000008bb00000| PB 0x000000008bb00000| Untracked 
| 188|0x000000008bc00000, 0x000000008bc00000, 0x000000008bd00000|  0%| F|  |TAMS 0x000000008bc00000| PB 0x000000008bc00000| Untracked 
| 189|0x000000008bd00000, 0x000000008bd00000, 0x000000008be00000|  0%| F|  |TAMS 0x000000008bd00000| PB 0x000000008bd00000| Untracked 
| 190|0x000000008be00000, 0x000000008bf00000, 0x000000008bf00000|100%| S|CS|TAMS 0x000000008be00000| PB 0x000000008be00000| Complete 
| 191|0x000000008bf00000, 0x000000008c000000, 0x000000008c000000|100%| S|CS|TAMS 0x000000008bf00000| PB 0x000000008bf00000| Complete 
| 192|0x000000008c000000, 0x000000008c100000, 0x000000008c100000|100%| S|CS|TAMS 0x000000008c000000| PB 0x000000008c000000| Complete 
| 193|0x000000008c100000, 0x000000008c200000, 0x000000008c200000|100%| S|CS|TAMS 0x000000008c100000| PB 0x000000008c100000| Complete 
| 194|0x000000008c200000, 0x000000008c300000, 0x000000008c300000|100%| S|CS|TAMS 0x000000008c200000| PB 0x000000008c200000| Complete 
| 195|0x000000008c300000, 0x000000008c400000, 0x000000008c400000|100%| S|CS|TAMS 0x000000008c300000| PB 0x000000008c300000| Complete 
| 196|0x000000008c400000, 0x000000008c400000, 0x000000008c500000|  0%| F|  |TAMS 0x000000008c400000| PB 0x000000008c400000| Untracked 
| 197|0x000000008c500000, 0x000000008c500000, 0x000000008c600000|  0%| F|  |TAMS 0x000000008c500000| PB 0x000000008c500000| Untracked 
| 198|0x000000008c600000, 0x000000008c600000, 0x000000008c700000|  0%| F|  |TAMS 0x000000008c600000| PB 0x000000008c600000| Untracked 
| 199|0x000000008c700000, 0x000000008c700000, 0x000000008c800000|  0%| F|  |TAMS 0x000000008c700000| PB 0x000000008c700000| Untracked 
| 200|0x000000008c800000, 0x000000008c800000, 0x000000008c900000|  0%| F|  |TAMS 0x000000008c800000| PB 0x000000008c800000| Untracked 
| 201|0x000000008c900000, 0x000000008c900000, 0x000000008ca00000|  0%| F|  |TAMS 0x000000008c900000| PB 0x000000008c900000| Untracked 
| 202|0x000000008ca00000, 0x000000008ca00000, 0x000000008cb00000|  0%| F|  |TAMS 0x000000008ca00000| PB 0x000000008ca00000| Untracked 
| 203|0x000000008cb00000, 0x000000008cb00000, 0x000000008cc00000|  0%| F|  |TAMS 0x000000008cb00000| PB 0x000000008cb00000| Untracked 
| 204|0x000000008cc00000, 0x000000008cc00000, 0x000000008cd00000|  0%| F|  |TAMS 0x000000008cc00000| PB 0x000000008cc00000| Untracked 
| 205|0x000000008cd00000, 0x000000008cd00000, 0x000000008ce00000|  0%| F|  |TAMS 0x000000008cd00000| PB 0x000000008cd00000| Untracked 
| 206|0x000000008ce00000, 0x000000008ce00000, 0x000000008cf00000|  0%| F|  |TAMS 0x000000008ce00000| PB 0x000000008ce00000| Untracked 
| 207|0x000000008cf00000, 0x000000008cf00000, 0x000000008d000000|  0%| F|  |TAMS 0x000000008cf00000| PB 0x000000008cf00000| Untracked 
| 208|0x000000008d000000, 0x000000008d000000, 0x000000008d100000|  0%| F|  |TAMS 0x000000008d000000| PB 0x000000008d000000| Untracked 
| 209|0x000000008d100000, 0x000000008d100000, 0x000000008d200000|  0%| F|  |TAMS 0x000000008d100000| PB 0x000000008d100000| Untracked 
| 210|0x000000008d200000, 0x000000008d200000, 0x000000008d300000|  0%| F|  |TAMS 0x000000008d200000| PB 0x000000008d200000| Untracked 
| 211|0x000000008d300000, 0x000000008d300000, 0x000000008d400000|  0%| F|  |TAMS 0x000000008d300000| PB 0x000000008d300000| Untracked 
| 212|0x000000008d400000, 0x000000008d400000, 0x000000008d500000|  0%| F|  |TAMS 0x000000008d400000| PB 0x000000008d400000| Untracked 
| 213|0x000000008d500000, 0x000000008d500000, 0x000000008d600000|  0%| F|  |TAMS 0x000000008d500000| PB 0x000000008d500000| Untracked 
| 214|0x000000008d600000, 0x000000008d600000, 0x000000008d700000|  0%| F|  |TAMS 0x000000008d600000| PB 0x000000008d600000| Untracked 
| 215|0x000000008d700000, 0x000000008d700000, 0x000000008d800000|  0%| F|  |TAMS 0x000000008d700000| PB 0x000000008d700000| Untracked 
| 216|0x000000008d800000, 0x000000008d800000, 0x000000008d900000|  0%| F|  |TAMS 0x000000008d800000| PB 0x000000008d800000| Untracked 
| 217|0x000000008d900000, 0x000000008d900000, 0x000000008da00000|  0%| F|  |TAMS 0x000000008d900000| PB 0x000000008d900000| Untracked 
| 218|0x000000008da00000, 0x000000008da00000, 0x000000008db00000|  0%| F|  |TAMS 0x000000008da00000| PB 0x000000008da00000| Untracked 
| 219|0x000000008db00000, 0x000000008db00000, 0x000000008dc00000|  0%| F|  |TAMS 0x000000008db00000| PB 0x000000008db00000| Untracked 
| 220|0x000000008dc00000, 0x000000008dc00000, 0x000000008dd00000|  0%| F|  |TAMS 0x000000008dc00000| PB 0x000000008dc00000| Untracked 
| 221|0x000000008dd00000, 0x000000008dd00000, 0x000000008de00000|  0%| F|  |TAMS 0x000000008dd00000| PB 0x000000008dd00000| Untracked 
| 222|0x000000008de00000, 0x000000008de00000, 0x000000008df00000|  0%| F|  |TAMS 0x000000008de00000| PB 0x000000008de00000| Untracked 
| 223|0x000000008df00000, 0x000000008df00000, 0x000000008e000000|  0%| F|  |TAMS 0x000000008df00000| PB 0x000000008df00000| Untracked 
| 224|0x000000008e000000, 0x000000008e000000, 0x000000008e100000|  0%| F|  |TAMS 0x000000008e000000| PB 0x000000008e000000| Untracked 
| 225|0x000000008e100000, 0x000000008e100000, 0x000000008e200000|  0%| F|  |TAMS 0x000000008e100000| PB 0x000000008e100000| Untracked 
| 226|0x000000008e200000, 0x000000008e200000, 0x000000008e300000|  0%| F|  |TAMS 0x000000008e200000| PB 0x000000008e200000| Untracked 
| 227|0x000000008e300000, 0x000000008e300000, 0x000000008e400000|  0%| F|  |TAMS 0x000000008e300000| PB 0x000000008e300000| Untracked 
| 228|0x000000008e400000, 0x000000008e400000, 0x000000008e500000|  0%| F|  |TAMS 0x000000008e400000| PB 0x000000008e400000| Untracked 
| 229|0x000000008e500000, 0x000000008e500000, 0x000000008e600000|  0%| F|  |TAMS 0x000000008e500000| PB 0x000000008e500000| Untracked 
| 230|0x000000008e600000, 0x000000008e600000, 0x000000008e700000|  0%| F|  |TAMS 0x000000008e600000| PB 0x000000008e600000| Untracked 
| 231|0x000000008e700000, 0x000000008e700000, 0x000000008e800000|  0%| F|  |TAMS 0x000000008e700000| PB 0x000000008e700000| Untracked 
| 232|0x000000008e800000, 0x000000008e800000, 0x000000008e900000|  0%| F|  |TAMS 0x000000008e800000| PB 0x000000008e800000| Untracked 
| 233|0x000000008e900000, 0x000000008e900000, 0x000000008ea00000|  0%| F|  |TAMS 0x000000008e900000| PB 0x000000008e900000| Untracked 
| 234|0x000000008ea00000, 0x000000008ea00000, 0x000000008eb00000|  0%| F|  |TAMS 0x000000008ea00000| PB 0x000000008ea00000| Untracked 
| 235|0x000000008eb00000, 0x000000008eb00000, 0x000000008ec00000|  0%| F|  |TAMS 0x000000008eb00000| PB 0x000000008eb00000| Untracked 
| 236|0x000000008ec00000, 0x000000008ec00000, 0x000000008ed00000|  0%| F|  |TAMS 0x000000008ec00000| PB 0x000000008ec00000| Untracked 
| 237|0x000000008ed00000, 0x000000008ed00000, 0x000000008ee00000|  0%| F|  |TAMS 0x000000008ed00000| PB 0x000000008ed00000| Untracked 
| 238|0x000000008ee00000, 0x000000008ee00000, 0x000000008ef00000|  0%| F|  |TAMS 0x000000008ee00000| PB 0x000000008ee00000| Untracked 
| 239|0x000000008ef00000, 0x000000008ef00000, 0x000000008f000000|  0%| F|  |TAMS 0x000000008ef00000| PB 0x000000008ef00000| Untracked 
| 240|0x000000008f000000, 0x000000008f000000, 0x000000008f100000|  0%| F|  |TAMS 0x000000008f000000| PB 0x000000008f000000| Untracked 
| 241|0x000000008f100000, 0x000000008f100000, 0x000000008f200000|  0%| F|  |TAMS 0x000000008f100000| PB 0x000000008f100000| Untracked 
| 242|0x000000008f200000, 0x000000008f200000, 0x000000008f300000|  0%| F|  |TAMS 0x000000008f200000| PB 0x000000008f200000| Untracked 
| 243|0x000000008f300000, 0x000000008f300000, 0x000000008f400000|  0%| F|  |TAMS 0x000000008f300000| PB 0x000000008f300000| Untracked 
| 244|0x000000008f400000, 0x000000008f400000, 0x000000008f500000|  0%| F|  |TAMS 0x000000008f400000| PB 0x000000008f400000| Untracked 
| 245|0x000000008f500000, 0x000000008f500000, 0x000000008f600000|  0%| F|  |TAMS 0x000000008f500000| PB 0x000000008f500000| Untracked 
| 246|0x000000008f600000, 0x000000008f600000, 0x000000008f700000|  0%| F|  |TAMS 0x000000008f600000| PB 0x000000008f600000| Untracked 
| 247|0x000000008f700000, 0x000000008f700000, 0x000000008f800000|  0%| F|  |TAMS 0x000000008f700000| PB 0x000000008f700000| Untracked 
| 248|0x000000008f800000, 0x000000008f800000, 0x000000008f900000|  0%| F|  |TAMS 0x000000008f800000| PB 0x000000008f800000| Untracked 
| 249|0x000000008f900000, 0x000000008f900000, 0x000000008fa00000|  0%| F|  |TAMS 0x000000008f900000| PB 0x000000008f900000| Untracked 
| 250|0x000000008fa00000, 0x000000008fa00000, 0x000000008fb00000|  0%| F|  |TAMS 0x000000008fa00000| PB 0x000000008fa00000| Untracked 
| 251|0x000000008fb00000, 0x000000008fb00000, 0x000000008fc00000|  0%| F|  |TAMS 0x000000008fb00000| PB 0x000000008fb00000| Untracked 
| 252|0x000000008fc00000, 0x000000008fc00000, 0x000000008fd00000|  0%| F|  |TAMS 0x000000008fc00000| PB 0x000000008fc00000| Untracked 
| 253|0x000000008fd00000, 0x000000008fd00000, 0x000000008fe00000|  0%| F|  |TAMS 0x000000008fd00000| PB 0x000000008fd00000| Untracked 
| 254|0x000000008fe00000, 0x000000008fe00000, 0x000000008ff00000|  0%| F|  |TAMS 0x000000008fe00000| PB 0x000000008fe00000| Untracked 
| 255|0x000000008ff00000, 0x000000008ff00000, 0x0000000090000000|  0%| F|  |TAMS 0x000000008ff00000| PB 0x000000008ff00000| Untracked 
| 256|0x0000000090000000, 0x0000000090000000, 0x0000000090100000|  0%| F|  |TAMS 0x0000000090000000| PB 0x0000000090000000| Untracked 
| 257|0x0000000090100000, 0x0000000090100000, 0x0000000090200000|  0%| F|  |TAMS 0x0000000090100000| PB 0x0000000090100000| Untracked 
| 258|0x0000000090200000, 0x0000000090200000, 0x0000000090300000|  0%| F|  |TAMS 0x0000000090200000| PB 0x0000000090200000| Untracked 
| 259|0x0000000090300000, 0x0000000090300000, 0x0000000090400000|  0%| F|  |TAMS 0x0000000090300000| PB 0x0000000090300000| Untracked 
| 260|0x0000000090400000, 0x0000000090400000, 0x0000000090500000|  0%| F|  |TAMS 0x0000000090400000| PB 0x0000000090400000| Untracked 
| 261|0x0000000090500000, 0x0000000090500000, 0x0000000090600000|  0%| F|  |TAMS 0x0000000090500000| PB 0x0000000090500000| Untracked 
| 262|0x0000000090600000, 0x0000000090600000, 0x0000000090700000|  0%| F|  |TAMS 0x0000000090600000| PB 0x0000000090600000| Untracked 
| 263|0x0000000090700000, 0x0000000090700000, 0x0000000090800000|  0%| F|  |TAMS 0x0000000090700000| PB 0x0000000090700000| Untracked 
| 264|0x0000000090800000, 0x0000000090800000, 0x0000000090900000|  0%| F|  |TAMS 0x0000000090800000| PB 0x0000000090800000| Untracked 
| 265|0x0000000090900000, 0x0000000090900000, 0x0000000090a00000|  0%| F|  |TAMS 0x0000000090900000| PB 0x0000000090900000| Untracked 
| 266|0x0000000090a00000, 0x0000000090a00000, 0x0000000090b00000|  0%| F|  |TAMS 0x0000000090a00000| PB 0x0000000090a00000| Untracked 
| 267|0x0000000090b00000, 0x0000000090b00000, 0x0000000090c00000|  0%| F|  |TAMS 0x0000000090b00000| PB 0x0000000090b00000| Untracked 
| 268|0x0000000090c00000, 0x0000000090c00000, 0x0000000090d00000|  0%| F|  |TAMS 0x0000000090c00000| PB 0x0000000090c00000| Untracked 
| 269|0x0000000090d00000, 0x0000000090d00000, 0x0000000090e00000|  0%| F|  |TAMS 0x0000000090d00000| PB 0x0000000090d00000| Untracked 
| 270|0x0000000090e00000, 0x0000000090e00000, 0x0000000090f00000|  0%| F|  |TAMS 0x0000000090e00000| PB 0x0000000090e00000| Untracked 
| 271|0x0000000090f00000, 0x0000000090f00000, 0x0000000091000000|  0%| F|  |TAMS 0x0000000090f00000| PB 0x0000000090f00000| Untracked 
| 272|0x0000000091000000, 0x0000000091000000, 0x0000000091100000|  0%| F|  |TAMS 0x0000000091000000| PB 0x0000000091000000| Untracked 
| 273|0x0000000091100000, 0x0000000091100000, 0x0000000091200000|  0%| F|  |TAMS 0x0000000091100000| PB 0x0000000091100000| Untracked 
| 274|0x0000000091200000, 0x0000000091200000, 0x0000000091300000|  0%| F|  |TAMS 0x0000000091200000| PB 0x0000000091200000| Untracked 
| 275|0x0000000091300000, 0x0000000091300000, 0x0000000091400000|  0%| F|  |TAMS 0x0000000091300000| PB 0x0000000091300000| Untracked 
| 276|0x0000000091400000, 0x0000000091400000, 0x0000000091500000|  0%| F|  |TAMS 0x0000000091400000| PB 0x0000000091400000| Untracked 
| 277|0x0000000091500000, 0x0000000091500000, 0x0000000091600000|  0%| F|  |TAMS 0x0000000091500000| PB 0x0000000091500000| Untracked 
| 278|0x0000000091600000, 0x0000000091600000, 0x0000000091700000|  0%| F|  |TAMS 0x0000000091600000| PB 0x0000000091600000| Untracked 
| 279|0x0000000091700000, 0x0000000091700000, 0x0000000091800000|  0%| F|  |TAMS 0x0000000091700000| PB 0x0000000091700000| Untracked 
| 280|0x0000000091800000, 0x0000000091800000, 0x0000000091900000|  0%| F|  |TAMS 0x0000000091800000| PB 0x0000000091800000| Untracked 
| 281|0x0000000091900000, 0x0000000091900000, 0x0000000091a00000|  0%| F|  |TAMS 0x0000000091900000| PB 0x0000000091900000| Untracked 
| 282|0x0000000091a00000, 0x0000000091a00000, 0x0000000091b00000|  0%| F|  |TAMS 0x0000000091a00000| PB 0x0000000091a00000| Untracked 
| 283|0x0000000091b00000, 0x0000000091b00000, 0x0000000091c00000|  0%| F|  |TAMS 0x0000000091b00000| PB 0x0000000091b00000| Untracked 
| 284|0x0000000091c00000, 0x0000000091c00000, 0x0000000091d00000|  0%| F|  |TAMS 0x0000000091c00000| PB 0x0000000091c00000| Untracked 
| 285|0x0000000091d00000, 0x0000000091d00000, 0x0000000091e00000|  0%| F|  |TAMS 0x0000000091d00000| PB 0x0000000091d00000| Untracked 
| 286|0x0000000091e00000, 0x0000000091e00000, 0x0000000091f00000|  0%| F|  |TAMS 0x0000000091e00000| PB 0x0000000091e00000| Untracked 
| 287|0x0000000091f00000, 0x0000000091f00000, 0x0000000092000000|  0%| F|  |TAMS 0x0000000091f00000| PB 0x0000000091f00000| Untracked 
| 288|0x0000000092000000, 0x0000000092000000, 0x0000000092100000|  0%| F|  |TAMS 0x0000000092000000| PB 0x0000000092000000| Untracked 
| 289|0x0000000092100000, 0x0000000092100000, 0x0000000092200000|  0%| F|  |TAMS 0x0000000092100000| PB 0x0000000092100000| Untracked 
| 290|0x0000000092200000, 0x0000000092200000, 0x0000000092300000|  0%| F|  |TAMS 0x0000000092200000| PB 0x0000000092200000| Untracked 
| 291|0x0000000092300000, 0x0000000092300000, 0x0000000092400000|  0%| F|  |TAMS 0x0000000092300000| PB 0x0000000092300000| Untracked 
| 292|0x0000000092400000, 0x0000000092400000, 0x0000000092500000|  0%| F|  |TAMS 0x0000000092400000| PB 0x0000000092400000| Untracked 
| 293|0x0000000092500000, 0x0000000092500000, 0x0000000092600000|  0%| F|  |TAMS 0x0000000092500000| PB 0x0000000092500000| Untracked 
| 294|0x0000000092600000, 0x0000000092600000, 0x0000000092700000|  0%| F|  |TAMS 0x0000000092600000| PB 0x0000000092600000| Untracked 
| 295|0x0000000092700000, 0x0000000092700000, 0x0000000092800000|  0%| F|  |TAMS 0x0000000092700000| PB 0x0000000092700000| Untracked 
| 296|0x0000000092800000, 0x0000000092800000, 0x0000000092900000|  0%| F|  |TAMS 0x0000000092800000| PB 0x0000000092800000| Untracked 
| 297|0x0000000092900000, 0x0000000092900000, 0x0000000092a00000|  0%| F|  |TAMS 0x0000000092900000| PB 0x0000000092900000| Untracked 
| 298|0x0000000092a00000, 0x0000000092a00000, 0x0000000092b00000|  0%| F|  |TAMS 0x0000000092a00000| PB 0x0000000092a00000| Untracked 
| 299|0x0000000092b00000, 0x0000000092b00000, 0x0000000092c00000|  0%| F|  |TAMS 0x0000000092b00000| PB 0x0000000092b00000| Untracked 
| 300|0x0000000092c00000, 0x0000000092c00000, 0x0000000092d00000|  0%| F|  |TAMS 0x0000000092c00000| PB 0x0000000092c00000| Untracked 
| 301|0x0000000092d00000, 0x0000000092d00000, 0x0000000092e00000|  0%| F|  |TAMS 0x0000000092d00000| PB 0x0000000092d00000| Untracked 
| 302|0x0000000092e00000, 0x0000000092e00000, 0x0000000092f00000|  0%| F|  |TAMS 0x0000000092e00000| PB 0x0000000092e00000| Untracked 
| 303|0x0000000092f00000, 0x0000000092f00000, 0x0000000093000000|  0%| F|  |TAMS 0x0000000092f00000| PB 0x0000000092f00000| Untracked 
| 304|0x0000000093000000, 0x0000000093000000, 0x0000000093100000|  0%| F|  |TAMS 0x0000000093000000| PB 0x0000000093000000| Untracked 
| 305|0x0000000093100000, 0x0000000093100000, 0x0000000093200000|  0%| F|  |TAMS 0x0000000093100000| PB 0x0000000093100000| Untracked 
| 306|0x0000000093200000, 0x0000000093200000, 0x0000000093300000|  0%| F|  |TAMS 0x0000000093200000| PB 0x0000000093200000| Untracked 
| 307|0x0000000093300000, 0x0000000093300000, 0x0000000093400000|  0%| F|  |TAMS 0x0000000093300000| PB 0x0000000093300000| Untracked 
| 308|0x0000000093400000, 0x0000000093400000, 0x0000000093500000|  0%| F|  |TAMS 0x0000000093400000| PB 0x0000000093400000| Untracked 
| 309|0x0000000093500000, 0x0000000093500000, 0x0000000093600000|  0%| F|  |TAMS 0x0000000093500000| PB 0x0000000093500000| Untracked 
| 310|0x0000000093600000, 0x0000000093600000, 0x0000000093700000|  0%| F|  |TAMS 0x0000000093600000| PB 0x0000000093600000| Untracked 
| 311|0x0000000093700000, 0x0000000093700000, 0x0000000093800000|  0%| F|  |TAMS 0x0000000093700000| PB 0x0000000093700000| Untracked 
| 312|0x0000000093800000, 0x0000000093800000, 0x0000000093900000|  0%| F|  |TAMS 0x0000000093800000| PB 0x0000000093800000| Untracked 
| 313|0x0000000093900000, 0x0000000093900000, 0x0000000093a00000|  0%| F|  |TAMS 0x0000000093900000| PB 0x0000000093900000| Untracked 
| 314|0x0000000093a00000, 0x0000000093a00000, 0x0000000093b00000|  0%| F|  |TAMS 0x0000000093a00000| PB 0x0000000093a00000| Untracked 
| 315|0x0000000093b00000, 0x0000000093b00000, 0x0000000093c00000|  0%| F|  |TAMS 0x0000000093b00000| PB 0x0000000093b00000| Untracked 
| 316|0x0000000093c00000, 0x0000000093c00000, 0x0000000093d00000|  0%| F|  |TAMS 0x0000000093c00000| PB 0x0000000093c00000| Untracked 
| 317|0x0000000093d00000, 0x0000000093d00000, 0x0000000093e00000|  0%| F|  |TAMS 0x0000000093d00000| PB 0x0000000093d00000| Untracked 
| 318|0x0000000093e00000, 0x0000000093e00000, 0x0000000093f00000|  0%| F|  |TAMS 0x0000000093e00000| PB 0x0000000093e00000| Untracked 
| 319|0x0000000093f00000, 0x0000000093f00000, 0x0000000094000000|  0%| F|  |TAMS 0x0000000093f00000| PB 0x0000000093f00000| Untracked 
| 320|0x0000000094000000, 0x0000000094000000, 0x0000000094100000|  0%| F|  |TAMS 0x0000000094000000| PB 0x0000000094000000| Untracked 
| 321|0x0000000094100000, 0x0000000094100000, 0x0000000094200000|  0%| F|  |TAMS 0x0000000094100000| PB 0x0000000094100000| Untracked 
| 322|0x0000000094200000, 0x0000000094200000, 0x0000000094300000|  0%| F|  |TAMS 0x0000000094200000| PB 0x0000000094200000| Untracked 
| 323|0x0000000094300000, 0x0000000094300000, 0x0000000094400000|  0%| F|  |TAMS 0x0000000094300000| PB 0x0000000094300000| Untracked 
| 324|0x0000000094400000, 0x0000000094400000, 0x0000000094500000|  0%| F|  |TAMS 0x0000000094400000| PB 0x0000000094400000| Untracked 
| 325|0x0000000094500000, 0x0000000094500000, 0x0000000094600000|  0%| F|  |TAMS 0x0000000094500000| PB 0x0000000094500000| Untracked 
| 326|0x0000000094600000, 0x0000000094600000, 0x0000000094700000|  0%| F|  |TAMS 0x0000000094600000| PB 0x0000000094600000| Untracked 
| 327|0x0000000094700000, 0x0000000094700000, 0x0000000094800000|  0%| F|  |TAMS 0x0000000094700000| PB 0x0000000094700000| Untracked 
| 328|0x0000000094800000, 0x0000000094800000, 0x0000000094900000|  0%| F|  |TAMS 0x0000000094800000| PB 0x0000000094800000| Untracked 
| 329|0x0000000094900000, 0x0000000094900000, 0x0000000094a00000|  0%| F|  |TAMS 0x0000000094900000| PB 0x0000000094900000| Untracked 
| 330|0x0000000094a00000, 0x0000000094a00000, 0x0000000094b00000|  0%| F|  |TAMS 0x0000000094a00000| PB 0x0000000094a00000| Untracked 
| 331|0x0000000094b00000, 0x0000000094b00000, 0x0000000094c00000|  0%| F|  |TAMS 0x0000000094b00000| PB 0x0000000094b00000| Untracked 
| 332|0x0000000094c00000, 0x0000000094c00000, 0x0000000094d00000|  0%| F|  |TAMS 0x0000000094c00000| PB 0x0000000094c00000| Untracked 
| 333|0x0000000094d00000, 0x0000000094d00000, 0x0000000094e00000|  0%| F|  |TAMS 0x0000000094d00000| PB 0x0000000094d00000| Untracked 
| 334|0x0000000094e00000, 0x0000000094e00000, 0x0000000094f00000|  0%| F|  |TAMS 0x0000000094e00000| PB 0x0000000094e00000| Untracked 
| 335|0x0000000094f00000, 0x0000000094f00000, 0x0000000095000000|  0%| F|  |TAMS 0x0000000094f00000| PB 0x0000000094f00000| Untracked 
| 336|0x0000000095000000, 0x0000000095000000, 0x0000000095100000|  0%| F|  |TAMS 0x0000000095000000| PB 0x0000000095000000| Untracked 
| 337|0x0000000095100000, 0x0000000095100000, 0x0000000095200000|  0%| F|  |TAMS 0x0000000095100000| PB 0x0000000095100000| Untracked 
| 338|0x0000000095200000, 0x0000000095200000, 0x0000000095300000|  0%| F|  |TAMS 0x0000000095200000| PB 0x0000000095200000| Untracked 
| 339|0x0000000095300000, 0x0000000095300000, 0x0000000095400000|  0%| F|  |TAMS 0x0000000095300000| PB 0x0000000095300000| Untracked 
| 340|0x0000000095400000, 0x0000000095400000, 0x0000000095500000|  0%| F|  |TAMS 0x0000000095400000| PB 0x0000000095400000| Untracked 
| 341|0x0000000095500000, 0x0000000095500000, 0x0000000095600000|  0%| F|  |TAMS 0x0000000095500000| PB 0x0000000095500000| Untracked 
| 342|0x0000000095600000, 0x0000000095600000, 0x0000000095700000|  0%| F|  |TAMS 0x0000000095600000| PB 0x0000000095600000| Untracked 
| 343|0x0000000095700000, 0x0000000095700000, 0x0000000095800000|  0%| F|  |TAMS 0x0000000095700000| PB 0x0000000095700000| Untracked 
| 344|0x0000000095800000, 0x00000000958e22b0, 0x0000000095900000| 88%| E|  |TAMS 0x0000000095800000| PB 0x0000000095800000| Complete 
| 345|0x0000000095900000, 0x0000000095a00000, 0x0000000095a00000|100%| E|CS|TAMS 0x0000000095900000| PB 0x0000000095900000| Complete 
| 346|0x0000000095a00000, 0x0000000095b00000, 0x0000000095b00000|100%| E|CS|TAMS 0x0000000095a00000| PB 0x0000000095a00000| Complete 
| 347|0x0000000095b00000, 0x0000000095c00000, 0x0000000095c00000|100%| E|  |TAMS 0x0000000095b00000| PB 0x0000000095b00000| Complete 
| 348|0x0000000095c00000, 0x0000000095d00000, 0x0000000095d00000|100%| E|CS|TAMS 0x0000000095c00000| PB 0x0000000095c00000| Complete 
| 349|0x0000000095d00000, 0x0000000095e00000, 0x0000000095e00000|100%| E|CS|TAMS 0x0000000095d00000| PB 0x0000000095d00000| Complete 
| 350|0x0000000095e00000, 0x0000000095f00000, 0x0000000095f00000|100%| E|CS|TAMS 0x0000000095e00000| PB 0x0000000095e00000| Complete 
| 351|0x0000000095f00000, 0x0000000096000000, 0x0000000096000000|100%| E|CS|TAMS 0x0000000095f00000| PB 0x0000000095f00000| Complete 
| 352|0x0000000096000000, 0x0000000096100000, 0x0000000096100000|100%| E|CS|TAMS 0x0000000096000000| PB 0x0000000096000000| Complete 
| 353|0x0000000096100000, 0x0000000096200000, 0x0000000096200000|100%| E|CS|TAMS 0x0000000096100000| PB 0x0000000096100000| Complete 
| 354|0x0000000096200000, 0x0000000096300000, 0x0000000096300000|100%| E|CS|TAMS 0x0000000096200000| PB 0x0000000096200000| Complete 
| 355|0x0000000096300000, 0x0000000096400000, 0x0000000096400000|100%| E|CS|TAMS 0x0000000096300000| PB 0x0000000096300000| Complete 
| 356|0x0000000096400000, 0x0000000096500000, 0x0000000096500000|100%| E|CS|TAMS 0x0000000096400000| PB 0x0000000096400000| Complete 
| 357|0x0000000096500000, 0x0000000096600000, 0x0000000096600000|100%| E|CS|TAMS 0x0000000096500000| PB 0x0000000096500000| Complete 
| 358|0x0000000096600000, 0x0000000096700000, 0x0000000096700000|100%| E|CS|TAMS 0x0000000096600000| PB 0x0000000096600000| Complete 
| 359|0x0000000096700000, 0x0000000096800000, 0x0000000096800000|100%| E|CS|TAMS 0x0000000096700000| PB 0x0000000096700000| Complete 
| 360|0x0000000096800000, 0x0000000096900000, 0x0000000096900000|100%| E|CS|TAMS 0x0000000096800000| PB 0x0000000096800000| Complete 
| 361|0x0000000096900000, 0x0000000096a00000, 0x0000000096a00000|100%| E|CS|TAMS 0x0000000096900000| PB 0x0000000096900000| Complete 
| 362|0x0000000096a00000, 0x0000000096b00000, 0x0000000096b00000|100%| E|CS|TAMS 0x0000000096a00000| PB 0x0000000096a00000| Complete 
| 363|0x0000000096b00000, 0x0000000096c00000, 0x0000000096c00000|100%| E|CS|TAMS 0x0000000096b00000| PB 0x0000000096b00000| Complete 
| 364|0x0000000096c00000, 0x0000000096d00000, 0x0000000096d00000|100%| E|CS|TAMS 0x0000000096c00000| PB 0x0000000096c00000| Complete 
| 365|0x0000000096d00000, 0x0000000096e00000, 0x0000000096e00000|100%| E|CS|TAMS 0x0000000096d00000| PB 0x0000000096d00000| Complete 
| 366|0x0000000096e00000, 0x0000000096f00000, 0x0000000096f00000|100%| E|CS|TAMS 0x0000000096e00000| PB 0x0000000096e00000| Complete 
| 367|0x0000000096f00000, 0x0000000097000000, 0x0000000097000000|100%| E|CS|TAMS 0x0000000096f00000| PB 0x0000000096f00000| Complete 
| 368|0x0000000097000000, 0x0000000097100000, 0x0000000097100000|100%| E|CS|TAMS 0x0000000097000000| PB 0x0000000097000000| Complete 
| 369|0x0000000097100000, 0x0000000097200000, 0x0000000097200000|100%| E|CS|TAMS 0x0000000097100000| PB 0x0000000097100000| Complete 
| 370|0x0000000097200000, 0x0000000097300000, 0x0000000097300000|100%| E|CS|TAMS 0x0000000097200000| PB 0x0000000097200000| Complete 
| 371|0x0000000097300000, 0x0000000097400000, 0x0000000097400000|100%| E|CS|TAMS 0x0000000097300000| PB 0x0000000097300000| Complete 
| 372|0x0000000097400000, 0x0000000097500000, 0x0000000097500000|100%| E|CS|TAMS 0x0000000097400000| PB 0x0000000097400000| Complete 
| 373|0x0000000097500000, 0x0000000097600000, 0x0000000097600000|100%| E|CS|TAMS 0x0000000097500000| PB 0x0000000097500000| Complete 
| 374|0x0000000097600000, 0x0000000097700000, 0x0000000097700000|100%| E|CS|TAMS 0x0000000097600000| PB 0x0000000097600000| Complete 
| 375|0x0000000097700000, 0x0000000097800000, 0x0000000097800000|100%| E|CS|TAMS 0x0000000097700000| PB 0x0000000097700000| Complete 
| 376|0x0000000097800000, 0x0000000097900000, 0x0000000097900000|100%| E|CS|TAMS 0x0000000097800000| PB 0x0000000097800000| Complete 
| 377|0x0000000097900000, 0x0000000097a00000, 0x0000000097a00000|100%| E|CS|TAMS 0x0000000097900000| PB 0x0000000097900000| Complete 
| 378|0x0000000097a00000, 0x0000000097b00000, 0x0000000097b00000|100%| E|CS|TAMS 0x0000000097a00000| PB 0x0000000097a00000| Complete 
| 379|0x0000000097b00000, 0x0000000097c00000, 0x0000000097c00000|100%| E|CS|TAMS 0x0000000097b00000| PB 0x0000000097b00000| Complete 
| 380|0x0000000097c00000, 0x0000000097d00000, 0x0000000097d00000|100%| E|CS|TAMS 0x0000000097c00000| PB 0x0000000097c00000| Complete 
| 381|0x0000000097d00000, 0x0000000097e00000, 0x0000000097e00000|100%| E|CS|TAMS 0x0000000097d00000| PB 0x0000000097d00000| Complete 
| 382|0x0000000097e00000, 0x0000000097f00000, 0x0000000097f00000|100%| E|CS|TAMS 0x0000000097e00000| PB 0x0000000097e00000| Complete 
| 383|0x0000000097f00000, 0x0000000098000000, 0x0000000098000000|100%| E|CS|TAMS 0x0000000097f00000| PB 0x0000000097f00000| Complete 
| 384|0x0000000098000000, 0x0000000098100000, 0x0000000098100000|100%| E|CS|TAMS 0x0000000098000000| PB 0x0000000098000000| Complete 
| 385|0x0000000098100000, 0x0000000098200000, 0x0000000098200000|100%| E|CS|TAMS 0x0000000098100000| PB 0x0000000098100000| Complete 
| 386|0x0000000098200000, 0x0000000098300000, 0x0000000098300000|100%| E|CS|TAMS 0x0000000098200000| PB 0x0000000098200000| Complete 
| 387|0x0000000098300000, 0x0000000098400000, 0x0000000098400000|100%| E|CS|TAMS 0x0000000098300000| PB 0x0000000098300000| Complete 
| 388|0x0000000098400000, 0x0000000098500000, 0x0000000098500000|100%| E|CS|TAMS 0x0000000098400000| PB 0x0000000098400000| Complete 
| 389|0x0000000098500000, 0x0000000098600000, 0x0000000098600000|100%| E|CS|TAMS 0x0000000098500000| PB 0x0000000098500000| Complete 
| 390|0x0000000098600000, 0x0000000098700000, 0x0000000098700000|100%| E|CS|TAMS 0x0000000098600000| PB 0x0000000098600000| Complete 
| 391|0x0000000098700000, 0x0000000098800000, 0x0000000098800000|100%| E|CS|TAMS 0x0000000098700000| PB 0x0000000098700000| Complete 
| 392|0x0000000098800000, 0x0000000098900000, 0x0000000098900000|100%| E|CS|TAMS 0x0000000098800000| PB 0x0000000098800000| Complete 
| 393|0x0000000098900000, 0x0000000098a00000, 0x0000000098a00000|100%| E|CS|TAMS 0x0000000098900000| PB 0x0000000098900000| Complete 
| 394|0x0000000098a00000, 0x0000000098b00000, 0x0000000098b00000|100%| E|CS|TAMS 0x0000000098a00000| PB 0x0000000098a00000| Complete 
| 395|0x0000000098b00000, 0x0000000098c00000, 0x0000000098c00000|100%| E|CS|TAMS 0x0000000098b00000| PB 0x0000000098b00000| Complete 
| 396|0x0000000098c00000, 0x0000000098d00000, 0x0000000098d00000|100%| E|CS|TAMS 0x0000000098c00000| PB 0x0000000098c00000| Complete 
| 397|0x0000000098d00000, 0x0000000098e00000, 0x0000000098e00000|100%| E|CS|TAMS 0x0000000098d00000| PB 0x0000000098d00000| Complete 
| 398|0x0000000098e00000, 0x0000000098f00000, 0x0000000098f00000|100%| E|CS|TAMS 0x0000000098e00000| PB 0x0000000098e00000| Complete 
| 399|0x0000000098f00000, 0x0000000099000000, 0x0000000099000000|100%| E|CS|TAMS 0x0000000098f00000| PB 0x0000000098f00000| Complete 
| 400|0x0000000099000000, 0x0000000099100000, 0x0000000099100000|100%| E|CS|TAMS 0x0000000099000000| PB 0x0000000099000000| Complete 
| 401|0x0000000099100000, 0x0000000099200000, 0x0000000099200000|100%| E|CS|TAMS 0x0000000099100000| PB 0x0000000099100000| Complete 
| 402|0x0000000099200000, 0x0000000099300000, 0x0000000099300000|100%| E|CS|TAMS 0x0000000099200000| PB 0x0000000099200000| Complete 
| 403|0x0000000099300000, 0x0000000099400000, 0x0000000099400000|100%| E|CS|TAMS 0x0000000099300000| PB 0x0000000099300000| Complete 
| 404|0x0000000099400000, 0x0000000099500000, 0x0000000099500000|100%| E|CS|TAMS 0x0000000099400000| PB 0x0000000099400000| Complete 
| 405|0x0000000099500000, 0x0000000099600000, 0x0000000099600000|100%| E|CS|TAMS 0x0000000099500000| PB 0x0000000099500000| Complete 
| 406|0x0000000099600000, 0x0000000099700000, 0x0000000099700000|100%| E|CS|TAMS 0x0000000099600000| PB 0x0000000099600000| Complete 
| 407|0x0000000099700000, 0x0000000099800000, 0x0000000099800000|100%| E|CS|TAMS 0x0000000099700000| PB 0x0000000099700000| Complete 
| 408|0x0000000099800000, 0x0000000099900000, 0x0000000099900000|100%| E|CS|TAMS 0x0000000099800000| PB 0x0000000099800000| Complete 
| 409|0x0000000099900000, 0x0000000099a00000, 0x0000000099a00000|100%| E|CS|TAMS 0x0000000099900000| PB 0x0000000099900000| Complete 
| 410|0x0000000099a00000, 0x0000000099b00000, 0x0000000099b00000|100%| E|CS|TAMS 0x0000000099a00000| PB 0x0000000099a00000| Complete 
| 411|0x0000000099b00000, 0x0000000099c00000, 0x0000000099c00000|100%| E|CS|TAMS 0x0000000099b00000| PB 0x0000000099b00000| Complete 
| 412|0x0000000099c00000, 0x0000000099d00000, 0x0000000099d00000|100%| E|CS|TAMS 0x0000000099c00000| PB 0x0000000099c00000| Complete 
| 413|0x0000000099d00000, 0x0000000099e00000, 0x0000000099e00000|100%| E|CS|TAMS 0x0000000099d00000| PB 0x0000000099d00000| Complete 
| 414|0x0000000099e00000, 0x0000000099f00000, 0x0000000099f00000|100%| E|CS|TAMS 0x0000000099e00000| PB 0x0000000099e00000| Complete 
| 415|0x0000000099f00000, 0x000000009a000000, 0x000000009a000000|100%| E|CS|TAMS 0x0000000099f00000| PB 0x0000000099f00000| Complete 
| 416|0x000000009a000000, 0x000000009a100000, 0x000000009a100000|100%| E|CS|TAMS 0x000000009a000000| PB 0x000000009a000000| Complete 
| 417|0x000000009a100000, 0x000000009a200000, 0x000000009a200000|100%| E|CS|TAMS 0x000000009a100000| PB 0x000000009a100000| Complete 
| 418|0x000000009a200000, 0x000000009a300000, 0x000000009a300000|100%| E|CS|TAMS 0x000000009a200000| PB 0x000000009a200000| Complete 
| 419|0x000000009a300000, 0x000000009a400000, 0x000000009a400000|100%| E|CS|TAMS 0x000000009a300000| PB 0x000000009a300000| Complete 
| 420|0x000000009a400000, 0x000000009a500000, 0x000000009a500000|100%| E|CS|TAMS 0x000000009a400000| PB 0x000000009a400000| Complete 
| 421|0x000000009a500000, 0x000000009a600000, 0x000000009a600000|100%| E|CS|TAMS 0x000000009a500000| PB 0x000000009a500000| Complete 
| 422|0x000000009a600000, 0x000000009a700000, 0x000000009a700000|100%| E|CS|TAMS 0x000000009a600000| PB 0x000000009a600000| Complete 
| 423|0x000000009a700000, 0x000000009a800000, 0x000000009a800000|100%| E|CS|TAMS 0x000000009a700000| PB 0x000000009a700000| Complete 
| 424|0x000000009a800000, 0x000000009a900000, 0x000000009a900000|100%| E|CS|TAMS 0x000000009a800000| PB 0x000000009a800000| Complete 
| 425|0x000000009a900000, 0x000000009aa00000, 0x000000009aa00000|100%| E|CS|TAMS 0x000000009a900000| PB 0x000000009a900000| Complete 
| 426|0x000000009aa00000, 0x000000009ab00000, 0x000000009ab00000|100%| E|CS|TAMS 0x000000009aa00000| PB 0x000000009aa00000| Complete 
| 427|0x000000009ab00000, 0x000000009ac00000, 0x000000009ac00000|100%| E|CS|TAMS 0x000000009ab00000| PB 0x000000009ab00000| Complete 
| 428|0x000000009ac00000, 0x000000009ad00000, 0x000000009ad00000|100%| E|CS|TAMS 0x000000009ac00000| PB 0x000000009ac00000| Complete 
| 429|0x000000009ad00000, 0x000000009ae00000, 0x000000009ae00000|100%| E|CS|TAMS 0x000000009ad00000| PB 0x000000009ad00000| Complete 
| 430|0x000000009ae00000, 0x000000009af00000, 0x000000009af00000|100%| E|CS|TAMS 0x000000009ae00000| PB 0x000000009ae00000| Complete 
| 431|0x000000009af00000, 0x000000009b000000, 0x000000009b000000|100%| E|CS|TAMS 0x000000009af00000| PB 0x000000009af00000| Complete 
| 432|0x000000009b000000, 0x000000009b100000, 0x000000009b100000|100%| E|CS|TAMS 0x000000009b000000| PB 0x000000009b000000| Complete 
| 433|0x000000009b100000, 0x000000009b200000, 0x000000009b200000|100%| E|CS|TAMS 0x000000009b100000| PB 0x000000009b100000| Complete 
| 434|0x000000009b200000, 0x000000009b300000, 0x000000009b300000|100%| E|CS|TAMS 0x000000009b200000| PB 0x000000009b200000| Complete 
| 435|0x000000009b300000, 0x000000009b400000, 0x000000009b400000|100%| E|CS|TAMS 0x000000009b300000| PB 0x000000009b300000| Complete 
| 436|0x000000009b400000, 0x000000009b500000, 0x000000009b500000|100%| E|CS|TAMS 0x000000009b400000| PB 0x000000009b400000| Complete 
| 437|0x000000009b500000, 0x000000009b600000, 0x000000009b600000|100%| E|CS|TAMS 0x000000009b500000| PB 0x000000009b500000| Complete 
| 438|0x000000009b600000, 0x000000009b700000, 0x000000009b700000|100%| E|CS|TAMS 0x000000009b600000| PB 0x000000009b600000| Complete 
| 439|0x000000009b700000, 0x000000009b800000, 0x000000009b800000|100%| E|CS|TAMS 0x000000009b700000| PB 0x000000009b700000| Complete 
| 440|0x000000009b800000, 0x000000009b900000, 0x000000009b900000|100%| E|CS|TAMS 0x000000009b800000| PB 0x000000009b800000| Complete 
| 441|0x000000009b900000, 0x000000009ba00000, 0x000000009ba00000|100%| E|CS|TAMS 0x000000009b900000| PB 0x000000009b900000| Complete 
| 442|0x000000009ba00000, 0x000000009bb00000, 0x000000009bb00000|100%| E|CS|TAMS 0x000000009ba00000| PB 0x000000009ba00000| Complete 
| 443|0x000000009bb00000, 0x000000009bc00000, 0x000000009bc00000|100%| E|CS|TAMS 0x000000009bb00000| PB 0x000000009bb00000| Complete 
| 523|0x00000000a0b00000, 0x00000000a0c00000, 0x00000000a0c00000|100%| E|CS|TAMS 0x00000000a0b00000| PB 0x00000000a0b00000| Complete 
| 524|0x00000000a0c00000, 0x00000000a0d00000, 0x00000000a0d00000|100%| E|CS|TAMS 0x00000000a0c00000| PB 0x00000000a0c00000| Complete 
| 525|0x00000000a0d00000, 0x00000000a0e00000, 0x00000000a0e00000|100%| E|CS|TAMS 0x00000000a0d00000| PB 0x00000000a0d00000| Complete 

Card table byte_map: [0x0000025b22130000,0x0000025b22530000] _byte_map_base: 0x0000025b21d30000

Marking Bits: (CMBitMap*) 0x0000025b0d8f7f10
 Bits: [0x0000025b22530000, 0x0000025b24530000)

Polling page: 0x0000025b0d5c0000

Metaspace:

Usage:
  Non-class:    130.38 MB used.
      Class:     19.38 MB used.
       Both:    149.77 MB used.

Virtual space:
  Non-class space:      192.00 MB reserved,     131.38 MB ( 68%) committed,  3 nodes.
      Class space:        1.00 GB reserved,      20.25 MB (  2%) committed,  1 nodes.
             Both:        1.19 GB reserved,     151.62 MB ( 12%) committed. 

Chunk freelists:
   Non-Class:  11.92 MB
       Class:  11.80 MB
        Both:  23.72 MB

MaxMetaspaceSize: unlimited
CompressedClassSpaceSize: 1.00 GB
Initial GC threshold: 21.00 MB
Current GC threshold: 166.06 MB
CDS: off
 - commit_granule_bytes: 65536.
 - commit_granule_words: 8192.
 - virtual_space_node_default_size: 8388608.
 - enlarge_chunks_in_place: 1.
 - use_allocation_guard: 0.


Internal statistics:

num_allocs_failed_limit: 18.
num_arena_births: 3522.
num_arena_deaths: 2.
num_vsnodes_births: 4.
num_vsnodes_deaths: 0.
num_space_committed: 2425.
num_space_uncommitted: 0.
num_chunks_returned_to_freelist: 21.
num_chunks_taken_from_freelist: 9068.
num_chunk_merges: 18.
num_chunk_splits: 6547.
num_chunks_enlarged: 4804.
num_inconsistent_stats: 0.

CodeHeap 'non-profiled nmethods': size=120000Kb used=17293Kb max_used=17293Kb free=102706Kb
 bounds [0x0000025b19b80000, 0x0000025b1ac70000, 0x0000025b210b0000]
CodeHeap 'profiled nmethods': size=120000Kb used=38791Kb max_used=38791Kb free=81208Kb
 bounds [0x0000025b120b0000, 0x0000025b146a0000, 0x0000025b195e0000]
CodeHeap 'non-nmethods': size=5760Kb used=2253Kb max_used=2317Kb free=3506Kb
 bounds [0x0000025b195e0000, 0x0000025b19850000, 0x0000025b19b80000]
CodeCache: size=245760Kb, used=58337Kb, max_used=58401Kb, free=187420Kb
 total_blobs=18435, nmethods=17330, adapters=1008, full_count=0
Compilation: enabled, stopped_count=0, restarted_count=0

Compilation events (20 events):
Event: 54.513 Thread 0x0000025b485594e0 nmethod 18567 0x0000025b1ac50090 code [0x0000025b1ac50480, 0x0000025b1ac52c08]
Event: 54.513 Thread 0x0000025b485594e0 18678       4       com.esotericsoftware.kryo.io.Output::writeByte (35 bytes)
Event: 54.514 Thread 0x0000025b485594e0 nmethod 18678 0x0000025b1ac54810 code [0x0000025b1ac549a0, 0x0000025b1ac54ad0]
Event: 54.514 Thread 0x0000025b485594e0 18568   !   4       java.util.zip.ZipFile$ZipFileInputStream::read (135 bytes)
Event: 54.514 Thread 0x0000025b2747a5e0 18707       1       org.gradle.internal.file.FileHierarchySet$1::contains (2 bytes)
Event: 54.514 Thread 0x0000025b2747a5e0 nmethod 18707 0x0000025b1ac54c10 code [0x0000025b1ac54da0, 0x0000025b1ac54e68]
Event: 54.514 Thread 0x0000025b2747a5e0 18708       3       java.util.ArrayDeque$DeqSpliterator::tryAdvance (84 bytes)
Event: 54.515 Thread 0x0000025b2747a5e0 nmethod 18708 0x0000025b1468fd90 code [0x0000025b1468ffa0, 0x0000025b146905a0]
Event: 54.541 Thread 0x0000025b485594e0 nmethod 18568 0x0000025b1ac54f10 code [0x0000025b1ac552e0, 0x0000025b1ac576d0]
Event: 54.541 Thread 0x0000025b485594e0 18696       4       java.util.stream.AbstractPipeline::spliterator (116 bytes)
Event: 54.542 Thread 0x0000025b2747a5e0 18712 % !   3       org.gradle.internal.classpath.ClasspathWalker::visitJarContents @ 13 (107 bytes)
Event: 54.543 Thread 0x0000025b2747a5e0 nmethod 18712% 0x0000025b14690890 code [0x0000025b14690b20, 0x0000025b146917c8]
Event: 54.543 Thread 0x0000025b485594e0 nmethod 18696 0x0000025b1ac59090 code [0x0000025b1ac59240, 0x0000025b1ac59490]
Event: 54.543 Thread 0x0000025b485594e0 18566       4       java.util.stream.Streams$AbstractStreamBuilderImpl::estimateSize (9 bytes)
Event: 54.543 Thread 0x0000025b485594e0 nmethod 18566 0x0000025b1ac59690 code [0x0000025b1ac59820, 0x0000025b1ac598b8]
Event: 54.543 Thread 0x0000025b485594e0 18697       4       java.util.stream.Streams$ConcatSpliterator::characteristics (56 bytes)
Event: 54.544 Thread 0x0000025b485594e0 nmethod 18697 0x0000025b1ac59990 code [0x0000025b1ac59b40, 0x0000025b1ac59c98]
Event: 54.544 Thread 0x0000025b485594e0 18569       4       java.util.zip.ZipFile$ZipFileInputStream::initDataOffset (117 bytes)
Event: 54.554 Thread 0x0000025b485594e0 nmethod 18569 0x0000025b1ac59e10 code [0x0000025b1ac5a060, 0x0000025b1ac5aa08]
Event: 54.554 Thread 0x0000025b485594e0 18570   !   4       java.util.zip.ZipFile$Source::readAt (43 bytes)

GC Heap History (20 events):
Event: 14.189 GC heap before
{Heap before GC invocations=64 (full 0):
 garbage-first heap   total 538624K, used 408955K [0x0000000080000000, 0x0000000100000000)
  region size 1024K, 315 young (322560K), 30 survivors (30720K)
 Metaspace       used 63940K, committed 65280K, reserved 1114112K
  class space    used 8635K, committed 9280K, reserved 1048576K
}
Event: 14.201 GC heap after
{Heap after GC invocations=65 (full 0):
 garbage-first heap   total 538624K, used 114236K [0x0000000080000000, 0x0000000100000000)
  region size 1024K, 18 young (18432K), 18 survivors (18432K)
 Metaspace       used 63940K, committed 65280K, reserved 1114112K
  class space    used 8635K, committed 9280K, reserved 1048576K
}
Event: 14.899 GC heap before
{Heap before GC invocations=65 (full 0):
 garbage-first heap   total 538624K, used 418364K [0x0000000080000000, 0x0000000100000000)
  region size 1024K, 315 young (322560K), 18 survivors (18432K)
 Metaspace       used 71762K, committed 73216K, reserved 1114112K
  class space    used 10090K, committed 10752K, reserved 1048576K
}
Event: 14.907 GC heap after
{Heap after GC invocations=66 (full 0):
 garbage-first heap   total 538624K, used 113728K [0x0000000080000000, 0x0000000100000000)
  region size 1024K, 17 young (17408K), 17 survivors (17408K)
 Metaspace       used 71762K, committed 73216K, reserved 1114112K
  class space    used 10090K, committed 10752K, reserved 1048576K
}
Event: 16.764 GC heap before
{Heap before GC invocations=66 (full 0):
 garbage-first heap   total 538624K, used 379968K [0x0000000080000000, 0x0000000100000000)
  region size 1024K, 279 young (285696K), 17 survivors (17408K)
 Metaspace       used 99922K, committed 101440K, reserved 1179648K
  class space    used 13280K, committed 14016K, reserved 1048576K
}
Event: 16.786 GC heap after
{Heap after GC invocations=67 (full 0):
 garbage-first heap   total 538624K, used 142445K [0x0000000080000000, 0x0000000100000000)
  region size 1024K, 40 young (40960K), 40 survivors (40960K)
 Metaspace       used 99922K, committed 101440K, reserved 1179648K
  class space    used 13280K, committed 14016K, reserved 1048576K
}
Event: 18.924 GC heap before
{Heap before GC invocations=68 (full 0):
 garbage-first heap   total 457728K, used 369773K [0x0000000080000000, 0x0000000100000000)
  region size 1024K, 268 young (274432K), 40 survivors (40960K)
 Metaspace       used 126517K, committed 128128K, reserved 1179648K
  class space    used 16460K, committed 17216K, reserved 1048576K
}
Event: 18.947 GC heap after
{Heap after GC invocations=69 (full 0):
 garbage-first heap   total 457728K, used 150055K [0x0000000080000000, 0x0000000100000000)
  region size 1024K, 26 young (26624K), 26 survivors (26624K)
 Metaspace       used 126517K, committed 128128K, reserved 1179648K
  class space    used 16460K, committed 17216K, reserved 1048576K
}
Event: 19.615 GC heap before
{Heap before GC invocations=69 (full 0):
 garbage-first heap   total 457728K, used 405031K [0x0000000080000000, 0x0000000100000000)
  region size 1024K, 268 young (274432K), 26 survivors (26624K)
 Metaspace       used 131052K, committed 132800K, reserved 1179648K
  class space    used 17162K, committed 17984K, reserved 1048576K
}
Event: 19.626 GC heap after
{Heap after GC invocations=70 (full 0):
 garbage-first heap   total 457728K, used 148485K [0x0000000080000000, 0x0000000100000000)
  region size 1024K, 7 young (7168K), 7 survivors (7168K)
 Metaspace       used 131052K, committed 132800K, reserved 1179648K
  class space    used 17162K, committed 17984K, reserved 1048576K
}
Event: 20.037 GC heap before
{Heap before GC invocations=70 (full 0):
 garbage-first heap   total 457728K, used 411653K [0x0000000080000000, 0x0000000100000000)
  region size 1024K, 264 young (270336K), 7 survivors (7168K)
 Metaspace       used 131052K, committed 132800K, reserved 1179648K
  class space    used 17162K, committed 17984K, reserved 1048576K
}
Event: 20.040 GC heap after
{Heap after GC invocations=71 (full 0):
 garbage-first heap   total 457728K, used 150581K [0x0000000080000000, 0x0000000100000000)
  region size 1024K, 9 young (9216K), 9 survivors (9216K)
 Metaspace       used 131052K, committed 132800K, reserved 1179648K
  class space    used 17162K, committed 17984K, reserved 1048576K
}
Event: 20.652 GC heap before
{Heap before GC invocations=71 (full 0):
 garbage-first heap   total 457728K, used 408629K [0x0000000080000000, 0x0000000100000000)
  region size 1024K, 262 young (268288K), 9 survivors (9216K)
 Metaspace       used 131256K, committed 132928K, reserved 1179648K
  class space    used 17193K, committed 17984K, reserved 1048576K
}
Event: 20.655 GC heap after
{Heap after GC invocations=72 (full 0):
 garbage-first heap   total 457728K, used 136658K [0x0000000080000000, 0x0000000100000000)
  region size 1024K, 2 young (2048K), 2 survivors (2048K)
 Metaspace       used 131256K, committed 132928K, reserved 1179648K
  class space    used 17193K, committed 17984K, reserved 1048576K
}
Event: 26.605 GC heap before
{Heap before GC invocations=72 (full 0):
 garbage-first heap   total 457728K, used 416210K [0x0000000080000000, 0x0000000100000000)
  region size 1024K, 268 young (274432K), 2 survivors (2048K)
 Metaspace       used 150990K, committed 152832K, reserved 1245184K
  class space    used 19687K, committed 20544K, reserved 1048576K
}
Event: 26.613 GC heap after
{Heap after GC invocations=73 (full 0):
 garbage-first heap   total 457728K, used 145129K [0x0000000080000000, 0x0000000100000000)
  region size 1024K, 11 young (11264K), 11 survivors (11264K)
 Metaspace       used 150990K, committed 152832K, reserved 1245184K
  class space    used 19687K, committed 20544K, reserved 1048576K
}
Event: 42.193 GC heap before
{Heap before GC invocations=73 (full 0):
 garbage-first heap   total 457728K, used 407273K [0x0000000080000000, 0x0000000100000000)
  region size 1024K, 268 young (274432K), 11 survivors (11264K)
 Metaspace       used 152553K, committed 154368K, reserved 1245184K
  class space    used 19731K, committed 20608K, reserved 1048576K
}
Event: 42.207 GC heap after
{Heap after GC invocations=74 (full 0):
 garbage-first heap   total 457728K, used 151989K [0x0000000080000000, 0x0000000100000000)
  region size 1024K, 17 young (17408K), 17 survivors (17408K)
 Metaspace       used 152553K, committed 154368K, reserved 1245184K
  class space    used 19731K, committed 20608K, reserved 1048576K
}
Event: 54.434 GC heap before
{Heap before GC invocations=74 (full 0):
 garbage-first heap   total 457728K, used 410037K [0x0000000080000000, 0x0000000100000000)
  region size 1024K, 268 young (274432K), 17 survivors (17408K)
 Metaspace       used 153326K, committed 155200K, reserved 1245184K
  class space    used 19842K, committed 20736K, reserved 1048576K
}
Event: 54.444 GC heap after
{Heap after GC invocations=75 (full 0):
 garbage-first heap   total 457728K, used 154182K [0x0000000080000000, 0x0000000100000000)
  region size 1024K, 18 young (18432K), 18 survivors (18432K)
 Metaspace       used 153326K, committed 155200K, reserved 1245184K
  class space    used 19842K, committed 20736K, reserved 1048576K
}

Dll operation events (3 events):
Event: 0.045 Loaded shared library D:\Android Internship Project\jbr\bin\java.dll
Event: 0.057 Loaded shared library D:\Android Internship Project\jbr\bin\zip.dll
Event: 0.567 Loaded shared library D:\Android Internship Project\jbr\bin\verify.dll

Deoptimization events (20 events):
Event: 54.432 Thread 0x0000025b3533c5e0 DEOPT PACKING pc=0x0000025b14634482 sp=0x00000071875fb8c0
Event: 54.432 Thread 0x0000025b3533c5e0 DEOPT UNPACKING pc=0x0000025b19634b42 sp=0x00000071875fad78 mode 0
Event: 54.433 Thread 0x0000025b35339e80 DEOPT PACKING pc=0x0000025b14634482 sp=0x00000071878fb700
Event: 54.433 Thread 0x0000025b35339e80 DEOPT UNPACKING pc=0x0000025b19634b42 sp=0x00000071878fabb8 mode 0
Event: 54.434 Thread 0x0000025b3533c5e0 DEOPT PACKING pc=0x0000025b14634482 sp=0x00000071875fb8c0
Event: 54.434 Thread 0x0000025b3533c5e0 DEOPT UNPACKING pc=0x0000025b19634b42 sp=0x00000071875fad78 mode 0
Event: 54.445 Thread 0x0000025b35339e80 DEOPT PACKING pc=0x0000025b14634482 sp=0x00000071878fb700
Event: 54.445 Thread 0x0000025b35339e80 DEOPT UNPACKING pc=0x0000025b19634b42 sp=0x00000071878fabb8 mode 0
Event: 54.446 Thread 0x0000025b3533b8c0 Uncommon trap: trap_request=0xffffffc6 fr.pc=0x0000025b1aaac3ec relative=0x00000000000011ac
Event: 54.446 Thread 0x0000025b3533b8c0 Uncommon trap: reason=bimorphic_or_optimized_type_check action=maybe_recompile pc=0x0000025b1aaac3ec method=java.util.concurrent.ConcurrentHashMap.putVal(Ljava/lang/Object;Ljava/lang/Object;Z)Ljava/lang/Object; @ 159 c2
Event: 54.446 Thread 0x0000025b3533b8c0 DEOPT PACKING pc=0x0000025b1aaac3ec sp=0x00000071872fd200
Event: 54.446 Thread 0x0000025b3533b8c0 DEOPT UNPACKING pc=0x0000025b196343a2 sp=0x00000071872fd190 mode 2
Event: 54.446 Thread 0x0000025b3533a510 Uncommon trap: trap_request=0xffffffc6 fr.pc=0x0000025b1aaac3ec relative=0x00000000000011ac
Event: 54.446 Thread 0x0000025b3533a510 Uncommon trap: reason=bimorphic_or_optimized_type_check action=maybe_recompile pc=0x0000025b1aaac3ec method=java.util.concurrent.ConcurrentHashMap.putVal(Ljava/lang/Object;Ljava/lang/Object;Z)Ljava/lang/Object; @ 159 c2
Event: 54.446 Thread 0x0000025b3533a510 DEOPT PACKING pc=0x0000025b1aaac3ec sp=0x00000071871fd190
Event: 54.446 Thread 0x0000025b3533a510 DEOPT UNPACKING pc=0x0000025b196343a2 sp=0x00000071871fd120 mode 2
Event: 54.469 Thread 0x0000025b3533c5e0 Uncommon trap: trap_request=0xffffff6e fr.pc=0x0000025b1ac4981c relative=0x000000000000033c
Event: 54.469 Thread 0x0000025b3533c5e0 Uncommon trap: reason=loop_limit_check action=maybe_recompile pc=0x0000025b1ac4981c method=com.google.common.base.CharMatcher.lastIndexIn(Ljava/lang/CharSequence;)I @ 10 c2
Event: 54.469 Thread 0x0000025b3533c5e0 DEOPT PACKING pc=0x0000025b1ac4981c sp=0x00000071875fb5f0
Event: 54.469 Thread 0x0000025b3533c5e0 DEOPT UNPACKING pc=0x0000025b196343a2 sp=0x00000071875fb5a8 mode 2

Classes loaded (20 events):
Event: 23.738 Loading class com/sun/org/apache/xerces/internal/dom/CommentImpl done
Event: 23.738 Loading class com/sun/org/apache/xerces/internal/dom/DeferredCommentImpl done
Event: 24.708 Loading class java/util/concurrent/locks/ReentrantReadWriteLock$Sync$HoldCounter
Event: 24.708 Loading class java/util/concurrent/locks/ReentrantReadWriteLock$Sync$HoldCounter done
Event: 25.496 Loading class java/util/regex/Pattern$Pos
Event: 25.497 Loading class java/util/regex/Pattern$Pos done
Event: 26.615 Loading class sun/security/ssl/Alert
Event: 26.616 Loading class sun/security/ssl/Alert done
Event: 26.616 Loading class sun/security/ssl/Alert$AlertConsumer
Event: 26.616 Loading class sun/security/ssl/Alert$AlertConsumer done
Event: 26.616 Loading class sun/security/ssl/Alert$Level
Event: 26.616 Loading class sun/security/ssl/Alert$Level done
Event: 27.157 Loading class com/sun/org/apache/xerces/internal/util/EncodingMap
Event: 27.158 Loading class com/sun/org/apache/xerces/internal/util/EncodingMap done
Event: 27.159 Loading class sun/nio/cs/ISO_8859_1$Decoder
Event: 27.159 Loading class sun/nio/cs/ISO_8859_1$Decoder done
Event: 54.224 Loading class sun/reflect/ReflectionFactory
Event: 54.224 Loading class sun/reflect/ReflectionFactory done
Event: 54.224 Loading class sun/reflect/ReflectionFactory$1
Event: 54.224 Loading class sun/reflect/ReflectionFactory$1 done

Classes unloaded (3 events):
Event: 4.445 Thread 0x0000025b2726eb50 Unloading class 0x00000001007f0948 '_BuildScript_$_run_closure1$_closure2'
Event: 4.445 Thread 0x0000025b2726eb50 Unloading class 0x00000001007f0528 '_BuildScript_$_run_closure1'
Event: 4.445 Thread 0x0000025b2726eb50 Unloading class 0x00000001007f0000 '_BuildScript_'

Classes redefined (0 events):
No events

Internal exceptions (20 events):
Event: 54.416 Thread 0x0000025b3533d300 Exception <a 'sun/nio/fs/WindowsException'{0x000000008d40d878}> (0x000000008d40d878) 
thrown [s\src\hotspot\share\prims\jni.cpp, line 537]
Event: 54.416 Thread 0x0000025b3533d300 Exception <a 'sun/nio/fs/WindowsException'{0x000000008d40e958}> (0x000000008d40e958) 
thrown [s\src\hotspot\share\prims\jni.cpp, line 537]
Event: 54.417 Thread 0x0000025b3533d300 Exception <a 'sun/nio/fs/WindowsException'{0x000000008d40fb78}> (0x000000008d40fb78) 
thrown [s\src\hotspot\share\prims\jni.cpp, line 537]
Event: 54.422 Thread 0x0000025b35339e80 Exception <a 'sun/nio/fs/WindowsException'{0x000000008d1090b8}> (0x000000008d1090b8) 
thrown [s\src\hotspot\share\prims\jni.cpp, line 537]
Event: 54.424 Thread 0x0000025b35339e80 Exception <a 'sun/nio/fs/WindowsException'{0x000000008d109f78}> (0x000000008d109f78) 
thrown [s\src\hotspot\share\prims\jni.cpp, line 537]
Event: 54.424 Thread 0x0000025b35339e80 Exception <a 'sun/nio/fs/WindowsException'{0x000000008d10b058}> (0x000000008d10b058) 
thrown [s\src\hotspot\share\prims\jni.cpp, line 537]
Event: 54.424 Thread 0x0000025b35339e80 Exception <a 'sun/nio/fs/WindowsException'{0x000000008d10c278}> (0x000000008d10c278) 
thrown [s\src\hotspot\share\prims\jni.cpp, line 537]
Event: 54.428 Thread 0x0000025b3533d300 Exception <a 'sun/nio/fs/WindowsException'{0x000000008c968968}> (0x000000008c968968) 
thrown [s\src\hotspot\share\prims\jni.cpp, line 537]
Event: 54.429 Thread 0x0000025b3533d300 Exception <a 'sun/nio/fs/WindowsException'{0x000000008c969af0}> (0x000000008c969af0) 
thrown [s\src\hotspot\share\prims\jni.cpp, line 537]
Event: 54.446 Thread 0x0000025b353397f0 Exception <a 'sun/nio/fs/WindowsException'{0x00000000a0d1bf50}> (0x00000000a0d1bf50) 
thrown [s\src\hotspot\share\prims\jni.cpp, line 537]
Event: 54.446 Thread 0x0000025b353397f0 Exception <a 'sun/nio/fs/WindowsException'{0x00000000a0d1d0d8}> (0x00000000a0d1d0d8) 
thrown [s\src\hotspot\share\prims\jni.cpp, line 537]
Event: 54.454 Thread 0x0000025b35339e80 Exception <a 'sun/nio/fs/WindowsException'{0x000000009b410070}> (0x000000009b410070) 
thrown [s\src\hotspot\share\prims\jni.cpp, line 537]
Event: 54.454 Thread 0x0000025b35339e80 Exception <a 'sun/nio/fs/WindowsException'{0x000000009b4111f8}> (0x000000009b4111f8) 
thrown [s\src\hotspot\share\prims\jni.cpp, line 537]
Event: 54.462 Thread 0x0000025b3533aba0 Exception <a 'sun/nio/fs/WindowsException'{0x00000000a0c06628}> (0x00000000a0c06628) 
thrown [s\src\hotspot\share\prims\jni.cpp, line 537]
Event: 54.467 Thread 0x0000025b3533c5e0 Exception <a 'sun/nio/fs/WindowsException'{0x000000009aa00fd0}> (0x000000009aa00fd0) 
thrown [s\src\hotspot\share\prims\jni.cpp, line 537]
Event: 54.467 Thread 0x0000025b3533c5e0 Exception <a 'sun/nio/fs/WindowsException'{0x000000009aa02158}> (0x000000009aa02158) 
thrown [s\src\hotspot\share\prims\jni.cpp, line 537]
Event: 54.476 Thread 0x0000025b3533d300 Exception <a 'sun/nio/fs/WindowsException'{0x000000009b979918}> (0x000000009b979918) 
thrown [s\src\hotspot\share\prims\jni.cpp, line 537]
Event: 54.485 Thread 0x0000025b353397f0 Exception <a 'sun/nio/fs/WindowsException'{0x000000009b2d43c8}> (0x000000009b2d43c8) 
thrown [s\src\hotspot\share\prims\jni.cpp, line 537]
Event: 54.488 Thread 0x0000025b35339e80 Exception <a 'sun/nio/fs/WindowsException'{0x000000009ac073f0}> (0x000000009ac073f0) 
thrown [s\src\hotspot\share\prims\jni.cpp, line 537]
Event: 54.504 Thread 0x0000025b3533c5e0 Exception <a 'sun/nio/fs/WindowsException'{0x000000009a4f7340}> (0x000000009a4f7340) 
thrown [s\src\hotspot\share\prims\jni.cpp, line 537]

ZGC Phase Switch (0 events):
No events

VM Operations (20 events):
Event: 47.230 Executing safepoint VM operation: Cleanup
Event: 47.230 Executing safepoint VM operation: Cleanup done
Event: 48.241 Executing safepoint VM operation: Cleanup
Event: 48.241 Executing safepoint VM operation: Cleanup done
Event: 49.245 Executing safepoint VM operation: Cleanup
Event: 49.245 Executing safepoint VM operation: Cleanup done
Event: 52.278 Executing safepoint VM operation: Cleanup
Event: 52.279 Executing safepoint VM operation: Cleanup done
Event: 54.229 Executing non-safepoint VM operation: HandshakeAllThreads (Deoptimize)
Event: 54.230 Executing non-safepoint VM operation: HandshakeAllThreads (Deoptimize) done
Event: 54.230 Executing safepoint VM operation: Cleanup
Event: 54.230 Executing safepoint VM operation: Cleanup done
Event: 54.295 Executing non-safepoint VM operation: HandshakeAllThreads (Deoptimize)
Event: 54.295 Executing non-safepoint VM operation: HandshakeAllThreads (Deoptimize) done
Event: 54.297 Executing non-safepoint VM operation: HandshakeAllThreads (Deoptimize)
Event: 54.297 Executing non-safepoint VM operation: HandshakeAllThreads (Deoptimize) done
Event: 54.434 Executing safepoint VM operation: G1CollectForAllocation (G1 Evacuation Pause)
Event: 54.434 Executing safepoint VM operation: G1CollectForAllocation (G1 Evacuation Pause) done
Event: 54.434 Executing safepoint VM operation: G1CollectForAllocation (GCLocker Initiated GC)
Event: 54.444 Executing safepoint VM operation: G1CollectForAllocation (GCLocker Initiated GC) done

Memory protections (0 events):
No events

Nmethod flushes (20 events):
Event: 16.819 Thread 0x0000025b2726eb50 flushing  nmethod 0x0000025b120d6910
Event: 16.819 Thread 0x0000025b2726eb50 flushing  nmethod 0x0000025b121a5c90
Event: 16.819 Thread 0x0000025b2726eb50 flushing  nmethod 0x0000025b1221c510
Event: 16.819 Thread 0x0000025b2726eb50 flushing  nmethod 0x0000025b122fb210
Event: 16.819 Thread 0x0000025b2726eb50 flushing  nmethod 0x0000025b1241d910
Event: 16.819 Thread 0x0000025b2726eb50 flushing  nmethod 0x0000025b12b79010
Event: 16.819 Thread 0x0000025b2726eb50 flushing  nmethod 0x0000025b19e1a890
Event: 16.819 Thread 0x0000025b2726eb50 flushing  nmethod 0x0000025b121c6810
Event: 16.819 Thread 0x0000025b2726eb50 flushing  nmethod 0x0000025b127db610
Event: 16.819 Thread 0x0000025b2726eb50 flushing  nmethod 0x0000025b127dc310
Event: 16.819 Thread 0x0000025b2726eb50 flushing  nmethod 0x0000025b127e1290
Event: 16.819 Thread 0x0000025b2726eb50 flushing osr nmethod 0x0000025b12870a90
Event: 16.819 Thread 0x0000025b2726eb50 flushing  nmethod 0x0000025b12876910
Event: 16.819 Thread 0x0000025b2726eb50 flushing osr nmethod 0x0000025b12879390
Event: 16.819 Thread 0x0000025b2726eb50 flushing osr nmethod 0x0000025b1287a510
Event: 16.819 Thread 0x0000025b2726eb50 flushing  nmethod 0x0000025b12ac3b90
Event: 16.819 Thread 0x0000025b2726eb50 flushing osr nmethod 0x0000025b19e85f10
Event: 16.819 Thread 0x0000025b2726eb50 flushing  nmethod 0x0000025b128de510
Event: 16.819 Thread 0x0000025b2726eb50 flushing  nmethod 0x0000025b128e5f10
Event: 16.819 Thread 0x0000025b2726eb50 flushing  nmethod 0x0000025b128e9a90

Events (20 events):
Event: 38.871 Thread 0x0000025b2ca08c80 Thread added: 0x0000025b35337720
Event: 38.871 Thread 0x0000025b2ca08c80 Thread added: 0x0000025b35334930
Event: 38.871 Thread 0x0000025b2ca08c80 Thread added: 0x0000025b35335ce0
Event: 38.872 Thread 0x0000025b2ca08c80 Thread added: 0x0000025b35334fc0
Event: 38.872 Thread 0x0000025b2ca08c80 Thread added: 0x0000025b35336a00
Event: 38.872 Thread 0x0000025b2ca08c80 Thread added: 0x0000025b35338440
Event: 39.022 Thread 0x0000025b2747a5e0 Thread added: 0x0000025b485594e0
Event: 40.954 Thread 0x0000025b485594e0 Thread exited: 0x0000025b485594e0
Event: 43.800 Thread 0x0000025b2747a5e0 Thread added: 0x0000025b485594e0
Event: 44.097 Thread 0x0000025b485594e0 Thread exited: 0x0000025b485594e0
Event: 54.291 Thread 0x0000025b2ca08c80 Thread added: 0x0000025b3533b230
Event: 54.319 Thread 0x0000025b2747a5e0 Thread added: 0x0000025b485594e0
Event: 54.358 Thread 0x0000025b2ca08c80 Thread added: 0x0000025b3533a510
Event: 54.361 Thread 0x0000025b2ca08c80 Thread added: 0x0000025b3533b8c0
Event: 54.394 Thread 0x0000025b2ca08c80 Thread added: 0x0000025b3533bf50
Event: 54.398 Thread 0x0000025b2ca08c80 Thread added: 0x0000025b3533aba0
Event: 54.405 Thread 0x0000025b2ca08c80 Thread added: 0x0000025b3533c5e0
Event: 54.411 Thread 0x0000025b2ca08c80 Thread added: 0x0000025b353397f0
Event: 54.414 Thread 0x0000025b2ca08c80 Thread added: 0x0000025b3533d300
Event: 54.417 Thread 0x0000025b2ca08c80 Thread added: 0x0000025b35339e80


Dynamic libraries:
0x00007ff6b74f0000 - 0x00007ff6b74fa000 	D:\Android Internship Project\jbr\bin\java.exe
0x00007ff95ca00000 - 0x00007ff95cc67000 	C:\WINDOWS\SYSTEM32\ntdll.dll
0x00007ff95b4b0000 - 0x00007ff95b579000 	C:\WINDOWS\System32\KERNEL32.DLL
0x00007ff959770000 - 0x00007ff959b67000 	C:\WINDOWS\System32\KERNELBASE.dll
0x00007ff956c40000 - 0x00007ff956ce0000 	C:\WINDOWS\SYSTEM32\apphelp.dll
0x00007ff9594f0000 - 0x00007ff95963b000 	C:\WINDOWS\System32\ucrtbase.dll
0x00007ff935130000 - 0x00007ff93514b000 	D:\Android Internship Project\jbr\bin\VCRUNTIME140.dll
0x00007ff93ed90000 - 0x00007ff93eda8000 	D:\Android Internship Project\jbr\bin\jli.dll
0x00007ff95c7f0000 - 0x00007ff95c9b6000 	C:\WINDOWS\System32\USER32.dll
0x00007ff959cb0000 - 0x00007ff959cd7000 	C:\WINDOWS\System32\win32u.dll
0x00007ff95a780000 - 0x00007ff95a7ab000 	C:\WINDOWS\System32\GDI32.dll
0x00007ff93acc0000 - 0x00007ff93af52000 	C:\WINDOWS\WinSxS\amd64_microsoft.windows.common-controls_6595b64144ccf1df_6.0.26100.8457_none_3e0b2faee331e92d\COMCTL32.dll
0x00007ff959640000 - 0x00007ff95976c000 	C:\WINDOWS\System32\gdi32full.dll
0x00007ff959b70000 - 0x00007ff959c13000 	C:\WINDOWS\System32\msvcp_win.dll
0x00007ff95c250000 - 0x00007ff95c2f9000 	C:\WINDOWS\System32\msvcrt.dll
0x00007ff95b720000 - 0x00007ff95b752000 	C:\WINDOWS\System32\IMM32.DLL
0x00007ff93e880000 - 0x00007ff93e88c000 	D:\Android Internship Project\jbr\bin\vcruntime140_1.dll
0x00007ff917200000 - 0x00007ff91728d000 	D:\Android Internship Project\jbr\bin\msvcp140.dll
0x00007ff865080000 - 0x00007ff865d16000 	D:\Android Internship Project\jbr\bin\server\jvm.dll
0x00007ff95b3f0000 - 0x00007ff95b4a6000 	C:\WINDOWS\System32\ADVAPI32.dll
0x00007ff95c300000 - 0x00007ff95c3a7000 	C:\WINDOWS\System32\sechost.dll
0x00007ff95adc0000 - 0x00007ff95aed8000 	C:\WINDOWS\System32\RPCRT4.dll
0x00007ff95bee0000 - 0x00007ff95bf60000 	C:\WINDOWS\System32\WS2_32.dll
0x00007ff959290000 - 0x00007ff9592ee000 	C:\WINDOWS\SYSTEM32\POWRPROF.dll
0x00007ff952be0000 - 0x00007ff952beb000 	C:\WINDOWS\SYSTEM32\VERSION.dll
0x00007ff950b00000 - 0x00007ff950b36000 	C:\WINDOWS\SYSTEM32\WINMM.dll
0x00007ff959270000 - 0x00007ff959284000 	C:\WINDOWS\SYSTEM32\UMPDC.dll
0x00007ff958180000 - 0x00007ff95819b000 	C:\WINDOWS\SYSTEM32\kernel.appcore.dll
0x00007ff925260000 - 0x00007ff92526a000 	D:\Android Internship Project\jbr\bin\jimage.dll
0x00007ff94ba10000 - 0x00007ff94bc52000 	C:\WINDOWS\SYSTEM32\DBGHELP.DLL
0x00007ff95aee0000 - 0x00007ff95b263000 	C:\WINDOWS\System32\combase.dll
0x00007ff95b610000 - 0x00007ff95b6e9000 	C:\WINDOWS\System32\OLEAUT32.dll
0x00007ff940450000 - 0x00007ff94048b000 	C:\WINDOWS\SYSTEM32\dbgcore.DLL
0x00007ff95a6d0000 - 0x00007ff95a778000 	C:\WINDOWS\System32\bcryptPrimitives.dll
0x00007ff956b60000 - 0x00007ff956b6e000 	D:\Android Internship Project\jbr\bin\instrument.dll
0x00007ff925190000 - 0x00007ff9251b0000 	D:\Android Internship Project\jbr\bin\java.dll
0x00007ff925170000 - 0x00007ff925188000 	D:\Android Internship Project\jbr\bin\zip.dll
0x00007ff95b760000 - 0x00007ff95bece000 	C:\WINDOWS\System32\SHELL32.dll
0x00007ff959ce0000 - 0x00007ff95a54c000 	C:\WINDOWS\System32\windows.storage.dll
0x00007ff95c6f0000 - 0x00007ff95c7e6000 	C:\WINDOWS\System32\SHCORE.dll
0x00007ff95c440000 - 0x00007ff95c4a6000 	C:\WINDOWS\System32\shlwapi.dll
0x00007ff959350000 - 0x00007ff959379000 	C:\WINDOWS\SYSTEM32\profapi.dll
0x00007ff925160000 - 0x00007ff925170000 	D:\Android Internship Project\jbr\bin\net.dll
0x00007ff952450000 - 0x00007ff952579000 	C:\WINDOWS\SYSTEM32\WINHTTP.dll
0x00007ff9586d0000 - 0x00007ff95873c000 	C:\WINDOWS\system32\mswsock.dll
0x00007ff925140000 - 0x00007ff925156000 	D:\Android Internship Project\jbr\bin\nio.dll
0x00007ff953ff0000 - 0x00007ff954000000 	D:\Android Internship Project\jbr\bin\verify.dll
0x00007ff953f70000 - 0x00007ff953f97000 	C:\Users\ec5cd\.gradle\native\1def1411415f61bf3af743bc5b6707747c0891f09f0c88961ee8f79bc544acac\windows-amd64\native-platform.dll
0x00007ff9123b0000 - 0x00007ff912427000 	C:\Users\ec5cd\.gradle\native\0.2.8\x86_64-windows-gnu\gradle-fileevents.dll
0x00007ff924ad0000 - 0x00007ff924ad9000 	D:\Android Internship Project\jbr\bin\management.dll
0x00007ff924620000 - 0x00007ff92462b000 	D:\Android Internship Project\jbr\bin\management_ext.dll
0x00007ff95c430000 - 0x00007ff95c438000 	C:\WINDOWS\System32\PSAPI.DLL
0x00007ff957b70000 - 0x00007ff957ba2000 	C:\WINDOWS\SYSTEM32\IPHLPAPI.DLL
0x00007ff95c4b0000 - 0x00007ff95c4ba000 	C:\WINDOWS\System32\NSI.dll
0x00007ff924ae0000 - 0x00007ff924ae9000 	D:\Android Internship Project\jbr\bin\extnet.dll
0x00007ff958ad0000 - 0x00007ff958aeb000 	C:\WINDOWS\SYSTEM32\CRYPTSP.dll
0x00007ff9580e0000 - 0x00007ff958119000 	C:\WINDOWS\system32\rsaenh.dll
0x00007ff958780000 - 0x00007ff9587b3000 	C:\WINDOWS\SYSTEM32\USERENV.dll
0x00007ff959320000 - 0x00007ff95934a000 	C:\WINDOWS\SYSTEM32\bcrypt.dll
0x00007ff958930000 - 0x00007ff95893c000 	C:\WINDOWS\SYSTEM32\CRYPTBASE.dll
0x00007ff910010000 - 0x00007ff910018000 	C:\WINDOWS\system32\wshunix.dll
0x00007ff957c00000 - 0x00007ff957d32000 	C:\WINDOWS\SYSTEM32\DNSAPI.dll
0x00007ff9528a0000 - 0x00007ff9528ab000 	C:\Windows\System32\rasadhlp.dll
0x00007ff9507f0000 - 0x00007ff950876000 	C:\WINDOWS\System32\fwpuclnt.dll

JVMTI agents:
C:\Users\ec5cd\.gradle\wrapper\dists\gradle-9.0.0-bin\d6wjpkvcgsg3oed0qlfss3wgl\gradle-9.0.0\lib\agents\gradle-instrumentation-agent-9.0.0.jar path:D:\Android Internship Project\jbr\bin\instrument.dll, loaded, initialized, instrumentlib options:none

dbghelp: loaded successfully - version: 4.0.5 - missing functions: none
symbol engine: initialized successfully - sym options: 0x614 - pdb path: .;D:\Android Internship Project\jbr\bin;C:\WINDOWS\SYSTEM32;C:\WINDOWS\WinSxS\amd64_microsoft.windows.common-controls_6595b64144ccf1df_6.0.26100.8457_none_3e0b2faee331e92d;D:\Android Internship Project\jbr\bin\server;C:\Users\ec5cd\.gradle\native\1def1411415f61bf3af743bc5b6707747c0891f09f0c88961ee8f79bc544acac\windows-amd64;C:\Users\ec5cd\.gradle\native\0.2.8\x86_64-windows-gnu

VM Arguments:
jvm_args: --add-opens=java.base/java.lang=ALL-UNNAMED --add-opens=java.base/java.lang.invoke=ALL-UNNAMED --add-opens=java.base/java.util=ALL-UNNAMED --add-opens=java.prefs/java.util.prefs=ALL-UNNAMED --add-exports=jdk.compiler/com.sun.tools.javac.api=ALL-UNNAMED --add-exports=jdk.compiler/com.sun.tools.javac.util=ALL-UNNAMED --add-opens=java.base/java.util=ALL-UNNAMED --add-opens=java.prefs/java.util.prefs=ALL-UNNAMED --add-opens=java.base/java.nio.charset=ALL-UNNAMED --add-opens=java.base/java.net=ALL-UNNAMED --add-opens=java.base/java.util.concurrent=ALL-UNNAMED --add-opens=java.base/java.util.concurrent.atomic=ALL-UNNAMED --add-opens=java.xml/javax.xml.namespace=ALL-UNNAMED -Xmx2048m -Dfile.encoding=UTF-8 -Duser.country=IN -Duser.language=en -Duser.variant -javaagent:C:\Users\ec5cd\.gradle\wrapper\dists\gradle-9.0.0-bin\d6wjpkvcgsg3oed0qlfss3wgl\gradle-9.0.0\lib\agents\gradle-instrumentation-agent-9.0.0.jar 
java_command: org.gradle.launcher.daemon.bootstrap.GradleDaemon 9.0.0
java_class_path (initial): C:\Users\ec5cd\.gradle\wrapper\dists\gradle-9.0.0-bin\d6wjpkvcgsg3oed0qlfss3wgl\gradle-9.0.0\lib\gradle-daemon-main-9.0.0.jar
Launcher Type: SUN_STANDARD

[Global flags]
     intx CICompilerCount                          = 4                                         {product} {ergonomic}
     uint ConcGCThreads                            = 3                                         {product} {ergonomic}
     uint G1ConcRefinementThreads                  = 10                                        {product} {ergonomic}
   size_t G1HeapRegionSize                         = 1048576                                   {product} {ergonomic}
    uintx GCDrainStackTargetSize                   = 64                                        {product} {ergonomic}
   size_t InitialHeapSize                          = 123731968                                 {product} {ergonomic}
   size_t MarkStackSize                            = 4194304                                   {product} {ergonomic}
   size_t MaxHeapSize                              = 2147483648                                {product} {command line}
   size_t MaxNewSize                               = 1287651328                                {product} {ergonomic}
   size_t MinHeapDeltaBytes                        = 1048576                                   {product} {ergonomic}
   size_t MinHeapSize                              = 8388608                                   {product} {ergonomic}
    uintx NonNMethodCodeHeapSize                   = 5839372                                {pd product} {ergonomic}
    uintx NonProfiledCodeHeapSize                  = 122909434                              {pd product} {ergonomic}
    uintx ProfiledCodeHeapSize                     = 122909434                              {pd product} {ergonomic}
    uintx ReservedCodeCacheSize                    = 251658240                              {pd product} {ergonomic}
     bool SegmentedCodeCache                       = true                                      {product} {ergonomic}
   size_t SoftMaxHeapSize                          = 2147483648                             {manageable} {ergonomic}
     bool UseCompressedOops                        = true                           {product lp64_product} {ergonomic}
     bool UseG1GC                                  = true                                      {product} {ergonomic}
     bool UseLargePagesIndividualAllocation        = false                                  {pd product} {ergonomic}

Logging:
Log output configuration:
 #0: stdout all=warning uptime,level,tags foldmultilines=false
 #1: stderr all=off uptime,level,tags foldmultilines=false

Release file:
JAVA_VERSION="21.0.10" 
MODULES="java.base java.compiler java.datatransfer java.xml java.prefs java.desktop java.instrument java.logging java.management java.security.sasl java.naming java.rmi java.management.rmi java.net.http java.scripting java.security.jgss java.transaction.xa java.sql java.sql.rowset java.xml.crypto java.se java.smartcardio jdk.accessibility jdk.internal.jvmstat jdk.attach jdk.charsets jdk.internal.opt jdk.zipfs jdk.compiler jdk.crypto.ec jdk.crypto.cryptoki jdk.dynalink jdk.hotspot.agent jdk.httpserver jdk.internal.ed jdk.internal.le jdk.internal.vm.ci jdk.jartool jdk.javadoc jdk.jcmd jdk.jdeps jdk.jdwp.agent jdk.jdi jdk.jfr jdk.jlink jdk.jsobject jdk.localedata jdk.management jdk.management.agent jdk.management.jfr jdk.naming.dns jdk.naming.rmi jdk.net jdk.sctp jdk.security.auth jdk.security.jgss jdk.unsupported jdk.unsupported.desktop jdk.xml.dom" 
IMPLEMENTOR="JetBrains s.r.o." 
JAVA_RUNTIME_VERSION="21.0.10+-14961533-b1163.108" 
LIBC="default" 
OS_ARCH="x86_64" 
OS_NAME="Windows" 
SOURCE=".:git:1351622c2ff2" 

Environment Variables:
JAVA_HOME=C:\Program Files\Android\Android Studio\jbr
PATH=C:\Scripts\;C:\;C:\ffmpeg\ffmpeg-2025-01-13-git-851a84650e-full_build\bin;%PATH;C:\Program Files\nodejs;C:\Program Files\HP\HP One Agent;C:\Program Files\Python313;C:\Program Files\Python313\Scripts;C:\flutter\bin;C:\Users\ec5cd\AppData\Roaming\Python\Python313\Scripts;C:\Users\ec5cd\AppData\Roaming\Python\Python313;C:\Users\ec5cd\AppData\Roaming\Python\Python313\site-packages;C:\Users\ec5cd\AppData\Roaming\Python\Python313\Scripts;C:\Windows\System32;%JAVA_HOME%\bin;C:\Program Files\PostgreSQL\17\bin;C:\Program Files\Tesseract-OCR;C:\Users\ec5cd\AppData\Local\Programs\Tesseract-OCR;C:\Program Files\Git\cmd;C:\Program Files\Git\mingw64\bin;C:\Program Files\Git\usr\bin;C:\Users\ec5cd\AppData\Local\Programs\Python\Python313\Scripts\;C:\Users\ec5cd\AppData\Local\Programs\Python\Python313\;C:\Users\ec5cd\AppData\Local\Microsoft\WindowsApps;C:\Users\ec5cd\AppData\Roaming\npm;C:\Users\ec5cd\AppData\Local\Programs\Microsoft VS Code\bin;C:\Program Files\mongosh\;C:\platform-tools-latest-windows\platform-tools;C:\Program Files\Python313;C:\Program Files\Python313\Scripts;C:\flutter\bin;C:\IdemiaL1RdService\RDService;C:\Users\ec5cd\AppData\Local\Android\Sdk\platform-tools;C:\Users\ec5cd\AppData\Local\Android\Sdk\emulator;C:\Users\ec5cd\AppData\Local\Android\Sdk\cmdline-tools\latest\bin;C:\Program Files\Android\Android Studio\jbr\bin;D:\cursor\resources\app\bin;C:\Program Files\Tesseract-OCR;C:\Users\ec5cd\AppData\Local\Programs\Windsurf\bin;C:\Users\ec5cd\AppData\Local\Programs\Kiro\bin;D:\Antigravity\bin
USERNAME=ec5cd
OS=Windows_NT
PROCESSOR_IDENTIFIER=AMD64 Family 25 Model 80 Stepping 0, AuthenticAMD
TMP=C:\Users\ec5cd\AppData\Local\Temp
TEMP=C:\Users\ec5cd\AppData\Local\Temp




Periodic native trim disabled

JNI global refs:
JNI global refs: 30, weak refs: 9

JNI global refs memory usage: 835, weak refs: 833

Process memory usage:
Resident Set Size: 833728K (10% of 7702372K total physical memory with 590276K free physical memory)

OOME stack traces (most recent first):
Classloader memory used:
Loader org.gradle.internal.classloader.VisitableURLClassLoader                         : 108M
Loader bootstrap                                                                       : 30962K
Loader org.gradle.initialization.MixInLegacyTypesClassLoader                           : 9697K
Loader jdk.internal.loader.ClassLoaders$PlatformClassLoader                            : 722K
Loader jdk.internal.jrtfs.JrtFileSystemProvider$JrtFsLoader                            : 340K
Loader jdk.internal.loader.ClassLoaders$AppClassLoader                                 : 231K
Loader jdk.internal.reflect.DelegatingClassLoader                                      : 54992B
Loader org.gradle.internal.classloader.VisitableURLClassLoader                         : 26176B
Loader org.gradle.groovy.scripts.internal.DefaultScriptCompilationHandler$ScriptClassLoader: 21032B

Classes loaded by more than one classloader:
Class Program                                                                         : loaded 3 times (x 72B)
Class jdk.internal.jimage.BasicImageReader                                            : loaded 2 times (x 95B)
Class org.gradle.internal.classloader.ClassLoaderHierarchy                            : loaded 2 times (x 70B)
Class org.gradle.api.internal.classpath.ManifestUtil                                  : loaded 2 times (x 71B)
Class jdk.internal.jimage.decompressor.StringSharingDecompressorFactory               : loaded 2 times (x 74B)
Class org.gradle.internal.classloader.DefaultClassLoaderFactory                       : loaded 2 times (x 82B)
Class org.gradle.internal.classloader.ClassLoaderVisitor                              : loaded 2 times (x 76B)
Class org.gradle.api.internal.classpath.EffectiveClassPath                            : loaded 2 times (x 90B)
Class org.gradle.api.internal.DefaultClassPathProvider                                : loaded 2 times (x 76B)
Class [Lorg.gradle.api.internal.ClassPathProvider;                                    : loaded 2 times (x 69B)
Class org.gradle.api.internal.ClassPathProvider                                       : loaded 2 times (x 70B)
Class jdk.internal.jrtfs.SystemImage                                                  : loaded 2 times (x 74B)
Class org.gradle.internal.service.UnknownServiceException                             : loaded 2 times (x 83B)
Class org.gradle.internal.classpath.TransformedClassPath                              : loaded 2 times (x 96B)
Class org.gradle.internal.classloader.InstrumentingClassLoader                        : loaded 2 times (x 70B)
Class jdk.internal.jrtfs.SystemImage$1                                                : loaded 2 times (x 78B)
Class jdk.internal.jrtfs.SystemImage$2                                                : loaded 2 times (x 76B)
Class org.gradle.internal.service.ServiceLocator                                      : loaded 2 times (x 70B)
Class jdk.internal.jrtfs.JrtFileSystemProvider                                        : loaded 2 times (x 101B)
Class jdk.internal.jimage.ImageLocation                                               : loaded 2 times (x 90B)
Class jdk.internal.jrtfs.JrtDirectoryStream$1                                         : loaded 2 times (x 83B)
Class org.gradle.internal.InternalTransformer                                         : loaded 2 times (x 70B)
Class jdk.internal.jimage.ImageBufferCache$1                                          : loaded 2 times (x 83B)
Class org.gradle.internal.classloader.ClasspathUtil$1                                 : loaded 2 times (x 76B)
Class jdk.internal.jimage.ImageBufferCache$2                                          : loaded 2 times (x 91B)
Class org.gradle.api.internal.classpath.DefaultModuleRegistry$DefaultModule           : loaded 2 times (x 86B)
Class org.gradle.api.internal.classpath.Module                                        : loaded 2 times (x 70B)
Class org.gradle.api.internal.classpath.UnknownModuleException                        : loaded 2 times (x 82B)
Class jdk.internal.jimage.ImageHeader                                                 : loaded 2 times (x 71B)
Class org.gradle.api.internal.DefaultClassPathRegistry                                : loaded 2 times (x 76B)
Class org.gradle.api.internal.ClassPathRegistry                                       : loaded 2 times (x 70B)
Class org.gradle.internal.classpath.DefaultClassPath$ImmutableUniqueList              : loaded 2 times (x 199B)
Class jdk.internal.jimage.decompressor.ResourceDecompressor                           : loaded 2 times (x 70B)
Class org.gradle.internal.classloader.FilteringClassLoader                            : loaded 2 times (x 105B)
Class Settings_gradle$1                                                               : loaded 2 times (x 74B)
Class org.gradle.internal.classpath.ClassPath                                         : loaded 2 times (x 70B)
Class jdk.internal.jimage.ImageStringsReader                                          : loaded 2 times (x 80B)
Class jdk.internal.jimage.ImageReader                                                 : loaded 2 times (x 75B)
Class jdk.internal.jimage.ImageReader$SharedImageReader                               : loaded 2 times (x 95B)
Class org.gradle.internal.installation.GradleInstallation$1                           : loaded 2 times (x 75B)
Class org.gradle.api.internal.classpath.ModuleRegistry                                : loaded 2 times (x 70B)
Class jdk.internal.jimage.decompressor.ResourceDecompressorFactory                    : loaded 2 times (x 74B)
Class jdk.internal.jimage.ImageReader$Node                                            : loaded 2 times (x 84B)
Class org.gradle.api.internal.classpath.DefaultModuleRegistry                         : loaded 2 times (x 86B)
Class jdk.internal.jimage.BasicImageReader$1                                          : loaded 2 times (x 77B)
Class jdk.internal.jimage.decompressor.Decompressor                                   : loaded 2 times (x 72B)
Class jdk.internal.jimage.ImageReader$Resource                                        : loaded 2 times (x 84B)
Class org.gradle.internal.service.ServiceLookupException                              : loaded 2 times (x 82B)
Class jdk.internal.jrtfs.JrtFileAttributes                                            : loaded 2 times (x 83B)
Class org.gradle.internal.classloader.ClassLoaderFactory                              : loaded 2 times (x 70B)
Class org.gradle.internal.service.CachingServiceLocator                               : loaded 2 times (x 82B)
Class jdk.internal.jimage.ImageBufferCache                                            : loaded 2 times (x 71B)
Class jdk.internal.jrtfs.JrtPath                                                      : loaded 2 times (x 118B)
Class org.gradle.internal.classloader.ClasspathUtil                                   : loaded 2 times (x 71B)
Class org.gradle.api.specs.Spec                                                       : loaded 2 times (x 70B)
Class jdk.internal.jimage.ImageReader$SharedImageReader$LocationVisitor               : loaded 2 times (x 70B)
Class jdk.internal.jimage.decompressor.ResourceDecompressorRepository                 : loaded 2 times (x 71B)
Class jdk.internal.jimage.ImageReader$Directory                                       : loaded 2 times (x 84B)
Class org.gradle.internal.classloader.VisitableURLClassLoader$InstrumentingVisitableURLClassLoader: loaded 2 times (x 123B)
Class org.gradle.internal.classloader.VisitableURLClassLoader$Spec                    : loaded 2 times (x 74B)
Class org.gradle.internal.classpath.DefaultClassPath                                  : loaded 2 times (x 90B)
Class jdk.internal.jimage.decompressor.ZipDecompressorFactory                         : loaded 2 times (x 74B)
Class org.gradle.internal.classloader.ClassLoaderSpec                                 : loaded 2 times (x 71B)
Class Settings_gradle$1$1                                                             : loaded 2 times (x 74B)
Class org.gradle.internal.classloader.VisitableURLClassLoader                         : loaded 2 times (x 117B)
Class Settings_gradle                                                                 : loaded 2 times (x 124B)
Class org.gradle.internal.Cast                                                        : loaded 2 times (x 71B)
Class org.gradle.api.Action                                                           : loaded 2 times (x 70B)
Class jdk.internal.jimage.decompressor.ZipDecompressor                                : loaded 2 times (x 75B)
Class org.gradle.internal.classpath.DefaultClassPath$ImmutableUniqueList$Builder      : loaded 2 times (x 75B)
Class org.gradle.api.GradleException                                                  : loaded 2 times (x 82B)
Class jdk.internal.jimage.ImageStrings                                                : loaded 2 times (x 70B)
Class org.gradle.internal.IoActions                                                   : loaded 2 times (x 71B)
Class org.gradle.internal.classloader.SystemClassLoaderSpec                           : loaded 2 times (x 71B)
Class jdk.internal.jrtfs.JrtFileSystem                                                : loaded 2 times (x 102B)
Class jdk.internal.jimage.decompressor.CompressedResourceHeader                       : loaded 2 times (x 71B)
Class org.gradle.api.internal.classpath.GlobalCacheRootsProvider                      : loaded 2 times (x 70B)
Class org.gradle.internal.installation.CurrentGradleInstallationLocator               : loaded 2 times (x 71B)
Class org.gradle.internal.service.DefaultServiceLocator                               : loaded 2 times (x 83B)
Class jdk.internal.jrtfs.JrtDirectoryStream                                           : loaded 2 times (x 89B)
Class org.gradle.internal.installation.CurrentGradleInstallation                      : loaded 2 times (x 73B)
Class org.gradle.util.internal.GUtil                                                  : loaded 2 times (x 71B)
Class org.gradle.internal.installation.GradleInstallation                             : loaded 2 times (x 75B)
Class jdk.internal.jimage.decompressor.ResourceDecompressor$StringsProvider           : loaded 2 times (x 70B)

---------------  S Y S T E M  ---------------

OS:
 Windows 11 , 64 bit Build 26100 (10.0.26100.8328)
OS uptime: 0 days 0:15 hours
Hyper-V role detected

CPU: total 12 (initial active 12) (12 cores per cpu, 2 threads per core) family 25 model 80 stepping 0 microcode 0xa50000d, cx8, cmov, fxsr, ht, mmx, 3dnowpref, sse, sse2, sse3, ssse3, sse4a, sse4.1, sse4.2, popcnt, lzcnt, tsc, tscinvbit, avx, avx2, aes, erms, clmul, bmi1, bmi2, adx, sha, fma, vzeroupper, clflush, clflushopt, hv, rdtscp, rdpid, fsrm, f16c, cet_ss
Processor Information for processor 0
  Max Mhz: 3301, Current Mhz: 412, Mhz Limit: 99
Processor Information for processor 1
  Max Mhz: 3301, Current Mhz: 412, Mhz Limit: 99
Processor Information for processor 2
  Max Mhz: 3301, Current Mhz: 3301, Mhz Limit: 3301
Processor Information for processor 3
  Max Mhz: 3301, Current Mhz: 3301, Mhz Limit: 3301
Processor Information for processor 4
  Max Mhz: 3301, Current Mhz: 3301, Mhz Limit: 3301
Processor Information for processor 5
  Max Mhz: 3301, Current Mhz: 2630, Mhz Limit: 3301
Processor Information for processor 6
  Max Mhz: 3301, Current Mhz: 2630, Mhz Limit: 3301
Processor Information for processor 7
  Max Mhz: 3301, Current Mhz: 3301, Mhz Limit: 3301
Processor Information for processor 8
  Max Mhz: 3301, Current Mhz: 2630, Mhz Limit: 3301
Processor Information for processor 9
  Max Mhz: 3301, Current Mhz: 2630, Mhz Limit: 3301
Processor Information for processor 10
  Max Mhz: 3301, Current Mhz: 3301, Mhz Limit: 3301
Processor Information for processor 11
  Max Mhz: 3301, Current Mhz: 2630, Mhz Limit: 3301

Memory: 4k page, system-wide physical 7521M (567M free)
TotalPageFile size 14946M (AvailPageFile size 4M)
current process WorkingSet (physical memory assigned to process): 817M, peak: 870M
current process commit charge ("private bytes"): 887M, peak: 897M

vm_info: OpenJDK 64-Bit Server VM (21.0.10+-14961533-b1163.108) for windows-amd64 JRE (21.0.10+-14961533-b1163.108), built on 2026-03-02T19:58:50Z by "builder" with MS VC++ 16.10 / 16.11 (VS2019)

END.
