#
# There is insufficient memory for the Java Runtime Environment to continue.
# Native memory allocation (mmap) failed to map 65536 bytes. Error detail: Failed to commit metaspace.
# Possible reasons:
#   The system is out of physical RAM or swap space
#   This process is running with CompressedOops enabled, and the Java Heap may be blocking the growth of the native heap
# Possible solutions:
#   Reduce memory load on the system
#   Increase physical memory or swap space
#   Check if swap backing store is full
#   Decrease Java heap size (-Xmx/-Xms)
#   Decrease number of Java threads
#   Decrease Java thread stack sizes (-Xss)
#   Set larger code cache with -XX:ReservedCodeCacheSize=
#   JVM is running with Unscaled Compressed Oops mode in which the Java heap is
#     placed in the first 4GB address space. The Java Heap base address is the
#     maximum limit for the native heap growth. Please use -XX:HeapBaseMinAddress
#     to set the Java Heap base and to place the Java Heap above 4GB virtual address.
# This output file may be truncated or incomplete.
#
#  Out of Memory Error (virtualSpaceNode.cpp:113), pid=7440, tid=17188
#
# JRE version: OpenJDK Runtime Environment (21.0.10) (build 21.0.10+-14961533-b1163.108)
# Java VM: OpenJDK 64-Bit Server VM (21.0.10+-14961533-b1163.108, mixed mode, tiered, compressed oops, compressed class ptrs, g1 gc, windows-amd64)
# No core dump will be written. Minidumps are not enabled by default on client versions of Windows
#

---------------  S U M M A R Y ------------

Command Line: --add-opens=java.base/java.lang=ALL-UNNAMED --add-opens=java.base/java.lang.invoke=ALL-UNNAMED --add-opens=java.base/java.util=ALL-UNNAMED --add-opens=java.prefs/java.util.prefs=ALL-UNNAMED --add-exports=jdk.compiler/com.sun.tools.javac.api=ALL-UNNAMED --add-exports=jdk.compiler/com.sun.tools.javac.util=ALL-UNNAMED --add-opens=java.base/java.util=ALL-UNNAMED --add-opens=java.prefs/java.util.prefs=ALL-UNNAMED --add-opens=java.base/java.nio.charset=ALL-UNNAMED --add-opens=java.base/java.net=ALL-UNNAMED --add-opens=java.base/java.util.concurrent=ALL-UNNAMED --add-opens=java.base/java.util.concurrent.atomic=ALL-UNNAMED --add-opens=java.xml/javax.xml.namespace=ALL-UNNAMED -Xmx2048m -Dfile.encoding=UTF-8 -Duser.country=IN -Duser.language=en -Duser.variant -javaagent:C:\Users\ec5cd\.gradle\wrapper\dists\gradle-9.0.0-bin\d6wjpkvcgsg3oed0qlfss3wgl\gradle-9.0.0\lib\agents\gradle-instrumentation-agent-9.0.0.jar org.gradle.launcher.daemon.bootstrap.GradleDaemon 9.0.0

Host: AMD Ryzen 5 5600H with Radeon Graphics         , 12 cores, 7G,  Windows 11 , 64 bit Build 26100 (10.0.26100.8328)
Time: Thu May 14 02:20:31 2026 India Standard Time elapsed time: 79.852802 seconds (0d 0h 1m 19s)

---------------  T H R E A D  ---------------

Current thread (0x000001ed2774fd80):  JavaThread "Daemon worker"        [_thread_in_vm, id=17188, stack(0x0000003abd400000,0x0000003abd500000) (1024K)]

Stack: [0x0000003abd400000,0x0000003abd500000]
Native frames: (J=compiled Java code, j=interpreted, Vv=VM code, C=native code)
V  [jvm.dll+0x6d78a9]
V  [jvm.dll+0x8665b3]
V  [jvm.dll+0x868bde]
V  [jvm.dll+0x8692c3]
V  [jvm.dll+0x280ee6]
V  [jvm.dll+0x86146e]
V  [jvm.dll+0x67add5]
V  [jvm.dll+0x67ae3a]
V  [jvm.dll+0x67d696]
V  [jvm.dll+0x67d562]
V  [jvm.dll+0x67b7ce]
V  [jvm.dll+0x26ce00]
V  [jvm.dll+0x2172eb]
V  [jvm.dll+0x20c73a]
V  [jvm.dll+0x5b7f75]
V  [jvm.dll+0x21e64c]
V  [jvm.dll+0x7def2c]
V  [jvm.dll+0x7dffc2]
V  [jvm.dll+0x7e0787]
V  [jvm.dll+0x217b8c]
V  [jvm.dll+0x20c753]
V  [jvm.dll+0x5b7f75]
V  [jvm.dll+0x21e64c]
V  [jvm.dll+0x7def2c]
V  [jvm.dll+0x7dffc2]
V  [jvm.dll+0x7e0584]
V  [jvm.dll+0x7e0218]
V  [jvm.dll+0x26f45b]
V  [jvm.dll+0x3d93ae]
C  0x000001ed1345a0f6

The last pc belongs to new (printed below).
Java frames: (J=compiled Java code, j=interpreted, Vv=VM code)
j  java.lang.Throwable.printStackTrace(Ljava/io/PrintWriter;)V+1 java.base@21.0.10
j  org.gradle.internal.exceptions.DefaultMultiCauseException.printStackTrace(Ljava/io/PrintWriter;)V+31
j  org.gradle.internal.logging.text.AbstractStyledTextOutput.exception(Ljava/lang/Throwable;)Lorg/gradle/internal/logging/text/StyledTextOutput;+19
j  org.gradle.internal.logging.events.LogEvent.render(Lorg/gradle/internal/logging/text/StyledTextOutput;)V+30
J 26750 c2 org.gradle.internal.logging.sink.OutputEventRenderer$LazyListener.onOutput(Lorg/gradle/internal/logging/events/OutputEvent;)V (95 bytes) @ 0x000001ed13d1a3f4 [0x000001ed13d18b60+0x0000000000001894]
J 9841 c2 java.lang.invoke.LambdaForm$MH+0x0000000100208000.invoke(Ljava/lang/Object;Ljava/lang/Object;Ljava/lang/Object;)Ljava/lang/Object; java.base@21.0.10 (64 bytes) @ 0x000001ed13aaa398 [0x000001ed13aaa320+0x0000000000000078]
J 9826 c2 org.gradle.internal.event.AbstractBroadcastDispatch.dispatch(Lorg/gradle/internal/dispatch/MethodInvocation;Lorg/gradle/internal/dispatch/Dispatch;)V (74 bytes) @ 0x000001ed13c86988 [0x000001ed13c867e0+0x00000000000001a8]
J 22633 c2 org.gradle.internal.event.ListenerBroadcast.dispatch(Ljava/lang/Object;)V (9 bytes) @ 0x000001ed1494f088 [0x000001ed1494ed40+0x0000000000000348]
J 23601 c2 org.gradle.internal.logging.sink.OutputEventTransformer.invokeListener(Lorg/gradle/internal/logging/events/OutputEvent;)V (28 bytes) @ 0x000001ed14a08efc [0x000001ed14a08b80+0x000000000000037c]
J 25972 c2 org.gradle.internal.logging.sink.OutputEventTransformer.onOutput(Lorg/gradle/internal/logging/events/OutputEvent;)V (369 bytes) @ 0x000001ed1436c47c [0x000001ed1436b8a0+0x0000000000000bdc]
J 26655 c1 org.gradle.internal.logging.sink.OutputEventRenderer.onOutput(Lorg/gradle/internal/logging/events/OutputEvent;)V (82 bytes) @ 0x000001ed0c2c1cbc [0x000001ed0c2c12e0+0x00000000000009dc]
J 26654 c1 org.gradle.internal.logging.sink.OutputEventListenerManager$1.onOutput(Lorg/gradle/internal/logging/events/OutputEvent;)V (33 bytes) @ 0x000001ed0cb3938c [0x000001ed0cb39260+0x000000000000012c]
j  org.gradle.internal.logging.slf4j.OutputEventListenerBackedLogger.log(Lorg/gradle/api/logging/LogLevel;Ljava/lang/Throwable;Ljava/lang/String;Lorg/gradle/internal/operations/OperationIdentifier;)V+40
j  org.gradle.internal.logging.slf4j.BuildOperationAwareLogger.log(Lorg/gradle/api/logging/LogLevel;Ljava/lang/Throwable;Ljava/lang/String;)V+10
j  org.gradle.internal.logging.slf4j.BuildOperationAwareLogger.warn(Ljava/lang/String;Ljava/lang/Throwable;)V+13
j  org.gradle.internal.logging.slf4j.OutputEventListenerBackedLogger.warn(Ljava/lang/String;Ljava/lang/Throwable;)V+3
j  org.gradle.kotlin.dsl.resolver.SourceDistributionResolver.sourceDirs()Ljava/util/Collection;+48
j  org.gradle.kotlin.dsl.resolver.SourcePathProvider.downloadedSources(Lorg/gradle/kotlin/dsl/resolver/SourceDistributionProvider;)Ljava/util/Collection;+1
j  org.gradle.kotlin.dsl.resolver.SourcePathProvider.sourceRootsOf(Ljava/io/File;Lorg/gradle/kotlin/dsl/resolver/SourceDistributionProvider;)Ljava/util/Collection;+24
j  org.gradle.kotlin.dsl.resolver.SourcePathProvider.sourcePathFor(Lorg/gradle/internal/classpath/ClassPath;Ljava/io/File;Ljava/io/File;Ljava/io/File;Lorg/gradle/kotlin/dsl/resolver/SourceDistributionProvider;)Lorg/gradle/internal/classpath/ClassPath;+49
j  org.gradle.kotlin.dsl.tooling.builders.KotlinScriptTargetModelBuilder.gradleSource()Lorg/gradle/internal/classpath/ClassPath;+55
j  org.gradle.kotlin.dsl.tooling.builders.KotlinScriptTargetModelBuilder.buildModel()Lorg/gradle/kotlin/dsl/tooling/models/KotlinBuildScriptModel;+201
j  org.gradle.kotlin.dsl.tooling.builders.KotlinBuildScriptModelBuilder.kotlinBuildScriptModelFor$kotlin_dsl_tooling_builders(Lorg/gradle/api/Project;Lorg/gradle/kotlin/dsl/tooling/builders/KotlinBuildScriptModelParameter;)Lorg/gradle/kotlin/dsl/tooling/models/KotlinBuildScriptModel;+21
j  org.gradle.kotlin.dsl.tooling.builders.KotlinDslScriptsModelBuilder.buildScriptModel(Lorg/gradle/api/Project;Ljava/io/File;Lorg/gradle/kotlin/dsl/tooling/builders/KotlinDslScriptsParameter;)Lorg/gradle/kotlin/dsl/tooling/builders/StandardKotlinDslScriptModel;+20
j  org.gradle.kotlin.dsl.tooling.builders.KotlinDslScriptsModelBuilder.buildFor(Lorg/gradle/kotlin/dsl/tooling/builders/KotlinDslScriptsParameter;Lorg/gradle/api/Project;)Lorg/gradle/tooling/model/kotlin/dsl/KotlinDslScriptsModel;+111
j  org.gradle.kotlin.dsl.tooling.builders.AbstractKotlinDslScriptsModelBuilder$buildAll$1.create()Lorg/gradle/tooling/model/kotlin/dsl/KotlinDslScriptsModel;+12
j  org.gradle.kotlin.dsl.tooling.builders.AbstractKotlinDslScriptsModelBuilder$buildAll$1.create()Ljava/lang/Object;+1
j  org.gradle.internal.resources.AbstractResourceLockRegistry.allowUncontrolledAccessToAnyResource(Lorg/gradle/internal/Factory;)Ljava/lang/Object;+17
j  org.gradle.internal.work.DefaultWorkerLeaseService.allowUncontrolledAccessToAnyProject(Lorg/gradle/internal/Factory;)Ljava/lang/Object;+14
j  org.gradle.kotlin.dsl.tooling.builders.AbstractKotlinDslScriptsModelBuilder.buildAll(Ljava/lang/String;Lorg/gradle/api/Project;)Lorg/gradle/tooling/model/kotlin/dsl/KotlinDslScriptsModel;+55
j  org.gradle.kotlin.dsl.tooling.builders.AbstractKotlinDslScriptsModelBuilder.buildAll(Ljava/lang/String;Lorg/gradle/api/Project;)Ljava/lang/Object;+3
j  org.gradle.tooling.provider.model.internal.DefaultToolingModelBuilderRegistry$BuilderWithNoParameter.build(Ljava/lang/Object;)Ljava/lang/Object;+26
j  org.gradle.tooling.provider.model.internal.DefaultToolingModelBuilderRegistry$LockSingleProjectBuilder.lambda$build$0(Ljava/lang/Object;Lorg/gradle/api/internal/project/ProjectInternal;)Ljava/lang/Object;+5
j  org.gradle.tooling.provider.model.internal.DefaultToolingModelBuilderRegistry$LockSingleProjectBuilder$$Lambda+0x0000000101ad32d8.apply(Ljava/lang/Object;)Ljava/lang/Object;+12
j  org.gradle.api.internal.project.DefaultProjectStateRegistry$ProjectStateImpl.lambda$fromMutableState$2(Ljava/util/function/Function;)Ljava/lang/Object;+5
j  org.gradle.api.internal.project.DefaultProjectStateRegistry$ProjectStateImpl$$Lambda+0x0000000100a13628.create()Ljava/lang/Object;+8
j  org.gradle.internal.work.DefaultWorkerLeaseService.withReplacedLocks(Ljava/util/Collection;Lorg/gradle/internal/resources/ResourceLock;Lorg/gradle/internal/Factory;)Ljava/lang/Object;+40
j  org.gradle.api.internal.project.DefaultProjectStateRegistry$ProjectStateImpl.fromMutableState(Ljava/util/function/Function;)Ljava/lang/Object;+133
j  org.gradle.tooling.provider.model.internal.DefaultToolingModelBuilderRegistry$LockSingleProjectBuilder.build(Ljava/lang/Object;)Ljava/lang/Object;+11
j  org.gradle.tooling.provider.model.internal.DefaultToolingModelBuilderRegistry$BuildOperationWrappingBuilder$1.call(Lorg/gradle/internal/operations/BuildOperationContext;)Ljava/lang/Object;+11
J 12430 c1 org.gradle.internal.operations.DefaultBuildOperationRunner$CallableBuildOperationWorker.execute(Lorg/gradle/internal/operations/BuildOperation;Lorg/gradle/internal/operations/BuildOperationContext;)V (10 bytes) @ 0x000001ed0c75cf24 [0x000001ed0c75cce0+0x0000000000000244]
J 25738 c2 org.gradle.internal.operations.DefaultBuildOperationRunner$2.execute(Lorg/gradle/internal/operations/BuildOperationDescriptor;Lorg/gradle/internal/operations/BuildOperationState;Lorg/gradle/internal/operations/BuildOperationState;Lorg/gradle/internal/operations/DefaultBuildOperationRunner$ReadableBuildOperationContext;Lorg/gradle/internal/operations/DefaultBuildOperationRunner$BuildOperationExecutionListener;)Ljava/lang/Object; (12 bytes) @ 0x000001ed14bfe05c [0x000001ed14bfdfa0+0x00000000000000bc]
J 12301 c1 org.gradle.internal.operations.DefaultBuildOperationRunner.execute(Lorg/gradle/internal/operations/BuildOperationDescriptor$Builder;Lorg/gradle/internal/operations/BuildOperationState;Lorg/gradle/internal/operations/DefaultBuildOperationRunner$BuildOperationExecution;)Ljava/lang/Object; (147 bytes) @ 0x000001ed0c1c4174 [0x000001ed0c1c3680+0x0000000000000af4]
J 24266 c1 org.gradle.internal.operations.DefaultBuildOperationRunner.execute(Lorg/gradle/internal/operations/BuildOperation;Lorg/gradle/internal/operations/BuildOperationWorker;Lorg/gradle/internal/operations/BuildOperationState;)V (23 bytes) @ 0x000001ed0c653a7c [0x000001ed0c6537e0+0x000000000000029c]
J 12431 c1 org.gradle.internal.operations.DefaultBuildOperationRunner.call(Lorg/gradle/internal/operations/CallableBuildOperation;)Ljava/lang/Object; (24 bytes) @ 0x000001ed0c75c6b4 [0x000001ed0c75c220+0x0000000000000494]
j  org.gradle.tooling.provider.model.internal.DefaultToolingModelBuilderRegistry$BuildOperationWrappingBuilder.build(Ljava/lang/Object;)Ljava/lang/Object;+13
j  org.gradle.internal.build.DefaultBuildToolingModelController$AbstractToolingScope.getModel(Ljava/lang/String;Lorg/gradle/tooling/provider/model/internal/ToolingModelParameterCarrier;)Ljava/lang/Object;+11
j  org.gradle.internal.buildtree.DefaultBuildTreeModelCreator$DefaultBuildTreeModelController.getModelForScope(Lorg/gradle/tooling/provider/model/internal/ToolingModelScope;Ljava/lang/String;Ljava/lang/Object;)Ljava/lang/Object;+7
j  org.gradle.internal.buildtree.DefaultBuildTreeModelCreator$DefaultBuildTreeModelController.access$300(Lorg/gradle/internal/buildtree/DefaultBuildTreeModelCreator$DefaultBuildTreeModelController;Lorg/gradle/tooling/provider/model/internal/ToolingModelScope;Ljava/lang/String;Ljava/lang/Object;)Ljava/lang/Object;+4
j  org.gradle.internal.buildtree.DefaultBuildTreeModelCreator$DefaultBuildTreeModelController$1.call(Lorg/gradle/internal/operations/BuildOperationContext;)Ljava/lang/Object;+41
J 12430 c1 org.gradle.internal.operations.DefaultBuildOperationRunner$CallableBuildOperationWorker.execute(Lorg/gradle/internal/operations/BuildOperation;Lorg/gradle/internal/operations/BuildOperationContext;)V (10 bytes) @ 0x000001ed0c75cf24 [0x000001ed0c75cce0+0x0000000000000244]
J 25738 c2 org.gradle.internal.operations.DefaultBuildOperationRunner$2.execute(Lorg/gradle/internal/operations/BuildOperationDescriptor;Lorg/gradle/internal/operations/BuildOperationState;Lorg/gradle/internal/operations/BuildOperationState;Lorg/gradle/internal/operations/DefaultBuildOperationRunner$ReadableBuildOperationContext;Lorg/gradle/internal/operations/DefaultBuildOperationRunner$BuildOperationExecutionListener;)Ljava/lang/Object; (12 bytes) @ 0x000001ed14bfe05c [0x000001ed14bfdfa0+0x00000000000000bc]
J 12301 c1 org.gradle.internal.operations.DefaultBuildOperationRunner.execute(Lorg/gradle/internal/operations/BuildOperationDescriptor$Builder;Lorg/gradle/internal/operations/BuildOperationState;Lorg/gradle/internal/operations/DefaultBuildOperationRunner$BuildOperationExecution;)Ljava/lang/Object; (147 bytes) @ 0x000001ed0c1c4174 [0x000001ed0c1c3680+0x0000000000000af4]
J 24266 c1 org.gradle.internal.operations.DefaultBuildOperationRunner.execute(Lorg/gradle/internal/operations/BuildOperation;Lorg/gradle/internal/operations/BuildOperationWorker;Lorg/gradle/internal/operations/BuildOperationState;)V (23 bytes) @ 0x000001ed0c653a7c [0x000001ed0c6537e0+0x000000000000029c]
J 12431 c1 org.gradle.internal.operations.DefaultBuildOperationRunner.call(Lorg/gradle/internal/operations/CallableBuildOperation;)Ljava/lang/Object; (24 bytes) @ 0x000001ed0c75c6b4 [0x000001ed0c75c220+0x0000000000000494]
j  org.gradle.internal.buildtree.DefaultBuildTreeModelCreator$DefaultBuildTreeModelController.getModel(Lorg/gradle/internal/buildtree/BuildTreeModelTarget;Ljava/lang/String;Ljava/lang/Object;)Ljava/lang/Object;+18
j  org.gradle.tooling.internal.provider.runner.DefaultBuildController.getModel(Ljava/lang/Object;Lorg/gradle/tooling/internal/protocol/ModelIdentifier;Ljava/lang/Object;)Lorg/gradle/tooling/internal/protocol/BuildResult;+61
j  org.gradle.tooling.internal.consumer.connection.ParameterAwareBuildControllerAdapter.getModel(Ljava/lang/Object;Lorg/gradle/tooling/internal/protocol/ModelIdentifier;Ljava/lang/Object;)Lorg/gradle/tooling/internal/protocol/BuildResult;+7
j  org.gradle.tooling.internal.consumer.connection.UnparameterizedBuildController.getModel(Lorg/gradle/tooling/model/Model;Ljava/lang/Class;Ljava/lang/Class;Lorg/gradle/api/Action;)Ljava/lang/Object;+44
j  org.gradle.tooling.internal.consumer.connection.NestedActionAwareBuildControllerAdapter.getModel(Lorg/gradle/tooling/model/Model;Ljava/lang/Class;Ljava/lang/Class;Lorg/gradle/api/Action;)Ljava/lang/Object;+6
j  org.gradle.tooling.internal.consumer.connection.UnparameterizedBuildController.findModel(Lorg/gradle/tooling/model/Model;Ljava/lang/Class;Ljava/lang/Class;Lorg/gradle/api/Action;)Ljava/lang/Object;+6
j  org.gradle.tooling.internal.consumer.connection.NestedActionAwareBuildControllerAdapter.findModel(Lorg/gradle/tooling/model/Model;Ljava/lang/Class;Ljava/lang/Class;Lorg/gradle/api/Action;)Ljava/lang/Object;+6
j  org.gradle.tooling.internal.consumer.connection.UnparameterizedBuildController.findModel(Lorg/gradle/tooling/model/Model;Ljava/lang/Class;)Ljava/lang/Object;+5
j  org.gradle.tooling.internal.consumer.connection.NestedActionAwareBuildControllerAdapter.findModel(Lorg/gradle/tooling/model/Model;Ljava/lang/Class;)Ljava/lang/Object;+3
j  org.jetbrains.plugins.gradle.model.DefaultBuildController.findModel(Lorg/gradle/tooling/model/Model;Ljava/lang/Class;)Ljava/lang/Object;+20
j  org.jetbrains.kotlin.idea.gradleTooling.KotlinDslScriptModelProvider.populateModels(Lorg/gradle/tooling/BuildController;Ljava/util/Collection;Lorg/jetbrains/plugins/gradle/model/ProjectImportModelProvider$GradleModelConsumer;)V+187
j  com.intellij.gradle.toolingExtension.impl.modelAction.GradleModelFetchAction.lambda$populateModels$13(Lorg/jetbrains/plugins/gradle/model/ProjectImportModelProvider;Lorg/gradle/tooling/BuildController;Ljava/util/Collection;Lorg/jetbrains/plugins/gradle/model/ProjectImportModelProvider$GradleModelConsumer;Lio/opentelemetry/api/trace/Span;)V+4
j  com.intellij.gradle.toolingExtension.impl.modelAction.GradleModelFetchAction$$Lambda+0x0000000101b05520.accept(Ljava/lang/Object;)V+20
j  com.intellij.gradle.toolingExtension.impl.telemetry.GradleOpenTelemetry.lambda$runWithSpan$1(Ljava/util/function/Consumer;Lio/opentelemetry/api/trace/Span;)Ljava/lang/Object;+2
j  com.intellij.gradle.toolingExtension.impl.telemetry.GradleOpenTelemetry$$Lambda+0x0000000101b03070.apply(Ljava/lang/Object;)Ljava/lang/Object;+8
j  com.intellij.gradle.toolingExtension.impl.telemetry.GradleOpenTelemetry.callWithSpan(Ljava/lang/String;Ljava/util/function/Consumer;Ljava/util/function/Function;)Ljava/lang/Object;+66
j  com.intellij.gradle.toolingExtension.impl.telemetry.GradleOpenTelemetry.callWithSpan(Ljava/lang/String;Ljava/util/function/Function;)Ljava/lang/Object;+24
j  com.intellij.gradle.toolingExtension.impl.telemetry.GradleOpenTelemetry.runWithSpan(Ljava/lang/String;Ljava/util/function/Consumer;)V+24
j  com.intellij.gradle.toolingExtension.impl.modelAction.GradleModelFetchAction.populateModels(Lorg/gradle/tooling/BuildController;Lcom/intellij/gradle/toolingExtension/impl/telemetry/GradleOpenTelemetry;Lorg/jetbrains/plugins/gradle/model/ProjectImportModelProvider$GradleModelConsumer;Ljava/util/Collection;Ljava/util/Collection;)V+95
j  com.intellij.gradle.toolingExtension.impl.modelAction.GradleModelFetchAction.lambda$executeAction$11(Lcom/intellij/gradle/toolingExtension/modelAction/GradleModelFetchPhase;Lorg/gradle/tooling/BuildController;Lcom/intellij/gradle/toolingExtension/impl/telemetry/GradleOpenTelemetry;Lorg/jetbrains/plugins/gradle/model/ProjectImportModelProvider$GradleModelConsumer;Ljava/util/Collection;Lcom/intellij/gradle/toolingExtension/impl/modelAction/GradleDaemonModelHolder;Lio/opentelemetry/api/trace/Span;)V+26
j  com.intellij.gradle.toolingExtension.impl.modelAction.GradleModelFetchAction$$Lambda+0x0000000101b052b8.accept(Ljava/lang/Object;)V+32
j  com.intellij.gradle.toolingExtension.impl.telemetry.GradleOpenTelemetry.lambda$runWithSpan$1(Ljava/util/function/Consumer;Lio/opentelemetry/api/trace/Span;)Ljava/lang/Object;+2
j  com.intellij.gradle.toolingExtension.impl.telemetry.GradleOpenTelemetry$$Lambda+0x0000000101b03070.apply(Ljava/lang/Object;)Ljava/lang/Object;+8
j  com.intellij.gradle.toolingExtension.impl.telemetry.GradleOpenTelemetry.callWithSpan(Ljava/lang/String;Ljava/util/function/Consumer;Ljava/util/function/Function;)Ljava/lang/Object;+66
j  com.intellij.gradle.toolingExtension.impl.telemetry.GradleOpenTelemetry.callWithSpan(Ljava/lang/String;Ljava/util/function/Function;)Ljava/lang/Object;+24
j  com.intellij.gradle.toolingExtension.impl.telemetry.GradleOpenTelemetry.runWithSpan(Ljava/lang/String;Ljava/util/function/Consumer;)V+24
j  com.intellij.gradle.toolingExtension.impl.modelAction.GradleModelFetchAction.lambda$executeAction$12(Lcom/intellij/gradle/toolingExtension/impl/telemetry/GradleOpenTelemetry;Lorg/gradle/tooling/BuildController;Lorg/jetbrains/plugins/gradle/model/ProjectImportModelProvider$GradleModelConsumer;Ljava/util/Collection;Lcom/intellij/gradle/toolingExtension/impl/modelAction/GradleDaemonModelHolder;Lcom/intellij/gradle/toolingExtension/modelAction/GradleModelFetchPhase;)V+23
j  com.intellij.gradle.toolingExtension.impl.modelAction.GradleModelFetchAction$$Lambda+0x0000000101b04df0.accept(Ljava/lang/Object;)V+28
J 24636 c1 java.util.ArrayList.forEach(Ljava/util/function/Consumer;)V java.base@21.0.10 (74 bytes) @ 0x000001ed0d1cd744 [0x000001ed0d1cd520+0x0000000000000224]
j  com.intellij.gradle.toolingExtension.impl.modelAction.GradleModelFetchAction.executeAction(Lorg/gradle/tooling/BuildController;Ljava/util/concurrent/ExecutorService;Lcom/intellij/gradle/toolingExtension/impl/telemetry/GradleOpenTelemetry;Lcom/intellij/gradle/toolingExtension/impl/modelAction/GradleDaemonModelHolder;)V+79
j  com.intellij.gradle.toolingExtension.impl.modelAction.GradleModelFetchAction.lambda$doExecute$5(Lorg/gradle/tooling/BuildController;Ljava/util/concurrent/ExecutorService;Lcom/intellij/gradle/toolingExtension/impl/telemetry/GradleOpenTelemetry;Lio/opentelemetry/api/trace/Span;)V+8
j  com.intellij.gradle.toolingExtension.impl.modelAction.GradleModelFetchAction$$Lambda+0x0000000101b02e08.accept(Ljava/lang/Object;)V+20
j  com.intellij.gradle.toolingExtension.impl.telemetry.GradleOpenTelemetry.lambda$runWithSpan$1(Ljava/util/function/Consumer;Lio/opentelemetry/api/trace/Span;)Ljava/lang/Object;+2
j  com.intellij.gradle.toolingExtension.impl.telemetry.GradleOpenTelemetry$$Lambda+0x0000000101b03070.apply(Ljava/lang/Object;)Ljava/lang/Object;+8
j  com.intellij.gradle.toolingExtension.impl.telemetry.GradleOpenTelemetry.callWithSpan(Ljava/lang/String;Ljava/util/function/Consumer;Ljava/util/function/Function;)Ljava/lang/Object;+66
j  com.intellij.gradle.toolingExtension.impl.telemetry.GradleOpenTelemetry.callWithSpan(Ljava/lang/String;Ljava/util/function/Function;)Ljava/lang/Object;+24
j  com.intellij.gradle.toolingExtension.impl.telemetry.GradleOpenTelemetry.runWithSpan(Ljava/lang/String;Ljava/util/function/Consumer;)V+24
j  com.intellij.gradle.toolingExtension.impl.modelAction.GradleModelFetchAction.doExecute(Lorg/gradle/tooling/BuildController;Ljava/util/concurrent/ExecutorService;Lcom/intellij/gradle/toolingExtension/impl/telemetry/GradleOpenTelemetry;)Lcom/intellij/gradle/toolingExtension/impl/modelAction/GradleModelHolderState;+119
j  com.intellij.gradle.toolingExtension.impl.modelAction.GradleModelFetchAction.lambda$execute$1(Lorg/gradle/tooling/BuildController;Ljava/util/concurrent/ExecutorService;Lcom/intellij/gradle/toolingExtension/impl/telemetry/GradleOpenTelemetry;Lio/opentelemetry/api/trace/Span;)Lcom/intellij/gradle/toolingExtension/impl/modelAction/GradleModelHolderState;+4
j  com.intellij.gradle.toolingExtension.impl.modelAction.GradleModelFetchAction$$Lambda+0x0000000101a5a6d8.apply(Ljava/lang/Object;)Ljava/lang/Object;+20
j  com.intellij.gradle.toolingExtension.impl.telemetry.GradleOpenTelemetry.callWithSpan(Ljava/lang/String;Ljava/util/function/Consumer;Ljava/util/function/Function;)Ljava/lang/Object;+66
j  com.intellij.gradle.toolingExtension.impl.telemetry.GradleOpenTelemetry.callWithSpan(Ljava/lang/String;Ljava/util/function/Function;)Ljava/lang/Object;+24
j  com.intellij.gradle.toolingExtension.impl.modelAction.GradleModelFetchAction.lambda$execute$2(Lorg/gradle/tooling/BuildController;Ljava/util/concurrent/ExecutorService;Lcom/intellij/gradle/toolingExtension/impl/telemetry/GradleOpenTelemetry;)Lcom/intellij/gradle/toolingExtension/impl/modelAction/GradleModelHolderState;+13
j  com.intellij.gradle.toolingExtension.impl.modelAction.GradleModelFetchAction$$Lambda+0x0000000101a55db8.apply(Ljava/lang/Object;)Ljava/lang/Object;+16
j  com.intellij.gradle.toolingExtension.impl.modelAction.GradleModelFetchAction.withOpenTelemetry(Ljava/util/function/Function;)Lcom/intellij/gradle/toolingExtension/impl/modelAction/GradleModelHolderState;+19
j  com.intellij.gradle.toolingExtension.impl.modelAction.GradleModelFetchAction.lambda$execute$3(Lorg/gradle/tooling/BuildController;Ljava/util/concurrent/ExecutorService;)Lcom/intellij/gradle/toolingExtension/impl/modelAction/GradleModelHolderState;+8
j  com.intellij.gradle.toolingExtension.impl.modelAction.GradleModelFetchAction$$Lambda+0x0000000101a556b0.apply(Ljava/lang/Object;)Ljava/lang/Object;+12
j  com.intellij.gradle.toolingExtension.impl.util.GradleExecutorServiceUtil.withSingleThreadExecutor(Ljava/lang/String;Ljava/util/function/Function;)Ljava/lang/Object;+31
j  com.intellij.gradle.toolingExtension.impl.modelAction.GradleModelFetchAction.execute(Lorg/gradle/tooling/BuildController;)Lcom/intellij/gradle/toolingExtension/impl/modelAction/GradleModelHolderState;+22
j  com.intellij.gradle.toolingExtension.impl.modelAction.GradleModelFetchAction.execute(Lorg/gradle/tooling/BuildController;)Ljava/lang/Object;+2
j  org.gradle.tooling.internal.consumer.connection.InternalBuildActionAdapter.execute(Lorg/gradle/tooling/internal/protocol/InternalBuildControllerVersion2;)Ljava/lang/Object;+11
j  org.gradle.tooling.internal.provider.runner.AbstractClientProvidedBuildActionRunner$ActionAdapter.executeAction(Ljava/lang/Object;Lorg/gradle/tooling/internal/provider/runner/DefaultBuildController;)Ljava/lang/Object;+12
j  org.gradle.tooling.internal.provider.runner.AbstractClientProvidedBuildActionRunner$ActionAdapter.runAction(Lorg/gradle/internal/buildtree/BuildTreeModelController;Ljava/lang/Object;Lorg/gradle/tooling/internal/protocol/PhasedActionResult$Phase;)V+29
j  org.gradle.tooling.internal.provider.runner.AbstractClientProvidedBuildActionRunner$ActionAdapter.fromBuildModel(Lorg/gradle/internal/buildtree/BuildTreeModelController;)Lorg/gradle/tooling/internal/provider/serialization/SerializedPayload;+14
j  org.gradle.tooling.internal.provider.runner.AbstractClientProvidedBuildActionRunner$ActionAdapter.fromBuildModel(Lorg/gradle/internal/buildtree/BuildTreeModelController;)Ljava/lang/Object;+2
j  org.gradle.internal.buildtree.DefaultBuildTreeModelCreator.fromBuildModel(Lorg/gradle/internal/buildtree/BuildTreeModelAction;)Ljava/lang/Object;+10
j  org.gradle.internal.cc.impl.barrier.BarrierAwareBuildTreeModelCreator.fromBuildModel$lambda$1(Lorg/gradle/internal/cc/impl/barrier/BarrierAwareBuildTreeModelCreator;Lorg/gradle/internal/buildtree/BuildTreeModelAction;)Ljava/lang/Object;+5
j  org.gradle.internal.cc.impl.barrier.BarrierAwareBuildTreeModelCreator$$Lambda+0x0000000101ad9250.invoke()Ljava/lang/Object;+8
j  org.gradle.internal.cc.impl.barrier.VintageConfigurationTimeActionRunner.runConfigurationTimeAction(Lkotlin/jvm/functions/Function0;)Ljava/lang/Object;+25
j  org.gradle.internal.cc.impl.barrier.BarrierAwareBuildTreeModelCreator.fromBuildModel(Lorg/gradle/internal/buildtree/BuildTreeModelAction;)Ljava/lang/Object;+17
j  org.gradle.internal.buildtree.DefaultBuildTreeLifecycleController.lambda$fromBuildModel$2(Lorg/gradle/internal/buildtree/BuildTreeModelAction;Z)Lorg/gradle/internal/build/ExecutionResult;+57
j  org.gradle.internal.buildtree.DefaultBuildTreeLifecycleController$$Lambda+0x00000001019bbd58.get()Ljava/lang/Object;+12
j  org.gradle.internal.buildtree.DefaultBuildTreeLifecycleController.lambda$runBuild$4(Ljava/util/function/Supplier;)Ljava/lang/Object;+1
j  org.gradle.internal.buildtree.DefaultBuildTreeLifecycleController$$Lambda+0x0000000100536240.get()Ljava/lang/Object;+8
j  org.gradle.internal.model.StateTransitionController.lambda$transition$6(Ljava/util/function/Supplier;)Lorg/gradle/internal/build/ExecutionResult;+1
j  org.gradle.internal.model.StateTransitionController$$Lambda+0x00000001005366f0.get()Ljava/lang/Object;+4
j  org.gradle.internal.model.StateTransitionController.doTransition(Lorg/gradle/internal/model/StateTransitionController$State;Lorg/gradle/internal/model/StateTransitionController$State;Ljava/util/function/Supplier;)Lorg/gradle/internal/build/ExecutionResult;+24
j  org.gradle.internal.model.StateTransitionController.lambda$transition$7(Lorg/gradle/internal/model/StateTransitionController$State;Lorg/gradle/internal/model/StateTransitionController$State;Ljava/util/function/Supplier;)Ljava/lang/Object;+9
j  org.gradle.internal.model.StateTransitionController$$Lambda+0x0000000100536498.create()Ljava/lang/Object;+16
j  org.gradle.internal.work.DefaultSynchronizer.withLock(Lorg/gradle/internal/Factory;)Ljava/lang/Object;+6
j  org.gradle.internal.model.StateTransitionController.transition(Lorg/gradle/internal/model/StateTransitionController$State;Lorg/gradle/internal/model/StateTransitionController$State;Ljava/util/function/Supplier;)Ljava/lang/Object;+13
j  org.gradle.internal.buildtree.DefaultBuildTreeLifecycleController.runBuild(Ljava/util/function/Supplier;)Ljava/lang/Object;+17
j  org.gradle.internal.buildtree.DefaultBuildTreeLifecycleController.fromBuildModel(ZLorg/gradle/internal/buildtree/BuildTreeModelAction;)Ljava/lang/Object;+9
j  org.gradle.tooling.internal.provider.runner.AbstractClientProvidedBuildActionRunner.runClientAction(Lorg/gradle/tooling/internal/provider/runner/AbstractClientProvidedBuildActionRunner$ClientAction;Lorg/gradle/internal/buildtree/BuildTreeLifecycleController;)Lorg/gradle/internal/buildtree/BuildActionRunner$Result;+22
j  org.gradle.tooling.internal.provider.runner.ClientProvidedPhasedActionRunner.run(Lorg/gradle/internal/invocation/BuildAction;Lorg/gradle/internal/buildtree/BuildTreeLifecycleController;)Lorg/gradle/internal/buildtree/BuildActionRunner$Result;+45
j  org.gradle.launcher.exec.ChainingBuildActionRunner.run(Lorg/gradle/internal/invocation/BuildAction;Lorg/gradle/internal/buildtree/BuildTreeLifecycleController;)Lorg/gradle/internal/buildtree/BuildActionRunner$Result;+34
j  org.gradle.internal.buildtree.ProblemReportingBuildActionRunner.run(Lorg/gradle/internal/invocation/BuildAction;Lorg/gradle/internal/buildtree/BuildTreeLifecycleController;)Lorg/gradle/internal/buildtree/BuildActionRunner$Result;+12
j  org.gradle.launcher.exec.BuildOutcomeReportingBuildActionRunner.run(Lorg/gradle/internal/invocation/BuildAction;Lorg/gradle/internal/buildtree/BuildTreeLifecycleController;)Lorg/gradle/internal/buildtree/BuildActionRunner$Result;+69
j  org.gradle.tooling.internal.provider.FileSystemWatchingBuildActionRunner.run(Lorg/gradle/internal/invocation/BuildAction;Lorg/gradle/internal/buildtree/BuildTreeLifecycleController;)Lorg/gradle/internal/buildtree/BuildActionRunner$Result;+317
j  org.gradle.launcher.exec.BuildCompletionNotifyingBuildActionRunner.run(Lorg/gradle/internal/invocation/BuildAction;Lorg/gradle/internal/buildtree/BuildTreeLifecycleController;)Lorg/gradle/internal/buildtree/BuildActionRunner$Result;+6
j  org.gradle.launcher.exec.RootBuildLifecycleBuildActionExecutor.lambda$execute$0(Lorg/gradle/internal/invocation/BuildAction;Lorg/gradle/internal/buildtree/BuildTreeLifecycleController;)Lorg/gradle/internal/buildtree/BuildActionRunner$Result;+6
j  org.gradle.launcher.exec.RootBuildLifecycleBuildActionExecutor$$Lambda+0x000000010051cbc0.apply(Ljava/lang/Object;)Ljava/lang/Object;+12
j  org.gradle.composite.internal.DefaultRootBuildState.run(Ljava/util/function/Function;)Ljava/lang/Object;+87
j  org.gradle.launcher.exec.RootBuildLifecycleBuildActionExecutor.execute(Lorg/gradle/internal/invocation/BuildAction;Lorg/gradle/internal/buildtree/BuildTreeContext;)Lorg/gradle/internal/buildtree/BuildActionRunner$Result;+119
j  org.gradle.internal.buildtree.InitDeprecationLoggingActionExecutor.execute(Lorg/gradle/internal/invocation/BuildAction;Lorg/gradle/internal/buildtree/BuildTreeContext;)Lorg/gradle/internal/buildtree/BuildActionRunner$Result;+83
j  org.gradle.internal.buildtree.InitProblems.execute(Lorg/gradle/internal/invocation/BuildAction;Lorg/gradle/internal/buildtree/BuildTreeContext;)Lorg/gradle/internal/buildtree/BuildActionRunner$Result;+13
j  org.gradle.internal.buildtree.DefaultBuildTreeContext.execute(Lorg/gradle/internal/invocation/BuildAction;)Lorg/gradle/internal/buildtree/BuildActionRunner$Result;+64
j  org.gradle.launcher.exec.BuildTreeLifecycleBuildActionExecutor.lambda$execute$0(Lorg/gradle/internal/invocation/BuildAction;Lorg/gradle/internal/buildtree/BuildTreeContext;)Lorg/gradle/internal/buildtree/BuildActionRunner$Result;+2
j  org.gradle.launcher.exec.BuildTreeLifecycleBuildActionExecutor$$Lambda+0x00000001003d21c0.apply(Ljava/lang/Object;)Ljava/lang/Object;+8
j  org.gradle.internal.buildtree.BuildTreeState.run(Ljava/util/function/Function;)Ljava/lang/Object;+47
j  org.gradle.launcher.exec.BuildTreeLifecycleBuildActionExecutor.execute(Lorg/gradle/internal/invocation/BuildAction;Lorg/gradle/internal/session/BuildSessionContext;)Lorg/gradle/internal/buildtree/BuildActionRunner$Result;+74
j  org.gradle.launcher.exec.RunAsBuildOperationBuildActionExecutor$2.call(Lorg/gradle/internal/operations/BuildOperationContext;)Lorg/gradle/internal/buildtree/BuildActionRunner$Result;+25
j  org.gradle.launcher.exec.RunAsBuildOperationBuildActionExecutor$2.call(Lorg/gradle/internal/operations/BuildOperationContext;)Ljava/lang/Object;+2
J 12430 c1 org.gradle.internal.operations.DefaultBuildOperationRunner$CallableBuildOperationWorker.execute(Lorg/gradle/internal/operations/BuildOperation;Lorg/gradle/internal/operations/BuildOperationContext;)V (10 bytes) @ 0x000001ed0c75cf24 [0x000001ed0c75cce0+0x0000000000000244]
J 10202 c1 org.gradle.internal.operations.DefaultBuildOperationRunner$2.execute(Lorg/gradle/internal/operations/BuildOperationDescriptor;Lorg/gradle/internal/operations/BuildOperationState;Lorg/gradle/internal/operations/BuildOperationState;Lorg/gradle/internal/operations/DefaultBuildOperationRunner$ReadableBuildOperationContext;Lorg/gradle/internal/operations/DefaultBuildOperationRunner$BuildOperationExecutionListener;)Lorg/gradle/internal/operations/BuildOperation; (110 bytes) @ 0x000001ed0c6b6834 [0x000001ed0c6b6640+0x00000000000001f4]
j  org.gradle.internal.operations.DefaultBuildOperationRunner$2.execute(Lorg/gradle/internal/operations/BuildOperationDescriptor;Lorg/gradle/internal/operations/BuildOperationState;Lorg/gradle/internal/operations/BuildOperationState;Lorg/gradle/internal/operations/DefaultBuildOperationRunner$ReadableBuildOperationContext;Lorg/gradle/internal/operations/DefaultBuildOperationRunner$BuildOperationExecutionListener;)Ljava/lang/Object;+8
J 12301 c1 org.gradle.internal.operations.DefaultBuildOperationRunner.execute(Lorg/gradle/internal/operations/BuildOperationDescriptor$Builder;Lorg/gradle/internal/operations/BuildOperationState;Lorg/gradle/internal/operations/DefaultBuildOperationRunner$BuildOperationExecution;)Ljava/lang/Object; (147 bytes) @ 0x000001ed0c1c4174 [0x000001ed0c1c3680+0x0000000000000af4]
j  org.gradle.internal.operations.DefaultBuildOperationRunner.execute(Lorg/gradle/internal/operations/BuildOperation;Lorg/gradle/internal/operations/BuildOperationWorker;Lorg/gradle/internal/operations/BuildOperationState;)V+18
J 12431 c1 org.gradle.internal.operations.DefaultBuildOperationRunner.call(Lorg/gradle/internal/operations/CallableBuildOperation;)Ljava/lang/Object; (24 bytes) @ 0x000001ed0c75c6b4 [0x000001ed0c75c220+0x0000000000000494]
j  org.gradle.launcher.exec.RunAsBuildOperationBuildActionExecutor.execute(Lorg/gradle/internal/invocation/BuildAction;Lorg/gradle/internal/session/BuildSessionContext;)Lorg/gradle/internal/buildtree/BuildActionRunner$Result;+23
j  org.gradle.launcher.exec.RunAsWorkerThreadBuildActionExecutor.lambda$execute$0(Lorg/gradle/internal/invocation/BuildAction;Lorg/gradle/internal/session/BuildSessionContext;)Lorg/gradle/internal/buildtree/BuildActionRunner$Result;+6
j  org.gradle.launcher.exec.RunAsWorkerThreadBuildActionExecutor$$Lambda+0x00000001003a0280.create()Ljava/lang/Object;+12
j  org.gradle.internal.work.DefaultWorkerLeaseService.withLocks(Ljava/util/Collection;Lorg/gradle/internal/Factory;)Ljava/lang/Object;+28
j  org.gradle.internal.work.DefaultWorkerLeaseService.runAsWorkerThread(Lorg/gradle/internal/Factory;)Ljava/lang/Object;+33
j  org.gradle.launcher.exec.RunAsWorkerThreadBuildActionExecutor.execute(Lorg/gradle/internal/invocation/BuildAction;Lorg/gradle/internal/session/BuildSessionContext;)Lorg/gradle/internal/buildtree/BuildActionRunner$Result;+12
j  org.gradle.tooling.internal.provider.continuous.ContinuousBuildActionExecutor.execute(Lorg/gradle/internal/invocation/BuildAction;Lorg/gradle/internal/session/BuildSessionContext;)Lorg/gradle/internal/buildtree/BuildActionRunner$Result;+58
j  org.gradle.tooling.internal.provider.SubscribableBuildActionExecutor.execute(Lorg/gradle/internal/invocation/BuildAction;Lorg/gradle/internal/session/BuildSessionContext;)Lorg/gradle/internal/buildtree/BuildActionRunner$Result;+30
j  org.gradle.internal.session.DefaultBuildSessionContext.execute(Lorg/gradle/internal/invocation/BuildAction;)Lorg/gradle/internal/buildtree/BuildActionRunner$Result;+64
j  org.gradle.internal.buildprocess.execution.BuildSessionLifecycleBuildActionExecutor$ActionImpl.apply(Lorg/gradle/internal/session/BuildSessionContext;)Lorg/gradle/launcher/exec/BuildActionResult;+6
j  org.gradle.internal.buildprocess.execution.BuildSessionLifecycleBuildActionExecutor$ActionImpl.apply(Ljava/lang/Object;)Ljava/lang/Object;+5
j  org.gradle.internal.session.BuildSessionState.run(Ljava/util/function/Function;)Ljava/lang/Object;+5
j  org.gradle.internal.buildprocess.execution.BuildSessionLifecycleBuildActionExecutor.execute(Lorg/gradle/internal/invocation/BuildAction;Lorg/gradle/launcher/exec/BuildActionParameters;Lorg/gradle/initialization/BuildRequestContext;)Lorg/gradle/launcher/exec/BuildActionResult;+95
j  org.gradle.internal.buildprocess.execution.BuildSessionLifecycleBuildActionExecutor.execute(Lorg/gradle/internal/invocation/BuildAction;Ljava/lang/Object;Ljava/lang/Object;)Lorg/gradle/launcher/exec/BuildActionResult;+10
j  org.gradle.internal.buildprocess.execution.StartParamsValidatingActionExecutor.execute(Lorg/gradle/internal/invocation/BuildAction;Lorg/gradle/launcher/exec/BuildActionParameters;Lorg/gradle/initialization/BuildRequestContext;)Lorg/gradle/launcher/exec/BuildActionResult;+142
j  org.gradle.internal.buildprocess.execution.StartParamsValidatingActionExecutor.execute(Lorg/gradle/internal/invocation/BuildAction;Ljava/lang/Object;Ljava/lang/Object;)Lorg/gradle/launcher/exec/BuildActionResult;+10
j  org.gradle.internal.buildprocess.execution.SessionFailureReportingActionExecutor.execute(Lorg/gradle/internal/invocation/BuildAction;Lorg/gradle/launcher/exec/BuildActionParameters;Lorg/gradle/initialization/BuildRequestContext;)Lorg/gradle/launcher/exec/BuildActionResult;+7
j  org.gradle.internal.buildprocess.execution.SessionFailureReportingActionExecutor.execute(Lorg/gradle/internal/invocation/BuildAction;Ljava/lang/Object;Ljava/lang/Object;)Lorg/gradle/launcher/exec/BuildActionResult;+10
j  org.gradle.internal.buildprocess.execution.SetupLoggingActionExecutor.execute(Lorg/gradle/internal/invocation/BuildAction;Lorg/gradle/launcher/exec/BuildActionParameters;Lorg/gradle/initialization/BuildRequestContext;)Lorg/gradle/launcher/exec/BuildActionResult;+50
j  org.gradle.internal.buildprocess.execution.SetupLoggingActionExecutor.execute(Lorg/gradle/internal/invocation/BuildAction;Ljava/lang/Object;Ljava/lang/Object;)Lorg/gradle/launcher/exec/BuildActionResult;+10
j  org.gradle.launcher.daemon.server.exec.ExecuteBuild.doBuild(Lorg/gradle/launcher/daemon/server/api/DaemonCommandExecution;Lorg/gradle/launcher/daemon/protocol/Build;)V+147
j  org.gradle.launcher.daemon.server.exec.BuildCommandOnly.execute(Lorg/gradle/launcher/daemon/server/api/DaemonCommandExecution;)V+49
j  org.gradle.launcher.daemon.server.api.DaemonCommandExecution.proceed()Z+23
j  org.gradle.launcher.daemon.server.exec.WatchForDisconnection.execute(Lorg/gradle/launcher/daemon/server/api/DaemonCommandExecution;)V+19
j  org.gradle.launcher.daemon.server.api.DaemonCommandExecution.proceed()Z+23
j  org.gradle.launcher.daemon.server.exec.ResetDeprecationLogger.execute(Lorg/gradle/launcher/daemon/server/api/DaemonCommandExecution;)V+7
j  org.gradle.launcher.daemon.server.api.DaemonCommandExecution.proceed()Z+23
j  org.gradle.launcher.daemon.server.exec.RequestStopIfSingleUsedDaemon.execute(Lorg/gradle/launcher/daemon/server/api/DaemonCommandExecution;)V+33
j  org.gradle.launcher.daemon.server.api.DaemonCommandExecution.proceed()Z+23
j  org.gradle.launcher.daemon.server.exec.ForwardClientInput.lambda$execute$0(Lorg/gradle/launcher/daemon/server/api/DaemonCommandExecution;Lorg/gradle/internal/daemon/clientinput/StdinHandler;)Ljava/lang/Object;+11
j  org.gradle.launcher.daemon.server.exec.ForwardClientInput$$Lambda+0x000000010028c238.apply(Ljava/lang/Object;)Ljava/lang/Object;+8
j  org.gradle.internal.daemon.clientinput.ClientInputForwarder.forwardInput(Ljava/util/function/Function;)Ljava/lang/Object;+46
j  org.gradle.launcher.daemon.server.exec.ForwardClientInput.execute(Lorg/gradle/launcher/daemon/server/api/DaemonCommandExecution;)V+10
j  org.gradle.launcher.daemon.server.api.DaemonCommandExecution.proceed()Z+23
j  org.gradle.launcher.daemon.server.exec.LogAndCheckHealth.execute(Lorg/gradle/launcher/daemon/server/api/DaemonCommandExecution;)V+51
j  org.gradle.launcher.daemon.server.api.DaemonCommandExecution.proceed()Z+23
j  org.gradle.launcher.daemon.server.exec.LogToClient.doBuild(Lorg/gradle/launcher/daemon/server/api/DaemonCommandExecution;Lorg/gradle/launcher/daemon/protocol/Build;)V+87
j  org.gradle.launcher.daemon.server.exec.BuildCommandOnly.execute(Lorg/gradle/launcher/daemon/server/api/DaemonCommandExecution;)V+49
j  org.gradle.launcher.daemon.server.api.DaemonCommandExecution.proceed()Z+23
j  org.gradle.launcher.daemon.server.exec.EstablishBuildEnvironment.doBuild(Lorg/gradle/launcher/daemon/server/api/DaemonCommandExecution;Lorg/gradle/launcher/daemon/protocol/Build;)V+356
j  org.gradle.launcher.daemon.server.exec.BuildCommandOnly.execute(Lorg/gradle/launcher/daemon/server/api/DaemonCommandExecution;)V+49
j  org.gradle.launcher.daemon.server.api.DaemonCommandExecution.proceed()Z+23
j  org.gradle.launcher.daemon.server.exec.StartBuildOrRespondWithBusy$1.run()V+44
j  org.gradle.launcher.daemon.server.DaemonStateCoordinator.lambda$runCommand$0(Ljava/lang/Runnable;)V+1
j  org.gradle.launcher.daemon.server.DaemonStateCoordinator$$Lambda+0x0000000100286ad0.run()V+8
J 18262 c2 org.gradle.internal.concurrent.ExecutorPolicy$CatchAndRecordFailures.onExecute(Ljava/lang/Runnable;)V (29 bytes) @ 0x000001ed1469b014 [0x000001ed1469afc0+0x0000000000000054]
J 18129 c1 org.gradle.internal.concurrent.AbstractManagedExecutor$1.run()V (57 bytes) @ 0x000001ed0d79f454 [0x000001ed0d79f2a0+0x00000000000001b4]
j  java.util.concurrent.ThreadPoolExecutor.runWorker(Ljava/util/concurrent/ThreadPoolExecutor$Worker;)V+92 java.base@21.0.10
j  java.util.concurrent.ThreadPoolExecutor$Worker.run()V+5 java.base@21.0.10
j  java.lang.Thread.runWith(Ljava/lang/Object;Ljava/lang/Runnable;)V+5 java.base@21.0.10
j  java.lang.Thread.run()V+19 java.base@21.0.10
v  ~StubRoutines::call_stub 0x000001ed1344100d
new  187 new  [0x000001ed13459f80, 0x000001ed1345a180]  512 bytes
[MachCode]
  0x000001ed13459f80: 4883 ec08 | c5fa 1104 | 24eb 1f48 | 83ec 10c5 | fb11 0424 | eb14 4883 | ec10 4889 | 0424 48c7 
  0x000001ed13459fa0: 4424 0800 | 0000 00eb | 0150 410f | b755 010f | cac1 ea10 | 488b 4de8 | 488b 4908 | 488b 4908 
  0x000001ed13459fc0: 488b 4108 | 807c 1004 | 070f 85ca | 0000 0066 | 8b54 d148 | 488b 4928 | 488b 4cd1 | 0851 80b9 
  0x000001ed13459fe0: 6101 0000 | 040f 85ad | 0000 008b | 5108 f6c2 | 010f 85a1 | 0000 0049 | 8b87 b801 | 0000 488d 
  0x000001ed1345a000: 1c10 493b | 9fc8 0100 | 000f 8789 | 0000 0049 | 899f b801 | 0000 4883 | ea10 0f84 | 0f00 0000 
  0x000001ed1345a020: 33c9 c1ea | 0348 894c | d008 48ff | ca75 f648 | c700 0100 | 0000 5933 | f689 700c | 48c1 e903 
  0x000001ed1345a040: 8948 0849 | baa9 fa02 | 8ffc 7f00 | 0041 803a | 000f 843c | 0000 0050 | 488b c848 | 83ec 2040 
  0x000001ed1345a060: f6c4 0f0f | 8419 0000 | 0048 83ec | 0848 b870 | e9bc 8efc | 7f00 00ff | d048 83c4 | 08e9 0c00 
  0x000001ed1345a080: 0000 48b8 | 70e9 bc8e | fc7f 0000 | ffd0 4883 | c420 58e9 | cb00 0000 | 5948 8b55 | e848 8b52 
  0x000001ed1345a0a0: 0848 8b52 | 0845 0fb7 | 4501 410f | c841 c1e8 | 10e8 0500 | 0000 e9a8 | 0000 0048 | 8d44 2408 
  0x000001ed1345a0c0: 4c89 6dc0 | 498b cfc5 | f877 4989 | afb0 0300 | 0049 8987 | a003 0000 | 4883 ec20 | 40f6 c40f 
  0x000001ed1345a0e0: 0f84 1900 | 0000 4883 | ec08 48b8 | 6093 868e | fc7f 0000 | ffd0 4883 | c408 e90c | 0000 0048 
  0x000001ed1345a100: b860 9386 | 8efc 7f00 | 00ff d048 | 83c4 2049 | c787 a003 | 0000 0000 | 0000 49c7 | 87b0 0300 
  0x000001ed1345a120: 0000 0000 | 0049 c787 | a803 0000 | 0000 0000 | c5f8 7749 | 837f 0800 | 0f84 0500 | 0000 e9bd 
  0x000001ed1345a140: 6dfe ff49 | 8b87 f803 | 0000 49c7 | 87f8 0300 | 0000 0000 | 004c 8b6d | c04c 8b75 | c84e 8d74 
  0x000001ed1345a160: f500 c341 | 0fb6 5d03 | 4983 c503 | 49ba 90c6 | 058f fc7f | 0000 41ff | 24da 660f | 1f44 0000 
[/MachCode]

Compiled method (c2) 79917 26750       4       org.gradle.internal.logging.sink.OutputEventRenderer$LazyListener::onOutput (95 bytes)
 total in heap  [0x000001ed13d18010,0x000001ed13d248e8] = 51416
 relocation     [0x000001ed13d18170,0x000001ed13d18b60] = 2544
 main code      [0x000001ed13d18b60,0x000001ed13d20048] = 29928
 stub code      [0x000001ed13d20048,0x000001ed13d203c8] = 896
 oops           [0x000001ed13d203c8,0x000001ed13d20420] = 88
 metadata       [0x000001ed13d20420,0x000001ed13d20880] = 1120
 scopes data    [0x000001ed13d20880,0x000001ed13d22770] = 7920
 scopes pcs     [0x000001ed13d22770,0x000001ed13d23ac0] = 4944
 dependencies   [0x000001ed13d23ac0,0x000001ed13d23c20] = 352
 handler table  [0x000001ed13d23c20,0x000001ed13d24628] = 2568
 nul chk table  [0x000001ed13d24628,0x000001ed13d248e8] = 704

[Constant Pool (empty)]

[MachCode]
[Entry Point]
  # {method} {0x000001ed21829ad0} 'onOutput' '(Lorg/gradle/internal/logging/events/OutputEvent;)V' in 'org/gradle/internal/logging/sink/OutputEventRenderer$LazyListener'
  # this:     rdx:rdx   = 'org/gradle/internal/logging/sink/OutputEventRenderer$LazyListener'
  # parm0:    r8:r8     = 'org/gradle/internal/logging/events/OutputEvent'
  #           [sp+0xe0]  (sp of caller)
  0x000001ed13d18b60: 448b 5208 | 49c1 e203 

  0x000001ed13d18b68: ;   {runtime_call ic_miss_stub}
  0x000001ed13d18b68: 493b c20f | 850f 5c77 | ff66 6690 | 660f 1f44 | 0000 660f | 1f44 0000 
[Verified Entry Point]
  0x000001ed13d18b80: 8984 2400 | 80ff ff55 | 4881 ecd0 | 0000 0090 | 4181 7f20 | 2d00 0000 | 0f85 9c74 | 0000 4c89 
  0x000001ed13d18ba0: 4424 204c | 8bda 8b6a | 1044 8b55 

  0x000001ed13d18bac: ;   {metadata('org/gradle/internal/logging/sink/LogEventDispatcher')}
  0x000001ed13d18bac: 0841 81fa | 9896 0320 | 0f85 7244 | 0000 4d8b | 9788 0300 | 004d 8b12 | 4c89 5424 | 2849 8bd0 
  0x000001ed13d18bcc: 6690 c5f8 | 7748 b8ff | ffff ffff 

  0x000001ed13d18bd8: ;   {virtual_call}
  0x000001ed13d18bd8: ffff ffe8 

  0x000001ed13d18bdc: ; ImmutableOopMap {rbp=Oop [32]=Oop [40]=Oop }
                      ;*invokevirtual getLogLevel {reexecute=0 rethrow=0 return_oop=1}
                      ; - org.gradle.internal.logging.sink.LogEventDispatcher::onOutput@1 (line 35)
                      ; - org.gradle.internal.logging.sink.OutputEventRenderer$LazyListener::onOutput@89 (line 480)
  0x000001ed13d18bdc: 68bb 83ff 

  0x000001ed13d18be0: ;   {other}
  0x000001ed13d18be0: 0f1f 8400 | d00b 0000 | 4885 c00f | 84d5 2d00 | 0048 8b54 | 2420 c5f8 | 7748 b8ff | ffff ffff 
  0x000001ed13d18c00: ;   {virtual_call}
  0x000001ed13d18c00: ffff ffe8 

  0x000001ed13d18c04: ; ImmutableOopMap {rbp=Oop [32]=Oop [40]=Oop }
                      ;*invokevirtual getLogLevel {reexecute=0 rethrow=0 return_oop=1}
                      ; - org.gradle.internal.logging.sink.LogEventDispatcher::onOutput@29 (line 38)
                      ; - org.gradle.internal.logging.sink.OutputEventRenderer$LazyListener::onOutput@89 (line 480)
  0x000001ed13d18c04: 40bb 83ff 

  0x000001ed13d18c08: ;   {other}
  0x000001ed13d18c08: 0f1f 8400 | f80b 0001 

  0x000001ed13d18c10: ;   {oop(a 'org/gradle/api/logging/LogLevel'{0x00000000805c5e08})}
  0x000001ed13d18c10: 49ba 085e | 5c80 0000 | 0000 493b | c20f 84b1 | 4400 008b | 6d0c 85ed | 0f84 3618 | 0000 448b 
  0x000001ed13d18c30: ;   {metadata('org/gradle/internal/logging/console/StyledTextOutputBackedRenderer')}
  0x000001ed13d18c30: 5508 4181 | fa71 9103 | 200f 857e | 4400 0048 | 8b5c 2420 | 448b 5308 

  0x000001ed13d18c48: ;   {metadata('org/gradle/internal/logging/events/LogLevelChangeEvent')}
  0x000001ed13d18c48: 488b fd41 | 81fa 2da9 | 0120 751b | 488b eb44 

  0x000001ed13d18c58: ;   {oop(a 'org/gradle/api/logging/LogLevel'{0x00000000805b82b0})}
  0x000001ed13d18c58: 8b55 0c41 | 81fa b082 | 5b80 0f84 | 301f 0000 | 4533 db44 | 885f 0c44 

  0x000001ed13d18c70: ;   {metadata('org/gradle/internal/logging/events/RenderableOutputEvent')}
  0x000001ed13d18c70: 8b53 0849 | bb00 800d | 0001 0000 | 004d 33c0 | 4f8d 04d0 | 4d8b 5048 | 4d3b d30f | 85d3 1700 
  0x000001ed13d18c90: 004c 8beb | 8b77 1041 

  0x000001ed13d18c98: ;   {oop(a 'org/gradle/api/logging/LogLevel'{0x00000000805c5e08})}
  0x000001ed13d18c98: 8b6d 1881 | fd08 5e5c | 800f 84e9 | 4b00 0044 

  0x000001ed13d18ca8: ;   {oop(a 'org/gradle/internal/logging/text/StyledTextOutput$Style'{0x0000000080c7b610})}
  0x000001ed13d18ca8: 8b56 0c41 | 81fa 10b6 | c780 0f84 | 8400 0000 | 4180 7f40 | 000f 854a 

  0x000001ed13d18cc0: ;   {oop(a 'org/gradle/internal/logging/text/StyledTextOutput$Style'{0x0000000080c7b610})}
  0x000001ed13d18cc0: 2d00 00c7 | 460c 10b6 

  0x000001ed13d18cc8: ;   {oop(a 'org/gradle/internal/logging/text/StyledTextOutput$Style'{0x0000000080c7b610})}
  0x000001ed13d18cc8: c780 49ba | 10b6 c780 | 0000 0000 | 4c8b de4d | 33d3 49c1 | ea14 4d85 | d274 1a49 | c1eb 0948 
  0x000001ed13d18ce8: b900 0046 | 1bed 0100 | 0049 03cb | 8039 020f | 8543 2d00 | 0048 8bd6 | 4c89 6c24 | 3048 897c 
  0x000001ed13d18d08: 2420 488b 

  0x000001ed13d18d0c: ;   {oop(a 'org/gradle/internal/logging/text/StyledTextOutput$Style'{0x0000000080c7b610})}
  0x000001ed13d18d0c: eb49 b810 | b6c7 8000 | 0000 0048 | 8974 2438 

  0x000001ed13d18d1c: ;   {optimized virtual_call}
  0x000001ed13d18d1c: c5f8 77e8 

  0x000001ed13d18d20: ; ImmutableOopMap {rbp=Oop [32]=Oop [40]=Oop [48]=Oop [56]=Oop }
                      ;*invokevirtual doStyleChange {reexecute=0 rethrow=0 return_oop=0}
                      ; - org.gradle.internal.logging.text.AbstractStyledTextOutput::style@15 (line 120)
                      ; - org.gradle.internal.logging.console.StyledTextOutputBackedRenderer::onOutput@92 (line 57)
                      ; - org.gradle.internal.logging.sink.LogEventDispatcher::dispatch@6 (line 47)
                      ; - org.gradle.internal.logging.sink.LogEventDispatcher::onOutput@56 (line 41)
                      ; - org.gradle.internal.logging.sink.OutputEventRenderer$LazyListener::onOutput@89 (line 480)
  0x000001ed13d18d20: 5c5d 77ff 

  0x000001ed13d18d24: ;   {other}
  0x000001ed13d18d24: 0f1f 8400 | 140d 0002 | 488b 7c24 | 208b 7710 | 488b dd4c | 8b6c 2430 | 440f b65f | 0c45 85db 
  0x000001ed13d18d44: 0f84 3f1e | 0000 0fb6 | 6e20 85ed | 0f84 684d | 0000 8b6f | 1449 8b87 | b801 0000 | 4c8b d049 
  0x000001ed13d18d64: 83c2 184d | 3b97 c801 | 0000 0f83 | 1539 0000 | 4d89 97b8 | 0100 0041 | 0f18 8200 | 0100 0048 
  0x000001ed13d18d84: c700 0100 

  0x000001ed13d18d88: ;   {metadata('java/util/Date')}
  0x000001ed13d18d88: 0000 c740 | 0871 d102 | 2044 8960 | 0c4c 8960 | 104c 8bd8 | 4d8b 5510 | 4d89 5310 | 85ed 0f84 
  0x000001ed13d18da8: 8143 0000 | 498b 87b8 | 0100 004c | 8bd0 4983 | c220 4d3b | 97c8 0100 | 000f 8309 | 3900 004d 
  0x000001ed13d18dc8: 8997 b801 | 0000 410f | 1882 0001 | 0000 48c7 | 0001 0000 

  0x000001ed13d18ddc: ;   {metadata('java/lang/StringBuffer')}
  0x000001ed13d18ddc: 00c7 4008 | a3a5 0020 | 4489 600c | 4c89 6010 | 4c89 6018 | 4889 5c24 | 2048 897c | 2430 4c89 
  0x000001ed13d18dfc: 6c24 3889 | 7424 404c | 895c 2448 | 4889 4424 | 5041 b810 | 0000 0048 | 8bd0 6690 

  0x000001ed13d18e18: ;   {optimized virtual_call}
  0x000001ed13d18e18: c5f8 77e8 

  0x000001ed13d18e1c: ; ImmutableOopMap {rbp=NarrowOop [32]=Oop [40]=Oop [48]=Oop [56]=Oop [64]=NarrowOop [72]=Oop [80]=Oop }
                      ;*invokespecial <init> {reexecute=0 rethrow=0 return_oop=0}
                      ; - java.lang.StringBuffer::<init>@3
                      ; - java.text.DateFormat::format@6
                      ; - org.gradle.internal.logging.console.StyledTextOutputBackedRenderer::onOutput@174 (line 62)
                      ; - org.gradle.internal.logging.sink.LogEventDispatcher::dispatch@6 (line 47)
                      ; - org.gradle.internal.logging.sink.LogEventDispatcher::onOutput@56 (line 41)
                      ; - org.gradle.internal.logging.sink.OutputEventRenderer$LazyListener::onOutput@89 (line 480)
  0x000001ed13d18e1c: 605c 77ff 

  0x000001ed13d18e20: ;   {other}
  0x000001ed13d18e20: 0f1f 8400 | 100e 0003 

  0x000001ed13d18e28: ;   {oop(a 'java/text/DontCareFieldPosition'{0x0000000080d9cba0})}
  0x000001ed13d18e28: 488b d548 | bfa0 cbd9 | 8000 0000 | 004c 8b44 | 2448 4c8b | 4c24 5090 

  0x000001ed13d18e40: ;   {optimized virtual_call}
  0x000001ed13d18e40: c5f8 77e8 

  0x000001ed13d18e44: ; ImmutableOopMap {[32]=Oop [40]=Oop [48]=Oop [56]=Oop [64]=NarrowOop }
                      ;*invokevirtual format {reexecute=0 rethrow=0 return_oop=1}
                      ; - java.text.DateFormat::format@12
                      ; - org.gradle.internal.logging.console.StyledTextOutputBackedRenderer::onOutput@174 (line 62)
                      ; - org.gradle.internal.logging.sink.LogEventDispatcher::dispatch@6 (line 47)
                      ; - org.gradle.internal.logging.sink.LogEventDispatcher::onOutput@56 (line 41)
                      ; - org.gradle.internal.logging.sink.OutputEventRenderer$LazyListener::onOutput@89 (line 480)
  0x000001ed13d18e44: 385c 77ff 

  0x000001ed13d18e48: ;   {other}
  0x000001ed13d18e48: 0f1f 8400 | 380e 0004 | 4885 c00f | 84ef 4200 | 0048 8bd0 

  0x000001ed13d18e5c: ;   {optimized virtual_call}
  0x000001ed13d18e5c: c5f8 77e8 

  0x000001ed13d18e60: ; ImmutableOopMap {[32]=Oop [40]=Oop [48]=Oop [56]=Oop [64]=NarrowOop }
                      ;*invokevirtual toString {reexecute=0 rethrow=0 return_oop=1}
                      ; - java.text.DateFormat::format@15
                      ; - org.gradle.internal.logging.console.StyledTextOutputBackedRenderer::onOutput@174 (line 62)
                      ; - org.gradle.internal.logging.sink.LogEventDispatcher::dispatch@6 (line 47)
                      ; - org.gradle.internal.logging.sink.LogEventDispatcher::onOutput@56 (line 41)
                      ; - org.gradle.internal.logging.sink.OutputEventRenderer$LazyListener::onOutput@89 (line 480)
  0x000001ed13d18e60: 1c5c 77ff 

  0x000001ed13d18e64: ;   {other}
  0x000001ed13d18e64: 0f1f 8400 | 540e 0005 | 488b c848 | 85c0 0f84 | 684c 0000 | 498b 87b8 | 0100 004c | 8bd8 4983 
  0x000001ed13d18e84: c330 448b | 5424 4049 | 8bda 4d3b | 9fc8 0100 | 000f 836e | 3800 004d | 899f b801 | 0000 410f 
  0x000001ed13d18ea4: 1883 0001 | 0000 48c7 | 0001 0000 

  0x000001ed13d18eb0: ;   {metadata('org/gradle/internal/logging/text/AbstractLineChoppingStyledTextOutput$StateContext')}
  0x000001ed13d18eb0: 00c7 4008 | e596 0320 | 4489 600c | 4c89 6010 | 4c89 6018 | 4c89 6020 | 4c89 6028 | 4489 5028 
  0x000001ed13d18ed0: 458b 4218 | 4585 c00f | 8483 4200 | 0049 8bbf | b801 0000 | 4c8b df49 | 83c3 1849 | 8bd0 4d3b 
  0x000001ed13d18ef0: 9fc8 0100 | 000f 8347 | 3800 004d | 899f b801 | 0000 410f | 1883 0001 | 0000 48c7 | 0701 0000 
  0x000001ed13d18f10: ;   {metadata('org/gradle/internal/logging/text/AbstractLineChoppingStyledTextOutput$SeenFromEol')}
  0x000001ed13d18f10: 00c7 4708 | 4896 0320 | 4489 670c | 4c89 6710 | 458b 5814 

  0x000001ed13d18f24: ; implicit exception: dispatches to 0x000001ed13d1f028
  0x000001ed13d18f24: 458b 4b0c | 418b f14c | 8bca 4889 | 7c24 6048 | 8944 2458 | 4889 5c24 | 5048 894c | 2448 4489 
  0x000001ed13d18f44: 5424 4041 | 8b48 1089 | 4c24 6c44 | 8944 2444 | 4d8b d34c | 8954 2470 | 4489 5c24 | 6848 8be9 
  0x000001ed13d18f64: 4c63 d649 | d1e2 4c89 | 5424 7881 | fe00 0008 | 000f 8724 | 3800 0049 | 8b9f b801 | 0000 4c8b 
  0x000001ed13d18f84: 5c24 7849 | 83c3 1749 | 83e3 f84c | 8bd3 4d03 | d34d 3b97 | c801 0000 | 0f83 fd37 | 0000 4d89 
  0x000001ed13d18fa4: 97b8 0100 | 0041 0f18 | 8200 0100 | 0048 c703 | 0100 0000 | 410f 1882 | 4001 0000 

  0x000001ed13d18fc0: ;   {metadata({type array char})}
  0x000001ed13d18fc0: c743 088a | 8000 2089 | 730c 410f | 1882 8001 | 0000 4c8b | eb44 8b5c | 2468 498d | 4b10 488b 
  0x000001ed13d18fe0: d348 83c2 | 104c 8b44 | 2478 4983 | c007 49c1 | e803 c5f8 | 7749 bae0 | 9d47 13ed | 0100 0041 
  0x000001ed13d19000: ;   {other}
  0x000001ed13d19000: ffd2 0f1f | 8400 0000 | 0000 4180 | 7f40 000f | 857c 2a00 | 004c 8b44 | 2460 448b | 5424 6c45 
  0x000001ed13d19020: 8950 1044 | 8b5c 2444 | 418b 5b0c | 498b f54c | 8bd5 4d8b | d849 8be8 | 4d33 d349 | 8bf8 49c1 
  0x000001ed13d19040: ea14 4d85 | d274 2444 | 8b54 246c | 4585 d274 | 1a49 c1eb | 0948 b900 | 0046 1bed | 0100 0049 
  0x000001ed13d19060: 03cb 8039 | 020f 8522 | 2f00 0041 | 807f 4000 | 0f85 912a | 0000 8975 | 144c 8bd5 | 4d8b dd4d 
  0x000001ed13d19080: 33da 49c1 | eb14 4d85 | db74 1a49 | c1ea 0948 | b900 0046 | 1bed 0100 | 0049 03ca | 8039 020f 
  0x000001ed13d190a0: 85f0 2c00 | 0089 5d0c | 4180 7f40 | 000f 851c | 2a00 004c | 8b44 2458 | 4189 7818 | 4c8b d54d 
  0x000001ed13d190c0: 8bd8 4d33 | d349 c1ea | 144d 85d2 | 741a 49c1 | eb09 48b9 | 0000 461b | ed01 0000 | 4903 cb80 
  0x000001ed13d190e0: 3902 0f85 | fe2c 0000 | 418b 7828 

  0x000001ed13d190ec: ; implicit exception: dispatches to 0x000001ed13d1f040
  0x000001ed13d190ec: 8b5f 1041 | 807f 4000 | 0f85 402a | 0000 4189 | 581c 4c8b 

  0x000001ed13d19100: ;   {no_reloc}
  0x000001ed13d19100: 4c24 4849 | 8be9 4c8b | d34d 8bd8 | 4d33 d349 | c1ea 144d | 85d2 741e | 85db 741a | 49c1 eb09 
  0x000001ed13d19120: 48b9 0000 | 461b ed01 | 0000 4903 | cb80 3902 | 0f85 052f | 0000 4180 | 7f40 000f | 852c 2a00 
  0x000001ed13d19140: 0044 8b57 | 1445 8950 | 204d 8bd8 | 498b ca49 | 33cb 48c1 | e914 4885 | c974 1f45 | 85d2 741a 
  0x000001ed13d19160: 49c1 eb09 | 48b9 0000 | 461b ed01 | 0000 4903 | cb80 3902 | 0f85 642e | 0000 4180 | 7f40 000f 
  0x000001ed13d19180: 851b 2a00 | 0041 8968 | 244d 8bd1 | 4d8b d84d | 33d3 49c1 | ea14 4d85 | d274 1a49 | c1eb 0948 
  0x000001ed13d191a0: b900 0046 | 1bed 0100 | 0049 03cb | 8039 020f | 8588 2c00 | 0045 8b59 | 1445 8b53 | 0c45 0fbe 
  0x000001ed13d191c0: 4910 458b | 5818 c442 | 32f7 d245 | 8950 0c45 | 8b4b 0c45 | 8bd9 41f7 | db45 8958 | 1445 8958 
  0x000001ed13d191e0: 1045 8b58 | 1841 8b4b | 0c4c 8944 | 2448 412b 

  0x000001ed13d191f0: ;   {oop([B{0x0000000080d79f40})}
  0x000001ed13d191f0: c949 bb40 | 9fd7 8000 

  0x000001ed13d191f8: ;   {oop([B{0x0000000080d79f40})}
  0x000001ed13d191f8: 0000 0049 | b840 9fd7 | 8000 0000 | 0049 83c0 | 104c 8944 | 2458 413b | ca7d 1749 | ba00 0046 
  0x000001ed13d19218: 1bed 0100 | 004c 8994 | 24b0 0000 | 00e9 8b13 | 0000 49ba | 0000 461b | ed01 0000 | 4c89 9424 
  0x000001ed13d19238: b000 0000 | 4180 7f40 | 000f 858c | 2900 004c | 8b54 2448 | 458b 4a18 | 448b 5c24 | 4045 894b 
  0x000001ed13d19258: 184c 8b54 | 2450 4d8b | d94c 8b44 | 2428 498b | c889 4c24 | 444d 33da | 49c1 eb14 | 4d85 db74 
  0x000001ed13d19278: 1f45 85c9 | 741a 49c1 | ea09 48b9 | 0000 461b | ed01 0000 | 4903 ca80 | 3902 0f85 | 182e 0000 
  0x000001ed13d19298: 4c8b 5424 | 4845 8b52 | 1444 8954 | 2460 4c8b | 5424 4845 | 8b5a 1044 | 895c 2464 | 443b 5c24 
  0x000001ed13d192b8: 600f 8d2a | 0600 0045 | 85db 0f8c | 0c49 0000 | 4c8b 5424 | 4845 8b42 | 2445 8b50 | 1444 8954 
  0x000001ed13d192d8: 2468 458b | 5a0c 4489 | 5c24 6c45 | 0fbe 4810 | c4c2 32f7 | eb44 8b5c | 2464 443b | 5c24 600f 
  0x000001ed13d192f8: ;   {no_reloc}
  0x000001ed13d192f8: 8f07 4900 | 0044 8b54 | 2460 443b | d50f 8f59 | 4900 0045 | 85db 7516 | 443b d50f | 8488 1900 
  0x000001ed13d19318: 0045 8bda | 4533 c044 | 8944 2464 | eb08 458b | da44 2b5c | 2464 4585 | c90f 85e3 | 3200 0044 
  0x000001ed13d19338: 3b54 2464 | 0f84 a532 | 0000 4d8b | 87b8 0100 | 004d 8bd0 | 4983 c218 | 4d3b 97c8 | 0100 000f 
  0x000001ed13d19358: 83f7 3400 | 004d 8997 | b801 0000 | 410f 1882 | 0001 0000 | 49c7 0001 

  0x000001ed13d19370: ;   {metadata('java/lang/String')}
  0x000001ed13d19370: 0000 0041 | c740 0812 | 8400 2045 | 8960 0c4d | 8960 104c | 8944 2470 | 448b 5c24 | 684d 8bd3 
  0x000001ed13d19390: 4c89 9424 | 8000 0000 | 448b 5424 | 6445 85d2 | 741f 448b | 5424 6044 | 3b54 2464 | 0f8c e34b 
  0x000001ed13d193b0: 0000 458b | da44 2b5c | 2464 4489 | 5c24 60eb | 2444 8b5c | 2460 443b | 5c24 6c0f | 84e5 1800 
  0x000001ed13d193d0: 0045 8bd3 | 4585 d20f | 8cb3 4b00 | 0045 33db | 4489 5c24 | 6444 8b54 | 2460 4181 | fa00 0010 
  0x000001ed13d193f0: 000f 8701 | 4300 004c | 6344 2460 | 448b 5c24 | 6445 85db | 0f8c e043 | 0000 448b | 4c24 6c44 
  0x000001ed13d19410: 2b4c 2464 | 443b 4c24 | 6044 8b54 | 2460 450f | 4fca 458b | d944 035c | 2464 8b4c | 246c 413b 
  0x000001ed13d19430: cb0f 82b3 | 4300 0044 | 8b5c 2460 | 453b d90f | 82a5 4300 | 0045 85c9 | 0f8c 9c43 | 0000 4983 
  0x000001ed13d19450: c017 4c89 | 4424 7841 | 81fb 0000 | 1000 0f87 | 4c34 0000 | 498b 9fb8 | 0100 004d | 8bd0 4983 
  0x000001ed13d19470: ;   {no_reloc}
  0x000001ed13d19470: e2f8 4c8b | db4d 03da | 4d3b 9fc8 | 0100 000f | 832b 3400 | 004d 899f | b801 0000 | 410f 1883 
  0x000001ed13d19490: 0001 0000 | 48c7 0301 | 0000 0041 | 0f18 8340 

  0x000001ed13d194a0: ;   {metadata({type array byte})}
  0x000001ed13d194a0: 0100 00c7 | 4308 5981 | 0020 448b | 5424 6044 | 8953 0c41 | 0f18 8380 | 0100 004c | 8bd3 4983 
  0x000001ed13d194c0: c210 488b | 4c24 7848 | c1e9 0345 | 85c9 0f84 | 3142 0000 | 448b 4424 | 6844 8b5c | 2464 4b8d 
  0x000001ed13d194e0: 5418 104d | 63c1 443b | 4c24 600f | 8cfc 2f00 | 0048 8bca | 498b d2c5 | f877 49ba | 2098 4713 
  0x000001ed13d19500: ed01 0000 

  0x000001ed13d19504: ;   {other}
  0x000001ed13d19504: 41ff d20f | 1f84 0000 | 0000 0041 | 807f 4000 | 0f85 bc2e | 0000 4c8b | d34c 8b5c | 2470 4589 
  0x000001ed13d19524: 5314 4d8b | d34c 8bdb | 4d33 da49 | c1eb 144d | 85db 741a | 49c1 ea09 | 48b9 0000 | 461b ed01 
  0x000001ed13d19544: 0000 4903 | ca80 3902 | 0f85 fa2e | 0000 4c8b | 5424 7045 | 8862 104c | 8b54 2470 | 458b 5214 
  0x000001ed13d19564: ; implicit exception: dispatches to 0x000001ed13d1f148
  0x000001ed13d19564: 458b 5a0c | 4c8b 5424 | 7045 0fbe | 5210 c4c2 | 2af7 eb85 | ed0f 8e95 | 4500 004c | 8b54 2448 
  0x000001ed13d19584: 458b 5a28 

  0x000001ed13d19588: ; implicit exception: dispatches to 0x000001ed13d1f160
  0x000001ed13d19588: 458b 5308 

  0x000001ed13d1958c: ;   {metadata('org/gradle/internal/logging/console/StyledTextOutputBackedRenderer$OutputEventTextOutputImpl')}
  0x000001ed13d1958c: 4d8b c341 | 81fa 0094 | 0320 0f85 | 491d 0000 | 4c89 4424 | 4841 8b68 | 2444 8b5d 

  0x000001ed13d195a8: ;   {metadata('org/gradle/internal/logging/text/StreamingStyledTextOutput')}
  0x000001ed13d195a8: 0841 81fb | 3092 0320 | 0f85 9a3f | 0000 4c8b | d54c 8954 | 2460 418b | 6a10 448b 

  0x000001ed13d195c4: ;   {metadata('org/gradle/internal/logging/text/StreamBackedStandardOutputListener')}
  0x000001ed13d195c4: 5508 4181 | faaa 9203 | 200f 85b1 | 3f00 004c | 8bd5 4c89 | 5424 6841 | 8b6a 0c44 

  0x000001ed13d195e0: ;   {metadata('java/io/PrintStream')}
  0x000001ed13d195e0: 8b5d 0841 | 81fb 20ef | 0020 0f85 | cc3f 0000 | 4c8b d54c | 8954 2478 | 418b 6a18 

  0x000001ed13d195fc: ; implicit exception: dispatches to 0x000001ed13d1f78c
  0x000001ed13d195fc: 448b 550c 

  0x000001ed13d19600: ; implicit exception: dispatches to 0x000001ed13d1f244
  0x000001ed13d19600: 458b 5a0c | 4585 db0f | 84e3 3b00 | 0049 8bd3 

  0x000001ed13d19610: ;   {oop([B{0x0000000080d79f40})}
  0x000001ed13d19610: 48bd 409f | d780 0000 | 0000 6690 

  0x000001ed13d1961c: ;   {optimized virtual_call}
  0x000001ed13d1961c: c5f8 77e8 

  0x000001ed13d19620: ; ImmutableOopMap {rbp=Oop [88]=Derived_oop_rbp [32]=Oop [40]=Oop [48]=Oop [56]=Oop [64]=NarrowOop [68]=NarrowOop [72]=Oop [80]=Oop [96]=Oop [104]=Oop [112]=Oop [120]=Oop }
                      ;*invokevirtual lock {reexecute=0 rethrow=0 return_oop=0}
                      ; - java.util.concurrent.locks.ReentrantLock::lock@4
                      ; - jdk.internal.misc.InternalLock::lock@4
                      ; - java.io.PrintStream::write@11
                      ; - java.io.PrintStream::print@5
                      ; - java.io.PrintStream::append@5
                      ; - java.io.PrintStream::append@2
                      ; - org.gradle.internal.logging.text.StreamBackedStandardOutputListener::onOutput@5 (line 52)
                      ; - org.gradle.internal.logging.text.StreamingStyledTextOutput::doAppend@5 (line 55)
                      ; - org.gradle.internal.logging.text.AbstractStyledTextOutput::text@14 (line 87)
                      ; - org.gradle.internal.logging.console.StyledTextOutputBackedRenderer$OutputEventTextOutputImpl::doLineText@5 (line 90)
                      ; - org.gradle.internal.logging.text.AbstractLineChoppingStyledTextOutput$StateContext::flushLineText@109 (line 131)
                      ; - org.gradle.internal.logging.text.AbstractLineChoppingStyledTextOutput::doAppend@39 (line 47)
                      ; - org.gradle.internal.logging.text.AbstractStyledTextOutput::text@14 (line 87)
                      ; - org.gradle.internal.logging.console.StyledTextOutputBackedRenderer::onOutput@177 (line 62)
                      ; - org.gradle.internal.logging.sink.LogEventDispatcher::dispatch@6 (line 47)
                      ; - org.gradle.internal.logging.sink.LogEventDispatcher::onOutput@56 (line 41)
                      ; - org.gradle.internal.logging.sink.OutputEventRenderer$LazyListener::onOutput@89 (line 480)
  0x000001ed13d19620: 5c54 77ff 

  0x000001ed13d19624: ;   {other}
  0x000001ed13d19624: 0f1f 8400 | 1416 0006 | 4c8b 5424 | 7841 8b6a | 1085 ed0f | 845b 4700 | 0045 8b5a | 2445 85db 
  0x000001ed13d19644: 0f84 e23b | 0000 498b | d34c 8b44 

  0x000001ed13d19650: ;   {oop([B{0x0000000080d79f40})}
  0x000001ed13d19650: 2470 48bd | 409f d780 | 0000 0000 

  0x000001ed13d1965c: ;   {optimized virtual_call}
  0x000001ed13d1965c: c5f8 77e8 

  0x000001ed13d19660: ; ImmutableOopMap {rbp=Oop [88]=Derived_oop_rbp [32]=Oop [40]=Oop [48]=Oop [56]=Oop [64]=NarrowOop [68]=NarrowOop [72]=Oop [80]=Oop [96]=Oop [104]=Oop [112]=Oop [120]=Oop }
                      ;*invokevirtual write {reexecute=0 rethrow=0 return_oop=0}
                      ; - java.io.PrintStream::implWrite@9
                      ; - java.io.PrintStream::write@16
                      ; - java.io.PrintStream::print@5
                      ; - java.io.PrintStream::append@5
                      ; - java.io.PrintStream::append@2
                      ; - org.gradle.internal.logging.text.StreamBackedStandardOutputListener::onOutput@5 (line 52)
                      ; - org.gradle.internal.logging.text.StreamingStyledTextOutput::doAppend@5 (line 55)
                      ; - org.gradle.internal.logging.text.AbstractStyledTextOutput::text@14 (line 87)
                      ; - org.gradle.internal.logging.console.StyledTextOutputBackedRenderer$OutputEventTextOutputImpl::doLineText@5 (line 90)
                      ; - org.gradle.internal.logging.text.AbstractLineChoppingStyledTextOutput$StateContext::flushLineText@109 (line 131)
                      ; - org.gradle.internal.logging.text.AbstractLineChoppingStyledTextOutput::doAppend@39 (line 47)
                      ; - org.gradle.internal.logging.text.AbstractStyledTextOutput::text@14 (line 87)
                      ; - org.gradle.internal.logging.console.StyledTextOutputBackedRenderer::onOutput@177 (line 62)
                      ; - org.gradle.internal.logging.sink.LogEventDispatcher::dispatch@6 (line 47)
                      ; - org.gradle.internal.logging.sink.LogEventDispatcher::onOutput@56 (line 41)
                      ; - org.gradle.internal.logging.sink.OutputEventRenderer$LazyListener::onOutput@89 (line 480)
  0x000001ed13d19660: 1c54 77ff 

  0x000001ed13d19664: ;   {other}
  0x000001ed13d19664: 0f1f 8400 | 5416 0007 | 4c8b 5424 | 7845 8b5a | 2441 8b6b | 1044 8b55 

  0x000001ed13d1967c: ;   {metadata('jdk/internal/misc/InternalLock')}
  0x000001ed13d1967c: 0841 81fa | a9ed 0020 | 0f85 0257 | 0000 4d8b | d34c 8994 | 2480 0000 | 004c 8bd5 | 4c89 9424 
  0x000001ed13d1969c: 8800 0000 

  0x000001ed13d196a0: ;   {oop([B{0x0000000080d79f40})}
  0x000001ed13d196a0: 498b d248 | bd40 9fd7 | 8000 0000 | 0066 6690 

  0x000001ed13d196b0: ;   {optimized virtual_call}
  0x000001ed13d196b0: c5f8 77e8 

  0x000001ed13d196b4: ; ImmutableOopMap {rbp=Oop [88]=Derived_oop_rbp [32]=Oop [40]=Oop [48]=Oop [56]=Oop [64]=NarrowOop [68]=NarrowOop [72]=Oop [80]=Oop [96]=Oop [104]=Oop [112]=Oop [120]=Oop [128]=Oop [136]=Oop }
                      ;*invokevirtual lock {reexecute=0 rethrow=0 return_oop=0}
                      ; - java.io.BufferedWriter::flushBuffer@18
                      ; - java.io.PrintStream::implWrite@16
                      ; - java.io.PrintStream::write@16
                      ; - java.io.PrintStream::print@5
                      ; - java.io.PrintStream::append@5
                      ; - java.io.PrintStream::append@2
                      ; - org.gradle.internal.logging.text.StreamBackedStandardOutputListener::onOutput@5 (line 52)
                      ; - org.gradle.internal.logging.text.StreamingStyledTextOutput::doAppend@5 (line 55)
                      ; - org.gradle.internal.logging.text.AbstractStyledTextOutput::text@14 (line 87)
                      ; - org.gradle.internal.logging.console.StyledTextOutputBackedRenderer$OutputEventTextOutputImpl::doLineText@5 (line 90)
                      ; - org.gradle.internal.logging.text.AbstractLineChoppingStyledTextOutput$StateContext::flushLineText@109 (line 131)
                      ; - org.gradle.internal.logging.text.AbstractLineChoppingStyledTextOutput::doAppend@39 (line 47)
                      ; - org.gradle.internal.logging.text.AbstractStyledTextOutput::text@14 (line 87)
                      ; - org.gradle.internal.logging.console.StyledTextOutputBackedRenderer::onOutput@177 (line 62)
                      ; - org.gradle.internal.logging.sink.LogEventDispatcher::dispatch@6 (line 47)
                      ; - org.gradle.internal.logging.sink.LogEventDispatcher::onOutput@56 (line 41)
                      ; - org.gradle.internal.logging.sink.OutputEventRenderer$LazyListener::onOutput@89 (line 480)
  0x000001ed13d196b4: c853 77ff 

  0x000001ed13d196b8: ;   {other}
  0x000001ed13d196b8: 0f1f 8400 | a816 0008 | 488b 9424 | 8000 0000 

  0x000001ed13d196c8: ;   {optimized virtual_call}
  0x000001ed13d196c8: c5f8 77e8 

  0x000001ed13d196cc: ; ImmutableOopMap {rbp=Oop [88]=Derived_oop_rbp [32]=Oop [40]=Oop [48]=Oop [56]=Oop [64]=NarrowOop [68]=NarrowOop [72]=Oop [80]=Oop [96]=Oop [104]=Oop [112]=Oop [120]=Oop [136]=Oop }
                      ;*invokevirtual implFlushBuffer {reexecute=0 rethrow=0 return_oop=0}
                      ; - java.io.BufferedWriter::flushBuffer@22
                      ; - java.io.PrintStream::implWrite@16
                      ; - java.io.PrintStream::write@16
                      ; - java.io.PrintStream::print@5
                      ; - java.io.PrintStream::append@5
                      ; - java.io.PrintStream::append@2
                      ; - org.gradle.internal.logging.text.StreamBackedStandardOutputListener::onOutput@5 (line 52)
                      ; - org.gradle.internal.logging.text.StreamingStyledTextOutput::doAppend@5 (line 55)
                      ; - org.gradle.internal.logging.text.AbstractStyledTextOutput::text@14 (line 87)
                      ; - org.gradle.internal.logging.console.StyledTextOutputBackedRenderer$OutputEventTextOutputImpl::doLineText@5 (line 90)
                      ; - org.gradle.internal.logging.text.AbstractLineChoppingStyledTextOutput$StateContext::flushLineText@109 (line 131)
                      ; - org.gradle.internal.logging.text.AbstractLineChoppingStyledTextOutput::doAppend@39 (line 47)
                      ; - org.gradle.internal.logging.text.AbstractStyledTextOutput::text@14 (line 87)
                      ; - org.gradle.internal.logging.console.StyledTextOutputBackedRenderer::onOutput@177 (line 62)
                      ; - org.gradle.internal.logging.sink.LogEventDispatcher::dispatch@6 (line 47)
                      ; - org.gradle.internal.logging.sink.LogEventDispatcher::onOutput@56 (line 41)
                      ; - org.gradle.internal.logging.sink.OutputEventRenderer$LazyListener::onOutput@89 (line 480)
  0x000001ed13d196cc: b053 77ff 

  0x000001ed13d196d0: ;   {other}
  0x000001ed13d196d0: 0f1f 8400 | c016 0009 | 488b 9424 | 8800 0000 

  0x000001ed13d196e0: ;   {optimized virtual_call}
  0x000001ed13d196e0: c5f8 77e8 

  0x000001ed13d196e4: ; ImmutableOopMap {rbp=Oop [88]=Derived_oop_rbp [32]=Oop [40]=Oop [48]=Oop [56]=Oop [64]=NarrowOop [68]=NarrowOop [72]=Oop [80]=Oop [96]=Oop [104]=Oop [112]=Oop [120]=Oop }
                      ;*invokevirtual unlock {reexecute=0 rethrow=0 return_oop=0}
                      ; - java.io.BufferedWriter::flushBuffer@26
                      ; - java.io.PrintStream::implWrite@16
                      ; - java.io.PrintStream::write@16
                      ; - java.io.PrintStream::print@5
                      ; - java.io.PrintStream::append@5
                      ; - java.io.PrintStream::append@2
                      ; - org.gradle.internal.logging.text.StreamBackedStandardOutputListener::onOutput@5 (line 52)
                      ; - org.gradle.internal.logging.text.StreamingStyledTextOutput::doAppend@5 (line 55)
                      ; - org.gradle.internal.logging.text.AbstractStyledTextOutput::text@14 (line 87)
                      ; - org.gradle.internal.logging.console.StyledTextOutputBackedRenderer$OutputEventTextOutputImpl::doLineText@5 (line 90)
                      ; - org.gradle.internal.logging.text.AbstractLineChoppingStyledTextOutput$StateContext::flushLineText@109 (line 131)
                      ; - org.gradle.internal.logging.text.AbstractLineChoppingStyledTextOutput::doAppend@39 (line 47)
                      ; - org.gradle.internal.logging.text.AbstractStyledTextOutput::text@14 (line 87)
                      ; - org.gradle.internal.logging.console.StyledTextOutputBackedRenderer::onOutput@177 (line 62)
                      ; - org.gradle.internal.logging.sink.LogEventDispatcher::dispatch@6 (line 47)
                      ; - org.gradle.internal.logging.sink.LogEventDispatcher::onOutput@56 (line 41)
                      ; - org.gradle.internal.logging.sink.OutputEventRenderer$LazyListener::onOutput@89 (line 480)
  0x000001ed13d196e4: 9853 77ff 

  0x000001ed13d196e8: ;   {other}
  0x000001ed13d196e8: 0f1f 8400 | d816 000a | 4c8b 5424 | 7845 8b52 | 2845 8b5a | 1445 85db | 0f84 2a3c | 0000 498b 
  0x000001ed13d19708: d366 6690 

  0x000001ed13d1970c: ;   {optimized virtual_call}
  0x000001ed13d1970c: c5f8 77e8 

  0x000001ed13d19710: ; ImmutableOopMap {rbp=Oop [88]=Derived_oop_rbp [32]=Oop [40]=Oop [48]=Oop [56]=Oop [64]=NarrowOop [68]=NarrowOop [72]=Oop [80]=Oop [96]=Oop [104]=Oop [112]=Oop [120]=Oop }
                      ;*invokevirtual flushBuffer {reexecute=0 rethrow=0 return_oop=0}
                      ; - java.io.OutputStreamWriter::flushBuffer@4
                      ; - java.io.PrintStream::implWrite@23
                      ; - java.io.PrintStream::write@16
                      ; - java.io.PrintStream::print@5
                      ; - java.io.PrintStream::append@5
                      ; - java.io.PrintStream::append@2
                      ; - org.gradle.internal.logging.text.StreamBackedStandardOutputListener::onOutput@5 (line 52)
                      ; - org.gradle.internal.logging.text.StreamingStyledTextOutput::doAppend@5 (line 55)
                      ; - org.gradle.internal.logging.text.AbstractStyledTextOutput::text@14 (line 87)
                      ; - org.gradle.internal.logging.console.StyledTextOutputBackedRenderer$OutputEventTextOutputImpl::doLineText@5 (line 90)
                      ; - org.gradle.internal.logging.text.AbstractLineChoppingStyledTextOutput$StateContext::flushLineText@109 (line 131)
                      ; - org.gradle.internal.logging.text.AbstractLineChoppingStyledTextOutput::doAppend@39 (line 47)
                      ; - org.gradle.internal.logging.text.AbstractStyledTextOutput::text@14 (line 87)
                      ; - org.gradle.internal.logging.console.StyledTextOutputBackedRenderer::onOutput@177 (line 62)
                      ; - org.gradle.internal.logging.sink.LogEventDispatcher::dispatch@6 (line 47)
                      ; - org.gradle.internal.logging.sink.LogEventDispatcher::onOutput@56 (line 41)
                      ; - org.gradle.internal.logging.sink.OutputEventRenderer$LazyListener::onOutput@89 (line 480)
  0x000001ed13d19710: 6c53 77ff 

  0x000001ed13d19714: ;   {other}
  0x000001ed13d19714: 0f1f 8400 | 0417 000b | 4c8b 5424 | 7841 0fb6 | 6a0d 85ed | 0f84 fa46 | 0000 488b | 5424 7041 
  0x000001ed13d19734: b80a 0000 | 0045 33c9 | 4c89 5424 

  0x000001ed13d19740: ;   {oop([B{0x0000000080d79f40})}
  0x000001ed13d19740: 7048 bd40 | 9fd7 8000 | 0000 0090 

  0x000001ed13d1974c: ;   {optimized virtual_call}
  0x000001ed13d1974c: c5f8 77e8 

  0x000001ed13d19750: ; ImmutableOopMap {rbp=Oop [88]=Derived_oop_rbp [32]=Oop [40]=Oop [48]=Oop [56]=Oop [64]=NarrowOop [68]=NarrowOop [72]=Oop [80]=Oop [96]=Oop [104]=Oop [112]=Oop [120]=Oop }
                      ;*invokevirtual indexOf {reexecute=0 rethrow=0 return_oop=0}
                      ; - java.lang.String::indexOf@3
                      ; - java.io.PrintStream::implWrite@36
                      ; - java.io.PrintStream::write@16
                      ; - java.io.PrintStream::print@5
                      ; - java.io.PrintStream::append@5
                      ; - java.io.PrintStream::append@2
                      ; - org.gradle.internal.logging.text.StreamBackedStandardOutputListener::onOutput@5 (line 52)
                      ; - org.gradle.internal.logging.text.StreamingStyledTextOutput::doAppend@5 (line 55)
                      ; - org.gradle.internal.logging.text.AbstractStyledTextOutput::text@14 (line 87)
                      ; - org.gradle.internal.logging.console.StyledTextOutputBackedRenderer$OutputEventTextOutputImpl::doLineText@5 (line 90)
                      ; - org.gradle.internal.logging.text.AbstractLineChoppingStyledTextOutput$StateContext::flushLineText@109 (line 131)
                      ; - org.gradle.internal.logging.text.AbstractLineChoppingStyledTextOutput::doAppend@39 (line 47)
                      ; - org.gradle.internal.logging.text.AbstractStyledTextOutput::text@14 (line 87)
                      ; - org.gradle.internal.logging.console.StyledTextOutputBackedRenderer::onOutput@177 (line 62)
                      ; - org.gradle.internal.logging.sink.LogEventDispatcher::dispatch@6 (line 47)
                      ; - org.gradle.internal.logging.sink.LogEventDispatcher::onOutput@56 (line 41)
                      ; - org.gradle.internal.logging.sink.OutputEventRenderer$LazyListener::onOutput@89 (line 480)
  0x000001ed13d19750: 2c53 77ff 

  0x000001ed13d19754: ;   {other}
  0x000001ed13d19754: 0f1f 8400 | 4417 000c | 85c0 0f8d | 4914 0000 | 4c8b 5424 | 7045 8b5a | 1845 8b53 | 0c45 8b5a 
  0x000001ed13d19774: 0c45 85db | 0f84 f63b | 0000 498b | d341 b801 

  0x000001ed13d19784: ;   {oop([B{0x0000000080d79f40})}
  0x000001ed13d19784: 0000 0048 | bd40 9fd7 | 8000 0000 | 0066 6690 

  0x000001ed13d19794: ;   {optimized virtual_call}
  0x000001ed13d19794: c5f8 77e8 

  0x000001ed13d19798: ; ImmutableOopMap {rbp=Oop [88]=Derived_oop_rbp [32]=Oop [40]=Oop [48]=Oop [56]=Oop [64]=NarrowOop [68]=NarrowOop [72]=Oop [80]=Oop [96]=Oop [104]=Oop [112]=Oop [120]=Oop }
                      ;*invokevirtual release {reexecute=0 rethrow=0 return_oop=0}
                      ; - java.util.concurrent.locks.ReentrantLock::unlock@5
                      ; - jdk.internal.misc.InternalLock::unlock@4
                      ; - java.io.PrintStream::write@23
                      ; - java.io.PrintStream::print@5
                      ; - java.io.PrintStream::append@5
                      ; - java.io.PrintStream::append@2
                      ; - org.gradle.internal.logging.text.StreamBackedStandardOutputListener::onOutput@5 (line 52)
                      ; - org.gradle.internal.logging.text.StreamingStyledTextOutput::doAppend@5 (line 55)
                      ; - org.gradle.internal.logging.text.AbstractStyledTextOutput::text@14 (line 87)
                      ; - org.gradle.internal.logging.console.StyledTextOutputBackedRenderer$OutputEventTextOutputImpl::doLineText@5 (line 90)
                      ; - org.gradle.internal.logging.text.AbstractLineChoppingStyledTextOutput$StateContext::flushLineText@109 (line 131)
                      ; - org.gradle.internal.logging.text.AbstractLineChoppingStyledTextOutput::doAppend@39 (line 47)
                      ; - org.gradle.internal.logging.text.AbstractStyledTextOutput::text@14 (line 87)
                      ; - org.gradle.internal.logging.console.StyledTextOutputBackedRenderer::onOutput@177 (line 62)
                      ; - org.gradle.internal.logging.sink.LogEventDispatcher::dispatch@6 (line 47)
                      ; - org.gradle.internal.logging.sink.LogEventDispatcher::onOutput@56 (line 41)
                      ; - org.gradle.internal.logging.sink.OutputEventRenderer$LazyListener::onOutput@89 (line 480)
  0x000001ed13d19798: e452 77ff 

  0x000001ed13d1979c: ;   {other}
  0x000001ed13d1979c: 0f1f 8400 | 8c17 000d | 4c8b 5424 | 6841 8b6a | 1044 8b5d 

  0x000001ed13d197b0: ;   {metadata('java/io/PrintStream')}
  0x000001ed13d197b0: 0841 81fb | 20ef 0020 | 0f85 363e | 0000 4c8b | d54c 8954 | 2468 418b | 6a18 448b | 550c 418b 
  0x000001ed13d197d0: 5a0c 448b | 5b08 488b 

  0x000001ed13d197d8: ;   {metadata('java/util/concurrent/locks/ReentrantLock$NonfairSync')}
  0x000001ed13d197d8: fb41 81fb | 4ce6 0020 | 0f85 c633 | 0000 33c0 | 41bb 0100 | 0000 f044 | 0fb1 5f10 | 410f 94c2 
  0x000001ed13d197f8: 450f b6d2 | 4585 d20f | 8480 1800 | 0041 807f | 4000 0f85 | be2a 0000 | 448b 5424 | 4444 8957 
  0x000001ed13d19818: 0c4c 8b54 | 2428 4c8b | df4d 33d3 | 49c1 ea14 | 4d85 d274 | 1a49 c1eb | 0948 b900 | 0046 1bed 
  0x000001ed13d19838: 0100 0049 | 03cb 8039 | 020f 85ed | 2a00 0041 | ba01 0000 | 0045 85d2 | 0f84 441a | 0000 4c8b 
  0x000001ed13d19858: 5424 6841 | 8b6a 1044 

  0x000001ed13d19860: ;   {metadata('java/io/FileOutputStream')}
  0x000001ed13d19860: 8b5d 0841 | 81fb 4aec | 0020 0f85 | f51a 0000 | 4c8b 5424 | 6845 8b52 | 1845 85d2 | 0f84 7f3a 
  0x000001ed13d19880: 0000 458b | 5a0c 418b | 5b0c 448b | 5310 8b6b | 0c4c 8bdd | 4c8b 4424 | 284d 3bd8 | 0f85 5645 
  0x000001ed13d198a0: 0000 418d | 7aff 4183 | fa01 0f85 | 1119 0000 | 4180 7f40 | 000f 85a7 | 2900 0044 | 8963 0c41 
  0x000001ed13d198c0: ba01 0000 | 0089 7b10 | f083 4424 | c000 4585 | d274 0d44 | 8b5b 1445 | 85db 0f85 | 3e15 0000 
  0x000001ed13d198e0: 4c8b 5424 | 4845 8862 | 204c 8b54 | 2430 458b | 5a10 4489 | 5c24 4045 | 8b53 1844 | 8954 2448 
  0x000001ed13d19900: 498b 87b8 | 0100 004c | 8bd0 4983 | c230 4c89 | 5c24 504d | 3b97 c801 | 0000 0f83 | ac2e 0000 
  0x000001ed13d19920: 4d89 97b8 | 0100 0041 | 0f18 8200 | 0100 0048 | c700 0100 

  0x000001ed13d19934: ;   {metadata('org/gradle/internal/logging/text/AbstractLineChoppingStyledTextOutput$StateContext')}
  0x000001ed13d19934: 0000 c740 | 08e5 9603 | 2044 8960 | 0c4c 8960 | 104c 8960 | 184c 8960 | 204c 8960 | 2848 8944 
  0x000001ed13d19954: 2460 448b | 5c24 4044 | 8958 2844 | 8b5c 2448 | 4585 db0f | 840b 3800 | 004d 8b9f | b801 0000 
  0x000001ed13d19974: 4d8b d349 | 83c2 1844 | 8b44 2448 | 4c89 4424 | 684d 3b97 | c801 0000 | 0f83 632e | 0000 4d89 
  0x000001ed13d19994: 97b8 0100 | 0041 0f18 | 8200 0100 | 0049 c703 | 0100 0000 

  0x000001ed13d199a8: ;   {metadata('org/gradle/internal/logging/text/AbstractLineChoppingStyledTextOutput$SeenFromEol')}
  0x000001ed13d199a8: 41c7 4308 | 4896 0320 | 4589 630c | 4d89 6310 | 4c89 5c24 | 7044 8b5c | 2448 458b | 5b14 4489 
  0x000001ed13d199c8: 5c24 4c45 | 8b53 0c44 | 8b44 2448 | 458b 5810 | 4489 5c24 | 7844 8b5c | 244c 4c89 | 9c24 8000 
  0x000001ed13d199e8: 0000 448b | 4424 784d | 8bd8 4c89 | 9c24 b800 | 0000 4d63 | da49 d1e3 | 4c89 9c24 | 8800 0000 
  0x000001ed13d19a08: 4181 fa00 | 0008 000f | 870f 2e00 | 0049 8b9f | b801 0000 | 4d8d 4317 | 4983 e0f8 | 4c8b db4d 
  0x000001ed13d19a28: 03d8 4d3b | 9fc8 0100 | 000f 83ed | 2d00 004d | 899f b801 | 0000 410f | 1883 0001 | 0000 48c7 
  0x000001ed13d19a48: 0301 0000 | 0041 0f18 | 8340 0100 

  0x000001ed13d19a54: ;   {metadata({type array char})}
  0x000001ed13d19a54: 00c7 4308 | 8a80 0020 | 4489 530c | 410f 1883 | 8001 0000 | 488b f38b | 6c24 4c48 | 8d4d 1048 
  0x000001ed13d19a74: 8bd3 4883 | c210 4c8b | 8424 8800 | 0000 4983 | c007 49c1 | e803 c5f8 | 7749 bae0 | 9d47 13ed 
  0x000001ed13d19a94: 0100 0041 

  0x000001ed13d19a98: ;   {other}
  0x000001ed13d19a98: ffd2 0f1f | 8400 0000 | 0000 4180 | 7f40 000f | 855e 2100 | 004c 8b54 | 2470 448b | 5c24 7845 
  0x000001ed13d19ab8: 895a 1044 | 8b54 2448 | 418b 7a0c | 4c8b 9424 | b800 0000 | 4c8b 5c24 | 704d 8bc3 | 4d33 d049 
  0x000001ed13d19ad8: 8beb 49c1 | ea14 4d85 | d274 2444 | 8b5c 2478 | 4585 db74 | 1a49 c1e8 | 0948 b900 | 0046 1bed 
  0x000001ed13d19af8: 0100 0049 | 03c8 8039 | 020f 85fa | 2500 0041 | 807f 4000 | 0f85 6921 | 0000 4c8b | 5424 7041 
  0x000001ed13d19b18: 895a 144c | 8bde 4d33 | da49 c1eb | 144d 85db | 741a 49c1 | ea09 48b9 | 0000 461b | ed01 0000 
  0x000001ed13d19b38: 4903 ca80 | 3902 0f85 | 5623 0000 | 4c8b 5424 | 7041 897a | 0c41 807f | 4000 0f85 | eb20 0000 
  0x000001ed13d19b58: 4c8b 5424 | 6041 896a | 184c 8b54 | 2470 4c8b | 5c24 604d | 33d3 49c1 | ea14 4d85 | d274 1a49 
  0x000001ed13d19b78: c1eb 0948 | b900 0046 | 1bed 0100 | 0049 03cb | 8039 020f | 855a 2300 | 004c 8b54 | 2460 418b 
  0x000001ed13d19b98: ;   {no_reloc}
  0x000001ed13d19b98: 7a28 8b5f | 1041 807f | 4000 0f85 | 7b21 0000 | 4c8b 5424 | 6041 895a | 1c4c 8bdb | 4d33 da49 
  0x000001ed13d19bb8: ;   {oop(" ["{0x0000000080d5c5f8})}
  0x000001ed13d19bb8: c1eb 1448 | bef8 c5d5 | 8000 0000 | 004d 85db | 741e 85db | 741a 49c1 | ea09 48b9 | 0000 461b 
  0x000001ed13d19bd8: ed01 0000 | 4903 ca80 | 3902 0f85 | 6a25 0000 | 4180 7f40 | 000f 85f8 | 2000 0044 | 8b5f 144c 
  0x000001ed13d19bf8: 8b54 2460 | 4589 5a20 | 4d8b c34d | 33c2 49c1 | e814 4d85 | c074 1f45 | 85db 741a | 49c1 ea09 
  0x000001ed13d19c18: 48b9 0000 | 461b ed01 | 0000 4903 | ca80 3902 | 0f85 9225 | 0000 4180 | 7f40 000f | 857a 2000 
  0x000001ed13d19c38: 004c 8b54 

  0x000001ed13d19c3c: ;   {oop(" ["{0x0000000080d5c5f8})}
  0x000001ed13d19c3c: 2460 41c7 | 4224 f8c5 | d580 4c8b | d64c 8b5c | 2460 4d33 | d349 c1ea | 144d 85d2 | 741a 49c1 
  0x000001ed13d19c5c: eb09 48b9 | 0000 461b | ed01 0000 | 4903 cb80 | 3902 0f85 | c822 0000 | 4c8b 5424 | 6041 c742 
  0x000001ed13d19c7c: 0c02 0000 | 0045 8b52 | 1845 33c0 

  0x000001ed13d19c88: ; implicit exception: dispatches to 0x000001ed13d1f0e8
  0x000001ed13d19c88: 452b 420c | 4c8b 5424 | 6045 8942 | 1445 8942 | 1045 8b5a | 1845 8b53 | 0c4c 8b5c | 2460 4503 
  0x000001ed13d19ca8: 5314 4183 | fa02 0f8c | bc0b 0000 | 4180 7f40 | 000f 8597 | 2000 004c | 8b54 2460 | 458b 5218 
  0x000001ed13d19cc8: 448b 4424 | 4045 8950 | 184c 8b5c | 2450 4d8b | c24d 33c3 | 49c1 e814 | 4d85 c074 | 1f45 85d2 
  0x000001ed13d19ce8: 741a 49c1 | eb09 48b9 | 0000 461b | ed01 0000 | 4903 cb80 | 3902 0f85 | 0d25 0000 | 4c8b 4c24 
  0x000001ed13d19d08: 6045 8b59 | 1445 8b41 | 1045 3bc3 | 0f8d c805 | 0000 4585 | c00f 8ca1 | 3f00 0045 | 8b51 2441 
  0x000001ed13d19d28: 8b4a 1489 | 4c24 5c44 | 8944 2458 | 4c89 4c24 | 4844 8b41 

  0x000001ed13d19d3c: ;   {no_reloc}
  0x000001ed13d19d3c: 0c44 8944 | 2460 410f | be4a 10c4 | c272 f7e8 | 448b 4424 | 5845 3bc3 | 0f8f 8a3f | 0000 443b 
  0x000001ed13d19d5c: dd0f 8fdd | 3f00 0045 | 85c0 7516 | 443b dd0f | 843d 0f00 | 0045 8bd3 | 4533 c044 | 8944 2458 
  0x000001ed13d19d7c: eb06 458b | d345 2bd0 | 85c9 0f85 | cb28 0000 | 443b 5c24 | 580f 8464 | 2800 0044 | 895c 2464 
  0x000001ed13d19d9c: 4d8b 87b8 | 0100 004d | 8bd8 4983 | c318 4d3b | 9fc8 0100 | 000f 83d1 | 2a00 004d | 899f b801 
  0x000001ed13d19dbc: 0000 410f | 1883 0001 | 0000 49c7 | 0001 0000 

  0x000001ed13d19dcc: ;   {metadata('java/lang/String')}
  0x000001ed13d19dcc: 0041 c740 | 0812 8400 | 2045 8960 | 0c4d 8960 | 104c 8944 | 2468 448b | 5c24 5c4d | 8bd3 4c89 
  0x000001ed13d19dec: 5424 7844 | 8b54 2458 | 4585 d274 | 1f44 8b54 | 2464 443b | 5424 580f | 8cf0 4100 | 0045 8bda 
  0x000001ed13d19e0c: 442b 5c24 | 5844 895c | 2464 eb21 | 448b 5c24 | 6444 3b5c | 2460 0f84 | 480f 0000 | 4585 db0f 
  0x000001ed13d19e2c: 8cc3 4100 | 0045 33d2 | 4489 5424 | 5844 8b54 | 2464 4181 | fa00 0010 | 000f 8726 | 3900 004c 
  0x000001ed13d19e4c: 635c 2464 | 448b 4424 | 5845 85c0 | 0f8c ce39 | 0000 8b6c | 2460 2b6c | 2458 3b6c | 2464 448b 
  0x000001ed13d19e6c: 5424 6441 | 0f4f ea44 | 8bd5 4403 | 5424 5844 | 8b4c 2460 | 453b ca0f | 82a3 3900 | 0044 8b54 
  0x000001ed13d19e8c: 2464 443b | d50f 8295 | 3900 0085 | ed0f 8c8d | 3900 0049 | 83c3 174c | 895c 2470 | 4181 fa00 
  0x000001ed13d19eac: 0010 000f | 8758 2a00 | 0049 8b9f | b801 0000 | 4c8b 5424 | 7049 83e2 | f84c 8bdb | 4d03 da4d 
  0x000001ed13d19ecc: ;   {no_reloc}
  0x000001ed13d19ecc: 3b9f c801 | 0000 0f83 | 352a 0000 | 4d89 9fb8 | 0100 0041 | 0f18 8300 | 0100 0048 | c703 0100 
  0x000001ed13d19eec: 0000 410f | 1883 4001 

  0x000001ed13d19ef4: ;   {metadata({type array byte})}
  0x000001ed13d19ef4: 0000 c743 | 0859 8100 | 2044 8b54 | 2464 4489 | 530c 410f | 1883 8001 | 0000 4c8b | cb49 83c1 
  0x000001ed13d19f14: 1048 8b4c | 2470 48c1 | e903 85ed | 0f84 5838 | 0000 448b | 5424 5c44 | 8b5c 2458 | 4f8d 5c1a 
  0x000001ed13d19f34: 104c 63c5 | 3b6c 2464 | 0f8c 2b26 | 0000 498b | cb49 8bd1 | c5f8 7749 | ba20 9847 | 13ed 0100 
  0x000001ed13d19f54: 0041 ffd2 

  0x000001ed13d19f58: ;   {other}
  0x000001ed13d19f58: 0f1f 8400 | 0000 0000 | 4180 7f40 | 000f 85a3 | 2400 004c | 8b44 2468 | 4c8b d345 | 8950 144d 
  0x000001ed13d19f78: 8bd0 4c8b | db4d 33da | 49c1 eb14 | 4d85 db74 | 1a49 c1ea | 0948 b900 | 0046 1bed | 0100 0049 
  0x000001ed13d19f98: 03ca 8039 | 020f 85fa | 2400 0045 | 8860 1045 | 8b50 1445 | 8b5a 0c45 | 0fbe 5010 | c4c2 2af7 
  0x000001ed13d19fb8: eb85 ed0f | 8e73 3b00 | 004c 8b54 | 2448 458b | 5228 458b | 5a08 4c89 | 4424 484d 

  0x000001ed13d19fd4: ;   {metadata('org/gradle/internal/logging/console/StyledTextOutputBackedRenderer$OutputEventTextOutputImpl')}
  0x000001ed13d19fd4: 8bc2 4181 | fb00 9403 | 200f 8546 | 1300 0041 | 8b68 244c | 8944 2458 

  0x000001ed13d19fec: ; implicit exception: dispatches to 0x000001ed13d1f4e0
  0x000001ed13d19fec: 448b 5d08 

  0x000001ed13d19ff0: ;   {metadata('org/gradle/internal/logging/text/StreamingStyledTextOutput')}
  0x000001ed13d19ff0: 4181 fb30 | 9203 200f | 852b 3600 | 004c 8bd5 | 4c89 5424 | 6041 8b6a | 1044 8b55 

  0x000001ed13d1a00c: ;   {metadata('org/gradle/internal/logging/text/StreamBackedStandardOutputListener')}
  0x000001ed13d1a00c: 0841 81fa | aa92 0320 | 0f85 4236 | 0000 4c8b | d54c 8954 | 2468 418b | 6a0c 448b 

  0x000001ed13d1a028: ;   {metadata('java/io/PrintStream')}
  0x000001ed13d1a028: 5d08 4181 | fb20 ef00 | 200f 8559 | 3600 004c | 8bd5 4c89 | 5424 7041 | 8b6a 1844 | 8b55 0c45 
  0x000001ed13d1a048: 8b5a 0c45 | 85db 0f84 | 6433 0000 | 498b d390 

  0x000001ed13d1a058: ;   {optimized virtual_call}
  0x000001ed13d1a058: c5f8 77e8 

  0x000001ed13d1a05c: ; ImmutableOopMap {[32]=Oop [40]=Oop [48]=Oop [56]=Oop [64]=NarrowOop [68]=NarrowOop [72]=Oop [80]=Oop [88]=Oop [96]=Oop [104]=Oop [112]=Oop }
                      ;*invokevirtual lock {reexecute=0 rethrow=0 return_oop=0}
                      ; - java.util.concurrent.locks.ReentrantLock::lock@4
                      ; - jdk.internal.misc.InternalLock::lock@4
                      ; - java.io.PrintStream::write@11
                      ; - java.io.PrintStream::print@5
                      ; - java.io.PrintStream::append@5
                      ; - java.io.PrintStream::append@2
                      ; - org.gradle.internal.logging.text.StreamBackedStandardOutputListener::onOutput@5 (line 52)
                      ; - org.gradle.internal.logging.text.StreamingStyledTextOutput::doAppend@5 (line 55)
                      ; - org.gradle.internal.logging.text.AbstractStyledTextOutput::text@14 (line 87)
                      ; - org.gradle.internal.logging.console.StyledTextOutputBackedRenderer$OutputEventTextOutputImpl::doLineText@5 (line 90)
                      ; - org.gradle.internal.logging.text.AbstractLineChoppingStyledTextOutput$StateContext::flushLineText@109 (line 131)
                      ; - org.gradle.internal.logging.text.AbstractLineChoppingStyledTextOutput::doAppend@39 (line 47)
                      ; - org.gradle.internal.logging.text.AbstractStyledTextOutput::text@14 (line 87)
                      ; - org.gradle.internal.logging.console.StyledTextOutputBackedRenderer::onOutput@187 (line 63)
                      ; - org.gradle.internal.logging.sink.LogEventDispatcher::dispatch@6 (line 47)
                      ; - org.gradle.internal.logging.sink.LogEventDispatcher::onOutput@56 (line 41)
                      ; - org.gradle.internal.logging.sink.OutputEventRenderer$LazyListener::onOutput@89 (line 480)
  0x000001ed13d1a05c: 204a 77ff 

  0x000001ed13d1a060: ;   {other}
  0x000001ed13d1a060: 0f1f 8400 | 5020 000e | 4c8b 5424 | 7041 8b6a | 1085 ed0f | 84f7 3d00 | 0045 8b5a | 2445 85db 
  0x000001ed13d1a080: 0f84 7233 | 0000 498b | d34c 8b44 | 2448 498b | ea66 6690 

  0x000001ed13d1a094: ;   {optimized virtual_call}
  0x000001ed13d1a094: c5f8 77e8 

  0x000001ed13d1a098: ; ImmutableOopMap {rbp=Oop [32]=Oop [40]=Oop [48]=Oop [56]=Oop [64]=NarrowOop [68]=NarrowOop [72]=Oop [80]=Oop [88]=Oop [96]=Oop [104]=Oop [112]=Oop }
                      ;*invokevirtual write {reexecute=0 rethrow=0 return_oop=0}
                      ; - java.io.PrintStream::implWrite@9
                      ; - java.io.PrintStream::write@16
                      ; - java.io.PrintStream::print@5
                      ; - java.io.PrintStream::append@5
                      ; - java.io.PrintStream::append@2
                      ; - org.gradle.internal.logging.text.StreamBackedStandardOutputListener::onOutput@5 (line 52)
                      ; - org.gradle.internal.logging.text.StreamingStyledTextOutput::doAppend@5 (line 55)
                      ; - org.gradle.internal.logging.text.AbstractStyledTextOutput::text@14 (line 87)
                      ; - org.gradle.internal.logging.console.StyledTextOutputBackedRenderer$OutputEventTextOutputImpl::doLineText@5 (line 90)
                      ; - org.gradle.internal.logging.text.AbstractLineChoppingStyledTextOutput$StateContext::flushLineText@109 (line 131)
                      ; - org.gradle.internal.logging.text.AbstractLineChoppingStyledTextOutput::doAppend@39 (line 47)
                      ; - org.gradle.internal.logging.text.AbstractStyledTextOutput::text@14 (line 87)
                      ; - org.gradle.internal.logging.console.StyledTextOutputBackedRenderer::onOutput@187 (line 63)
                      ; - org.gradle.internal.logging.sink.LogEventDispatcher::dispatch@6 (line 47)
                      ; - org.gradle.internal.logging.sink.LogEventDispatcher::onOutput@56 (line 41)
                      ; - org.gradle.internal.logging.sink.OutputEventRenderer$LazyListener::onOutput@89 (line 480)
  0x000001ed13d1a098: e449 77ff 

  0x000001ed13d1a09c: ;   {other}
  0x000001ed13d1a09c: 0f1f 8400 | 8c20 000f | 4c8b d545 | 8b52 2441 | 8b6a 1044 

  0x000001ed13d1a0b0: ;   {metadata('jdk/internal/misc/InternalLock')}
  0x000001ed13d1a0b0: 8b5d 0841 | 81fb a9ed | 0020 0f85 | 644c 0000 | 4c89 5424 | 7848 8bd5 

  0x000001ed13d1a0c8: ;   {optimized virtual_call}
  0x000001ed13d1a0c8: c5f8 77e8 

  0x000001ed13d1a0cc: ; ImmutableOopMap {rbp=Oop [32]=Oop [40]=Oop [48]=Oop [56]=Oop [64]=NarrowOop [68]=NarrowOop [72]=Oop [80]=Oop [88]=Oop [96]=Oop [104]=Oop [112]=Oop [120]=Oop }
                      ;*invokevirtual lock {reexecute=0 rethrow=0 return_oop=0}
                      ; - java.io.BufferedWriter::flushBuffer@18
                      ; - java.io.PrintStream::implWrite@16
                      ; - java.io.PrintStream::write@16
                      ; - java.io.PrintStream::print@5
                      ; - java.io.PrintStream::append@5
                      ; - java.io.PrintStream::append@2
                      ; - org.gradle.internal.logging.text.StreamBackedStandardOutputListener::onOutput@5 (line 52)
                      ; - org.gradle.internal.logging.text.StreamingStyledTextOutput::doAppend@5 (line 55)
                      ; - org.gradle.internal.logging.text.AbstractStyledTextOutput::text@14 (line 87)
                      ; - org.gradle.internal.logging.console.StyledTextOutputBackedRenderer$OutputEventTextOutputImpl::doLineText@5 (line 90)
                      ; - org.gradle.internal.logging.text.AbstractLineChoppingStyledTextOutput$StateContext::flushLineText@109 (line 131)
                      ; - org.gradle.internal.logging.text.AbstractLineChoppingStyledTextOutput::doAppend@39 (line 47)
                      ; - org.gradle.internal.logging.text.AbstractStyledTextOutput::text@14 (line 87)
                      ; - org.gradle.internal.logging.console.StyledTextOutputBackedRenderer::onOutput@187 (line 63)
                      ; - org.gradle.internal.logging.sink.LogEventDispatcher::dispatch@6 (line 47)
                      ; - org.gradle.internal.logging.sink.LogEventDispatcher::onOutput@56 (line 41)
                      ; - org.gradle.internal.logging.sink.OutputEventRenderer$LazyListener::onOutput@89 (line 480)
  0x000001ed13d1a0cc: b049 77ff 

  0x000001ed13d1a0d0: ;   {other}
  0x000001ed13d1a0d0: 0f1f 8400 | c020 0010 | 488b 5424 | 7866 6690 

  0x000001ed13d1a0e0: ;   {optimized virtual_call}
  0x000001ed13d1a0e0: c5f8 77e8 

  0x000001ed13d1a0e4: ; ImmutableOopMap {rbp=Oop [32]=Oop [40]=Oop [48]=Oop [56]=Oop [64]=NarrowOop [68]=NarrowOop [72]=Oop [80]=Oop [88]=Oop [96]=Oop [104]=Oop [112]=Oop }
                      ;*invokevirtual implFlushBuffer {reexecute=0 rethrow=0 return_oop=0}
                      ; - java.io.BufferedWriter::flushBuffer@22
                      ; - java.io.PrintStream::implWrite@16
                      ; - java.io.PrintStream::write@16
                      ; - java.io.PrintStream::print@5
                      ; - java.io.PrintStream::append@5
                      ; - java.io.PrintStream::append@2
                      ; - org.gradle.internal.logging.text.StreamBackedStandardOutputListener::onOutput@5 (line 52)
                      ; - org.gradle.internal.logging.text.StreamingStyledTextOutput::doAppend@5 (line 55)
                      ; - org.gradle.internal.logging.text.AbstractStyledTextOutput::text@14 (line 87)
                      ; - org.gradle.internal.logging.console.StyledTextOutputBackedRenderer$OutputEventTextOutputImpl::doLineText@5 (line 90)
                      ; - org.gradle.internal.logging.text.AbstractLineChoppingStyledTextOutput$StateContext::flushLineText@109 (line 131)
                      ; - org.gradle.internal.logging.text.AbstractLineChoppingStyledTextOutput::doAppend@39 (line 47)
                      ; - org.gradle.internal.logging.text.AbstractStyledTextOutput::text@14 (line 87)
                      ; - org.gradle.internal.logging.console.StyledTextOutputBackedRenderer::onOutput@187 (line 63)
                      ; - org.gradle.internal.logging.sink.LogEventDispatcher::dispatch@6 (line 47)
                      ; - org.gradle.internal.logging.sink.LogEventDispatcher::onOutput@56 (line 41)
                      ; - org.gradle.internal.logging.sink.OutputEventRenderer$LazyListener::onOutput@89 (line 480)
  0x000001ed13d1a0e4: 9849 77ff 

  0x000001ed13d1a0e8: ;   {other}
  0x000001ed13d1a0e8: 0f1f 8400 | d820 0011 | 488b d548 | 8b6c 2470 

  0x000001ed13d1a0f8: ;   {optimized virtual_call}
  0x000001ed13d1a0f8: c5f8 77e8 

  0x000001ed13d1a0fc: ; ImmutableOopMap {rbp=Oop [32]=Oop [40]=Oop [48]=Oop [56]=Oop [64]=NarrowOop [68]=NarrowOop [72]=Oop [80]=Oop [88]=Oop [96]=Oop [104]=Oop [112]=Oop }
                      ;*invokevirtual unlock {reexecute=0 rethrow=0 return_oop=0}
                      ; - java.io.BufferedWriter::flushBuffer@26
                      ; - java.io.PrintStream::implWrite@16
                      ; - java.io.PrintStream::write@16
                      ; - java.io.PrintStream::print@5
                      ; - java.io.PrintStream::append@5
                      ; - java.io.PrintStream::append@2
                      ; - org.gradle.internal.logging.text.StreamBackedStandardOutputListener::onOutput@5 (line 52)
                      ; - org.gradle.internal.logging.text.StreamingStyledTextOutput::doAppend@5 (line 55)
                      ; - org.gradle.internal.logging.text.AbstractStyledTextOutput::text@14 (line 87)
                      ; - org.gradle.internal.logging.console.StyledTextOutputBackedRenderer$OutputEventTextOutputImpl::doLineText@5 (line 90)
                      ; - org.gradle.internal.logging.text.AbstractLineChoppingStyledTextOutput$StateContext::flushLineText@109 (line 131)
                      ; - org.gradle.internal.logging.text.AbstractLineChoppingStyledTextOutput::doAppend@39 (line 47)
                      ; - org.gradle.internal.logging.text.AbstractStyledTextOutput::text@14 (line 87)
                      ; - org.gradle.internal.logging.console.StyledTextOutputBackedRenderer::onOutput@187 (line 63)
                      ; - org.gradle.internal.logging.sink.LogEventDispatcher::dispatch@6 (line 47)
                      ; - org.gradle.internal.logging.sink.LogEventDispatcher::onOutput@56 (line 41)
                      ; - org.gradle.internal.logging.sink.OutputEventRenderer$LazyListener::onOutput@89 (line 480)
  0x000001ed13d1a0fc: 8049 77ff 

  0x000001ed13d1a100: ;   {other}
  0x000001ed13d1a100: 0f1f 8400 | f020 0012 | 4c8b d545 | 8b52 2845 | 8b5a 1445 | 85db 0f84 | c433 0000 | 498b d390 
  0x000001ed13d1a120: ;   {optimized virtual_call}
  0x000001ed13d1a120: c5f8 77e8 

  0x000001ed13d1a124: ; ImmutableOopMap {rbp=Oop [32]=Oop [40]=Oop [48]=Oop [56]=Oop [64]=NarrowOop [68]=NarrowOop [72]=Oop [80]=Oop [88]=Oop [96]=Oop [104]=Oop [112]=Oop }
                      ;*invokevirtual flushBuffer {reexecute=0 rethrow=0 return_oop=0}
                      ; - java.io.OutputStreamWriter::flushBuffer@4
                      ; - java.io.PrintStream::implWrite@23
                      ; - java.io.PrintStream::write@16
                      ; - java.io.PrintStream::print@5
                      ; - java.io.PrintStream::append@5
                      ; - java.io.PrintStream::append@2
                      ; - org.gradle.internal.logging.text.StreamBackedStandardOutputListener::onOutput@5 (line 52)
                      ; - org.gradle.internal.logging.text.StreamingStyledTextOutput::doAppend@5 (line 55)
                      ; - org.gradle.internal.logging.text.AbstractStyledTextOutput::text@14 (line 87)
                      ; - org.gradle.internal.logging.console.StyledTextOutputBackedRenderer$OutputEventTextOutputImpl::doLineText@5 (line 90)
                      ; - org.gradle.internal.logging.text.AbstractLineChoppingStyledTextOutput$StateContext::flushLineText@109 (line 131)
                      ; - org.gradle.internal.logging.text.AbstractLineChoppingStyledTextOutput::doAppend@39 (line 47)
                      ; - org.gradle.internal.logging.text.AbstractStyledTextOutput::text@14 (line 87)
                      ; - org.gradle.internal.logging.console.StyledTextOutputBackedRenderer::onOutput@187 (line 63)
                      ; - org.gradle.internal.logging.sink.LogEventDispatcher::dispatch@6 (line 47)
                      ; - org.gradle.internal.logging.sink.LogEventDispatcher::onOutput@56 (line 41)
                      ; - org.gradle.internal.logging.sink.OutputEventRenderer$LazyListener::onOutput@89 (line 480)
  0x000001ed13d1a124: 5849 77ff 

  0x000001ed13d1a128: ;   {other}
  0x000001ed13d1a128: 0f1f 8400 | 1821 0013 | 4c8b d541 | 0fb6 6a0d | 85ed 0f84 | c83d 0000 | 488b 5424 | 4841 b80a 
  0x000001ed13d1a148: 0000 0045 | 33c9 498b | ea66 6690 

  0x000001ed13d1a154: ;   {optimized virtual_call}
  0x000001ed13d1a154: c5f8 77e8 

  0x000001ed13d1a158: ; ImmutableOopMap {rbp=Oop [32]=Oop [40]=Oop [48]=Oop [56]=Oop [64]=NarrowOop [68]=NarrowOop [80]=Oop [88]=Oop [96]=Oop [104]=Oop [112]=Oop }
                      ;*invokevirtual indexOf {reexecute=0 rethrow=0 return_oop=0}
                      ; - java.lang.String::indexOf@3
                      ; - java.io.PrintStream::implWrite@36
                      ; - java.io.PrintStream::write@16
                      ; - java.io.PrintStream::print@5
                      ; - java.io.PrintStream::append@5
                      ; - java.io.PrintStream::append@2
                      ; - org.gradle.internal.logging.text.StreamBackedStandardOutputListener::onOutput@5 (line 52)
                      ; - org.gradle.internal.logging.text.StreamingStyledTextOutput::doAppend@5 (line 55)
                      ; - org.gradle.internal.logging.text.AbstractStyledTextOutput::text@14 (line 87)
                      ; - org.gradle.internal.logging.console.StyledTextOutputBackedRenderer$OutputEventTextOutputImpl::doLineText@5 (line 90)
                      ; - org.gradle.internal.logging.text.AbstractLineChoppingStyledTextOutput$StateContext::flushLineText@109 (line 131)
                      ; - org.gradle.internal.logging.text.AbstractLineChoppingStyledTextOutput::doAppend@39 (line 47)
                      ; - org.gradle.internal.logging.text.AbstractStyledTextOutput::text@14 (line 87)
                      ; - org.gradle.internal.logging.console.StyledTextOutputBackedRenderer::onOutput@187 (line 63)
                      ; - org.gradle.internal.logging.sink.LogEventDispatcher::dispatch@6 (line 47)
                      ; - org.gradle.internal.logging.sink.LogEventDispatcher::onOutput@56 (line 41)
                      ; - org.gradle.internal.logging.sink.OutputEventRenderer$LazyListener::onOutput@89 (line 480)
  0x000001ed13d1a158: 2449 77ff 

  0x000001ed13d1a15c: ;   {other}
  0x000001ed13d1a15c: 0f1f 8400 | 4c21 0014 | 85c0 0f8d | a40a 0000 | 4c8b 5424 | 7045 8b5a | 1845 8b53 | 0c45 8b5a 
  0x000001ed13d1a17c: 0c45 85db | 0f84 9233 | 0000 498b | d341 b801 | 0000 0090 

  0x000001ed13d1a190: ;   {optimized virtual_call}
  0x000001ed13d1a190: c5f8 77e8 

  0x000001ed13d1a194: ; ImmutableOopMap {[32]=Oop [40]=Oop [48]=Oop [56]=Oop [64]=NarrowOop [68]=NarrowOop [80]=Oop [88]=Oop [96]=Oop [104]=Oop [112]=Oop }
                      ;*invokevirtual release {reexecute=0 rethrow=0 return_oop=0}
                      ; - java.util.concurrent.locks.ReentrantLock::unlock@5
                      ; - jdk.internal.misc.InternalLock::unlock@4
                      ; - java.io.PrintStream::write@23
                      ; - java.io.PrintStream::print@5
                      ; - java.io.PrintStream::append@5
                      ; - java.io.PrintStream::append@2
                      ; - org.gradle.internal.logging.text.StreamBackedStandardOutputListener::onOutput@5 (line 52)
                      ; - org.gradle.internal.logging.text.StreamingStyledTextOutput::doAppend@5 (line 55)
                      ; - org.gradle.internal.logging.text.AbstractStyledTextOutput::text@14 (line 87)
                      ; - org.gradle.internal.logging.console.StyledTextOutputBackedRenderer$OutputEventTextOutputImpl::doLineText@5 (line 90)
                      ; - org.gradle.internal.logging.text.AbstractLineChoppingStyledTextOutput$StateContext::flushLineText@109 (line 131)
                      ; - org.gradle.internal.logging.text.AbstractLineChoppingStyledTextOutput::doAppend@39 (line 47)
                      ; - org.gradle.internal.logging.text.AbstractStyledTextOutput::text@14 (line 87)
                      ; - org.gradle.internal.logging.console.StyledTextOutputBackedRenderer::onOutput@187 (line 63)
                      ; - org.gradle.internal.logging.sink.LogEventDispatcher::dispatch@6 (line 47)
                      ; - org.gradle.internal.logging.sink.LogEventDispatcher::onOutput@56 (line 41)
                      ; - org.gradle.internal.logging.sink.OutputEventRenderer$LazyListener::onOutput@89 (line 480)
  0x000001ed13d1a194: e848 77ff 

  0x000001ed13d1a198: ;   {other}
  0x000001ed13d1a198: 0f1f 8400 | 8821 0015 | 4c8b 5424 | 6841 8b6a | 1044 8b5d 

  0x000001ed13d1a1ac: ;   {metadata('java/io/PrintStream')}
  0x000001ed13d1a1ac: 0841 81fb | 20ef 0020 | 0f85 0a35 | 0000 4c8b | d541 8b6a | 184c 8954 | 2448 448b | 550c 418b 
  0x000001ed13d1a1cc: 5a0c 448b | 5b08 488b 

  0x000001ed13d1a1d4: ;   {metadata('java/util/concurrent/locks/ReentrantLock$NonfairSync')}
  0x000001ed13d1a1d4: fb41 81fb | 4ce6 0020 | 0f85 702a | 0000 33c0 | 41bb 0100 | 0000 f044 | 0fb1 5f10 | 410f 94c2 
  0x000001ed13d1a1f4: 450f b6d2 | 4585 d20f | 84b7 0e00 | 0041 807f | 4000 0f85 | f520 0000 | 448b 5424 | 4444 8957 
  0x000001ed13d1a214: 0c4c 8b54 | 2428 4c8b | df4d 33d3 | 49c1 ea14 | 4d85 d274 | 1a49 c1eb | 0948 b900 | 0046 1bed 
  0x000001ed13d1a234: 0100 0049 | 03cb 8039 | 020f 8542 | 2100 0041 | ba01 0000 | 0045 85d2 | 0f84 7310 | 0000 4c8b 
  0x000001ed13d1a254: 4424 4841 | 8b68 1044 

  0x000001ed13d1a25c: ;   {metadata('java/io/FileOutputStream')}
  0x000001ed13d1a25c: 8b5d 0841 | 81fb 4aec | 0020 0f85 | 0914 0000 | 458b 5018 | 4585 d20f | 8443 3200 | 0045 8b5a 
  0x000001ed13d1a27c: 0c45 8b4b | 0c45 8b51 | 1041 8b69 | 0c4c 8bdd | 4c8b 4424 | 284d 3bd8 | 0f85 363c | 0000 418d 
  0x000001ed13d1a29c: 7aff 4183 | fa01 0f85 | 210f 0000 | 4180 7f40 | 000f 85e2 | 1f00 0045 | 8961 0c41 | ba01 0000 
  0x000001ed13d1a2bc: 0041 8979 | 10f0 8344 | 24c0 0045 | 85d2 740d | 458b 5914 | 4585 db0f | 85b8 0b00 | 004c 8b54 
  0x000001ed13d1a2dc: 2458 4588 | 6220 4c8b | 5424 3045 | 8b5a 104c | 8b44 2438 | 418b 6818 | 4585 db0f | 8493 2e00 
  0x000001ed13d1a2fc: 004c 8954 | 2428 4c8b | c549 8bd3 

  0x000001ed13d1a308: ;   {optimized virtual_call}
  0x000001ed13d1a308: c5f8 77e8 

  0x000001ed13d1a30c: ; ImmutableOopMap {[32]=Oop [40]=Oop [56]=Oop }
                      ;*invokevirtual text {reexecute=0 rethrow=0 return_oop=1}
                      ; - org.gradle.internal.logging.console.StyledTextOutputBackedRenderer::onOutput@199 (line 64)
                      ; - org.gradle.internal.logging.sink.LogEventDispatcher::dispatch@6 (line 47)
                      ; - org.gradle.internal.logging.sink.LogEventDispatcher::onOutput@56 (line 41)
                      ; - org.gradle.internal.logging.sink.OutputEventRenderer$LazyListener::onOutput@89 (line 480)
  0x000001ed13d1a30c: 7047 77ff 

  0x000001ed13d1a310: ;   {other}
  0x000001ed13d1a310: 0f1f 8400 | 0023 0016 | 4c8b 5424 | 2845 8b5a | 1045 85db | 0f84 7e2e | 0000 498b | ea49 8bd3 
  0x000001ed13d1a330: ;   {oop("] ["{0x0000000080d5c5c8})}
  0x000001ed13d1a330: 49b8 c8c5 | d580 0000 | 0000 6690 

  0x000001ed13d1a33c: ;   {optimized virtual_call}
  0x000001ed13d1a33c: c5f8 77e8 

  0x000001ed13d1a340: ; ImmutableOopMap {rbp=Oop [32]=Oop [40]=Oop [56]=Oop }
                      ;*invokevirtual text {reexecute=0 rethrow=0 return_oop=1}
                      ; - org.gradle.internal.logging.console.StyledTextOutputBackedRenderer::onOutput@209 (line 65)
                      ; - org.gradle.internal.logging.sink.LogEventDispatcher::dispatch@6 (line 47)
                      ; - org.gradle.internal.logging.sink.LogEventDispatcher::onOutput@56 (line 41)
                      ; - org.gradle.internal.logging.sink.OutputEventRenderer$LazyListener::onOutput@89 (line 480)
  0x000001ed13d1a340: 3c47 77ff 

  0x000001ed13d1a344: ;   {other}
  0x000001ed13d1a344: 0f1f 8400 | 3423 0017 | 4c8b dd45 | 8b53 104c | 8b44 2438 | 418b 680c | 4585 d20f | 845b 2e00 
  0x000001ed13d1a364: 0049 8bd2 | 4c8b c590 

  0x000001ed13d1a36c: ;   {optimized virtual_call}
  0x000001ed13d1a36c: c5f8 77e8 

  0x000001ed13d1a370: ; ImmutableOopMap {[32]=Oop [40]=Oop [56]=Oop }
                      ;*invokevirtual text {reexecute=0 rethrow=0 return_oop=1}
                      ; - org.gradle.internal.logging.console.StyledTextOutputBackedRenderer::onOutput@221 (line 66)
                      ; - org.gradle.internal.logging.sink.LogEventDispatcher::dispatch@6 (line 47)
                      ; - org.gradle.internal.logging.sink.LogEventDispatcher::onOutput@56 (line 41)
                      ; - org.gradle.internal.logging.sink.OutputEventRenderer$LazyListener::onOutput@89 (line 480)
  0x000001ed13d1a370: 0c47 77ff 

  0x000001ed13d1a374: ;   {other}
  0x000001ed13d1a374: 0f1f 8400 | 6423 0018 | 4c8b 5c24 | 2845 8b53 | 1045 85d2 | 0f84 4a2e | 0000 498b | eb49 8bd2 
  0x000001ed13d1a394: ;   {oop("] "{0x0000000080d5c598})}
  0x000001ed13d1a394: 49b8 98c5 | d580 0000 | 0000 6690 

  0x000001ed13d1a3a0: ;   {optimized virtual_call}
  0x000001ed13d1a3a0: c5f8 77e8 

  0x000001ed13d1a3a4: ; ImmutableOopMap {rbp=Oop [32]=Oop [56]=Oop }
                      ;*invokevirtual text {reexecute=0 rethrow=0 return_oop=1}
                      ; - org.gradle.internal.logging.console.StyledTextOutputBackedRenderer::onOutput@231 (line 67)
                      ; - org.gradle.internal.logging.sink.LogEventDispatcher::dispatch@6 (line 47)
                      ; - org.gradle.internal.logging.sink.LogEventDispatcher::onOutput@56 (line 41)
                      ; - org.gradle.internal.logging.sink.OutputEventRenderer$LazyListener::onOutput@89 (line 480)
  0x000001ed13d1a3a4: d846 77ff 

  0x000001ed13d1a3a8: ;   {other}
  0x000001ed13d1a3a8: 0f1f 8400 | 9823 0019 | 488b fd8b | 7710 488b | 5c24 204c | 8b9c 24b0 | 0000 0044 | 8b53 084c 
  0x000001ed13d1a3c8: ;   {metadata('org/gradle/internal/logging/events/LogEvent')}
  0x000001ed13d1a3c8: 8bc6 4181 | fa15 b701 | 200f 8599 | 0800 004c | 895c 2420 | 488b ef48 | 895c 2428 | 488b d348 
  0x000001ed13d1a3e8: 895c 2430 

  0x000001ed13d1a3ec: ;   {optimized virtual_call}
  0x000001ed13d1a3ec: c5f8 77e8 

  0x000001ed13d1a3f0: ; ImmutableOopMap {rbp=Oop [40]=Oop [48]=Oop }
                      ;*invokevirtual render {reexecute=0 rethrow=0 return_oop=0}
                      ; - org.gradle.internal.logging.console.StyledTextOutputBackedRenderer::onOutput@240 (line 69)
                      ; - org.gradle.internal.logging.sink.LogEventDispatcher::dispatch@6 (line 47)
                      ; - org.gradle.internal.logging.sink.LogEventDispatcher::onOutput@56 (line 41)
                      ; - org.gradle.internal.logging.sink.OutputEventRenderer$LazyListener::onOutput@89 (line 480)
  0x000001ed13d1a3f0: 085d 0000 

  0x000001ed13d1a3f4: ;   {other}
  0x000001ed13d1a3f4: 0f1f 8400 | e423 001a | 4180 7f40 | 000f 8537 | 1500 004c | 8bd5 4c8b | 5c24 284d | 8bc3 4489 
  0x000001ed13d1a414: 4518 4d33 | da49 c1eb | 144d 85db | 7416 49c1 | ea09 4c8b | 4424 204d | 03c2 4180 | 3802 0f85 
  0x000001ed13d1a434: 3915 0000 | 448b 5d10 | 4585 db0f | 84ab 2c00 | 0049 8bd3 

  0x000001ed13d1a448: ;   {oop(a 'org/gradle/internal/logging/text/StyledTextOutput$Style'{0x0000000080c7b610})}
  0x000001ed13d1a448: 49b8 10b6 | c780 0000 | 0000 6690 

  0x000001ed13d1a454: ;   {optimized virtual_call}
  0x000001ed13d1a454: c5f8 77e8 

  0x000001ed13d1a458: ; ImmutableOopMap {}
                      ;*invokevirtual style {reexecute=0 rethrow=0 return_oop=1}
                      ; - org.gradle.internal.logging.console.StyledTextOutputBackedRenderer::onOutput@255 (line 71)
                      ; - org.gradle.internal.logging.sink.LogEventDispatcher::dispatch@6 (line 47)
                      ; - org.gradle.internal.logging.sink.LogEventDispatcher::onOutput@56 (line 41)
                      ; - org.gradle.internal.logging.sink.OutputEventRenderer$LazyListener::onOutput@89 (line 480)
  0x000001ed13d1a458: 2446 77ff 

  0x000001ed13d1a45c: ;   {other}
  0x000001ed13d1a45c: 0f1f 8400 | 4c24 001b | c5f8 7748 | 81c4 d000 

  0x000001ed13d1a46c: ;   {poll_return}
  0x000001ed13d1a46c: 0000 5d49 | 3ba7 5004 | 0000 0f87 | a85b 0000 | c366 6690 | 4585 d20f | 8504 2900 | 004c 8b44 
  0x000001ed13d1a48c: 2448 418b | 4814 418d | 1c0a 85db | 0f8c f229 | 0000 458b | 4024 418b | 7814 4180 | 7810 000f 
  0x000001ed13d1a4ac: 8520 0d00 | 008b 6f0c | 3bdd 0f83 | 9524 0000 | 3bdd 0f83 | d424 0000 | 0fb6 441f | 1083 f80d 
  0x000001ed13d1a4cc: 0f84 cf05 | 0000 448b | c945 034b | 0c45 85c9 | 0f8c 6e2a | 0000 4c8b | 5424 4845 | 8b5a 2445 
  0x000001ed13d1a4ec: 8b53 1441 | 807b 1000 | 0f85 400d | 0000 418b | 6a0c 443b | cd0f 835d | 2500 0044 | 3bcd 0f83 
  0x000001ed13d1a50c: 9c25 0000 | 430f b644 | 0a10 83f8 | 0a0f 84d6 | 0500 004c | 8b54 2448 | 418b 7a28 | ffc1 4189 
  0x000001ed13d1a52c: 4a14 85ff | 0f84 4626 | 0000 4180 | 7f40 000f | 85a8 0900 

  0x000001ed13d1a540: ;   {oop(a 'org/gradle/internal/logging/text/AbstractLineChoppingStyledTextOutput$1'{0x0000000080d70d58})}
  0x000001ed13d1a540: 00c7 471c | 580d d780 

  0x000001ed13d1a548: ;   {oop(a 'org/gradle/internal/logging/text/AbstractLineChoppingStyledTextOutput$1'{0x0000000080d70d58})}
  0x000001ed13d1a548: 49ba 580d | d780 0000 | 0000 4c8b | df4d 33d3 | 49c1 ea14 | 4d85 d274 | 1a49 c1eb | 0948 b900 
  0x000001ed13d1a568: 0046 1bed | 0100 0049 | 03cb 8039 | 020f 85d4 | 0900 004d | 8b97 5804 

  0x000001ed13d1a580: ;   {oop([B{0x0000000080d79f40})}
  0x000001ed13d1a580: 0000 49bb | 409f d780 

  0x000001ed13d1a588: ; ImmutableOopMap {r11=Oop [88]=Derived_oop_r11 [32]=Oop [40]=Oop [48]=Oop [56]=Oop [64]=NarrowOop [72]=Oop [80]=Oop }
                      ;*goto {reexecute=1 rethrow=0 return_oop=0}
                      ; - (reexecute) org.gradle.internal.logging.text.AbstractLineChoppingStyledTextOutput::doAppend@27 (line 44)
                      ; - org.gradle.internal.logging.text.AbstractStyledTextOutput::text@14 (line 87)
                      ; - org.gradle.internal.logging.console.StyledTextOutputBackedRenderer::onOutput@177 (line 62)
                      ; - org.gradle.internal.logging.sink.LogEventDispatcher::dispatch@6 (line 47)
                      ; - org.gradle.internal.logging.sink.LogEventDispatcher::onOutput@56 (line 41)
                      ; - org.gradle.internal.logging.sink.OutputEventRenderer$LazyListener::onOutput@89 (line 480)
  0x000001ed13d1a588: 0000 0000 

  0x000001ed13d1a58c: ;   {poll}
  0x000001ed13d1a58c: 4185 024c | 8b54 2448 | 458b 5a18 

  0x000001ed13d1a598: ; implicit exception: dispatches to 0x000001ed13d1ee10
  0x000001ed13d1a598: 458b 530c | 4c8b 5c24 | 4845 8b43 | 1445 8b5b | 0c45 03c2 | 453b c30f | 8d87 ecff | ff44 8b5c 
  0x000001ed13d1a5b8: 2440 458b | 5b1c 458b 

  0x000001ed13d1a5c0: ;   {metadata('org/gradle/internal/logging/text/AbstractLineChoppingStyledTextOutput$1')}
  0x000001ed13d1a5c0: 5308 4181 | fabd 9403 | 200f 8519 | 0400 004c | 8b54 2448 | 458b 5a18 

  0x000001ed13d1a5d8: ; implicit exception: dispatches to 0x000001ed13d1ee5c
  0x000001ed13d1a5d8: 458b 5314 

  0x000001ed13d1a5dc: ; implicit exception: dispatches to 0x000001ed13d1ee74
  0x000001ed13d1a5dc: 418b 6a0c | 458b 530c | 443b d50f | 845f 2800 | 004c 8b44 | 2448 458b | 4020 418b 

  0x000001ed13d1a5f8: ;   {oop("\x0D\x0A"{0x0000000080d79f58})}
  0x000001ed13d1a5f8: 4814 4181 | f858 9fd7 | 800f 8479 | feff ff41 | 8078 1000 | 0f85 dd00 | 0000 448b | 410c 4183 
  0x000001ed13d1a618: f802 0f85 | cf00 0000 | 4c8b c148 | 8d79 1048 | 8b74 2458 | b902 0000 | 0085 c90f | 849d 0000 
  0x000001ed13d1a638: 008b c183 | e01f 83e1 | e00f 844b | 0000 0048 | 8d3c 0f48 | 8d34 0e48 | f7d9 c5fe | 6f0c 0fc5 
  0x000001ed13d1a658: fe6f 040e | c5f5 efc8 | c4e2 7d17 | c90f 8572 | 0000 0048 | 83c1 2075 | e185 c00f | 845d 0000 
  0x000001ed13d1a678: 00c5 fe6f | 4c07 e0c5 | fe6f 4406 | e0c5 f5ef | c8c4 e27d | 17c9 754d | eb44 8bc8 | 83e1 fc74 
  0x000001ed13d1a698: 1948 8d3c | 0f48 8d34 | 0e48 f7d9 | 8b1c 0f3b | 1c0e 7531 | 4883 c104 | 75f2 a802 | 7412 0fb7 
  0x000001ed13d1a6b8: 1f0f b70e | 3bd9 751d | 488d 7f02 | 488d 7602 | a801 740a | 0fb6 1f0f | b60e 3bd9 | 7507 b801 
  0x000001ed13d1a6d8: 0000 00eb | 0233 c0c5 | f5ef c9c5 | fdef c085 | c00f 8591 | fdff ffba | 45ff ffff | 8b6c 2440 
  0x000001ed13d1a6f8: ;   {no_reloc}
  0x000001ed13d1a6f8: 4c8b 5424 | 304c 8954 | 2428 4c8b | 5424 384c | 8954 2430 | 4c8b 5424 | 484c 8954 | 2440 6690 
  0x000001ed13d1a718: ;   {runtime_call UncommonTrapBlob}
  0x000001ed13d1a718: c5f8 77e8 

  0x000001ed13d1a71c: ; ImmutableOopMap {rbp=NarrowOop [40]=Oop [48]=Oop [64]=Oop [72]=Oop }
                      ;*ifne {reexecute=1 rethrow=0 return_oop=0}
                      ; - (reexecute) org.gradle.internal.logging.text.AbstractLineChoppingStyledTextOutput$1::execute@19 (line 149)
                      ; - org.gradle.internal.logging.text.AbstractLineChoppingStyledTextOutput$1::execute@5 (line 145)
                      ; - org.gradle.internal.logging.text.AbstractLineChoppingStyledTextOutput::doAppend@22 (line 44)
                      ; - org.gradle.internal.logging.text.AbstractStyledTextOutput::text@14 (line 87)
                      ; - org.gradle.internal.logging.console.StyledTextOutputBackedRenderer::onOutput@177 (line 62)
                      ; - org.gradle.internal.logging.sink.LogEventDispatcher::dispatch@6 (line 47)
                      ; - org.gradle.internal.logging.sink.LogEventDispatcher::onOutput@56 (line 41)
                      ; - org.gradle.internal.logging.sink.OutputEventRenderer$LazyListener::onOutput@89 (line 480)
  0x000001ed13d1a71c: e09b 77ff 

  0x000001ed13d1a720: ;   {other}
  0x000001ed13d1a720: 0f1f 8400 | 1027 001d | 0f1f 8400 | 0000 0000 | 4585 db0f | 8593 2600 | 004c 8b54 | 2460 458b 
  0x000001ed13d1a740: 5214 4503 | da45 85db | 0f8c be27 | 0000 4c8b | 4c24 6041 | 8b59 2444 | 8b4b 1480 | 7b10 000f 
  0x000001ed13d1a760: 85a1 0a00 | 0041 8b69 | 0c44 3bdd | 0f83 6622 | 0000 443b | dd0f 83a5 | 2200 0043 | 0fb6 4419 
  0x000001ed13d1a780: 1083 f80d | 0f84 c302 | 0000 418b | ca41 0348 | 0c85 c90f | 8cf3 2700 | 004c 8b5c | 2460 458b 
  0x000001ed13d1a7a0: 5b24 458b | 4314 4180 | 7b10 000f | 85b9 0a00 | 0041 8b68 | 0c3b cd0f | 8333 2300 | 003b cd0f 
  0x000001ed13d1a7c0: 8373 2300 | 0041 0fb6 | 4408 1083 | f80a 0f84 | 1d08 0000 | 4c8b 5c24 | 6041 8b5b | 2841 ffc2 
  0x000001ed13d1a7e0: 4589 5314 | 85db 0f84 | a823 0000 | 4180 7f40 | 000f 8525 

  0x000001ed13d1a7f4: ;   {oop(a 'org/gradle/internal/logging/text/AbstractLineChoppingStyledTextOutput$1'{0x0000000080d70d58})}
  0x000001ed13d1a7f4: 0700 00c7 | 431c 580d 

  0x000001ed13d1a7fc: ;   {oop(a 'org/gradle/internal/logging/text/AbstractLineChoppingStyledTextOutput$1'{0x0000000080d70d58})}
  0x000001ed13d1a7fc: d780 49ba | 580d d780 | 0000 0000 | 4c8b db4d | 33d3 49c1 | ea14 4d85 | d274 1a49 | c1eb 0948 
  0x000001ed13d1a81c: b900 0046 | 1bed 0100 | 0049 03cb | 8039 020f | 856f 0700 | 004d 8b97 | 5804 0000 

  0x000001ed13d1a838: ;   {oop([B{0x0000000080d79f40})}
  0x000001ed13d1a838: 49bb 409f | d780 0000 

  0x000001ed13d1a840: ; ImmutableOopMap {r11=Oop [88]=Derived_oop_r11 [32]=Oop [40]=Oop [48]=Oop [56]=Oop [64]=NarrowOop [68]=NarrowOop [80]=Oop [96]=Oop }
                      ;*goto {reexecute=1 rethrow=0 return_oop=0}
                      ; - (reexecute) org.gradle.internal.logging.text.AbstractLineChoppingStyledTextOutput::doAppend@27 (line 44)
                      ; - org.gradle.internal.logging.text.AbstractStyledTextOutput::text@14 (line 87)
                      ; - org.gradle.internal.logging.console.StyledTextOutputBackedRenderer::onOutput@187 (line 63)
                      ; - org.gradle.internal.logging.sink.LogEventDispatcher::dispatch@6 (line 47)
                      ; - org.gradle.internal.logging.sink.LogEventDispatcher::onOutput@56 (line 41)
                      ; - org.gradle.internal.logging.sink.OutputEventRenderer$LazyListener::onOutput@89 (line 480)
                      ;   {poll}
  0x000001ed13d1a840: 0000 4185 | 024c 8b54 | 2460 458b | 5218 458b | 5a0c 4c8b | 5424 6045 | 8b52 144c | 8b44 2460 
  0x000001ed13d1a860: 458b 480c | 4503 d345 | 3bd1 0f8d | 44f4 ffff | 448b 5424 | 4045 8b5a | 1c45 8b53 

  0x000001ed13d1a87c: ;   {metadata('org/gradle/internal/logging/text/AbstractLineChoppingStyledTextOutput$1')}
  0x000001ed13d1a87c: 0841 81fa | bd94 0320 | 0f85 8f01 | 0000 4c8b | 5424 6045 | 8b42 1845 | 8b50 1441 | 8b6a 0c45 
  0x000001ed13d1a89c: 8b58 0c44 | 3bdd 0f84 | 2026 0000 | 4c8b 5424 | 6045 8b52 | 2041 8b4a 

  0x000001ed13d1a8b4: ;   {oop("\x0D\x0A"{0x0000000080d79f58})}
  0x000001ed13d1a8b4: 1441 81fa | 589f d780 | 0f84 6efe | ffff 4180 | 7a10 000f | 85dd 0000 | 0044 8b51 | 0c41 83fa 
  0x000001ed13d1a8d4: 020f 85cf | 0000 004c | 8bd1 488d | 7910 488b | 7424 58b9 | 0200 0000 | 85c9 0f84 | 9d00 0000 
  0x000001ed13d1a8f4: 8bc1 83e0 | 1f83 e1e0 | 0f84 4b00 | 0000 488d | 3c0f 488d | 340e 48f7 | d9c5 fe6f | 0c0f c5fe 
  0x000001ed13d1a914: 6f04 0ec5 | f5ef c8c4 | e27d 17c9 | 0f85 7200 | 0000 4883 | c120 75e1 | 85c0 0f84 | 5d00 0000 
  0x000001ed13d1a934: c5fe 6f4c | 07e0 c5fe | 6f44 06e0 | c5f5 efc8 | c4e2 7d17 | c975 4deb | 448b c883 | e1fc 7419 
  0x000001ed13d1a954: 488d 3c0f | 488d 340e | 48f7 d98b | 1c0f 3b1c | 0e75 3148 | 83c1 0475 | f2a8 0274 | 120f b71f 
  0x000001ed13d1a974: 0fb7 0e3b | d975 1d48 | 8d7f 0248 | 8d76 02a8 | 0174 0a0f | b61f 0fb6 | 0e3b d975 | 07b8 0100 
  0x000001ed13d1a994: 0000 eb02 | 33c0 c5f5 | efc9 c5fd | efc0 85c0 | 0f85 86fd | ffff ba45 | ffff ff48 | 8b6c 2430 
  0x000001ed13d1a9b4: ;   {no_reloc}
  0x000001ed13d1a9b4: 4c8b 5424 | 384c 8954 | 2420 448b | 5424 4045 | 8bda 4489 | 5c24 2c4c | 8b54 2460 | 4c89 5424 
  0x000001ed13d1a9d4: 3866 6690 

  0x000001ed13d1a9d8: ;   {runtime_call UncommonTrapBlob}
  0x000001ed13d1a9d8: c5f8 77e8 

  0x000001ed13d1a9dc: ; ImmutableOopMap {rbp=Oop [32]=Oop [44]=NarrowOop [56]=Oop [64]=NarrowOop [96]=Oop }
                      ;*ifne {reexecute=1 rethrow=0 return_oop=0}
                      ; - (reexecute) org.gradle.internal.logging.text.AbstractLineChoppingStyledTextOutput$1::execute@19 (line 149)
                      ; - org.gradle.internal.logging.text.AbstractLineChoppingStyledTextOutput$1::execute@5 (line 145)
                      ; - org.gradle.internal.logging.text.AbstractLineChoppingStyledTextOutput::doAppend@22 (line 44)
                      ; - org.gradle.internal.logging.text.AbstractStyledTextOutput::text@14 (line 87)
                      ; - org.gradle.internal.logging.console.StyledTextOutputBackedRenderer::onOutput@187 (line 63)
                      ; - org.gradle.internal.logging.sink.LogEventDispatcher::dispatch@6 (line 47)
                      ; - org.gradle.internal.logging.sink.LogEventDispatcher::onOutput@56 (line 41)
                      ; - org.gradle.internal.logging.sink.OutputEventRenderer$LazyListener::onOutput@89 (line 480)
  0x000001ed13d1a9dc: 2099 77ff 

  0x000001ed13d1a9e0: ;   {other}
  0x000001ed13d1a9e0: 0f1f 8400 | d029 001f | 498b d34c | 8b44 2448 

  0x000001ed13d1a9f0: ;   {oop([B{0x0000000080d79f40})}
  0x000001ed13d1a9f0: 48bd 409f | d780 0000 | 0000 c5f8 | 7748 b8ff | ffff ffff 

  0x000001ed13d1aa04: ;   {virtual_call}
  0x000001ed13d1aa04: ffff ffe8 

  0x000001ed13d1aa08: ; ImmutableOopMap {rbp=Oop [88]=Derived_oop_rbp [32]=Oop [40]=Oop [48]=Oop [56]=Oop [64]=NarrowOop [72]=Oop [80]=Oop }
                      ;*invokeinterface execute {reexecute=0 rethrow=0 return_oop=0}
                      ; - org.gradle.internal.logging.text.AbstractLineChoppingStyledTextOutput::doAppend@22 (line 44)
                      ; - org.gradle.internal.logging.text.AbstractStyledTextOutput::text@14 (line 87)
                      ; - org.gradle.internal.logging.console.StyledTextOutputBackedRenderer::onOutput@177 (line 62)
                      ; - org.gradle.internal.logging.sink.LogEventDispatcher::dispatch@6 (line 47)
                      ; - org.gradle.internal.logging.sink.LogEventDispatcher::onOutput@56 (line 41)
                      ; - org.gradle.internal.logging.sink.OutputEventRenderer$LazyListener::onOutput@89 (line 480)
  0x000001ed13d1aa08: 7443 77ff 

  0x000001ed13d1aa0c: ;   {other}
  0x000001ed13d1aa0c: 0f1f 8400 | fc29 0020 | e962 fbff | ff49 8bd3 | 4c8b 4424 

  0x000001ed13d1aa20: ;   {oop([B{0x0000000080d79f40})}
  0x000001ed13d1aa20: 6048 bd40 | 9fd7 8000 | 0000 0066 | 6690 c5f8 | 7748 b8ff | ffff ffff 

  0x000001ed13d1aa38: ;   {virtual_call}
  0x000001ed13d1aa38: ffff ffe8 

  0x000001ed13d1aa3c: ; ImmutableOopMap {rbp=Oop [88]=Derived_oop_rbp [32]=Oop [40]=Oop [48]=Oop [56]=Oop [64]=NarrowOop [68]=NarrowOop [80]=Oop [96]=Oop }
                      ;*invokeinterface execute {reexecute=0 rethrow=0 return_oop=0}
                      ; - org.gradle.internal.logging.text.AbstractLineChoppingStyledTextOutput::doAppend@22 (line 44)
                      ; - org.gradle.internal.logging.text.AbstractStyledTextOutput::text@14 (line 87)
                      ; - org.gradle.internal.logging.console.StyledTextOutputBackedRenderer::onOutput@187 (line 63)
                      ; - org.gradle.internal.logging.sink.LogEventDispatcher::dispatch@6 (line 47)
                      ; - org.gradle.internal.logging.sink.LogEventDispatcher::onOutput@56 (line 41)
                      ; - org.gradle.internal.logging.sink.OutputEventRenderer$LazyListener::onOutput@89 (line 480)
  0x000001ed13d1aa3c: 4043 77ff 

  0x000001ed13d1aa40: ;   {other}
  0x000001ed13d1aa40: 0f1f 8400 | 302a 0021 | e9e4 fdff | ff45 85c0 | 0f84 1236 | 0000 498b | d041 b80d 

  0x000001ed13d1aa5c: ;   {oop([B{0x0000000080d79f40})}
  0x000001ed13d1aa5c: 0000 0048 | bd40 9fd7 | 8000 0000 | 0066 6690 

  0x000001ed13d1aa6c: ;   {optimized virtual_call}
  0x000001ed13d1aa6c: c5f8 77e8 

  0x000001ed13d1aa70: ; ImmutableOopMap {rbp=Oop [88]=Derived_oop_rbp [32]=Oop [40]=Oop [48]=Oop [56]=Oop [64]=NarrowOop [68]=NarrowOop [80]=Oop [96]=Oop }
                      ;*invokevirtual add {reexecute=0 rethrow=0 return_oop=0}
                      ; - org.gradle.internal.logging.text.AbstractLineChoppingStyledTextOutput$2::execute@15 (line 178)
                      ; - org.gradle.internal.logging.text.AbstractLineChoppingStyledTextOutput$2::execute@5 (line 174)
                      ; - org.gradle.internal.logging.text.AbstractLineChoppingStyledTextOutput$1::execute@107 (line 160)
                      ; - org.gradle.internal.logging.text.AbstractLineChoppingStyledTextOutput$1::execute@5 (line 145)
                      ; - org.gradle.internal.logging.text.AbstractLineChoppingStyledTextOutput::doAppend@22 (line 44)
                      ; - org.gradle.internal.logging.text.AbstractStyledTextOutput::text@14 (line 87)
                      ; - org.gradle.internal.logging.console.StyledTextOutputBackedRenderer::onOutput@187 (line 63)
                      ; - org.gradle.internal.logging.sink.LogEventDispatcher::dispatch@6 (line 47)
                      ; - org.gradle.internal.logging.sink.LogEventDispatcher::onOutput@56 (line 41)
                      ; - org.gradle.internal.logging.sink.OutputEventRenderer$LazyListener::onOutput@89 (line 480)
  0x000001ed13d1aa70: 0c40 77ff 

  0x000001ed13d1aa74: ;   {other}
  0x000001ed13d1aa74: 0f1f 8400 | 642a 0022 | 488b 5424 

  0x000001ed13d1aa80: ;   {oop(a 'org/gradle/internal/logging/text/AbstractLineChoppingStyledTextOutput$3'{0x0000000080d1b478})}
  0x000001ed13d1aa80: 6049 b878 | b4d1 8000 | 0000 0090 

  0x000001ed13d1aa8c: ;   {optimized virtual_call}
  0x000001ed13d1aa8c: c5f8 77e8 

  0x000001ed13d1aa90: ; ImmutableOopMap {rbp=Oop [88]=Derived_oop_rbp [32]=Oop [40]=Oop [48]=Oop [56]=Oop [64]=NarrowOop [68]=NarrowOop [80]=Oop [96]=Oop }
                      ;*invokevirtual setState {reexecute=0 rethrow=0 return_oop=0}
                      ; - org.gradle.internal.logging.text.AbstractLineChoppingStyledTextOutput$2::execute@22 (line 179)
                      ; - org.gradle.internal.logging.text.AbstractLineChoppingStyledTextOutput$2::execute@5 (line 174)
                      ; - org.gradle.internal.logging.text.AbstractLineChoppingStyledTextOutput$1::execute@107 (line 160)
                      ; - org.gradle.internal.logging.text.AbstractLineChoppingStyledTextOutput$1::execute@5 (line 145)
                      ; - org.gradle.internal.logging.text.AbstractLineChoppingStyledTextOutput::doAppend@22 (line 44)
                      ; - org.gradle.internal.logging.text.AbstractStyledTextOutput::text@14 (line 87)
                      ; - org.gradle.internal.logging.console.StyledTextOutputBackedRenderer::onOutput@187 (line 63)
                      ; - org.gradle.internal.logging.sink.LogEventDispatcher::dispatch@6 (line 47)
                      ; - org.gradle.internal.logging.sink.LogEventDispatcher::onOutput@56 (line 41)
                      ; - org.gradle.internal.logging.sink.OutputEventRenderer$LazyListener::onOutput@89 (line 480)
  0x000001ed13d1aa90: ec3f 77ff 

  0x000001ed13d1aa94: ;   {other}
  0x000001ed13d1aa94: 0f1f 8400 | 842a 0023 | e990 fdff | ff45 85db | 0f84 d635 | 0000 498b | d341 b80d 

  0x000001ed13d1aab0: ;   {oop([B{0x0000000080d79f40})}
  0x000001ed13d1aab0: 0000 0048 | bd40 9fd7 | 8000 0000 | 0066 6690 

  0x000001ed13d1aac0: ;   {optimized virtual_call}
  0x000001ed13d1aac0: c5f8 77e8 

  0x000001ed13d1aac4: ; ImmutableOopMap {rbp=Oop [88]=Derived_oop_rbp [32]=Oop [40]=Oop [48]=Oop [56]=Oop [64]=NarrowOop [72]=Oop [80]=Oop }
                      ;*invokevirtual add {reexecute=0 rethrow=0 return_oop=0}
                      ; - org.gradle.internal.logging.text.AbstractLineChoppingStyledTextOutput$2::execute@15 (line 178)
                      ; - org.gradle.internal.logging.text.AbstractLineChoppingStyledTextOutput$2::execute@5 (line 174)
                      ; - org.gradle.internal.logging.text.AbstractLineChoppingStyledTextOutput$1::execute@107 (line 160)
                      ; - org.gradle.internal.logging.text.AbstractLineChoppingStyledTextOutput$1::execute@5 (line 145)
                      ; - org.gradle.internal.logging.text.AbstractLineChoppingStyledTextOutput::doAppend@22 (line 44)
                      ; - org.gradle.internal.logging.text.AbstractStyledTextOutput::text@14 (line 87)
                      ; - org.gradle.internal.logging.console.StyledTextOutputBackedRenderer::onOutput@177 (line 62)
                      ; - org.gradle.internal.logging.sink.LogEventDispatcher::dispatch@6 (line 47)
                      ; - org.gradle.internal.logging.sink.LogEventDispatcher::onOutput@56 (line 41)
                      ; - org.gradle.internal.logging.sink.OutputEventRenderer$LazyListener::onOutput@89 (line 480)
  0x000001ed13d1aac4: b83f 77ff 

  0x000001ed13d1aac8: ;   {other}
  0x000001ed13d1aac8: 0f1f 8400 | b82a 0024 | 488b 5424 

  0x000001ed13d1aad4: ;   {oop(a 'org/gradle/internal/logging/text/AbstractLineChoppingStyledTextOutput$3'{0x0000000080d1b478})}
  0x000001ed13d1aad4: 4849 b878 | b4d1 8000 | 0000 0090 

  0x000001ed13d1aae0: ;   {optimized virtual_call}
  0x000001ed13d1aae0: c5f8 77e8 

  0x000001ed13d1aae4: ; ImmutableOopMap {rbp=Oop [88]=Derived_oop_rbp [32]=Oop [40]=Oop [48]=Oop [56]=Oop [64]=NarrowOop [72]=Oop [80]=Oop }
                      ;*invokevirtual setState {reexecute=0 rethrow=0 return_oop=0}
                      ; - org.gradle.internal.logging.text.AbstractLineChoppingStyledTextOutput$2::execute@22 (line 179)
                      ; - org.gradle.internal.logging.text.AbstractLineChoppingStyledTextOutput$2::execute@5 (line 174)
                      ; - org.gradle.internal.logging.text.AbstractLineChoppingStyledTextOutput$1::execute@107 (line 160)
                      ; - org.gradle.internal.logging.text.AbstractLineChoppingStyledTextOutput$1::execute@5 (line 145)
                      ; - org.gradle.internal.logging.text.AbstractLineChoppingStyledTextOutput::doAppend@22 (line 44)
                      ; - org.gradle.internal.logging.text.AbstractStyledTextOutput::text@14 (line 87)
                      ; - org.gradle.internal.logging.console.StyledTextOutputBackedRenderer::onOutput@177 (line 62)
                      ; - org.gradle.internal.logging.sink.LogEventDispatcher::dispatch@6 (line 47)
                      ; - org.gradle.internal.logging.sink.LogEventDispatcher::onOutput@56 (line 41)
                      ; - org.gradle.internal.logging.sink.OutputEventRenderer$LazyListener::onOutput@89 (line 480)
  0x000001ed13d1aae4: 983f 77ff 

  0x000001ed13d1aae8: ;   {other}
  0x000001ed13d1aae8: 0f1f 8400 | d82a 0025 | e986 faff | ff48 8b54 

  0x000001ed13d1aaf8: ;   {oop([B{0x0000000080d79f40})}
  0x000001ed13d1aaf8: 2448 48bd | 409f d780 | 0000 0000 

  0x000001ed13d1ab04: ;   {optimized virtual_call}
  0x000001ed13d1ab04: c5f8 77e8 

  0x000001ed13d1ab08: ; ImmutableOopMap {rbp=Oop [88]=Derived_oop_rbp [32]=Oop [40]=Oop [48]=Oop [56]=Oop [64]=NarrowOop [72]=Oop [80]=Oop }
                      ;*invokevirtual flushLineText {reexecute=0 rethrow=0 return_oop=0}
                      ; - org.gradle.internal.logging.text.AbstractLineChoppingStyledTextOutput$2::execute@38 (line 181)
                      ; - org.gradle.internal.logging.text.AbstractLineChoppingStyledTextOutput$2::execute@5 (line 174)
                      ; - org.gradle.internal.logging.text.AbstractLineChoppingStyledTextOutput$1::execute@107 (line 160)
                      ; - org.gradle.internal.logging.text.AbstractLineChoppingStyledTextOutput$1::execute@5 (line 145)
                      ; - org.gradle.internal.logging.text.AbstractLineChoppingStyledTextOutput::doAppend@22 (line 44)
                      ; - org.gradle.internal.logging.text.AbstractStyledTextOutput::text@14 (line 87)
                      ; - org.gradle.internal.logging.console.StyledTextOutputBackedRenderer::onOutput@177 (line 62)
                      ; - org.gradle.internal.logging.sink.LogEventDispatcher::dispatch@6 (line 47)
                      ; - org.gradle.internal.logging.sink.LogEventDispatcher::onOutput@56 (line 41)
                      ; - org.gradle.internal.logging.sink.OutputEventRenderer$LazyListener::onOutput@89 (line 480)
  0x000001ed13d1ab08: 743f 77ff 

  0x000001ed13d1ab0c: ;   {other}
  0x000001ed13d1ab0c: 0f1f 8400 | fc2a 0026 | 488b 5424 

  0x000001ed13d1ab18: ;   {oop("\x0A"{0x00000000804d9248})}
  0x000001ed13d1ab18: 4849 b848 | 924d 8000 | 0000 0090 

  0x000001ed13d1ab24: ;   {optimized virtual_call}
  0x000001ed13d1ab24: c5f8 77e8 

  0x000001ed13d1ab28: ; ImmutableOopMap {rbp=Oop [88]=Derived_oop_rbp [32]=Oop [40]=Oop [48]=Oop [56]=Oop [64]=NarrowOop [72]=Oop [80]=Oop }
                      ;*invokevirtual flushEndLine {reexecute=0 rethrow=0 return_oop=0}
                      ; - org.gradle.internal.logging.text.AbstractLineChoppingStyledTextOutput$2::execute@44 (line 182)
                      ; - org.gradle.internal.logging.text.AbstractLineChoppingStyledTextOutput$2::execute@5 (line 174)
                      ; - org.gradle.internal.logging.text.AbstractLineChoppingStyledTextOutput$1::execute@107 (line 160)
                      ; - org.gradle.internal.logging.text.AbstractLineChoppingStyledTextOutput$1::execute@5 (line 145)
                      ; - org.gradle.internal.logging.text.AbstractLineChoppingStyledTextOutput::doAppend@22 (line 44)
                      ; - org.gradle.internal.logging.text.AbstractStyledTextOutput::text@14 (line 87)
                      ; - org.gradle.internal.logging.console.StyledTextOutputBackedRenderer::onOutput@177 (line 62)
                      ; - org.gradle.internal.logging.sink.LogEventDispatcher::dispatch@6 (line 47)
                      ; - org.gradle.internal.logging.sink.LogEventDispatcher::onOutput@56 (line 41)
                      ; - org.gradle.internal.logging.sink.OutputEventRenderer$LazyListener::onOutput@89 (line 480)
  0x000001ed13d1ab28: 543f 77ff 

  0x000001ed13d1ab2c: ;   {other}
  0x000001ed13d1ab2c: 0f1f 8400 | 1c2b 0027 | 488b 5424 | 4866 6690 

  0x000001ed13d1ab3c: ;   {optimized virtual_call}
  0x000001ed13d1ab3c: c5f8 77e8 

  0x000001ed13d1ab40: ; ImmutableOopMap {rbp=Oop [88]=Derived_oop_rbp [32]=Oop [40]=Oop [48]=Oop [56]=Oop [64]=NarrowOop [72]=Oop [80]=Oop }
                      ;*invokevirtual next {reexecute=0 rethrow=0 return_oop=0}
                      ; - org.gradle.internal.logging.text.AbstractLineChoppingStyledTextOutput$2::execute@48 (line 183)
                      ; - org.gradle.internal.logging.text.AbstractLineChoppingStyledTextOutput$2::execute@5 (line 174)
                      ; - org.gradle.internal.logging.text.AbstractLineChoppingStyledTextOutput$1::execute@107 (line 160)
                      ; - org.gradle.internal.logging.text.AbstractLineChoppingStyledTextOutput$1::execute@5 (line 145)
                      ; - org.gradle.internal.logging.text.AbstractLineChoppingStyledTextOutput::doAppend@22 (line 44)
                      ; - org.gradle.internal.logging.text.AbstractStyledTextOutput::text@14 (line 87)
                      ; - org.gradle.internal.logging.console.StyledTextOutputBackedRenderer::onOutput@177 (line 62)
                      ; - org.gradle.internal.logging.sink.LogEventDispatcher::dispatch@6 (line 47)
                      ; - org.gradle.internal.logging.sink.LogEventDispatcher::onOutput@56 (line 41)
                      ; - org.gradle.internal.logging.sink.OutputEventRenderer$LazyListener::onOutput@89 (line 480)
  0x000001ed13d1ab40: 3c3f 77ff 

  0x000001ed13d1ab44: ;   {other}
  0x000001ed13d1ab44: 0f1f 8400 | 342b 0028 | 488b 5424 | 4866 6690 

  0x000001ed13d1ab54: ;   {optimized virtual_call}
  0x000001ed13d1ab54: c5f8 77e8 

  0x000001ed13d1ab58: ; ImmutableOopMap {rbp=Oop [88]=Derived_oop_rbp [32]=Oop [40]=Oop [48]=Oop [56]=Oop [64]=NarrowOop [72]=Oop [80]=Oop }
                      ;*invokevirtual reset {reexecute=0 rethrow=0 return_oop=0}
                      ; - org.gradle.internal.logging.text.AbstractLineChoppingStyledTextOutput$2::execute@52 (line 184)
                      ; - org.gradle.internal.logging.text.AbstractLineChoppingStyledTextOutput$2::execute@5 (line 174)
                      ; - org.gradle.internal.logging.text.AbstractLineChoppingStyledTextOutput$1::execute@107 (line 160)
                      ; - org.gradle.internal.logging.text.AbstractLineChoppingStyledTextOutput$1::execute@5 (line 145)
                      ; - org.gradle.internal.logging.text.AbstractLineChoppingStyledTextOutput::doAppend@22 (line 44)
                      ; - org.gradle.internal.logging.text.AbstractStyledTextOutput::text@14 (line 87)
                      ; - org.gradle.internal.logging.console.StyledTextOutputBackedRenderer::onOutput@177 (line 62)
                      ; - org.gradle.internal.logging.sink.LogEventDispatcher::dispatch@6 (line 47)
                      ; - org.gradle.internal.logging.sink.LogEventDispatcher::onOutput@56 (line 41)
                      ; - org.gradle.internal.logging.sink.OutputEventRenderer$LazyListener::onOutput@89 (line 480)
  0x000001ed13d1ab58: 243f 77ff 

  0x000001ed13d1ab5c: ;   {other}
  0x000001ed13d1ab5c: 0f1f 8400 | 4c2b 0029 | 488b 5424 

  0x000001ed13d1ab68: ;   {oop(a 'org/gradle/internal/logging/text/AbstractLineChoppingStyledTextOutput$4'{0x0000000080d1b468})}
  0x000001ed13d1ab68: 4849 b868 | b4d1 8000 | 0000 0090 

  0x000001ed13d1ab74: ;   {optimized virtual_call}
  0x000001ed13d1ab74: c5f8 77e8 

  0x000001ed13d1ab78: ; ImmutableOopMap {rbp=Oop [88]=Derived_oop_rbp [32]=Oop [40]=Oop [48]=Oop [56]=Oop [64]=NarrowOop [72]=Oop [80]=Oop }
                      ;*invokevirtual setState {reexecute=0 rethrow=0 return_oop=0}
                      ; - org.gradle.internal.logging.text.AbstractLineChoppingStyledTextOutput$2::execute@59 (line 185)
                      ; - org.gradle.internal.logging.text.AbstractLineChoppingStyledTextOutput$2::execute@5 (line 174)
                      ; - org.gradle.internal.logging.text.AbstractLineChoppingStyledTextOutput$1::execute@107 (line 160)
                      ; - org.gradle.internal.logging.text.AbstractLineChoppingStyledTextOutput$1::execute@5 (line 145)
                      ; - org.gradle.internal.logging.text.AbstractLineChoppingStyledTextOutput::doAppend@22 (line 44)
                      ; - org.gradle.internal.logging.text.AbstractStyledTextOutput::text@14 (line 87)
                      ; - org.gradle.internal.logging.console.StyledTextOutputBackedRenderer::onOutput@177 (line 62)
                      ; - org.gradle.internal.logging.sink.LogEventDispatcher::dispatch@6 (line 47)
                      ; - org.gradle.internal.logging.sink.LogEventDispatcher::onOutput@56 (line 41)
                      ; - org.gradle.internal.logging.sink.OutputEventRenderer$LazyListener::onOutput@89 (line 480)
  0x000001ed13d1ab78: 043f 77ff 

  0x000001ed13d1ab7c: ;   {other}
  0x000001ed13d1ab7c: 0f1f 8400 | 6c2b 002a | e9f2 f9ff | ff49 bb00 | 0046 1bed | 0100 00e9 | 2bf8 ffff | 443b 6714 
  0x000001ed13d1ab9c: 0f84 4905 | 0000 41bb | 0100 0000 | e9be e0ff | ff4c 8b54 | 2470 418b | 6a10 448b 

  0x000001ed13d1abb8: ;   {metadata('java/io/FileOutputStream')}
  0x000001ed13d1abb8: 5d08 4181 | fb4a ec00 | 200f 849d | ebff ffba | deff ffff | 448b 5424 | 4044 8954 | 2420 4c8b 
  0x000001ed13d1abd8: 5424 304c | 8954 2428 | 4c8b 5424 | 384c 8954 | 2430 4c8b | 5424 484c | 8954 2438 | 4c8b 5424 
  0x000001ed13d1abf8: 704c 8954 | 2458 6690 

  0x000001ed13d1ac00: ;   {runtime_call UncommonTrapBlob}
  0x000001ed13d1ac00: c5f8 77e8 

  0x000001ed13d1ac04: ; ImmutableOopMap {rbp=NarrowOop [32]=NarrowOop [40]=Oop [48]=Oop [56]=Oop [88]=Oop [96]=Oop [104]=Oop [112]=Oop }
                      ;*invokevirtual flush {reexecute=0 rethrow=0 return_oop=0}
                      ; - java.io.PrintStream::implWrite@46
                      ; - java.io.PrintStream::write@16
                      ; - java.io.PrintStream::print@5
                      ; - java.io.PrintStream::append@5
                      ; - java.io.PrintStream::append@2
                      ; - org.gradle.internal.logging.text.StreamBackedStandardOutputListener::onOutput@5 (line 52)
                      ; - org.gradle.internal.logging.text.StreamingStyledTextOutput::doAppend@5 (line 55)
                      ; - org.gradle.internal.logging.text.AbstractStyledTextOutput::text@14 (line 87)
                      ; - org.gradle.internal.logging.console.StyledTextOutputBackedRenderer$OutputEventTextOutputImpl::doLineText@5 (line 90)
                      ; - org.gradle.internal.logging.text.AbstractLineChoppingStyledTextOutput$StateContext::flushLineText@109 (line 131)
                      ; - org.gradle.internal.logging.text.AbstractLineChoppingStyledTextOutput::doAppend@39 (line 47)
                      ; - org.gradle.internal.logging.text.AbstractStyledTextOutput::text@14 (line 87)
                      ; - org.gradle.internal.logging.console.StyledTextOutputBackedRenderer::onOutput@177 (line 62)
                      ; - org.gradle.internal.logging.sink.LogEventDispatcher::dispatch@6 (line 47)
                      ; - org.gradle.internal.logging.sink.LogEventDispatcher::onOutput@56 (line 41)
                      ; - org.gradle.internal.logging.sink.OutputEventRenderer$LazyListener::onOutput@89 (line 480)
  0x000001ed13d1ac04: f896 77ff 

  0x000001ed13d1ac08: ;   {other}
  0x000001ed13d1ac08: 0f1f 8400 | f82b 002b | 4c8b d541 | 8b6a 1044 

  0x000001ed13d1ac18: ;   {metadata('java/io/FileOutputStream')}
  0x000001ed13d1ac18: 8b5d 0841 | 81fb 4aec | 0020 0f84 | 44f5 ffff | bade ffff | ff4c 8b54 | 2430 4c89 | 5424 204c 
  0x000001ed13d1ac38: 8b54 2438 | 4c89 5424 | 2844 8b54 | 2440 4489 | 5424 304c | 8b54 2458 | 4c89 5424 | 384c 8b54 
  0x000001ed13d1ac58: 2470 4c89 | 5424 5890 

  0x000001ed13d1ac60: ;   {runtime_call UncommonTrapBlob}
  0x000001ed13d1ac60: c5f8 77e8 

  0x000001ed13d1ac64: ; ImmutableOopMap {rbp=NarrowOop [32]=Oop [40]=Oop [48]=NarrowOop [56]=Oop [88]=Oop [96]=Oop [104]=Oop [112]=Oop }
                      ;*invokevirtual flush {reexecute=0 rethrow=0 return_oop=0}
                      ; - java.io.PrintStream::implWrite@46
                      ; - java.io.PrintStream::write@16
                      ; - java.io.PrintStream::print@5
                      ; - java.io.PrintStream::append@5
                      ; - java.io.PrintStream::append@2
                      ; - org.gradle.internal.logging.text.StreamBackedStandardOutputListener::onOutput@5 (line 52)
                      ; - org.gradle.internal.logging.text.StreamingStyledTextOutput::doAppend@5 (line 55)
                      ; - org.gradle.internal.logging.text.AbstractStyledTextOutput::text@14 (line 87)
                      ; - org.gradle.internal.logging.console.StyledTextOutputBackedRenderer$OutputEventTextOutputImpl::doLineText@5 (line 90)
                      ; - org.gradle.internal.logging.text.AbstractLineChoppingStyledTextOutput$StateContext::flushLineText@109 (line 131)
                      ; - org.gradle.internal.logging.text.AbstractLineChoppingStyledTextOutput::doAppend@39 (line 47)
                      ; - org.gradle.internal.logging.text.AbstractStyledTextOutput::text@14 (line 87)
                      ; - org.gradle.internal.logging.console.StyledTextOutputBackedRenderer::onOutput@187 (line 63)
                      ; - org.gradle.internal.logging.sink.LogEventDispatcher::dispatch@6 (line 47)
                      ; - org.gradle.internal.logging.sink.LogEventDispatcher::onOutput@56 (line 41)
                      ; - org.gradle.internal.logging.sink.OutputEventRenderer$LazyListener::onOutput@89 (line 480)
  0x000001ed13d1ac64: 9896 77ff 

  0x000001ed13d1ac68: ;   {other}
  0x000001ed13d1ac68: 0f1f 8400 | 582c 002c | 4889 5c24 | 284c 895c | 2420 488b | ef48 8bd3 | 6690 c5f8 | 7748 b8ff 
  0x000001ed13d1ac88: ffff ffff 

  0x000001ed13d1ac8c: ;   {virtual_call}
  0x000001ed13d1ac8c: ffff ffe8 

  0x000001ed13d1ac90: ; ImmutableOopMap {rbp=Oop [40]=Oop }
                      ;*invokevirtual render {reexecute=0 rethrow=0 return_oop=0}
                      ; - org.gradle.internal.logging.console.StyledTextOutputBackedRenderer::onOutput@240 (line 69)
                      ; - org.gradle.internal.logging.sink.LogEventDispatcher::dispatch@6 (line 47)
                      ; - org.gradle.internal.logging.sink.LogEventDispatcher::onOutput@56 (line 41)
                      ; - org.gradle.internal.logging.sink.OutputEventRenderer$LazyListener::onOutput@89 (line 480)
  0x000001ed13d1ac90: ec40 77ff 

  0x000001ed13d1ac94: ;   {other}
  0x000001ed13d1ac94: 0f1f 8400 | 842c 002d | e95b f7ff | ff4d 8bd0 | 4c89 5424 | 70e9 ade8 | ffff 4d8b | c2e9 f1f2 
  0x000001ed13d1acb4: ffff 4c63 | 5424 6c4c | 8954 2460 | 448b 5c24 | 6c41 81fb | 0000 1000 | 0f87 fe22 | 0000 4d8b 
  0x000001ed13d1acd4: 97b8 0100 | 004c 8b5c | 2460 4983 | c317 4983 | e3f8 4d8b | c24d 03c3 | 4d3b 87c8 | 0100 000f 
  0x000001ed13d1acf4: 83d7 2200 | 004d 8987 | b801 0000 | 410f 1880 | 0001 0000 | 49c7 0201 | 0000 0041 | 0f18 8040 
  0x000001ed13d1ad14: ;   {metadata({type array byte})}
  0x000001ed13d1ad14: 0100 0041 | c742 0859 | 8100 2044 | 8b5c 246c | 4589 5a0c | 410f 1880 | 8001 0000 | 498b da44 
  0x000001ed13d1ad34: 8b5c 2468 | 498d 4b10 | 498b d248 | 83c2 104c | 8b54 2460 | 4983 c207 | 49c1 ea03 | 4d8b c2c5 
  0x000001ed13d1ad54: f877 49ba | e09d 4713 | ed01 0000 

  0x000001ed13d1ad60: ;   {other}
  0x000001ed13d1ad60: 41ff d20f | 1f84 0000 | 0000 00e9 | 9fe7 ffff | 4c63 5424 | 6049 8bea | 448b 5c24 | 6041 81fb 
  0x000001ed13d1ad80: 0000 1000 | 0f87 7a22 | 0000 4d8b | 97b8 0100 | 004c 8d5d | 1749 83e3 | f84d 8bc2 | 4d03 c34d 
  0x000001ed13d1ada0: 3b87 c801 | 0000 0f83 | 5822 0000 | 4d89 87b8 | 0100 0041 | 0f18 8000 | 0100 0049 | c702 0100 
  0x000001ed13d1adc0: 0000 410f | 1880 4001 

  0x000001ed13d1adc8: ;   {metadata({type array byte})}
  0x000001ed13d1adc8: 0000 41c7 | 4208 5981 | 0020 448b | 5c24 6045 | 895a 0c41 | 0f18 8080 | 0100 0049 | 8bda 448b 
  0x000001ed13d1ade8: 5c24 5c49 | 8d4b 1049 | 8bd2 4883 | c210 4c8d | 5507 49c1 | ea03 4d8b | c2c5 f877 | 49ba e09d 
  0x000001ed13d1ae08: 4713 ed01 | 0000 41ff 

  0x000001ed13d1ae10: ;   {other}
  0x000001ed13d1ae10: d20f 1f84 | 0000 0000 | 00e9 42f1 | ffff 458b | 5314 4489 | 5424 7045 | 85d2 0f84 | b0ea ffff 
  0x000001ed13d1ae30: 458b 520c | 4585 d20f | 84a3 eaff | ff44 8b5c | 2470 4d8b | d349 8bd2 | 41b8 0100 | 0000 4c89 
  0x000001ed13d1ae50: ;   {oop([B{0x0000000080d79f40})}
  0x000001ed13d1ae50: 5424 6848 | bd40 9fd7 | 8000 0000 | 0066 6690 

  0x000001ed13d1ae60: ;   {optimized virtual_call}
  0x000001ed13d1ae60: c5f8 77e8 

  0x000001ed13d1ae64: ; ImmutableOopMap {rbp=Oop [88]=Derived_oop_rbp [32]=Oop [40]=Oop [48]=Oop [56]=Oop [64]=NarrowOop [68]=NarrowOop [72]=Oop [80]=Oop [96]=Oop [104]=Oop [112]=NarrowOop }
                      ;*invokevirtual getAndUnsetStatus {reexecute=0 rethrow=0 return_oop=0}
                      ; - java.util.concurrent.locks.AbstractQueuedSynchronizer::signalNext@22
                      ; - java.util.concurrent.locks.AbstractQueuedSynchronizer::release@12
                      ; - java.util.concurrent.locks.ReentrantLock::unlock@5
                      ; - jdk.internal.misc.InternalLock::unlock@4
                      ; - java.io.PrintStream::flush@22
                      ; - org.gradle.internal.logging.text.StreamBackedStandardOutputListener::onOutput@15 (line 53)
                      ; - org.gradle.internal.logging.text.StreamingStyledTextOutput::doAppend@5 (line 55)
                      ; - org.gradle.internal.logging.text.AbstractStyledTextOutput::text@14 (line 87)
                      ; - org.gradle.internal.logging.console.StyledTextOutputBackedRenderer$OutputEventTextOutputImpl::doLineText@5 (line 90)
                      ; - org.gradle.internal.logging.text.AbstractLineChoppingStyledTextOutput$StateContext::flushLineText@109 (line 131)
                      ; - org.gradle.internal.logging.text.AbstractLineChoppingStyledTextOutput::doAppend@39 (line 47)
                      ; - org.gradle.internal.logging.text.AbstractStyledTextOutput::text@14 (line 87)
                      ; - org.gradle.internal.logging.console.StyledTextOutputBackedRenderer::onOutput@177 (line 62)
                      ; - org.gradle.internal.logging.sink.LogEventDispatcher::dispatch@6 (line 47)
                      ; - org.gradle.internal.logging.sink.LogEventDispatcher::onOutput@56 (line 41)
                      ; - org.gradle.internal.logging.sink.OutputEventRenderer$LazyListener::onOutput@89 (line 480)
  0x000001ed13d1ae64: 183c 77ff 

  0x000001ed13d1ae68: ;   {other}
  0x000001ed13d1ae68: 0f1f 8400 | 582e 002e | 448b 5424 | 7045 8b5a | 1849 8bd3 

  0x000001ed13d1ae7c: ;   {static_call}
  0x000001ed13d1ae7c: c5f8 77e8 

  0x000001ed13d1ae80: ; ImmutableOopMap {rbp=Oop [88]=Derived_oop_rbp [32]=Oop [40]=Oop [48]=Oop [56]=Oop [64]=NarrowOop [68]=NarrowOop [72]=Oop [80]=Oop [96]=Oop }
                      ;*invokestatic unpark {reexecute=0 rethrow=0 return_oop=0}
                      ; - java.util.concurrent.locks.AbstractQueuedSynchronizer::signalNext@30
                      ; - java.util.concurrent.locks.AbstractQueuedSynchronizer::release@12
                      ; - java.util.concurrent.locks.ReentrantLock::unlock@5
                      ; - jdk.internal.misc.InternalLock::unlock@4
                      ; - java.io.PrintStream::flush@22
                      ; - org.gradle.internal.logging.text.StreamBackedStandardOutputListener::onOutput@15 (line 53)
                      ; - org.gradle.internal.logging.text.StreamingStyledTextOutput::doAppend@5 (line 55)
                      ; - org.gradle.internal.logging.text.AbstractStyledTextOutput::text@14 (line 87)
                      ; - org.gradle.internal.logging.console.StyledTextOutputBackedRenderer$OutputEventTextOutputImpl::doLineText@5 (line 90)
                      ; - org.gradle.internal.logging.text.AbstractLineChoppingStyledTextOutput$StateContext::flushLineText@109 (line 131)
                      ; - org.gradle.internal.logging.text.AbstractLineChoppingStyledTextOutput::doAppend@39 (line 47)
                      ; - org.gradle.internal.logging.text.AbstractStyledTextOutput::text@14 (line 87)
                      ; - org.gradle.internal.logging.console.StyledTextOutputBackedRenderer::onOutput@177 (line 62)
                      ; - org.gradle.internal.logging.sink.LogEventDispatcher::dispatch@6 (line 47)
                      ; - org.gradle.internal.logging.sink.LogEventDispatcher::onOutput@56 (line 41)
                      ; - org.gradle.internal.logging.sink.OutputEventRenderer$LazyListener::onOutput@89 (line 480)
  0x000001ed13d1ae80: fc41 77ff 

  0x000001ed13d1ae84: ;   {other}
  0x000001ed13d1ae84: 0f1f 8400 | 742e 002f | e94f eaff | ff41 8b6b | 1485 ed0f | 843c f4ff | ff44 8b55 | 0c45 85d2 
  0x000001ed13d1aea4: 0f84 2ff4 | ffff 4c8b | d549 8bd2 | 41b8 0100 | 0000 4c89 | 5424 6890 

  0x000001ed13d1aebc: ;   {optimized virtual_call}
  0x000001ed13d1aebc: c5f8 77e8 

  0x000001ed13d1aec0: ; ImmutableOopMap {rbp=NarrowOop [32]=Oop [48]=Oop [56]=Oop [64]=NarrowOop [80]=Oop [88]=Oop [96]=Oop [104]=Oop }
                      ;*invokevirtual getAndUnsetStatus {reexecute=0 rethrow=0 return_oop=0}
                      ; - java.util.concurrent.locks.AbstractQueuedSynchronizer::signalNext@22
                      ; - java.util.concurrent.locks.AbstractQueuedSynchronizer::release@12
                      ; - java.util.concurrent.locks.ReentrantLock::unlock@5
                      ; - jdk.internal.misc.InternalLock::unlock@4
                      ; - java.io.PrintStream::flush@22
                      ; - org.gradle.internal.logging.text.StreamBackedStandardOutputListener::onOutput@15 (line 53)
                      ; - org.gradle.internal.logging.text.StreamingStyledTextOutput::doAppend@5 (line 55)
                      ; - org.gradle.internal.logging.text.AbstractStyledTextOutput::text@14 (line 87)
                      ; - org.gradle.internal.logging.console.StyledTextOutputBackedRenderer$OutputEventTextOutputImpl::doLineText@5 (line 90)
                      ; - org.gradle.internal.logging.text.AbstractLineChoppingStyledTextOutput$StateContext::flushLineText@109 (line 131)
                      ; - org.gradle.internal.logging.text.AbstractLineChoppingStyledTextOutput::doAppend@39 (line 47)
                      ; - org.gradle.internal.logging.text.AbstractStyledTextOutput::text@14 (line 87)
                      ; - org.gradle.internal.logging.console.StyledTextOutputBackedRenderer::onOutput@187 (line 63)
                      ; - org.gradle.internal.logging.sink.LogEventDispatcher::dispatch@6 (line 47)
                      ; - org.gradle.internal.logging.sink.LogEventDispatcher::onOutput@56 (line 41)
                      ; - org.gradle.internal.logging.sink.OutputEventRenderer$LazyListener::onOutput@89 (line 480)
  0x000001ed13d1aec0: bc3b 77ff 

  0x000001ed13d1aec4: ;   {other}
  0x000001ed13d1aec4: 0f1f 8400 | b42e 0030 | 448b 5d18 | 498b d390 

  0x000001ed13d1aed4: ;   {static_call}
  0x000001ed13d1aed4: c5f8 77e8 

  0x000001ed13d1aed8: ; ImmutableOopMap {[32]=Oop [48]=Oop [56]=Oop [64]=NarrowOop [80]=Oop [88]=Oop [96]=Oop }
                      ;*invokestatic unpark {reexecute=0 rethrow=0 return_oop=0}
                      ; - java.util.concurrent.locks.AbstractQueuedSynchronizer::signalNext@30
                      ; - java.util.concurrent.locks.AbstractQueuedSynchronizer::release@12
                      ; - java.util.concurrent.locks.ReentrantLock::unlock@5
                      ; - jdk.internal.misc.InternalLock::unlock@4
                      ; - java.io.PrintStream::flush@22
                      ; - org.gradle.internal.logging.text.StreamBackedStandardOutputListener::onOutput@15 (line 53)
                      ; - org.gradle.internal.logging.text.StreamingStyledTextOutput::doAppend@5 (line 55)
                      ; - org.gradle.internal.logging.text.AbstractStyledTextOutput::text@14 (line 87)
                      ; - org.gradle.internal.logging.console.StyledTextOutputBackedRenderer$OutputEventTextOutputImpl::doLineText@5 (line 90)
                      ; - org.gradle.internal.logging.text.AbstractLineChoppingStyledTextOutput$StateContext::flushLineText@109 (line 131)
                      ; - org.gradle.internal.logging.text.AbstractLineChoppingStyledTextOutput::doAppend@39 (line 47)
                      ; - org.gradle.internal.logging.text.AbstractStyledTextOutput::text@14 (line 87)
                      ; - org.gradle.internal.logging.console.StyledTextOutputBackedRenderer::onOutput@187 (line 63)
                      ; - org.gradle.internal.logging.sink.LogEventDispatcher::dispatch@6 (line 47)
                      ; - org.gradle.internal.logging.sink.LogEventDispatcher::onOutput@56 (line 41)
                      ; - org.gradle.internal.logging.sink.OutputEventRenderer$LazyListener::onOutput@89 (line 480)
  0x000001ed13d1aed8: a441 77ff 

  0x000001ed13d1aedc: ;   {other}
  0x000001ed13d1aedc: 0f1f 8400 | cc2e 0031 | e9f0 f3ff | ff44 8b57 | 1c45 85d2 | 0f84 4bf6 | ffff 4d8b | 5f28 498b 
  0x000001ed13d1aefc: ca4d 85db | 0f84 061f | 0000 4d8b | 5738 4b89 | 4c1a f849 | 83c3 f84d | 895f 28e9 | 25f6 ffff 
  0x000001ed13d1af1c: 448b 531c | 4585 d20f | 84ce f8ff | ff4d 8b5f | 2849 8bca | 4d85 db0f | 84f3 1e00 | 004d 8b57 
  0x000001ed13d1af3c: 384b 894c | 1af8 4983 | c3f8 4d89 | 5f28 e9a8 | f8ff ff4d | 8b57 584d | 8b5f 48f0 | 8344 24c0 
  0x000001ed13d1af5c: 0080 3900 | 0f84 15f6 | ffff 4488 | 214d 85db | 7520 498b | d7c5 f877 | 49ba e029 | 7b8e fc7f 
  0x000001ed13d1af7c: 0000 41ff 

  0x000001ed13d1af80: ;   {other}
  0x000001ed13d1af80: d20f 1f84 | 0000 0000 | 00e9 edf5 | ffff 4b89 | 4c1a f849 | 83c3 f84d | 895f 48e9 | dbf5 ffff 
  0x000001ed13d1afa0: 4d8b 5758 | 4d8b 5f48 | f083 4424 | c000 8039 | 000f 847a | f8ff ff44 | 8821 4d85 | db75 2049 
  0x000001ed13d1afc0: 8bd7 c5f8 | 7749 bae0 | 297b 8efc | 7f00 0041 

  0x000001ed13d1afd0: ;   {other}
  0x000001ed13d1afd0: ffd2 0f1f | 8400 0000 | 0000 e952 | f8ff ff4b | 894c 1af8 | 4983 c3f8 | 4d89 5f48 | e940 f8ff 
  0x000001ed13d1aff0: ff48 8b54 

  0x000001ed13d1aff4: ;   {oop([B{0x0000000080d79f40})}
  0x000001ed13d1aff4: 2460 48bd | 409f d780 | 0000 0000 

  0x000001ed13d1b000: ;   {optimized virtual_call}
  0x000001ed13d1b000: c5f8 77e8 

  0x000001ed13d1b004: ; ImmutableOopMap {rbp=Oop [88]=Derived_oop_rbp [32]=Oop [40]=Oop [48]=Oop [56]=Oop [64]=NarrowOop [68]=NarrowOop [80]=Oop [96]=Oop }
                      ;*invokevirtual flushLineText {reexecute=0 rethrow=0 return_oop=0}
                      ; - org.gradle.internal.logging.text.AbstractLineChoppingStyledTextOutput$2::execute@38 (line 181)
                      ; - org.gradle.internal.logging.text.AbstractLineChoppingStyledTextOutput$2::execute@5 (line 174)
                      ; - org.gradle.internal.logging.text.AbstractLineChoppingStyledTextOutput$1::execute@107 (line 160)
                      ; - org.gradle.internal.logging.text.AbstractLineChoppingStyledTextOutput$1::execute@5 (line 145)
                      ; - org.gradle.internal.logging.text.AbstractLineChoppingStyledTextOutput::doAppend@22 (line 44)
                      ; - org.gradle.internal.logging.text.AbstractStyledTextOutput::text@14 (line 87)
                      ; - org.gradle.internal.logging.console.StyledTextOutputBackedRenderer::onOutput@187 (line 63)
                      ; - org.gradle.internal.logging.sink.LogEventDispatcher::dispatch@6 (line 47)
                      ; - org.gradle.internal.logging.sink.LogEventDispatcher::onOutput@56 (line 41)
                      ; - org.gradle.internal.logging.sink.OutputEventRenderer$LazyListener::onOutput@89 (line 480)
  0x000001ed13d1b004: 783a 77ff 

  0x000001ed13d1b008: ;   {other}
  0x000001ed13d1b008: 0f1f 8400 | f82f 0032 | 488b 5424 

  0x000001ed13d1b014: ;   {oop("\x0A"{0x00000000804d9248})}
  0x000001ed13d1b014: 6049 b848 | 924d 8000 | 0000 0090 

  0x000001ed13d1b020: ;   {optimized virtual_call}
  0x000001ed13d1b020: c5f8 77e8 

  0x000001ed13d1b024: ; ImmutableOopMap {rbp=Oop [88]=Derived_oop_rbp [32]=Oop [40]=Oop [48]=Oop [56]=Oop [64]=NarrowOop [68]=NarrowOop [80]=Oop [96]=Oop }
                      ;*invokevirtual flushEndLine {reexecute=0 rethrow=0 return_oop=0}
                      ; - org.gradle.internal.logging.text.AbstractLineChoppingStyledTextOutput$2::execute@44 (line 182)
                      ; - org.gradle.internal.logging.text.AbstractLineChoppingStyledTextOutput$2::execute@5 (line 174)
                      ; - org.gradle.internal.logging.text.AbstractLineChoppingStyledTextOutput$1::execute@107 (line 160)
                      ; - org.gradle.internal.logging.text.AbstractLineChoppingStyledTextOutput$1::execute@5 (line 145)
                      ; - org.gradle.internal.logging.text.AbstractLineChoppingStyledTextOutput::doAppend@22 (line 44)
                      ; - org.gradle.internal.logging.text.AbstractStyledTextOutput::text@14 (line 87)
                      ; - org.gradle.internal.logging.console.StyledTextOutputBackedRenderer::onOutput@187 (line 63)
                      ; - org.gradle.internal.logging.sink.LogEventDispatcher::dispatch@6 (line 47)
                      ; - org.gradle.internal.logging.sink.LogEventDispatcher::onOutput@56 (line 41)
                      ; - org.gradle.internal.logging.sink.OutputEventRenderer$LazyListener::onOutput@89 (line 480)
  0x000001ed13d1b024: 583a 77ff 

  0x000001ed13d1b028: ;   {other}
  0x000001ed13d1b028: 0f1f 8400 | 1830 0033 | 488b 5424 | 6066 6690 

  0x000001ed13d1b038: ;   {optimized virtual_call}
  0x000001ed13d1b038: c5f8 77e8 

  0x000001ed13d1b03c: ; ImmutableOopMap {rbp=Oop [88]=Derived_oop_rbp [32]=Oop [40]=Oop [48]=Oop [56]=Oop [64]=NarrowOop [68]=NarrowOop [80]=Oop [96]=Oop }
                      ;*invokevirtual next {reexecute=0 rethrow=0 return_oop=0}
                      ; - org.gradle.internal.logging.text.AbstractLineChoppingStyledTextOutput$2::execute@48 (line 183)
                      ; - org.gradle.internal.logging.text.AbstractLineChoppingStyledTextOutput$2::execute@5 (line 174)
                      ; - org.gradle.internal.logging.text.AbstractLineChoppingStyledTextOutput$1::execute@107 (line 160)
                      ; - org.gradle.internal.logging.text.AbstractLineChoppingStyledTextOutput$1::execute@5 (line 145)
                      ; - org.gradle.internal.logging.text.AbstractLineChoppingStyledTextOutput::doAppend@22 (line 44)
                      ; - org.gradle.internal.logging.text.AbstractStyledTextOutput::text@14 (line 87)
                      ; - org.gradle.internal.logging.console.StyledTextOutputBackedRenderer::onOutput@187 (line 63)
                      ; - org.gradle.internal.logging.sink.LogEventDispatcher::dispatch@6 (line 47)
                      ; - org.gradle.internal.logging.sink.LogEventDispatcher::onOutput@56 (line 41)
                      ; - org.gradle.internal.logging.sink.OutputEventRenderer$LazyListener::onOutput@89 (line 480)
  0x000001ed13d1b03c: 403a 77ff 

  0x000001ed13d1b040: ;   {other}
  0x000001ed13d1b040: 0f1f 8400 | 3030 0034 | 488b 5424 | 6066 6690 

  0x000001ed13d1b050: ;   {optimized virtual_call}
  0x000001ed13d1b050: c5f8 77e8 

  0x000001ed13d1b054: ; ImmutableOopMap {rbp=Oop [88]=Derived_oop_rbp [32]=Oop [40]=Oop [48]=Oop [56]=Oop [64]=NarrowOop [68]=NarrowOop [80]=Oop [96]=Oop }
                      ;*invokevirtual reset {reexecute=0 rethrow=0 return_oop=0}
                      ; - org.gradle.internal.logging.text.AbstractLineChoppingStyledTextOutput$2::execute@52 (line 184)
                      ; - org.gradle.internal.logging.text.AbstractLineChoppingStyledTextOutput$2::execute@5 (line 174)
                      ; - org.gradle.internal.logging.text.AbstractLineChoppingStyledTextOutput$1::execute@107 (line 160)
                      ; - org.gradle.internal.logging.text.AbstractLineChoppingStyledTextOutput$1::execute@5 (line 145)
                      ; - org.gradle.internal.logging.text.AbstractLineChoppingStyledTextOutput::doAppend@22 (line 44)
                      ; - org.gradle.internal.logging.text.AbstractStyledTextOutput::text@14 (line 87)
                      ; - org.gradle.internal.logging.console.StyledTextOutputBackedRenderer::onOutput@187 (line 63)
                      ; - org.gradle.internal.logging.sink.LogEventDispatcher::dispatch@6 (line 47)
                      ; - org.gradle.internal.logging.sink.LogEventDispatcher::onOutput@56 (line 41)
                      ; - org.gradle.internal.logging.sink.OutputEventRenderer$LazyListener::onOutput@89 (line 480)
  0x000001ed13d1b054: 283a 77ff 

  0x000001ed13d1b058: ;   {other}
  0x000001ed13d1b058: 0f1f 8400 | 4830 0035 | 488b 5424 

  0x000001ed13d1b064: ;   {oop(a 'org/gradle/internal/logging/text/AbstractLineChoppingStyledTextOutput$4'{0x0000000080d1b468})}
  0x000001ed13d1b064: 6049 b868 | b4d1 8000 | 0000 0090 

  0x000001ed13d1b070: ;   {optimized virtual_call}
  0x000001ed13d1b070: c5f8 77e8 

  0x000001ed13d1b074: ; ImmutableOopMap {rbp=Oop [88]=Derived_oop_rbp [32]=Oop [40]=Oop [48]=Oop [56]=Oop [64]=NarrowOop [68]=NarrowOop [80]=Oop [96]=Oop }
                      ;*invokevirtual setState {reexecute=0 rethrow=0 return_oop=0}
                      ; - org.gradle.internal.logging.text.AbstractLineChoppingStyledTextOutput$2::execute@59 (line 185)
                      ; - org.gradle.internal.logging.text.AbstractLineChoppingStyledTextOutput$2::execute@5 (line 174)
                      ; - org.gradle.internal.logging.text.AbstractLineChoppingStyledTextOutput$1::execute@107 (line 160)
                      ; - org.gradle.internal.logging.text.AbstractLineChoppingStyledTextOutput$1::execute@5 (line 145)
                      ; - org.gradle.internal.logging.text.AbstractLineChoppingStyledTextOutput::doAppend@22 (line 44)
                      ; - org.gradle.internal.logging.text.AbstractStyledTextOutput::text@14 (line 87)
                      ; - org.gradle.internal.logging.console.StyledTextOutputBackedRenderer::onOutput@187 (line 63)
                      ; - org.gradle.internal.logging.sink.LogEventDispatcher::dispatch@6 (line 47)
                      ; - org.gradle.internal.logging.sink.LogEventDispatcher::onOutput@56 (line 41)
                      ; - org.gradle.internal.logging.sink.OutputEventRenderer$LazyListener::onOutput@89 (line 480)
  0x000001ed13d1b074: 083a 77ff 

  0x000001ed13d1b078: ;   {other}
  0x000001ed13d1b078: 0f1f 8400 | 6830 0036 | e9ac f7ff | ff44 8b57 | 0c4c 8b5c | 2428 4d3b | d30f 8573 | 1500 008b 
  0x000001ed13d1b098: 6f10 ffc5 | 85ed 0f8c | 0737 0000 | 896f 10f0 | 8344 24c0 | 0041 ba01 | 0000 00e9 | 95e7 ffff 
  0x000001ed13d1b0b8: 448b 570c | 4c8b 5c24 | 284d 3bd3 | 0f85 4815 | 0000 8b6f | 10ff c585 | ed0f 8c19 | 3700 0089 
  0x000001ed13d1b0d8: 6f10 f083 | 4424 c000 | 41ba 0100 | 0000 e95e | f1ff ff49 | 8b87 b801 | 0000 4c8b | d049 83c2 
  0x000001ed13d1b0f8: 404d 3b97 | c801 0000 | 0f83 0220 | 0000 4d89 | 97b8 0100 | 0041 0f18 | 8200 0100 | 0048 c700 
  0x000001ed13d1b118: 0100 0000 

  0x000001ed13d1b11c: ;   {metadata('java/text/SimpleDateFormat')}
  0x000001ed13d1b11c: c740 089c | a102 2044 | 8960 0c4c | 8960 104c | 8960 184c | 8960 204c | 8960 284c | 8960 304c 
  0x000001ed13d1b13c: 8960 3848 | 897c 2430 | 4c8b d04c | 8954 2438 

  0x000001ed13d1b14c: ;   {oop("yyyy-MM-dd'T'HH:mm:ss.SSSZ"{0x0000000080d1b810})}
  0x000001ed13d1b14c: 49b8 10b8 | d180 0000 | 0000 498b | d266 6690 

  0x000001ed13d1b15c: ;   {optimized virtual_call}
  0x000001ed13d1b15c: c5f8 77e8 

  0x000001ed13d1b160: ; ImmutableOopMap {rbp=Oop [32]=Oop [40]=Oop [48]=Oop [56]=Oop }
                      ;*invokespecial <init> {reexecute=0 rethrow=0 return_oop=0}
                      ; - org.gradle.internal.logging.console.StyledTextOutputBackedRenderer::onOutput@46 (line 51)
                      ; - org.gradle.internal.logging.sink.LogEventDispatcher::dispatch@6 (line 47)
                      ; - org.gradle.internal.logging.sink.LogEventDispatcher::onOutput@56 (line 41)
                      ; - org.gradle.internal.logging.sink.OutputEventRenderer$LazyListener::onOutput@89 (line 480)
  0x000001ed13d1b160: 1c39 77ff 

  0x000001ed13d1b164: ;   {other}
  0x000001ed13d1b164: 0f1f 8400 | 5431 0037 | 4180 7f40 | 000f 858d | 1b00 0048 | 8b7c 2430 | 4c8b d74c | 8b5c 2438 
  0x000001ed13d1b184: 4d8b c344 | 8947 144d | 33da 49c1 | eb14 4d85 | db74 1a49 | c1ea 0948 | b900 0046 | 1bed 0100 
  0x000001ed13d1b1a4: 0049 03ca | 8039 020f | 858b 1b00 | 0041 bb01 | 0000 0048 | 8b5c 2420 | e9aa daff | ff45 33d2 
  0x000001ed13d1b1c4: e9fc e6ff | ff45 33d2 | e9ec f0ff | ff48 8bd7 

  0x000001ed13d1b1d4: ;   {oop([B{0x0000000080d79f40})}
  0x000001ed13d1b1d4: 448b c348 | bd40 9fd7 | 8000 0000 | 0066 6690 

  0x000001ed13d1b1e4: ;   {static_call}
  0x000001ed13d1b1e4: c5f8 77e8 

  0x000001ed13d1b1e8: ; ImmutableOopMap {rbp=Oop [88]=Derived_oop_rbp [32]=Oop [40]=Oop [48]=Oop [56]=Oop [64]=NarrowOop [72]=Oop [80]=Oop }
                      ;*invokestatic charAt {reexecute=0 rethrow=0 return_oop=0}
                      ; - java.lang.String::charAt@21
                      ; - org.gradle.internal.logging.text.AbstractLineChoppingStyledTextOutput$StateContext::isCurrentCharEquals@55 (line 99)
                      ; - org.gradle.internal.logging.text.AbstractLineChoppingStyledTextOutput$2::execute@3 (line 177)
                      ; - org.gradle.internal.logging.text.AbstractLineChoppingStyledTextOutput$2::execute@5 (line 174)
                      ; - org.gradle.internal.logging.text.AbstractLineChoppingStyledTextOutput$1::execute@107 (line 160)
                      ; - org.gradle.internal.logging.text.AbstractLineChoppingStyledTextOutput$1::execute@5 (line 145)
                      ; - org.gradle.internal.logging.text.AbstractLineChoppingStyledTextOutput::doAppend@22 (line 44)
                      ; - org.gradle.internal.logging.text.AbstractStyledTextOutput::text@14 (line 87)
                      ; - org.gradle.internal.logging.console.StyledTextOutputBackedRenderer::onOutput@177 (line 62)
                      ; - org.gradle.internal.logging.sink.LogEventDispatcher::dispatch@6 (line 47)
                      ; - org.gradle.internal.logging.sink.LogEventDispatcher::onOutput@56 (line 41)
                      ; - org.gradle.internal.logging.sink.OutputEventRenderer$LazyListener::onOutput@89 (line 480)
  0x000001ed13d1b1e8: 943e 77ff 

  0x000001ed13d1b1ec: ;   {other}
  0x000001ed13d1b1ec: 0f1f 8400 | dc31 0038 | 4c8b 5424 | 4845 8b5a | 1841 8b4a | 14e9 c3f2 | ffff 498b | d145 8bc3 
  0x000001ed13d1b20c: ;   {oop([B{0x0000000080d79f40})}
  0x000001ed13d1b20c: 48bd 409f | d780 0000 | 0000 6690 

  0x000001ed13d1b218: ;   {static_call}
  0x000001ed13d1b218: c5f8 77e8 

  0x000001ed13d1b21c: ; ImmutableOopMap {rbp=Oop [88]=Derived_oop_rbp [32]=Oop [40]=Oop [48]=Oop [56]=Oop [64]=NarrowOop [68]=NarrowOop [80]=Oop [96]=Oop }
                      ;*invokestatic charAt {reexecute=0 rethrow=0 return_oop=0}
                      ; - java.lang.String::charAt@21
                      ; - org.gradle.internal.logging.text.AbstractLineChoppingStyledTextOutput$StateContext::isCurrentCharEquals@55 (line 99)
                      ; - org.gradle.internal.logging.text.AbstractLineChoppingStyledTextOutput$2::execute@3 (line 177)
                      ; - org.gradle.internal.logging.text.AbstractLineChoppingStyledTextOutput$2::execute@5 (line 174)
                      ; - org.gradle.internal.logging.text.AbstractLineChoppingStyledTextOutput$1::execute@107 (line 160)
                      ; - org.gradle.internal.logging.text.AbstractLineChoppingStyledTextOutput$1::execute@5 (line 145)
                      ; - org.gradle.internal.logging.text.AbstractLineChoppingStyledTextOutput::doAppend@22 (line 44)
                      ; - org.gradle.internal.logging.text.AbstractStyledTextOutput::text@14 (line 87)
                      ; - org.gradle.internal.logging.console.StyledTextOutputBackedRenderer::onOutput@187 (line 63)
                      ; - org.gradle.internal.logging.sink.LogEventDispatcher::dispatch@6 (line 47)
                      ; - org.gradle.internal.logging.sink.LogEventDispatcher::onOutput@56 (line 41)
                      ; - org.gradle.internal.logging.sink.OutputEventRenderer$LazyListener::onOutput@89 (line 480)
  0x000001ed13d1b21c: 603e 77ff 

  0x000001ed13d1b220: ;   {other}
  0x000001ed13d1b220: 0f1f 8400 | 1032 0039 | 4c8b 5424 | 6045 8b42 | 1845 8b52 | 14e9 47f5 | ffff 498b | d245 8bc1 
  0x000001ed13d1b240: ;   {oop([B{0x0000000080d79f40})}
  0x000001ed13d1b240: 48bd 409f | d780 0000 | 0000 6690 

  0x000001ed13d1b24c: ;   {static_call}
  0x000001ed13d1b24c: c5f8 77e8 

  0x000001ed13d1b250: ; ImmutableOopMap {rbp=Oop [88]=Derived_oop_rbp [32]=Oop [40]=Oop [48]=Oop [56]=Oop [64]=NarrowOop [72]=Oop [80]=Oop }
                      ;*invokestatic charAt {reexecute=0 rethrow=0 return_oop=0}
                      ; - java.lang.String::charAt@21
                      ; - org.gradle.internal.logging.text.AbstractLineChoppingStyledTextOutput$StateContext::isCurrentCharEquals@55 (line 99)
                      ; - org.gradle.internal.logging.text.AbstractLineChoppingStyledTextOutput$2::execute@31 (line 180)
                      ; - org.gradle.internal.logging.text.AbstractLineChoppingStyledTextOutput$2::execute@5 (line 174)
                      ; - org.gradle.internal.logging.text.AbstractLineChoppingStyledTextOutput$1::execute@107 (line 160)
                      ; - org.gradle.internal.logging.text.AbstractLineChoppingStyledTextOutput$1::execute@5 (line 145)
                      ; - org.gradle.internal.logging.text.AbstractLineChoppingStyledTextOutput::doAppend@22 (line 44)
                      ; - org.gradle.internal.logging.text.AbstractStyledTextOutput::text@14 (line 87)
                      ; - org.gradle.internal.logging.console.StyledTextOutputBackedRenderer::onOutput@177 (line 62)
                      ; - org.gradle.internal.logging.sink.LogEventDispatcher::dispatch@6 (line 47)
                      ; - org.gradle.internal.logging.sink.LogEventDispatcher::onOutput@56 (line 41)
                      ; - org.gradle.internal.logging.sink.OutputEventRenderer$LazyListener::onOutput@89 (line 480)
  0x000001ed13d1b250: 2c3e 77ff 

  0x000001ed13d1b254: ;   {other}
  0x000001ed13d1b254: 0f1f 8400 | 4432 003a | 4c8b 5424 | 4841 8b4a | 14e9 acf2 | ffff 498b | d044 8bc1 

  0x000001ed13d1b270: ;   {oop([B{0x0000000080d79f40})}
  0x000001ed13d1b270: 48bd 409f | d780 0000 | 0000 6690 

  0x000001ed13d1b27c: ;   {static_call}
  0x000001ed13d1b27c: c5f8 77e8 

  0x000001ed13d1b280: ; ImmutableOopMap {rbp=Oop [88]=Derived_oop_rbp [32]=Oop [40]=Oop [48]=Oop [56]=Oop [64]=NarrowOop [68]=NarrowOop [80]=Oop [96]=Oop }
                      ;*invokestatic charAt {reexecute=0 rethrow=0 return_oop=0}
                      ; - java.lang.String::charAt@21
                      ; - org.gradle.internal.logging.text.AbstractLineChoppingStyledTextOutput$StateContext::isCurrentCharEquals@55 (line 99)
                      ; - org.gradle.internal.logging.text.AbstractLineChoppingStyledTextOutput$2::execute@31 (line 180)
                      ; - org.gradle.internal.logging.text.AbstractLineChoppingStyledTextOutput$2::execute@5 (line 174)
                      ; - org.gradle.internal.logging.text.AbstractLineChoppingStyledTextOutput$1::execute@107 (line 160)
                      ; - org.gradle.internal.logging.text.AbstractLineChoppingStyledTextOutput$1::execute@5 (line 145)
                      ; - org.gradle.internal.logging.text.AbstractLineChoppingStyledTextOutput::doAppend@22 (line 44)
                      ; - org.gradle.internal.logging.text.AbstractStyledTextOutput::text@14 (line 87)
                      ; - org.gradle.internal.logging.console.StyledTextOutputBackedRenderer::onOutput@187 (line 63)
                      ; - org.gradle.internal.logging.sink.LogEventDispatcher::dispatch@6 (line 47)
                      ; - org.gradle.internal.logging.sink.LogEventDispatcher::onOutput@56 (line 41)
                      ; - org.gradle.internal.logging.sink.OutputEventRenderer$LazyListener::onOutput@89 (line 480)
  0x000001ed13d1b280: fc3d 77ff 

  0x000001ed13d1b284: ;   {other}
  0x000001ed13d1b284: 0f1f 8400 | 7432 003b | 4c8b 5424 | 6045 8b52 | 14e9 31f5 | ffff 488b | d341 b801 

  0x000001ed13d1b2a0: ;   {oop([B{0x0000000080d79f40})}
  0x000001ed13d1b2a0: 0000 0048 | bd40 9fd7 | 8000 0000 | 0066 6690 

  0x000001ed13d1b2b0: ;   {optimized virtual_call}
  0x000001ed13d1b2b0: c5f8 77e8 

  0x000001ed13d1b2b4: ; ImmutableOopMap {rbp=Oop [88]=Derived_oop_rbp [32]=Oop [40]=Oop [48]=Oop [56]=Oop [64]=NarrowOop [68]=NarrowOop [72]=Oop [80]=Oop [96]=Oop [104]=Oop }
                      ;*invokevirtual acquire {reexecute=0 rethrow=0 return_oop=0}
                      ; - java.util.concurrent.locks.ReentrantLock$Sync::lock@9
                      ; - java.util.concurrent.locks.ReentrantLock::lock@4
                      ; - jdk.internal.misc.InternalLock::lock@4
                      ; - java.io.PrintStream::flush@11
                      ; - org.gradle.internal.logging.text.StreamBackedStandardOutputListener::onOutput@15 (line 53)
                      ; - org.gradle.internal.logging.text.StreamingStyledTextOutput::doAppend@5 (line 55)
                      ; - org.gradle.internal.logging.text.AbstractStyledTextOutput::text@14 (line 87)
                      ; - org.gradle.internal.logging.console.StyledTextOutputBackedRenderer$OutputEventTextOutputImpl::doLineText@5 (line 90)
                      ; - org.gradle.internal.logging.text.AbstractLineChoppingStyledTextOutput$StateContext::flushLineText@109 (line 131)
                      ; - org.gradle.internal.logging.text.AbstractLineChoppingStyledTextOutput::doAppend@39 (line 47)
                      ; - org.gradle.internal.logging.text.AbstractStyledTextOutput::text@14 (line 87)
                      ; - org.gradle.internal.logging.console.StyledTextOutputBackedRenderer::onOutput@177 (line 62)
                      ; - org.gradle.internal.logging.sink.LogEventDispatcher::dispatch@6 (line 47)
                      ; - org.gradle.internal.logging.sink.LogEventDispatcher::onOutput@56 (line 41)
                      ; - org.gradle.internal.logging.sink.OutputEventRenderer$LazyListener::onOutput@89 (line 480)
  0x000001ed13d1b2b4: c837 77ff 

  0x000001ed13d1b2b8: ;   {other}
  0x000001ed13d1b2b8: 0f1f 8400 | a832 003c | e991 e5ff | ff48 8bd3 | 41b8 0100 | 0000 6690 

  0x000001ed13d1b2d0: ;   {optimized virtual_call}
  0x000001ed13d1b2d0: c5f8 77e8 

  0x000001ed13d1b2d4: ; ImmutableOopMap {[32]=Oop [40]=Oop [48]=Oop [56]=Oop [64]=NarrowOop [72]=Oop [80]=Oop [88]=Oop [96]=Oop }
                      ;*invokevirtual acquire {reexecute=0 rethrow=0 return_oop=0}
                      ; - java.util.concurrent.locks.ReentrantLock$Sync::lock@9
                      ; - java.util.concurrent.locks.ReentrantLock::lock@4
                      ; - jdk.internal.misc.InternalLock::lock@4
                      ; - java.io.PrintStream::flush@11
                      ; - org.gradle.internal.logging.text.StreamBackedStandardOutputListener::onOutput@15 (line 53)
                      ; - org.gradle.internal.logging.text.StreamingStyledTextOutput::doAppend@5 (line 55)
                      ; - org.gradle.internal.logging.text.AbstractStyledTextOutput::text@14 (line 87)
                      ; - org.gradle.internal.logging.console.StyledTextOutputBackedRenderer$OutputEventTextOutputImpl::doLineText@5 (line 90)
                      ; - org.gradle.internal.logging.text.AbstractLineChoppingStyledTextOutput$StateContext::flushLineText@109 (line 131)
                      ; - org.gradle.internal.logging.text.AbstractLineChoppingStyledTextOutput::doAppend@39 (line 47)
                      ; - org.gradle.internal.logging.text.AbstractStyledTextOutput::text@14 (line 87)
                      ; - org.gradle.internal.logging.console.StyledTextOutputBackedRenderer::onOutput@187 (line 63)
                      ; - org.gradle.internal.logging.sink.LogEventDispatcher::dispatch@6 (line 47)
                      ; - org.gradle.internal.logging.sink.LogEventDispatcher::onOutput@56 (line 41)
                      ; - org.gradle.internal.logging.sink.OutputEventRenderer$LazyListener::onOutput@89 (line 480)
  0x000001ed13d1b2d4: a837 77ff 

  0x000001ed13d1b2d8: ;   {other}
  0x000001ed13d1b2d8: 0f1f 8400 | c832 003d | e96d efff 

  0x000001ed13d1b2e4: ;   {metadata('org/gradle/internal/logging/services/LoggingBackedStyledTextOutput')}
  0x000001ed13d1b2e4: ff41 81fa | 000e 0720 | 0f85 6a35 | 0000 4d8b | d045 8b5a | 3045 85db | 0f84 2635 | 0000 498b 
  0x000001ed13d1b304: d34c 8b44 

  0x000001ed13d1b308: ;   {oop([B{0x0000000080d79f40})}
  0x000001ed13d1b308: 2470 48bd | 409f d780 | 0000 0000 

  0x000001ed13d1b314: ;   {optimized virtual_call}
  0x000001ed13d1b314: c5f8 77e8 

  0x000001ed13d1b318: ; ImmutableOopMap {rbp=Oop [88]=Derived_oop_rbp [32]=Oop [40]=Oop [48]=Oop [56]=Oop [68]=NarrowOop [80]=Oop }
                      ;*invokevirtual append {reexecute=0 rethrow=0 return_oop=1}
                      ; - org.gradle.internal.logging.services.LoggingBackedStyledTextOutput::doLineText@5 (line 61)
                      ; - org.gradle.internal.logging.text.AbstractLineChoppingStyledTextOutput$StateContext::flushLineText@109 (line 131)
                      ; - org.gradle.internal.logging.text.AbstractLineChoppingStyledTextOutput::doAppend@39 (line 47)
                      ; - org.gradle.internal.logging.text.AbstractStyledTextOutput::text@14 (line 87)
                      ; - org.gradle.internal.logging.console.StyledTextOutputBackedRenderer::onOutput@177 (line 62)
                      ; - org.gradle.internal.logging.sink.LogEventDispatcher::dispatch@6 (line 47)
                      ; - org.gradle.internal.logging.sink.LogEventDispatcher::onOutput@56 (line 41)
                      ; - org.gradle.internal.logging.sink.OutputEventRenderer$LazyListener::onOutput@89 (line 480)
  0x000001ed13d1b318: 6437 77ff 

  0x000001ed13d1b31c: ;   {other}
  0x000001ed13d1b31c: 0f1f 8400 | 0c33 003e | e9c0 e5ff 

  0x000001ed13d1b328: ;   {metadata('org/gradle/internal/logging/services/LoggingBackedStyledTextOutput')}
  0x000001ed13d1b328: ff41 81fb | 000e 0720 | 0f85 5a35 | 0000 4d8b | d045 8b5a | 3045 85db | 0f84 fa34 | 0000 498b 
  0x000001ed13d1b348: d34c 8b44 | 2448 6690 

  0x000001ed13d1b350: ;   {optimized virtual_call}
  0x000001ed13d1b350: c5f8 77e8 

  0x000001ed13d1b354: ; ImmutableOopMap {[32]=Oop [48]=Oop [56]=Oop [80]=Oop }
                      ;*invokevirtual append {reexecute=0 rethrow=0 return_oop=1}
                      ; - org.gradle.internal.logging.services.LoggingBackedStyledTextOutput::doLineText@5 (line 61)
                      ; - org.gradle.internal.logging.text.AbstractLineChoppingStyledTextOutput$StateContext::flushLineText@109 (line 131)
                      ; - org.gradle.internal.logging.text.AbstractLineChoppingStyledTextOutput::doAppend@39 (line 47)
                      ; - org.gradle.internal.logging.text.AbstractStyledTextOutput::text@14 (line 87)
                      ; - org.gradle.internal.logging.console.StyledTextOutputBackedRenderer::onOutput@187 (line 63)
                      ; - org.gradle.internal.logging.sink.LogEventDispatcher::dispatch@6 (line 47)
                      ; - org.gradle.internal.logging.sink.LogEventDispatcher::onOutput@56 (line 41)
                      ; - org.gradle.internal.logging.sink.OutputEventRenderer$LazyListener::onOutput@89 (line 480)
  0x000001ed13d1b354: 2837 77ff 

  0x000001ed13d1b358: ;   {other}
  0x000001ed13d1b358: 0f1f 8400 | 4833 003f | e97d efff 

  0x000001ed13d1b364: ;   {metadata('java/io/BufferedOutputStream')}
  0x000001ed13d1b364: ff41 81fb | c0f0 0020 | 0f85 3e35 | 0000 4c8b | d54c 8954 | 2470 458b | 5a20 4585 | db0f 85b0 
  0x000001ed13d1b384: 0100 004c | 8b5c 2470 | 488d 9c24 | c000 0000 | 498b 03a8 | 020f 8523 | 0000 0048 | 83c8 0148 
  0x000001ed13d1b3a4: 8903 f049 | 0fb1 1b0f | 8437 0000 | 0048 2bc4 | 4825 07f0 | ffff 4889 | 03e9 2400 | 0000 4c8b 
  0x000001ed13d1b3c4: d048 33c0 | f04d 0fb1 | 7a3e 48c7 | 0303 0000 | 0074 114c | 3bf8 7515 | 49ff 8286 | 0000 0048 
  0x000001ed13d1b3e4: 33c0 7509 | 49ff 8750 | 0500 0033 | c00f 85a9 | 3500 004c | 8b54 2470 | 418b 7a18 | 458b 5a10 
  0x000001ed13d1b404: 85ff 7e3d | 458b 4224 | 498b d345 

  0x000001ed13d1b410: ;   {oop([B{0x0000000080d79f40})}
  0x000001ed13d1b410: 33c9 48bd | 409f d780 | 0000 0000 | 6690 c5f8 | 7748 b8ff | ffff ffff 

  0x000001ed13d1b428: ;   {virtual_call}
  0x000001ed13d1b428: ffff ffe8 

  0x000001ed13d1b42c: ; ImmutableOopMap {rbp=Oop [88]=Derived_oop_rbp [32]=Oop [40]=Oop [48]=Oop [56]=Oop [64]=NarrowOop [68]=NarrowOop [72]=Oop [80]=Oop [96]=Oop [104]=Oop [112]=Oop }
                      ;*invokevirtual write {reexecute=0 rethrow=0 return_oop=0}
                      ; - java.io.BufferedOutputStream::flushBuffer@20
                      ; - java.io.BufferedOutputStream::implFlush@1
                      ; - java.io.BufferedOutputStream::flush@46
                      ; - java.io.PrintStream::implFlush@8
                      ; - java.io.PrintStream::flush@15
                      ; - org.gradle.internal.logging.text.StreamBackedStandardOutputListener::onOutput@15 (line 53)
                      ; - org.gradle.internal.logging.text.StreamingStyledTextOutput::doAppend@5 (line 55)
                      ; - org.gradle.internal.logging.text.AbstractStyledTextOutput::text@14 (line 87)
                      ; - org.gradle.internal.logging.console.StyledTextOutputBackedRenderer$OutputEventTextOutputImpl::doLineText@5 (line 90)
                      ; - org.gradle.internal.logging.text.AbstractLineChoppingStyledTextOutput$StateContext::flushLineText@109 (line 131)
                      ; - org.gradle.internal.logging.text.AbstractLineChoppingStyledTextOutput::doAppend@39 (line 47)
                      ; - org.gradle.internal.logging.text.AbstractStyledTextOutput::text@14 (line 87)
                      ; - org.gradle.internal.logging.console.StyledTextOutputBackedRenderer::onOutput@177 (line 62)
                      ; - org.gradle.internal.logging.sink.LogEventDispatcher::dispatch@6 (line 47)
                      ; - org.gradle.internal.logging.sink.LogEventDispatcher::onOutput@56 (line 41)
                      ; - org.gradle.internal.logging.sink.OutputEventRenderer$LazyListener::onOutput@89 (line 480)
  0x000001ed13d1b42c: 5039 77ff 

  0x000001ed13d1b430: ;   {other}
  0x000001ed13d1b430: 0f1f 8400 | 2034 0040 | 4c8b 5424 | 7045 8962 | 1845 8b5a | 1049 8bd3 

  0x000001ed13d1b448: ;   {oop([B{0x0000000080d79f40})}
  0x000001ed13d1b448: 48bd 409f | d780 0000 | 0000 c5f8 | 7748 b8ff | ffff ffff 

  0x000001ed13d1b45c: ;   {virtual_call}
  0x000001ed13d1b45c: ffff ffe8 

  0x000001ed13d1b460: ; ImmutableOopMap {rbp=Oop [88]=Derived_oop_rbp [32]=Oop [40]=Oop [48]=Oop [56]=Oop [64]=NarrowOop [68]=NarrowOop [72]=Oop [80]=Oop [96]=Oop [104]=Oop [112]=Oop }
                      ;*invokevirtual flush {reexecute=0 rethrow=0 return_oop=0}
                      ; - java.io.BufferedOutputStream::implFlush@8
                      ; - java.io.BufferedOutputStream::flush@46
                      ; - java.io.PrintStream::implFlush@8
                      ; - java.io.PrintStream::flush@15
                      ; - org.gradle.internal.logging.text.StreamBackedStandardOutputListener::onOutput@15 (line 53)
                      ; - org.gradle.internal.logging.text.StreamingStyledTextOutput::doAppend@5 (line 55)
                      ; - org.gradle.internal.logging.text.AbstractStyledTextOutput::text@14 (line 87)
                      ; - org.gradle.internal.logging.console.StyledTextOutputBackedRenderer$OutputEventTextOutputImpl::doLineText@5 (line 90)
                      ; - org.gradle.internal.logging.text.AbstractLineChoppingStyledTextOutput$StateContext::flushLineText@109 (line 131)
                      ; - org.gradle.internal.logging.text.AbstractLineChoppingStyledTextOutput::doAppend@39 (line 47)
                      ; - org.gradle.internal.logging.text.AbstractStyledTextOutput::text@14 (line 87)
                      ; - org.gradle.internal.logging.console.StyledTextOutputBackedRenderer::onOutput@177 (line 62)
                      ; - org.gradle.internal.logging.sink.LogEventDispatcher::dispatch@6 (line 47)
                      ; - org.gradle.internal.logging.sink.LogEventDispatcher::onOutput@56 (line 41)
                      ; - org.gradle.internal.logging.sink.OutputEventRenderer$LazyListener::onOutput@89 (line 480)
  0x000001ed13d1b460: 1c39 77ff 

  0x000001ed13d1b464: ;   {other}
  0x000001ed13d1b464: 0f1f 8400 | 5434 0041 | 4c8b 5c24 | 7048 8d84 | 24c0 0000 | 0048 8338 | 000f 8479 | 0000 004d 
  0x000001ed13d1b484: 8b13 41f6 | c202 0f84 | 6200 0000 | 4983 ba86 | 0000 0000 | 7409 49ff | 8a86 0000 | 00eb 4b49 
  0x000001ed13d1b4a4: 8b82 9600 | 0000 490b | 828e 0000 | 0075 0a49 | c742 3e00 | 0000 00eb | 3d49 83ba | 9e00 0000 
  0x000001ed13d1b4c4: 0074 2248 | 33c0 49c7 | 423e 0000 | 0000 f083 | 0424 0049 | 83ba 9e00 | 0000 0075 | 0df0 4d0f 
  0x000001ed13d1b4e4: b17a 3e75 | 0583 c801 | eb0c a800 | eb08 4c8b | 10f0 4d0f | b113 750a | 49ff 8f50 | 0500 0045 
  0x000001ed13d1b504: 33d2 0f84 | 64e3 ffff | 498b cb48 | 8d94 24c0 | 0000 004d | 8bc7 c5f8 | 7749 bab0 | d7bc 8efc 
  0x000001ed13d1b524: 7f00 0041 

  0x000001ed13d1b528: ;   {other}
  0x000001ed13d1b528: ffd2 0f1f | 8400 0000 | 0000 e939 | e3ff ff45 | 8b5b 0c45 | 8b53 0c44 | 8994 2488 | 0000 0045 
  0x000001ed13d1b548: ;   {metadata('java/util/concurrent/locks/ReentrantLock$NonfairSync')}
  0x000001ed13d1b548: 8b5a 0841 | 81fb 4ce6 | 0020 0f85 | fc2b 0000 | 498b d24c | 8994 2480 

  0x000001ed13d1b560: ;   {oop([B{0x0000000080d79f40})}
  0x000001ed13d1b560: 0000 0048 | bd40 9fd7 | 8000 0000 | 0066 6690 

  0x000001ed13d1b570: ;   {optimized virtual_call}
  0x000001ed13d1b570: c5f8 77e8 

  0x000001ed13d1b574: ; ImmutableOopMap {rbp=Oop [88]=Derived_oop_rbp [32]=Oop [40]=Oop [48]=Oop [56]=Oop [64]=NarrowOop [68]=NarrowOop [72]=Oop [80]=Oop [96]=Oop [104]=Oop [112]=Oop [128]=Oop [136]=NarrowOop }
                      ;*invokevirtual initialTryLock {reexecute=0 rethrow=0 return_oop=0}
                      ; - java.util.concurrent.locks.ReentrantLock$Sync::lock@1
                      ; - java.util.concurrent.locks.ReentrantLock::lock@4
                      ; - jdk.internal.misc.InternalLock::lock@4
                      ; - java.io.BufferedOutputStream::flush@11
                      ; - java.io.PrintStream::implFlush@8
                      ; - java.io.PrintStream::flush@15
                      ; - org.gradle.internal.logging.text.StreamBackedStandardOutputListener::onOutput@15 (line 53)
                      ; - org.gradle.internal.logging.text.StreamingStyledTextOutput::doAppend@5 (line 55)
                      ; - org.gradle.internal.logging.text.AbstractStyledTextOutput::text@14 (line 87)
                      ; - org.gradle.internal.logging.console.StyledTextOutputBackedRenderer$OutputEventTextOutputImpl::doLineText@5 (line 90)
                      ; - org.gradle.internal.logging.text.AbstractLineChoppingStyledTextOutput$StateContext::flushLineText@109 (line 131)
                      ; - org.gradle.internal.logging.text.AbstractLineChoppingStyledTextOutput::doAppend@39 (line 47)
                      ; - org.gradle.internal.logging.text.AbstractStyledTextOutput::text@14 (line 87)
                      ; - org.gradle.internal.logging.console.StyledTextOutputBackedRenderer::onOutput@177 (line 62)
                      ; - org.gradle.internal.logging.sink.LogEventDispatcher::dispatch@6 (line 47)
                      ; - org.gradle.internal.logging.sink.LogEventDispatcher::onOutput@56 (line 41)
                      ; - org.gradle.internal.logging.sink.OutputEventRenderer$LazyListener::onOutput@89 (line 480)
  0x000001ed13d1b574: 0835 77ff 

  0x000001ed13d1b578: ;   {other}
  0x000001ed13d1b578: 0f1f 8400 | 6835 0042 | 85c0 0f84 | bc1a 0000 | 4c8b 5424 | 7041 8b7a | 1845 8b52 | 1085 ff7e 
  0x000001ed13d1b598: 444c 8b5c | 2470 458b | 5b24 498b | d24d 8bc3 

  0x000001ed13d1b5a8: ;   {oop([B{0x0000000080d79f40})}
  0x000001ed13d1b5a8: 4533 c948 | bd40 9fd7 | 8000 0000 | 0090 c5f8 | 7748 b8ff | ffff ffff 

  0x000001ed13d1b5c0: ;   {virtual_call}
  0x000001ed13d1b5c0: ffff ffe8 

  0x000001ed13d1b5c4: ; ImmutableOopMap {rbp=Oop [88]=Derived_oop_rbp [32]=Oop [40]=Oop [48]=Oop [56]=Oop [64]=NarrowOop [68]=NarrowOop [72]=Oop [80]=Oop [96]=Oop [104]=Oop [112]=Oop }
                      ;*invokevirtual write {reexecute=0 rethrow=0 return_oop=0}
                      ; - java.io.BufferedOutputStream::flushBuffer@20
                      ; - java.io.BufferedOutputStream::implFlush@1
                      ; - java.io.BufferedOutputStream::flush@15
                      ; - java.io.PrintStream::implFlush@8
                      ; - java.io.PrintStream::flush@15
                      ; - org.gradle.internal.logging.text.StreamBackedStandardOutputListener::onOutput@15 (line 53)
                      ; - org.gradle.internal.logging.text.StreamingStyledTextOutput::doAppend@5 (line 55)
                      ; - org.gradle.internal.logging.text.AbstractStyledTextOutput::text@14 (line 87)
                      ; - org.gradle.internal.logging.console.StyledTextOutputBackedRenderer$OutputEventTextOutputImpl::doLineText@5 (line 90)
                      ; - org.gradle.internal.logging.text.AbstractLineChoppingStyledTextOutput$StateContext::flushLineText@109 (line 131)
                      ; - org.gradle.internal.logging.text.AbstractLineChoppingStyledTextOutput::doAppend@39 (line 47)
                      ; - org.gradle.internal.logging.text.AbstractStyledTextOutput::text@14 (line 87)
                      ; - org.gradle.internal.logging.console.StyledTextOutputBackedRenderer::onOutput@177 (line 62)
                      ; - org.gradle.internal.logging.sink.LogEventDispatcher::dispatch@6 (line 47)
                      ; - org.gradle.internal.logging.sink.LogEventDispatcher::onOutput@56 (line 41)
                      ; - org.gradle.internal.logging.sink.OutputEventRenderer$LazyListener::onOutput@89 (line 480)
  0x000001ed13d1b5c4: b837 77ff 

  0x000001ed13d1b5c8: ;   {other}
  0x000001ed13d1b5c8: 0f1f 8400 | b835 0043 | 4c8b 5424 | 7045 8962 | 1845 8b52 | 1049 8bd2 

  0x000001ed13d1b5e0: ;   {oop([B{0x0000000080d79f40})}
  0x000001ed13d1b5e0: 48bd 409f | d780 0000 | 0000 c5f8 | 7748 b8ff | ffff ffff 

  0x000001ed13d1b5f4: ;   {virtual_call}
  0x000001ed13d1b5f4: ffff ffe8 

  0x000001ed13d1b5f8: ; ImmutableOopMap {rbp=Oop [88]=Derived_oop_rbp [32]=Oop [40]=Oop [48]=Oop [56]=Oop [64]=NarrowOop [68]=NarrowOop [72]=Oop [80]=Oop [96]=Oop [104]=Oop [112]=Oop }
                      ;*invokevirtual flush {reexecute=0 rethrow=0 return_oop=0}
                      ; - java.io.BufferedOutputStream::implFlush@8
                      ; - java.io.BufferedOutputStream::flush@15
                      ; - java.io.PrintStream::implFlush@8
                      ; - java.io.PrintStream::flush@15
                      ; - org.gradle.internal.logging.text.StreamBackedStandardOutputListener::onOutput@15 (line 53)
                      ; - org.gradle.internal.logging.text.StreamingStyledTextOutput::doAppend@5 (line 55)
                      ; - org.gradle.internal.logging.text.AbstractStyledTextOutput::text@14 (line 87)
                      ; - org.gradle.internal.logging.console.StyledTextOutputBackedRenderer$OutputEventTextOutputImpl::doLineText@5 (line 90)
                      ; - org.gradle.internal.logging.text.AbstractLineChoppingStyledTextOutput$StateContext::flushLineText@109 (line 131)
                      ; - org.gradle.internal.logging.text.AbstractLineChoppingStyledTextOutput::doAppend@39 (line 47)
                      ; - org.gradle.internal.logging.text.AbstractStyledTextOutput::text@14 (line 87)
                      ; - org.gradle.internal.logging.console.StyledTextOutputBackedRenderer::onOutput@177 (line 62)
                      ; - org.gradle.internal.logging.sink.LogEventDispatcher::dispatch@6 (line 47)
                      ; - org.gradle.internal.logging.sink.LogEventDispatcher::onOutput@56 (line 41)
                      ; - org.gradle.internal.logging.sink.OutputEventRenderer$LazyListener::onOutput@89 (line 480)
  0x000001ed13d1b5f8: 8437 77ff 

  0x000001ed13d1b5fc: ;   {other}
  0x000001ed13d1b5fc: 0f1f 8400 | ec35 0044 | 4c8b 5424 | 7045 8b52 | 2045 8b5a | 0c45 8b5b | 0c44 899c | 2480 0000 
  0x000001ed13d1b61c: 0045 85db | 0f84 0633 | 0000 4d8b | d349 8bd2 | 41b8 0100 | 0000 4c89 | 5424 7890 

  0x000001ed13d1b638: ;   {optimized virtual_call}
  0x000001ed13d1b638: c5f8 77e8 

  0x000001ed13d1b63c: ; ImmutableOopMap {rbp=Oop [88]=Derived_oop_rbp [32]=Oop [40]=Oop [48]=Oop [56]=Oop [64]=NarrowOop [68]=NarrowOop [72]=Oop [80]=Oop [96]=Oop [104]=Oop [120]=Oop [128]=NarrowOop }
                      ;*invokevirtual tryRelease {reexecute=0 rethrow=0 return_oop=0}
                      ; - java.util.concurrent.locks.AbstractQueuedSynchronizer::release@2
                      ; - java.util.concurrent.locks.ReentrantLock::unlock@5
                      ; - jdk.internal.misc.InternalLock::unlock@4
                      ; - java.io.BufferedOutputStream::flush@22
                      ; - java.io.PrintStream::implFlush@8
                      ; - java.io.PrintStream::flush@15
                      ; - org.gradle.internal.logging.text.StreamBackedStandardOutputListener::onOutput@15 (line 53)
                      ; - org.gradle.internal.logging.text.StreamingStyledTextOutput::doAppend@5 (line 55)
                      ; - org.gradle.internal.logging.text.AbstractStyledTextOutput::text@14 (line 87)
                      ; - org.gradle.internal.logging.console.StyledTextOutputBackedRenderer$OutputEventTextOutputImpl::doLineText@5 (line 90)
                      ; - org.gradle.internal.logging.text.AbstractLineChoppingStyledTextOutput$StateContext::flushLineText@109 (line 131)
                      ; - org.gradle.internal.logging.text.AbstractLineChoppingStyledTextOutput::doAppend@39 (line 47)
                      ; - org.gradle.internal.logging.text.AbstractStyledTextOutput::text@14 (line 87)
                      ; - org.gradle.internal.logging.console.StyledTextOutputBackedRenderer::onOutput@177 (line 62)
                      ; - org.gradle.internal.logging.sink.LogEventDispatcher::dispatch@6 (line 47)
                      ; - org.gradle.internal.logging.sink.LogEventDispatcher::onOutput@56 (line 41)
                      ; - org.gradle.internal.logging.sink.OutputEventRenderer$LazyListener::onOutput@89 (line 480)
  0x000001ed13d1b63c: 4034 77ff 

  0x000001ed13d1b640: ;   {other}
  0x000001ed13d1b640: 0f1f 8400 | 3036 0045 | 85c0 0f84 | 20e2 ffff | 448b 9424 | 8000 0000 | 458b 5214 | 498b d290 
  0x000001ed13d1b660: ;   {static_call}
  0x000001ed13d1b660: c5f8 77e8 

  0x000001ed13d1b664: ; ImmutableOopMap {rbp=Oop [88]=Derived_oop_rbp [32]=Oop [40]=Oop [48]=Oop [56]=Oop [64]=NarrowOop [68]=NarrowOop [72]=Oop [80]=Oop [96]=Oop [104]=Oop }
                      ;*invokestatic signalNext {reexecute=0 rethrow=0 return_oop=0}
                      ; - java.util.concurrent.locks.AbstractQueuedSynchronizer::release@12
                      ; - java.util.concurrent.locks.ReentrantLock::unlock@5
                      ; - jdk.internal.misc.InternalLock::unlock@4
                      ; - java.io.BufferedOutputStream::flush@22
                      ; - java.io.PrintStream::implFlush@8
                      ; - java.io.PrintStream::flush@15
                      ; - org.gradle.internal.logging.text.StreamBackedStandardOutputListener::onOutput@15 (line 53)
                      ; - org.gradle.internal.logging.text.StreamingStyledTextOutput::doAppend@5 (line 55)
                      ; - org.gradle.internal.logging.text.AbstractStyledTextOutput::text@14 (line 87)
                      ; - org.gradle.internal.logging.console.StyledTextOutputBackedRenderer$OutputEventTextOutputImpl::doLineText@5 (line 90)
                      ; - org.gradle.internal.logging.text.AbstractLineChoppingStyledTextOutput$StateContext::flushLineText@109 (line 131)
                      ; - org.gradle.internal.logging.text.AbstractLineChoppingStyledTextOutput::doAppend@39 (line 47)
                      ; - org.gradle.internal.logging.text.AbstractStyledTextOutput::text@14 (line 87)
                      ; - org.gradle.internal.logging.console.StyledTextOutputBackedRenderer::onOutput@177 (line 62)
                      ; - org.gradle.internal.logging.sink.LogEventDispatcher::dispatch@6 (line 47)
                      ; - org.gradle.internal.logging.sink.LogEventDispatcher::onOutput@56 (line 41)
                      ; - org.gradle.internal.logging.sink.OutputEventRenderer$LazyListener::onOutput@89 (line 480)
  0x000001ed13d1b664: 183a 77ff 

  0x000001ed13d1b668: ;   {other}
  0x000001ed13d1b668: 0f1f 8400 | 5836 0046 | e9fb e1ff 

  0x000001ed13d1b674: ;   {metadata('java/io/BufferedOutputStream')}
  0x000001ed13d1b674: ff41 81fb | c0f0 0020 | 0f85 7632 | 0000 4c8b | dd45 8b4b | 2045 85c9 | 0f85 a201 | 0000 488d 
  0x000001ed13d1b694: 9c24 c000 | 0000 498b | 03a8 020f | 8523 0000 | 0048 83c8 | 0148 8903 | f049 0fb1 | 1b0f 8437 
  0x000001ed13d1b6b4: 0000 0048 | 2bc4 4825 | 07f0 ffff | 4889 03e9 | 2400 0000 | 4c8b d048 | 33c0 f04d | 0fb1 7a3e 
  0x000001ed13d1b6d4: 48c7 0303 | 0000 0074 | 114c 3bf8 | 7515 49ff | 8286 0000 | 0048 33c0 | 7509 49ff | 8750 0500 
  0x000001ed13d1b6f4: 0033 c00f | 85d0 3200 | 0041 8b7b | 1845 8b4b | 1085 ff7f | 0a4c 8944 | 2448 498b | ebeb 3c49 
  0x000001ed13d1b714: 8beb 4c89 | 4424 4845 | 8b5b 2449 | 8bd1 4d8b | c345 33c9 | 6690 c5f8 | 7748 b8ff | ffff ffff 
  0x000001ed13d1b734: ;   {virtual_call}
  0x000001ed13d1b734: ffff ffe8 

  0x000001ed13d1b738: ; ImmutableOopMap {rbp=Oop [32]=Oop [40]=Oop [48]=Oop [56]=Oop [64]=NarrowOop [72]=Oop [80]=Oop [88]=Oop [96]=Oop }
                      ;*invokevirtual write {reexecute=0 rethrow=0 return_oop=0}
                      ; - java.io.BufferedOutputStream::flushBuffer@20
                      ; - java.io.BufferedOutputStream::implFlush@1
                      ; - java.io.BufferedOutputStream::flush@46
                      ; - java.io.PrintStream::implFlush@8
                      ; - java.io.PrintStream::flush@15
                      ; - org.gradle.internal.logging.text.StreamBackedStandardOutputListener::onOutput@15 (line 53)
                      ; - org.gradle.internal.logging.text.StreamingStyledTextOutput::doAppend@5 (line 55)
                      ; - org.gradle.internal.logging.text.AbstractStyledTextOutput::text@14 (line 87)
                      ; - org.gradle.internal.logging.console.StyledTextOutputBackedRenderer$OutputEventTextOutputImpl::doLineText@5 (line 90)
                      ; - org.gradle.internal.logging.text.AbstractLineChoppingStyledTextOutput$StateContext::flushLineText@109 (line 131)
                      ; - org.gradle.internal.logging.text.AbstractLineChoppingStyledTextOutput::doAppend@39 (line 47)
                      ; - org.gradle.internal.logging.text.AbstractStyledTextOutput::text@14 (line 87)
                      ; - org.gradle.internal.logging.console.StyledTextOutputBackedRenderer::onOutput@187 (line 63)
                      ; - org.gradle.internal.logging.sink.LogEventDispatcher::dispatch@6 (line 47)
                      ; - org.gradle.internal.logging.sink.LogEventDispatcher::onOutput@56 (line 41)
                      ; - org.gradle.internal.logging.sink.OutputEventRenderer$LazyListener::onOutput@89 (line 480)
  0x000001ed13d1b738: 4436 77ff 

  0x000001ed13d1b73c: ;   {other}
  0x000001ed13d1b73c: 0f1f 8400 | 2c37 0047 | 4c8b d545 | 8962 1845 | 8b4a 1049 | 8bd1 c5f8 | 7748 b8ff | ffff ffff 
  0x000001ed13d1b75c: ;   {virtual_call}
  0x000001ed13d1b75c: ffff ffe8 

  0x000001ed13d1b760: ; ImmutableOopMap {rbp=Oop [32]=Oop [40]=Oop [48]=Oop [56]=Oop [64]=NarrowOop [72]=Oop [80]=Oop [88]=Oop [96]=Oop }
                      ;*invokevirtual flush {reexecute=0 rethrow=0 return_oop=0}
                      ; - java.io.BufferedOutputStream::implFlush@8
                      ; - java.io.BufferedOutputStream::flush@46
                      ; - java.io.PrintStream::implFlush@8
                      ; - java.io.PrintStream::flush@15
                      ; - org.gradle.internal.logging.text.StreamBackedStandardOutputListener::onOutput@15 (line 53)
                      ; - org.gradle.internal.logging.text.StreamingStyledTextOutput::doAppend@5 (line 55)
                      ; - org.gradle.internal.logging.text.AbstractStyledTextOutput::text@14 (line 87)
                      ; - org.gradle.internal.logging.console.StyledTextOutputBackedRenderer$OutputEventTextOutputImpl::doLineText@5 (line 90)
                      ; - org.gradle.internal.logging.text.AbstractLineChoppingStyledTextOutput$StateContext::flushLineText@109 (line 131)
                      ; - org.gradle.internal.logging.text.AbstractLineChoppingStyledTextOutput::doAppend@39 (line 47)
                      ; - org.gradle.internal.logging.text.AbstractStyledTextOutput::text@14 (line 87)
                      ; - org.gradle.internal.logging.console.StyledTextOutputBackedRenderer::onOutput@187 (line 63)
                      ; - org.gradle.internal.logging.sink.LogEventDispatcher::dispatch@6 (line 47)
                      ; - org.gradle.internal.logging.sink.LogEventDispatcher::onOutput@56 (line 41)
                      ; - org.gradle.internal.logging.sink.OutputEventRenderer$LazyListener::onOutput@89 (line 480)
  0x000001ed13d1b760: 1c36 77ff 

  0x000001ed13d1b764: ;   {other}
  0x000001ed13d1b764: 0f1f 8400 | 5437 0048 | 488d 8424 | c000 0000 | 4883 3800 | 0f84 7b00 | 0000 4c8b | 5500 41f6 
  0x000001ed13d1b784: c202 0f84 | 6200 0000 | 4983 ba86 | 0000 0000 | 7409 49ff | 8a86 0000 | 00eb 4b49 | 8b82 9600 
  0x000001ed13d1b7a4: 0000 490b | 828e 0000 | 0075 0a49 | c742 3e00 | 0000 00eb | 3e49 83ba | 9e00 0000 | 0074 2248 
  0x000001ed13d1b7c4: 33c0 49c7 | 423e 0000 | 0000 f083 | 0424 0049 | 83ba 9e00 | 0000 0075 | 0df0 4d0f | b17a 3e75 
  0x000001ed13d1b7e4: 0583 c801 | eb0d a800 | eb09 4c8b | 10f0 4c0f | b155 0075 | 0a49 ff8f | 5005 0000 | 4533 d20f 
  0x000001ed13d1b804: 842b 0100 | 0048 8bcd | 488d 9424 | c000 0000 | 4d8b c7c5 | f877 49ba | b0d7 bc8e | fc7f 0000 
  0x000001ed13d1b824: ;   {other}
  0x000001ed13d1b824: 41ff d20f | 1f84 0000 | 0000 00e9 | 0001 0000 | 458b 490c 

  0x000001ed13d1b838: ; implicit exception: dispatches to 0x000001ed13d1fd0c
  0x000001ed13d1b838: 418b 690c 

  0x000001ed13d1b83c: ; implicit exception: dispatches to 0x000001ed13d1fd40
  0x000001ed13d1b83c: 448b 5508 

  0x000001ed13d1b840: ;   {metadata('java/util/concurrent/locks/ReentrantLock$NonfairSync')}
  0x000001ed13d1b840: 4c8b cd41 | 81fa 4ce6 | 0020 0f85 | 3929 0000 | 4c89 5c24 | 684d 8bd1 | 498b d24c | 8954 2478 
  0x000001ed13d1b860: ;   {optimized virtual_call}
  0x000001ed13d1b860: c5f8 77e8 

  0x000001ed13d1b864: ; ImmutableOopMap {rbp=NarrowOop [32]=Oop [40]=Oop [48]=Oop [56]=Oop [64]=NarrowOop [72]=Oop [80]=Oop [88]=Oop [96]=Oop [104]=Oop [120]=Oop }
                      ;*invokevirtual initialTryLock {reexecute=0 rethrow=0 return_oop=0}
                      ; - java.util.concurrent.locks.ReentrantLock$Sync::lock@1
                      ; - java.util.concurrent.locks.ReentrantLock::lock@4
                      ; - jdk.internal.misc.InternalLock::lock@4
                      ; - java.io.BufferedOutputStream::flush@11
                      ; - java.io.PrintStream::implFlush@8
                      ; - java.io.PrintStream::flush@15
                      ; - org.gradle.internal.logging.text.StreamBackedStandardOutputListener::onOutput@15 (line 53)
                      ; - org.gradle.internal.logging.text.StreamingStyledTextOutput::doAppend@5 (line 55)
                      ; - org.gradle.internal.logging.text.AbstractStyledTextOutput::text@14 (line 87)
                      ; - org.gradle.internal.logging.console.StyledTextOutputBackedRenderer$OutputEventTextOutputImpl::doLineText@5 (line 90)
                      ; - org.gradle.internal.logging.text.AbstractLineChoppingStyledTextOutput$StateContext::flushLineText@109 (line 131)
                      ; - org.gradle.internal.logging.text.AbstractLineChoppingStyledTextOutput::doAppend@39 (line 47)
                      ; - org.gradle.internal.logging.text.AbstractStyledTextOutput::text@14 (line 87)
                      ; - org.gradle.internal.logging.console.StyledTextOutputBackedRenderer::onOutput@187 (line 63)
                      ; - org.gradle.internal.logging.sink.LogEventDispatcher::dispatch@6 (line 47)
                      ; - org.gradle.internal.logging.sink.LogEventDispatcher::onOutput@56 (line 41)
                      ; - org.gradle.internal.logging.sink.OutputEventRenderer$LazyListener::onOutput@89 (line 480)
  0x000001ed13d1b864: 1832 77ff 

  0x000001ed13d1b868: ;   {other}
  0x000001ed13d1b868: 0f1f 8400 | 5838 0049 | 85c0 0f84 | fd17 0000 | 4c8b 5c24 | 6841 8b7b | 1845 8b53 | 1085 ff7e 
  0x000001ed13d1b888: 3445 8b5b | 2449 8bd2 | 4d8b c345 | 33c9 c5f8 | 7748 b8ff | ffff ffff 

  0x000001ed13d1b8a0: ;   {virtual_call}
  0x000001ed13d1b8a0: ffff ffe8 

  0x000001ed13d1b8a4: ; ImmutableOopMap {[32]=Oop [40]=Oop [48]=Oop [56]=Oop [64]=NarrowOop [72]=Oop [80]=Oop [88]=Oop [96]=Oop [104]=Oop }
                      ;*invokevirtual write {reexecute=0 rethrow=0 return_oop=0}
                      ; - java.io.BufferedOutputStream::flushBuffer@20
                      ; - java.io.BufferedOutputStream::implFlush@1
                      ; - java.io.BufferedOutputStream::flush@15
                      ; - java.io.PrintStream::implFlush@8
                      ; - java.io.PrintStream::flush@15
                      ; - org.gradle.internal.logging.text.StreamBackedStandardOutputListener::onOutput@15 (line 53)
                      ; - org.gradle.internal.logging.text.StreamingStyledTextOutput::doAppend@5 (line 55)
                      ; - org.gradle.internal.logging.text.AbstractStyledTextOutput::text@14 (line 87)
                      ; - org.gradle.internal.logging.console.StyledTextOutputBackedRenderer$OutputEventTextOutputImpl::doLineText@5 (line 90)
                      ; - org.gradle.internal.logging.text.AbstractLineChoppingStyledTextOutput$StateContext::flushLineText@109 (line 131)
                      ; - org.gradle.internal.logging.text.AbstractLineChoppingStyledTextOutput::doAppend@39 (line 47)
                      ; - org.gradle.internal.logging.text.AbstractStyledTextOutput::text@14 (line 87)
                      ; - org.gradle.internal.logging.console.StyledTextOutputBackedRenderer::onOutput@187 (line 63)
                      ; - org.gradle.internal.logging.sink.LogEventDispatcher::dispatch@6 (line 47)
                      ; - org.gradle.internal.logging.sink.LogEventDispatcher::onOutput@56 (line 41)
                      ; - org.gradle.internal.logging.sink.OutputEventRenderer$LazyListener::onOutput@89 (line 480)
  0x000001ed13d1b8a4: d834 77ff 

  0x000001ed13d1b8a8: ;   {other}
  0x000001ed13d1b8a8: 0f1f 8400 | 9838 004a | 4c8b 5c24 | 6845 8963 | 1845 8b53 | 1049 8bd2 | 6690 c5f8 | 7748 b8ff 
  0x000001ed13d1b8c8: ffff ffff 

  0x000001ed13d1b8cc: ;   {virtual_call}
  0x000001ed13d1b8cc: ffff ffe8 

  0x000001ed13d1b8d0: ; ImmutableOopMap {[32]=Oop [40]=Oop [48]=Oop [56]=Oop [64]=NarrowOop [72]=Oop [80]=Oop [88]=Oop [96]=Oop [104]=Oop }
                      ;*invokevirtual flush {reexecute=0 rethrow=0 return_oop=0}
                      ; - java.io.BufferedOutputStream::implFlush@8
                      ; - java.io.BufferedOutputStream::flush@15
                      ; - java.io.PrintStream::implFlush@8
                      ; - java.io.PrintStream::flush@15
                      ; - org.gradle.internal.logging.text.StreamBackedStandardOutputListener::onOutput@15 (line 53)
                      ; - org.gradle.internal.logging.text.StreamingStyledTextOutput::doAppend@5 (line 55)
                      ; - org.gradle.internal.logging.text.AbstractStyledTextOutput::text@14 (line 87)
                      ; - org.gradle.internal.logging.console.StyledTextOutputBackedRenderer$OutputEventTextOutputImpl::doLineText@5 (line 90)
                      ; - org.gradle.internal.logging.text.AbstractLineChoppingStyledTextOutput$StateContext::flushLineText@109 (line 131)
                      ; - org.gradle.internal.logging.text.AbstractLineChoppingStyledTextOutput::doAppend@39 (line 47)
                      ; - org.gradle.internal.logging.text.AbstractStyledTextOutput::text@14 (line 87)
                      ; - org.gradle.internal.logging.console.StyledTextOutputBackedRenderer::onOutput@187 (line 63)
                      ; - org.gradle.internal.logging.sink.LogEventDispatcher::dispatch@6 (line 47)
                      ; - org.gradle.internal.logging.sink.LogEventDispatcher::onOutput@56 (line 41)
                      ; - org.gradle.internal.logging.sink.OutputEventRenderer$LazyListener::onOutput@89 (line 480)
  0x000001ed13d1b8d0: ac34 77ff 

  0x000001ed13d1b8d4: ;   {other}
  0x000001ed13d1b8d4: 0f1f 8400 | c438 004b | 4c8b 5424 | 6845 8b52 | 2045 8b5a | 0c41 8b6b | 0c85 ed0f | 847b 3000 
  0x000001ed13d1b8f4: 004c 8bd5 | 498b d241 | b801 0000 | 004c 8954 | 2470 6690 

  0x000001ed13d1b908: ;   {optimized virtual_call}
  0x000001ed13d1b908: c5f8 77e8 

  0x000001ed13d1b90c: ; ImmutableOopMap {rbp=NarrowOop [32]=Oop [40]=Oop [48]=Oop [56]=Oop [64]=NarrowOop [72]=Oop [80]=Oop [88]=Oop [96]=Oop [112]=Oop }
                      ;*invokevirtual tryRelease {reexecute=0 rethrow=0 return_oop=0}
                      ; - java.util.concurrent.locks.AbstractQueuedSynchronizer::release@2
                      ; - java.util.concurrent.locks.ReentrantLock::unlock@5
                      ; - jdk.internal.misc.InternalLock::unlock@4
                      ; - java.io.BufferedOutputStream::flush@22
                      ; - java.io.PrintStream::implFlush@8
                      ; - java.io.PrintStream::flush@15
                      ; - org.gradle.internal.logging.text.StreamBackedStandardOutputListener::onOutput@15 (line 53)
                      ; - org.gradle.internal.logging.text.StreamingStyledTextOutput::doAppend@5 (line 55)
                      ; - org.gradle.internal.logging.text.AbstractStyledTextOutput::text@14 (line 87)
                      ; - org.gradle.internal.logging.console.StyledTextOutputBackedRenderer$OutputEventTextOutputImpl::doLineText@5 (line 90)
                      ; - org.gradle.internal.logging.text.AbstractLineChoppingStyledTextOutput$StateContext::flushLineText@109 (line 131)
                      ; - org.gradle.internal.logging.text.AbstractLineChoppingStyledTextOutput::doAppend@39 (line 47)
                      ; - org.gradle.internal.logging.text.AbstractStyledTextOutput::text@14 (line 87)
                      ; - org.gradle.internal.logging.console.StyledTextOutputBackedRenderer::onOutput@187 (line 63)
                      ; - org.gradle.internal.logging.sink.LogEventDispatcher::dispatch@6 (line 47)
                      ; - org.gradle.internal.logging.sink.LogEventDispatcher::onOutput@56 (line 41)
                      ; - org.gradle.internal.logging.sink.OutputEventRenderer$LazyListener::onOutput@89 (line 480)
  0x000001ed13d1b90c: 7031 77ff 

  0x000001ed13d1b910: ;   {other}
  0x000001ed13d1b910: 0f1f 8400 | 0039 004c | 85c0 7418 | 448b 5514 | 498b d290 

  0x000001ed13d1b924: ;   {static_call}
  0x000001ed13d1b924: c5f8 77e8 

  0x000001ed13d1b928: ; ImmutableOopMap {[32]=Oop [40]=Oop [48]=Oop [56]=Oop [64]=NarrowOop [72]=Oop [80]=Oop [88]=Oop [96]=Oop }
                      ;*invokestatic signalNext {reexecute=0 rethrow=0 return_oop=0}
                      ; - java.util.concurrent.locks.AbstractQueuedSynchronizer::release@12
                      ; - java.util.concurrent.locks.ReentrantLock::unlock@5
                      ; - jdk.internal.misc.InternalLock::unlock@4
                      ; - java.io.BufferedOutputStream::flush@22
                      ; - java.io.PrintStream::implFlush@8
                      ; - java.io.PrintStream::flush@15
                      ; - org.gradle.internal.logging.text.StreamBackedStandardOutputListener::onOutput@15 (line 53)
                      ; - org.gradle.internal.logging.text.StreamingStyledTextOutput::doAppend@5 (line 55)
                      ; - org.gradle.internal.logging.text.AbstractStyledTextOutput::text@14 (line 87)
                      ; - org.gradle.internal.logging.console.StyledTextOutputBackedRenderer$OutputEventTextOutputImpl::doLineText@5 (line 90)
                      ; - org.gradle.internal.logging.text.AbstractLineChoppingStyledTextOutput$StateContext::flushLineText@109 (line 131)
                      ; - org.gradle.internal.logging.text.AbstractLineChoppingStyledTextOutput::doAppend@39 (line 47)
                      ; - org.gradle.internal.logging.text.AbstractStyledTextOutput::text@14 (line 87)
                      ; - org.gradle.internal.logging.console.StyledTextOutputBackedRenderer::onOutput@187 (line 63)
                      ; - org.gradle.internal.logging.sink.LogEventDispatcher::dispatch@6 (line 47)
                      ; - org.gradle.internal.logging.sink.LogEventDispatcher::onOutput@56 (line 41)
                      ; - org.gradle.internal.logging.sink.OutputEventRenderer$LazyListener::onOutput@89 (line 480)
  0x000001ed13d1b928: 5437 77ff 

  0x000001ed13d1b92c: ;   {other}
  0x000001ed13d1b92c: 0f1f 8400 | 1c39 004d | 4c8b 4424 | 48e9 2ee9 | ffff 448b | 5518 4585 | d20f 84bc | eaff ff4d 
  0x000001ed13d1b94c: 8b5f 2849 | 8bca 4d85 | db0f 8415 | 1f00 004d | 8b57 384b | 894c 1af8 | 4983 c3f8 | 4d89 5f28 
  0x000001ed13d1b96c: e996 eaff | ff4d 8b57 | 484d 8b5f | 58f0 8344 | 24c0 0041 | 8038 000f | 84af eaff | ff45 8820 
  0x000001ed13d1b98c: 4d85 d275 | 2349 8bc8 | 498b d7c5 | f877 49ba | e029 7b8e | fc7f 0000 

  0x000001ed13d1b9a4: ;   {other}
  0x000001ed13d1b9a4: 41ff d20f | 1f84 0000 | 0000 00e9 | 84ea ffff | 4f89 4413 | f849 83c2 | f84d 8957 | 48e9 72ea 
  0x000001ed13d1b9c4: ffff 448b | 550c 4d8b | ca48 8bd5 | 4c8b 4424 | 2066 6690 

  0x000001ed13d1b9d8: ;   {optimized virtual_call}
  0x000001ed13d1b9d8: c5f8 77e8 

  0x000001ed13d1b9dc: ; ImmutableOopMap {rbp=Oop [32]=Oop }
                      ;*invokevirtual dispatch {reexecute=0 rethrow=0 return_oop=0}
                      ; - org.gradle.internal.logging.sink.LogEventDispatcher::onOutput@13 (line 36)
                      ; - org.gradle.internal.logging.sink.OutputEventRenderer$LazyListener::onOutput@89 (line 480)
  0x000001ed13d1b9dc: a030 77ff 

  0x000001ed13d1b9e0: ;   {other}
  0x000001ed13d1b9e0: 0f1f 8400 | d039 004e | 448b 5510 | 4d8b ca48 | 8bd5 4c8b | 4424 2090 

  0x000001ed13d1b9f8: ;   {optimized virtual_call}
  0x000001ed13d1b9f8: c5f8 77e8 

  0x000001ed13d1b9fc: ; ImmutableOopMap {}
                      ;*invokevirtual dispatch {reexecute=0 rethrow=0 return_oop=0}
                      ; - org.gradle.internal.logging.sink.LogEventDispatcher::onOutput@22 (line 37)
                      ; - org.gradle.internal.logging.sink.OutputEventRenderer$LazyListener::onOutput@89 (line 480)
  0x000001ed13d1b9fc: 8030 77ff 

  0x000001ed13d1ba00: ;   {other}
  0x000001ed13d1ba00: 0f1f 8400 | f039 004f | e957 eaff | ff44 8b5e | 0c45 85db | 0f84 a9d2 | ffff 4d8b | 5728 498b 
  0x000001ed13d1ba20: cb4d 85d2 | 0f84 8a1e | 0000 4d8b | 5f38 4b89 | 4c13 f849 | 83c2 f84d | 8957 28e9 | 83d2 ffff 
  0x000001ed13d1ba40: 4d8b 5748 | 4d8b 5f58 | f083 4424 | c000 8039 | 000f 84a6 | d2ff ff44 | 8821 4d85 | d275 2049 
  0x000001ed13d1ba60: 8bd7 c5f8 | 7749 bae0 | 297b 8efc | 7f00 0041 

  0x000001ed13d1ba70: ;   {other}
  0x000001ed13d1ba70: ffd2 0f1f | 8400 0000 | 0000 e97e | d2ff ff4b | 894c 13f8 | 4983 c2f8 | 4d89 5748 | e96c d2ff 
  0x000001ed13d1ba90: ff4c 8b44 | 2460 458b | 5810 4585 | db0f 8477 | d5ff ff4d | 8b57 2849 | 8bcb 4d85 | d20f 8441 
  0x000001ed13d1bab0: 1e00 0049 | 8bd8 4d8b | 5f38 4b89 | 4c13 f849 | 83c2 f84d | 8957 284c | 8bc3 e94b | d5ff ff4c 
  0x000001ed13d1bad0: 8b44 2458 | 458b 5018 | 4585 d20f | 84d7 d5ff | ff4d 8b5f | 2849 8bca | 4d85 db0f | 8426 1e00 
  0x000001ed13d1baf0: 004d 8b57 | 384b 894c | 1af8 4983 | c3f8 4d89 | 5f28 e9b1 | d5ff ff44 | 8b55 1445 | 85d2 0f84 
  0x000001ed13d1bb10: 62d5 ffff | 4d8b 5f28 | 498b ca4d | 85db 0f84 | b01d 0000 | 4d8b 5738 | 4b89 4c1a | f849 83c3 
  0x000001ed13d1bb30: f84d 895f | 28e9 3cd5 | ffff 458b | 501c 4585 | d20f 84b3 | d5ff ff4d | 8b5f 2849 | 8bca 4d85 
  0x000001ed13d1bb50: db0f 84e6 | 1d00 004d | 8b57 384b | 894c 1af8 | 4983 c3f8 | 4d89 5f28 | e98d d5ff | ff45 8b58 
  0x000001ed13d1bb70: ;   {no_reloc}
  0x000001ed13d1bb70: 2045 85db | 0f84 c7d5 | ffff 4d8b | 5728 498b | cb4d 85d2 | 0f84 051e | 0000 4d8b | 5f38 4b89 
  0x000001ed13d1bb90: 4c13 f849 | 83c2 f84d | 8957 28e9 | a1d5 ffff | 458b 5024 | 4585 d20f | 84d8 d5ff | ff4d 8b5f 
  0x000001ed13d1bbb0: 2849 8bca | 4d85 db0f | 84a6 1d00 | 004d 8b57 | 384b 894c | 1af8 4983 | c3f8 4d89 | 5f28 e9b2 
  0x000001ed13d1bbd0: d5ff ff44 | 8b54 2440 | 458b 5218 | 4585 d20f | 8462 d6ff | ff4d 8b5f | 2849 8bca | 4d85 db0f 
  0x000001ed13d1bbf0: 84c6 1d00 | 004d 8b57 | 384b 894c | 1af8 4983 | c3f8 4d89 | 5f28 e93c | d6ff ff4c | 8b54 2470 
  0x000001ed13d1bc10: 458b 5210 | 4585 d20f | 8490 deff | ff4d 8b5f | 2849 8bca | 4d85 db0f | 84ee 1d00 | 004d 8b57 
  0x000001ed13d1bc30: 384b 894c | 1af8 4983 | c3f8 4d89 | 5f28 e96a | deff ff4c | 8b54 2460 | 458b 5a18 | 4585 db0f 
  0x000001ed13d1bc50: 8403 dfff | ff4d 8b57 | 2849 8bcb | 4d85 d20f | 8476 1d00 | 004d 8b5f | 384b 894c | 13f8 4983 
  0x000001ed13d1bc70: ;   {no_reloc}
  0x000001ed13d1bc70: c2f8 4d89 | 5728 e9dd | deff ff4c | 8b54 2470 | 458b 5214 | 4585 d20f | 8485 deff | ff4d 8b5f 
  0x000001ed13d1bc90: 2849 8bca | 4d85 db0f | 845e 1d00 | 004d 8b57 | 384b 894c | 1af8 4983 | c3f8 4d89 | 5f28 e95f 
  0x000001ed13d1bcb0: deff ff4c | 8b54 2460 | 458b 5a24 | 4585 db0f | 8474 dfff | ff4d 8b57 | 2849 8bcb | 4d85 d20f 
  0x000001ed13d1bcd0: 84a6 1d00 | 004d 8b5f | 384b 894c | 13f8 4983 | c2f8 4d89 | 5728 e94e | dfff ff4c | 8b54 2460 
  0x000001ed13d1bcf0: 458b 5a20 | 4585 db0f | 84f6 deff | ff4d 8b57 | 2849 8bcb | 4d85 d20f | 842e 1d00 | 004d 8b5f 
  0x000001ed13d1bd10: 384b 894c | 13f8 4983 | c2f8 4d89 | 5728 e9d0 | deff ff45 | 8b5a 1c45 | 85db 0f84 | 78de ffff 
  0x000001ed13d1bd30: 4d8b 5728 | 498b cb4d | 85d2 0f84 | 1b1d 0000 | 4d8b 5f38 | 4b89 4c13 | f849 83c2 | f84d 8957 
  0x000001ed13d1bd50: 28e9 52de | ffff 448b | 4424 4045 | 8b58 1845 | 85db 7427 | 4d8b 5728 | 498b cb4d 

  0x000001ed13d1bd6c: ;   {no_reloc}
  0x000001ed13d1bd6c: 85d2 0f84 | 271d 0000 | 418b d84d | 8b5f 384b | 894c 13f8 | 4983 c2f8 | 4d89 5728 | 448b c344 
  0x000001ed13d1bd8c: 8944 2440 | e92a dfff | ff4d 8b57 | 584d 8b5f | 48f0 8344 | 24c0 0080 | 3900 0f84 | f9d2 ffff 
  0x000001ed13d1bdac: 4488 214d | 85db 7520 | 498b d7c5 | f877 49ba | e029 7b8e | fc7f 0000 

  0x000001ed13d1bdc4: ;   {other}
  0x000001ed13d1bdc4: 41ff d20f | 1f84 0000 | 0000 00e9 | d1d2 ffff | 4b89 4c1a | f849 83c3 | f84d 895f | 48e9 bfd2 
  0x000001ed13d1bde4: ffff 4d8b | 5748 4d8b | 5f58 f083 | 4424 c000 | 8039 000f | 84eb d2ff | ff44 8821 | 4d85 d275 
  0x000001ed13d1be04: 2649 8bd8 | 498b d7c5 | f877 49ba | e029 7b8e | fc7f 0000 

  0x000001ed13d1be18: ;   {other}
  0x000001ed13d1be18: 41ff d20f | 1f84 0000 | 0000 004c | 8bc3 e9bd | d2ff ff4b | 894c 13f8 | 4983 c2f8 | 4d89 5748 
  0x000001ed13d1be38: e9ab d2ff | ff4d 8b57 | 484d 8b5f | 58f0 8344 | 24c0 0080 | 3900 0f84 | 61d3 ffff | 4488 214d 
  0x000001ed13d1be58: 85d2 752c | 498b f849 | 8bd9 498b | d7c5 f877 | 49ba e029 | 7b8e fc7f | 0000 41ff 

  0x000001ed13d1be74: ;   {other}
  0x000001ed13d1be74: d20f 1f84 | 0000 0000 | 004c 8bcb | 4c8b c7e9 | 2dd3 ffff | 4b89 4c13 | f849 83c2 | f84d 8957 
  0x000001ed13d1be94: 48e9 1bd3 | ffff 4d8b | 5758 4d8b | 5f48 f083 | 4424 c000 | 8039 000f | 8493 dcff | ff44 8821 
  0x000001ed13d1beb4: 4d85 db75 | 2049 8bd7 | c5f8 7749 | bae0 297b | 8efc 7f00 | 0041 ffd2 

  0x000001ed13d1becc: ;   {other}
  0x000001ed13d1becc: 0f1f 8400 | 0000 0000 | e96b dcff | ff4b 894c | 1af8 4983 | c3f8 4d89 | 5f48 e959 | dcff ff4d 
  0x000001ed13d1beec: 8b57 484d | 8b5f 58f0 | 8344 24c0 | 0080 3900 | 0f84 8fdc | ffff 4488 | 214d 85d2 | 7520 498b 
  0x000001ed13d1bf0c: d7c5 f877 | 49ba e029 | 7b8e fc7f | 0000 41ff 

  0x000001ed13d1bf1c: ;   {other}
  0x000001ed13d1bf1c: d20f 1f84 | 0000 0000 | 00e9 67dc | ffff 4b89 | 4c13 f849 | 83c2 f84d | 8957 48e9 | 55dc ffff 
  0x000001ed13d1bf3c: 4d8b 5748 | 4d8b 5f58 | f083 4424 | c000 8039 | 000f 8421 | ddff ff44 | 8821 4d85 | d275 2049 
  0x000001ed13d1bf5c: 8bd7 c5f8 | 7749 bae0 | 297b 8efc | 7f00 0041 

  0x000001ed13d1bf6c: ;   {other}
  0x000001ed13d1bf6c: ffd2 0f1f | 8400 0000 | 0000 e9f9 | dcff ff4b | 894c 13f8 | 4983 c2f8 | 4d89 5748 | e9e7 dcff 
  0x000001ed13d1bf8c: ff4d 8b57 | 484d 8b5f | 58f0 8344 | 24c0 0080 | 3900 0f84 | c7d0 ffff | 4488 214d | 85d2 7520 
  0x000001ed13d1bfac: 498b d7c5 | f877 49ba | e029 7b8e | fc7f 0000 

  0x000001ed13d1bfbc: ;   {other}
  0x000001ed13d1bfbc: 41ff d20f | 1f84 0000 | 0000 00e9 | 9fd0 ffff | 4b89 4c13 | f849 83c2 | f84d 8957 | 48e9 8dd0 
  0x000001ed13d1bfdc: ffff 4d8b | 5748 4d8b | 5f58 f083 | 4424 c000 | 8039 000f | 8485 d1ff | ff44 8821 | 4d85 d275 
  0x000001ed13d1bffc: 2c49 8bf8 | 498b d949 | 8bd7 c5f8 | 7749 bae0 | 297b 8efc | 7f00 0041 

  0x000001ed13d1c014: ;   {other}
  0x000001ed13d1c014: ffd2 0f1f | 8400 0000 | 0000 4c8b | cb4c 8bc7 | e951 d1ff | ff4b 894c | 13f8 4983 | c2f8 4d89 
  0x000001ed13d1c034: 5748 e93f | d1ff ff4d | 8b57 484d | 8b5f 58f0 | 8344 24c0 | 0080 3900 | 743e 4488 | 214d 85d2 
  0x000001ed13d1c054: 740f 4b89 | 4c13 f849 | 83c2 f84d | 8957 48eb | 2749 8bf8 | 498b d949 | 8bd7 c5f8 | 7749 bae0 
  0x000001ed13d1c074: 297b 8efc | 7f00 0041 

  0x000001ed13d1c07c: ;   {other}
  0x000001ed13d1c07c: ffd2 0f1f | 8400 0000 | 0000 4c8b | cb4c 8bc7 | 418b 7828 | 85ff 0f85 | 9ed0 ffff | baf6 ffff 
  0x000001ed13d1c09c: ff66 6690 

  0x000001ed13d1c0a0: ;   {runtime_call UncommonTrapBlob}
  0x000001ed13d1c0a0: c5f8 77e8 

  0x000001ed13d1c0a4: ; ImmutableOopMap {}
                      ;*getfield eol {reexecute=1 rethrow=0 return_oop=0}
                      ; - (reexecute) org.gradle.internal.logging.text.AbstractLineChoppingStyledTextOutput::access$300@1 (line 27)
                      ; - org.gradle.internal.logging.text.AbstractLineChoppingStyledTextOutput$StateContext::<init>@39 (line 71)
                      ; - org.gradle.internal.logging.text.AbstractLineChoppingStyledTextOutput::doAppend@6 (line 41)
                      ; - org.gradle.internal.logging.text.AbstractStyledTextOutput::text@14 (line 87)
                      ; - org.gradle.internal.logging.console.StyledTextOutputBackedRenderer::onOutput@177 (line 62)
                      ; - org.gradle.internal.logging.sink.LogEventDispatcher::dispatch@6 (line 47)
                      ; - org.gradle.internal.logging.sink.LogEventDispatcher::onOutput@56 (line 41)
                      ; - org.gradle.internal.logging.sink.OutputEventRenderer$LazyListener::onOutput@89 (line 480)
  0x000001ed13d1c0a4: 5882 77ff 

  0x000001ed13d1c0a8: ;   {other}
  0x000001ed13d1c0a8: 0f1f 8400 | 9840 0050 | 4d8b 5748 | 4d8b 5f58 | f083 4424 | c000 8039 | 000f 84d1 | d1ff ff44 
  0x000001ed13d1c0c8: 8821 4d85 | d275 2049 | 8bd7 c5f8 | 7749 bae0 | 297b 8efc | 7f00 0041 

  0x000001ed13d1c0e0: ;   {other}
  0x000001ed13d1c0e0: ffd2 0f1f | 8400 0000 | 0000 e9a9 | d1ff ff4b | 894c 13f8 | 4983 c2f8 | 4d89 5748 | e997 d1ff 
  0x000001ed13d1c100: ff4d 8b57 | 484d 8b5f | 58f0 8344 | 24c0 0080 | 3900 0f84 | efd9 ffff | 4488 214d | 85d2 7520 
  0x000001ed13d1c120: 498b d7c5 | f877 49ba | e029 7b8e | fc7f 0000 

  0x000001ed13d1c130: ;   {other}
  0x000001ed13d1c130: 41ff d20f | 1f84 0000 | 0000 00e9 | c7d9 ffff | 4b89 4c13 | f849 83c2 | f84d 8957 | 48e9 b5d9 
  0x000001ed13d1c150: ffff 4d8b | 5748 4d8b | 5f58 f083 | 4424 c000 | 8039 0074 | 3244 8821 | 4d85 d274 | 0f4b 894c 
  0x000001ed13d1c170: 13f8 4983 | c2f8 4d89 | 5748 eb1b | 498b d7c5 | f877 49ba | e029 7b8e | fc7f 0000 

  0x000001ed13d1c18c: ;   {other}
  0x000001ed13d1c18c: 41ff d20f | 1f84 0000 | 0000 004c | 8b54 2460 | 418b 7a28 | 85ff 0f85 | 40da ffff | baf6 ffff 
  0x000001ed13d1c1ac: ff66 6690 

  0x000001ed13d1c1b0: ;   {runtime_call UncommonTrapBlob}
  0x000001ed13d1c1b0: c5f8 77e8 

  0x000001ed13d1c1b4: ; ImmutableOopMap {}
                      ;*getfield eol {reexecute=1 rethrow=0 return_oop=0}
                      ; - (reexecute) org.gradle.internal.logging.text.AbstractLineChoppingStyledTextOutput::access$300@1 (line 27)
                      ; - org.gradle.internal.logging.text.AbstractLineChoppingStyledTextOutput$StateContext::<init>@39 (line 71)
                      ; - org.gradle.internal.logging.text.AbstractLineChoppingStyledTextOutput::doAppend@6 (line 41)
                      ; - org.gradle.internal.logging.text.AbstractStyledTextOutput::text@14 (line 87)
                      ; - org.gradle.internal.logging.console.StyledTextOutputBackedRenderer::onOutput@187 (line 63)
                      ; - org.gradle.internal.logging.sink.LogEventDispatcher::dispatch@6 (line 47)
                      ; - org.gradle.internal.logging.sink.LogEventDispatcher::onOutput@56 (line 41)
                      ; - org.gradle.internal.logging.sink.OutputEventRenderer$LazyListener::onOutput@89 (line 480)
  0x000001ed13d1c1b4: 4881 77ff 

  0x000001ed13d1c1b8: ;   {other}
  0x000001ed13d1c1b8: 0f1f 8400 | a841 0051 | 4d8b 5748 | 4d8b 5f58 | f083 4424 | c000 8039 | 000f 8457 | daff ff44 
  0x000001ed13d1c1d8: 8821 4d85 | d275 2049 | 8bd7 c5f8 | 7749 bae0 | 297b 8efc | 7f00 0041 

  0x000001ed13d1c1f0: ;   {other}
  0x000001ed13d1c1f0: ffd2 0f1f | 8400 0000 | 0000 e92f | daff ff4b | 894c 13f8 | 4983 c2f8 | 4d89 5748 | e91d daff 
  0x000001ed13d1c210: ff4d 8b57 | 484d 8b5f | 58f0 8344 | 24c0 0080 | 3900 0f84 | dcda ffff | 4488 214d | 85d2 7520 
  0x000001ed13d1c230: 498b d7c5 | f877 49ba | e029 7b8e | fc7f 0000 

  0x000001ed13d1c240: ;   {other}
  0x000001ed13d1c240: 41ff d20f | 1f84 0000 | 0000 00e9 | b4da ffff | 4b89 4c13 | f849 83c2 | f84d 8957 | 48e9 a2da 
  0x000001ed13d1c260: ffff 448b | 530c 4585 | d20f 844c | d6ff ff4d | 8b5f 2849 | 8bca 4d85 | db0f 84d5 | 1800 004d 
  0x000001ed13d1c280: 8b57 384b | 894c 1af8 | 4983 c3f8 | 4d89 5f28 | e926 d6ff | ff45 8b51 | 0c45 85d2 | 0f84 11e0 
  0x000001ed13d1c2a0: ffff 418b | d94d 8b5f | 2849 8bca | 4d85 db0f | 84bf 1800 | 004d 8b57 | 384b 894c | 1af8 4983 
  0x000001ed13d1c2c0: c3f8 4d89 | 5f28 448b | cbe9 e5df | ffff 448b | 5f0c 4585 | db0f 8435 | d5ff ff4d | 8b57 2849 
  0x000001ed13d1c2e0: 8bcb 4d85 | d20f 84a9 | 1800 004d | 8b5f 384b | 894c 13f8 | 4983 c2f8 | 4d89 5728 | e90f d5ff 
  0x000001ed13d1c300: ff44 8b5f | 0c45 85db | 0f84 fede | ffff 4d8b | 5728 498b | cb4d 85d2 | 0f84 9618 | 0000 4d8b 
  0x000001ed13d1c320: 5f38 4b89 | 4c13 f849 | 83c2 f84d | 8957 28e9 | d8de ffff | 4d8b 5748 | 4d8b 5f58 | f083 4424 
  0x000001ed13d1c340: ;   {no_reloc}
  0x000001ed13d1c340: c000 8039 | 000f 84fc | d4ff ff44 | 8821 4d85 | d275 2049 | 8bd7 c5f8 | 7749 bae0 | 297b 8efc 
  0x000001ed13d1c360: 7f00 0041 

  0x000001ed13d1c364: ;   {other}
  0x000001ed13d1c364: ffd2 0f1f | 8400 0000 | 0000 e9d4 | d4ff ff4b | 894c 13f8 | 4983 c2f8 | 4d89 5748 | e9c2 d4ff 
  0x000001ed13d1c384: ff4d 8b57 | 484d 8b5f | 58f0 8344 | 24c0 0080 | 3900 0f84 | a7de ffff | 4488 214d | 85d2 7520 
  0x000001ed13d1c3a4: 498b d7c5 | f877 49ba | e029 7b8e | fc7f 0000 

  0x000001ed13d1c3b4: ;   {other}
  0x000001ed13d1c3b4: 41ff d20f | 1f84 0000 | 0000 00e9 | 7fde ffff | 4b89 4c13 | f849 83c2 | f84d 8957 | 48e9 6dde 
  0x000001ed13d1c3d4: ffff 4c8b | 5424 7045 | 8b5a 1445 | 85db 0f84 | 32d1 ffff | 4d8b 5728 | 498b cb4d | 85d2 0f84 
  0x000001ed13d1c3f4: 581b 0000 | 4d8b 5f38 | 4b89 4c13 | f849 83c2 | f84d 8957 | 28e9 0cd1 | ffff 4c8b | 4424 6845 
  0x000001ed13d1c414: 8b58 1445 | 85db 0f84 | 50db ffff | 498b f84d | 8b57 2849 | 8bcb 4d85 | d20f 843d | 1b00 004d 
  0x000001ed13d1c434: 8b5f 384b | 894c 13f8 | 4983 c2f8 | 4d89 5728 | 4c8b c7e9 | 24db ffff | 4d8b 5758 | 4d8b 5f48 
  0x000001ed13d1c454: f083 4424 | c000 8039 | 000f 84ef | d0ff ff44 | 8821 4d85 | db75 2049 | 8bd7 c5f8 | 7749 bae0 
  0x000001ed13d1c474: 297b 8efc | 7f00 0041 

  0x000001ed13d1c47c: ;   {other}
  0x000001ed13d1c47c: ffd2 0f1f | 8400 0000 | 0000 e9c7 | d0ff ff4b | 894c 1af8 | 4983 c3f8 | 4d89 5f48 | e9b5 d0ff 
  0x000001ed13d1c49c: ff49 8bd8 | 4d8b 5758 | 4d8b 5f48 | f083 4424 | c000 8039 | 0074 3244 | 8821 4d85 | db74 0f4b 
  0x000001ed13d1c4bc: 894c 1af8 | 4983 c3f8 | 4d89 5f48 | eb1b 498b | d7c5 f877 | 49ba e029 | 7b8e fc7f | 0000 41ff 
  0x000001ed13d1c4dc: ;   {other}
  0x000001ed13d1c4dc: d20f 1f84 | 0000 0000 | 004c 8bc3 | e9b6 daff | ff4d 8d58 | 104d 8bcb | 4983 e1f8 | 488b fb49 
  0x000001ed13d1c4fc: 03f9 49c1 | eb03 4c8b | c94d 2bcb | 498b c948 | 33c0 4883 | f908 7f10 | 48ff c978 | 4f48 8904 
  0x000001ed13d1c51c: cf48 ffc9 | 7df7 eb44 | c5fd efc0 | e90d 0000 | 00c5 fe7f | 07c5 fe7f | 4720 4883 | c740 4883 
  0x000001ed13d1c53c: e908 7ded | 4883 c104 | 7c0c c5fe | 7f07 4883 | c720 4883 | e904 4883 | c104 7e10 | 48ff c9c5 
  0x000001ed13d1c55c: f9d6 0748 | 83c7 0848 | ffc9 7df3 | e984 cfff | ff4d 8d50 | 1049 8bd2 | 4883 e2f8 | 488b fb48 
  0x000001ed13d1c57c: 03fa 49c1 | ea03 492b | ca48 33c0 | 4883 f908 | 7f10 48ff | c978 4f48 | 8904 cf48 | ffc9 7df7 
  0x000001ed13d1c59c: eb44 c5fd | efc0 e90d | 0000 00c5 | fe7f 07c5 | fe7f 4720 | 4883 c740 | 4883 e908 | 7ded 4883 
  0x000001ed13d1c5bc: c104 7c0c | c5fe 7f07 | 4883 c720 | 4883 e904 | 4883 c104 | 7e10 48ff | c9c5 f9d6 | 0748 83c7 
  0x000001ed13d1c5dc: ;   {no_reloc}
  0x000001ed13d1c5dc: 0848 ffc9 | 7df3 e95b 

  0x000001ed13d1c5e4: ;   {oop(""{0x0000000080510a48})}
  0x000001ed13d1c5e4: d9ff ff49 | ba48 0a51 | 8000 0000 | 004c 8954 | 2470 e960 

  0x000001ed13d1c5f8: ;   {oop(""{0x0000000080510a48})}
  0x000001ed13d1c5f8: cfff ff49 | b848 0a51 | 8000 0000 | 00e9 9dd9 | ffff 4533 | d2e9 3bd2 | ffff 4533 | d2e9 2fdc 
  0x000001ed13d1c618: ffff 448b | 4424 6849 | 8bd0 448b | 4424 6445 

  0x000001ed13d1c628: ;   {oop([B{0x0000000080d79f40})}
  0x000001ed13d1c628: 8bcb 48bd | 409f d780 | 0000 0000 

  0x000001ed13d1c634: ;   {static_call}
  0x000001ed13d1c634: c5f8 77e8 

  0x000001ed13d1c638: ; ImmutableOopMap {rbp=Oop [88]=Derived_oop_rbp [32]=Oop [40]=Oop [48]=Oop [56]=Oop [64]=NarrowOop [68]=NarrowOop [72]=Oop [80]=Oop }
                      ;*invokestatic newString {reexecute=0 rethrow=0 return_oop=1}
                      ; - java.lang.String::substring@54
                      ; - org.gradle.internal.logging.text.AbstractLineChoppingStyledTextOutput$StateContext::flushLineText@93 (line 127)
                      ; - org.gradle.internal.logging.text.AbstractLineChoppingStyledTextOutput::doAppend@39 (line 47)
                      ; - org.gradle.internal.logging.text.AbstractStyledTextOutput::text@14 (line 87)
                      ; - org.gradle.internal.logging.console.StyledTextOutputBackedRenderer::onOutput@177 (line 62)
                      ; - org.gradle.internal.logging.sink.LogEventDispatcher::dispatch@6 (line 47)
                      ; - org.gradle.internal.logging.sink.LogEventDispatcher::onOutput@56 (line 41)
                      ; - org.gradle.internal.logging.sink.OutputEventRenderer$LazyListener::onOutput@89 (line 480)
  0x000001ed13d1c638: 442a 77ff 

  0x000001ed13d1c63c: ;   {other}
  0x000001ed13d1c63c: 0f1f 8400 | 2c46 0052 | 4885 c00f | 84b0 2300 | 0048 8944 | 2470 e904 | cfff ff44 | 8b44 245c 
  0x000001ed13d1c65c: 498b d044 | 8b44 2458 | 458b ca90 

  0x000001ed13d1c668: ;   {static_call}
  0x000001ed13d1c668: c5f8 77e8 

  0x000001ed13d1c66c: ; ImmutableOopMap {[32]=Oop [40]=Oop [48]=Oop [56]=Oop [64]=NarrowOop [68]=NarrowOop [72]=Oop [80]=Oop }
                      ;*invokestatic newString {reexecute=0 rethrow=0 return_oop=1}
                      ; - java.lang.String::substring@54
                      ; - org.gradle.internal.logging.text.AbstractLineChoppingStyledTextOutput$StateContext::flushLineText@93 (line 127)
                      ; - org.gradle.internal.logging.text.AbstractLineChoppingStyledTextOutput::doAppend@39 (line 47)
                      ; - org.gradle.internal.logging.text.AbstractStyledTextOutput::text@14 (line 87)
                      ; - org.gradle.internal.logging.console.StyledTextOutputBackedRenderer::onOutput@187 (line 63)
                      ; - org.gradle.internal.logging.sink.LogEventDispatcher::dispatch@6 (line 47)
                      ; - org.gradle.internal.logging.sink.LogEventDispatcher::onOutput@56 (line 41)
                      ; - org.gradle.internal.logging.sink.OutputEventRenderer$LazyListener::onOutput@89 (line 480)
  0x000001ed13d1c66c: 102a 77ff 

  0x000001ed13d1c670: ;   {other}
  0x000001ed13d1c670: 0f1f 8400 | 6046 0053 | 4885 c00f | 8493 2300 | 004c 8bc0 | e91e d9ff | ff89 7424 | 404c 896c 
  0x000001ed13d1c690: 2438 4889 | 7c24 3048 | 895c 2420 

  0x000001ed13d1c69c: ;   {metadata('java/util/Date')}
  0x000001ed13d1c69c: 48ba 888b | 1600 0100 | 0000 6690 

  0x000001ed13d1c6a8: ;   {runtime_call _new_instance_Java}
  0x000001ed13d1c6a8: c5f8 77e8 

  0x000001ed13d1c6ac: ; ImmutableOopMap {rbp=NarrowOop [32]=Oop [40]=Oop [48]=Oop [56]=Oop [64]=NarrowOop }
                      ;*new {reexecute=0 rethrow=0 return_oop=1}
                      ; - org.gradle.internal.logging.console.StyledTextOutputBackedRenderer::onOutput@163 (line 62)
                      ; - org.gradle.internal.logging.sink.LogEventDispatcher::dispatch@6 (line 47)
                      ; - org.gradle.internal.logging.sink.LogEventDispatcher::onOutput@56 (line 41)
                      ; - org.gradle.internal.logging.sink.OutputEventRenderer$LazyListener::onOutput@89 (line 480)
  0x000001ed13d1c6ac: d022 83ff 

  0x000001ed13d1c6b0: ;   {other}
  0x000001ed13d1c6b0: 0f1f 8400 | a046 0054 | 488b 5c24 | 2048 8b7c | 2430 4c8b | 6c24 388b | 7424 40e9 | c9c6 ffff 
  0x000001ed13d1c6d0: 4c89 5c24 | 4889 7424 | 404c 896c | 2438 4889 | 7c24 3048 | 895c 2420 

  0x000001ed13d1c6e8: ;   {metadata('java/lang/StringBuffer')}
  0x000001ed13d1c6e8: 48ba 182d | 0500 0100 | 0000 6690 

  0x000001ed13d1c6f4: ;   {runtime_call _new_instance_Java}
  0x000001ed13d1c6f4: c5f8 77e8 

  0x000001ed13d1c6f8: ; ImmutableOopMap {rbp=NarrowOop [32]=Oop [40]=Oop [48]=Oop [56]=Oop [64]=NarrowOop [72]=Oop }
                      ;*new {reexecute=0 rethrow=0 return_oop=1}
                      ; - java.text.DateFormat::format@2
                      ; - org.gradle.internal.logging.console.StyledTextOutputBackedRenderer::onOutput@174 (line 62)
                      ; - org.gradle.internal.logging.sink.LogEventDispatcher::dispatch@6 (line 47)
                      ; - org.gradle.internal.logging.sink.LogEventDispatcher::onOutput@56 (line 41)
                      ; - org.gradle.internal.logging.sink.OutputEventRenderer$LazyListener::onOutput@89 (line 480)
  0x000001ed13d1c6f8: 8422 83ff 

  0x000001ed13d1c6fc: ;   {other}
  0x000001ed13d1c6fc: 0f1f 8400 | ec46 0055 | e9ff c6ff | ff48 895c | 2448 4889 | 4c24 4041 

  0x000001ed13d1c714: ;   {metadata('org/gradle/internal/logging/text/AbstractLineChoppingStyledTextOutput$StateContext')}
  0x000001ed13d1c714: 8bea 48ba | 28b7 1c00 | 0100 0000 

  0x000001ed13d1c720: ;   {runtime_call _new_instance_Java}
  0x000001ed13d1c720: c5f8 77e8 

  0x000001ed13d1c724: ; ImmutableOopMap {rbp=NarrowOop [32]=Oop [40]=Oop [48]=Oop [56]=Oop [64]=Oop [72]=Oop }
                      ;*new {reexecute=0 rethrow=0 return_oop=1}
                      ; - org.gradle.internal.logging.text.AbstractLineChoppingStyledTextOutput::doAppend@0 (line 41)
                      ; - org.gradle.internal.logging.text.AbstractStyledTextOutput::text@14 (line 87)
                      ; - org.gradle.internal.logging.console.StyledTextOutputBackedRenderer::onOutput@177 (line 62)
                      ; - org.gradle.internal.logging.sink.LogEventDispatcher::dispatch@6 (line 47)
                      ; - org.gradle.internal.logging.sink.LogEventDispatcher::onOutput@56 (line 41)
                      ; - org.gradle.internal.logging.sink.OutputEventRenderer$LazyListener::onOutput@89 (line 480)
  0x000001ed13d1c724: 5822 83ff 

  0x000001ed13d1c728: ;   {other}
  0x000001ed13d1c728: 0f1f 8400 | 1847 0056 | 448b d548 | 8b4c 2440 | 488b 5c24 | 48e9 8ac7 | ffff 4889 | 5424 6044 
  0x000001ed13d1c748: 8944 2458 | 4889 4424 | 5048 895c | 2448 4889 | 4c24 4041 

  0x000001ed13d1c75c: ;   {metadata('org/gradle/internal/logging/text/AbstractLineChoppingStyledTextOutput$SeenFromEol')}
  0x000001ed13d1c75c: 8bea 48ba | 40b2 1c00 | 0100 0000 

  0x000001ed13d1c768: ;   {runtime_call _new_instance_Java}
  0x000001ed13d1c768: c5f8 77e8 

  0x000001ed13d1c76c: ; ImmutableOopMap {rbp=NarrowOop [32]=Oop [40]=Oop [48]=Oop [56]=Oop [64]=Oop [72]=Oop [80]=Oop [88]=NarrowOop [96]=Oop }
                      ;*new {reexecute=0 rethrow=0 return_oop=1}
                      ; - org.gradle.internal.logging.text.AbstractLineChoppingStyledTextOutput$SeenFromEol::copy@0 (line 239)
                      ; - org.gradle.internal.logging.text.AbstractLineChoppingStyledTextOutput$StateContext::<init>@17 (line 69)
                      ; - org.gradle.internal.logging.text.AbstractLineChoppingStyledTextOutput::doAppend@6 (line 41)
                      ; - org.gradle.internal.logging.text.AbstractStyledTextOutput::text@14 (line 87)
                      ; - org.gradle.internal.logging.console.StyledTextOutputBackedRenderer::onOutput@177 (line 62)
                      ; - org.gradle.internal.logging.sink.LogEventDispatcher::dispatch@6 (line 47)
                      ; - org.gradle.internal.logging.sink.LogEventDispatcher::onOutput@56 (line 41)
                      ; - org.gradle.internal.logging.sink.OutputEventRenderer$LazyListener::onOutput@89 (line 480)
  0x000001ed13d1c76c: 1022 83ff 

  0x000001ed13d1c770: ;   {other}
  0x000001ed13d1c770: 0f1f 8400 | 6047 0057 | 4c8b d844 | 8bd5 488b | 4c24 4048 | 8b5c 2448 | 488b 4424 | 5044 8b44 
  0x000001ed13d1c790: 2458 498b | fb48 8b54 | 2460 e981 

  0x000001ed13d1c79c: ;   {metadata({type array char})}
  0x000001ed13d1c79c: c7ff ff48 | ba50 0404 | 0001 0000 | 0044 8bc6 | 4c89 8c24 | 9800 0000 

  0x000001ed13d1c7b4: ;   {runtime_call _new_array_nozero_Java}
  0x000001ed13d1c7b4: c5f8 77e8 

  0x000001ed13d1c7b8: ; ImmutableOopMap {rbp=Oop [32]=Oop [40]=Oop [48]=Oop [56]=Oop [64]=NarrowOop [68]=NarrowOop [72]=Oop [80]=Oop [88]=Oop [96]=Oop [104]=NarrowOop [108]=NarrowOop [112]=Oop [152]=Oop }
                      ;*invokevirtual clone {reexecute=1 rethrow=0 return_oop=1}
                      ; - (reexecute) java.util.Arrays::copyOf@7
                      ; - org.gradle.internal.logging.text.AbstractLineChoppingStyledTextOutput$SeenFromEol::copy@17 (line 239)
                      ; - org.gradle.internal.logging.text.AbstractLineChoppingStyledTextOutput$StateContext::<init>@17 (line 69)
                      ; - org.gradle.internal.logging.text.AbstractLineChoppingStyledTextOutput::doAppend@6 (line 41)
                      ; - org.gradle.internal.logging.text.AbstractStyledTextOutput::text@14 (line 87)
                      ; - org.gradle.internal.logging.console.StyledTextOutputBackedRenderer::onOutput@177 (line 62)
                      ; - org.gradle.internal.logging.sink.LogEventDispatcher::dispatch@6 (line 47)
                      ; - org.gradle.internal.logging.sink.LogEventDispatcher::onOutput@56 (line 41)
                      ; - org.gradle.internal.logging.sink.OutputEventRenderer$LazyListener::onOutput@89 (line 480)
  0x000001ed13d1c7b8: c427 83ff 

  0x000001ed13d1c7bc: ;   {other}
  0x000001ed13d1c7bc: 0f1f 8400 | ac47 0058 | 488b d8e9 | 06c8 ffff 

  0x000001ed13d1c7cc: ;   {metadata('org/gradle/internal/logging/text/AbstractLineChoppingStyledTextOutput$StateContext')}
  0x000001ed13d1c7cc: 48ba 28b7 | 1c00 0100 

  0x000001ed13d1c7d4: ;   {oop([B{0x0000000080d79f40})}
  0x000001ed13d1c7d4: 0000 48bd | 409f d780 | 0000 0000 

  0x000001ed13d1c7e0: ;   {runtime_call _new_instance_Java}
  0x000001ed13d1c7e0: c5f8 77e8 

  0x000001ed13d1c7e4: ; ImmutableOopMap {rbp=Oop [88]=Derived_oop_rbp [32]=Oop [40]=Oop [48]=Oop [56]=Oop [64]=NarrowOop [68]=NarrowOop [72]=NarrowOop [80]=Oop }
                      ;*new {reexecute=0 rethrow=0 return_oop=1}
                      ; - org.gradle.internal.logging.text.AbstractLineChoppingStyledTextOutput::doAppend@0 (line 41)
                      ; - org.gradle.internal.logging.text.AbstractStyledTextOutput::text@14 (line 87)
                      ; - org.gradle.internal.logging.console.StyledTextOutputBackedRenderer::onOutput@187 (line 63)
                      ; - org.gradle.internal.logging.sink.LogEventDispatcher::dispatch@6 (line 47)
                      ; - org.gradle.internal.logging.sink.LogEventDispatcher::onOutput@56 (line 41)
                      ; - org.gradle.internal.logging.sink.OutputEventRenderer$LazyListener::onOutput@89 (line 480)
  0x000001ed13d1c7e4: 9821 83ff 

  0x000001ed13d1c7e8: ;   {other}
  0x000001ed13d1c7e8: 0f1f 8400 | d847 0059 | e95c d1ff 

  0x000001ed13d1c7f4: ;   {metadata('org/gradle/internal/logging/text/AbstractLineChoppingStyledTextOutput$SeenFromEol')}
  0x000001ed13d1c7f4: ff48 ba40 | b21c 0001 

  0x000001ed13d1c7fc: ;   {oop([B{0x0000000080d79f40})}
  0x000001ed13d1c7fc: 0000 0048 | bd40 9fd7 | 8000 0000 | 0066 6690 

  0x000001ed13d1c80c: ;   {runtime_call _new_instance_Java}
  0x000001ed13d1c80c: c5f8 77e8 

  0x000001ed13d1c810: ; ImmutableOopMap {rbp=Oop [88]=Derived_oop_rbp [32]=Oop [40]=Oop [48]=Oop [56]=Oop [64]=NarrowOop [68]=NarrowOop [72]=NarrowOop [80]=Oop [96]=Oop [104]=Oop }
                      ;*new {reexecute=0 rethrow=0 return_oop=1}
                      ; - org.gradle.internal.logging.text.AbstractLineChoppingStyledTextOutput$SeenFromEol::copy@0 (line 239)
                      ; - org.gradle.internal.logging.text.AbstractLineChoppingStyledTextOutput$StateContext::<init>@17 (line 69)
                      ; - org.gradle.internal.logging.text.AbstractLineChoppingStyledTextOutput::doAppend@6 (line 41)
                      ; - org.gradle.internal.logging.text.AbstractStyledTextOutput::text@14 (line 87)
                      ; - org.gradle.internal.logging.console.StyledTextOutputBackedRenderer::onOutput@187 (line 63)
                      ; - org.gradle.internal.logging.sink.LogEventDispatcher::dispatch@6 (line 47)
                      ; - org.gradle.internal.logging.sink.LogEventDispatcher::onOutput@56 (line 41)
                      ; - org.gradle.internal.logging.sink.OutputEventRenderer$LazyListener::onOutput@89 (line 480)
  0x000001ed13d1c810: 6c21 83ff 

  0x000001ed13d1c814: ;   {other}
  0x000001ed13d1c814: 0f1f 8400 | 0448 005a | 4c8b d8e9 | 94d1 ffff 

  0x000001ed13d1c824: ;   {metadata({type array char})}
  0x000001ed13d1c824: 48ba 5004 | 0400 0100 | 0000 458b 

  0x000001ed13d1c830: ;   {oop([B{0x0000000080d79f40})}
  0x000001ed13d1c830: c248 bd40 | 9fd7 8000 | 0000 0090 

  0x000001ed13d1c83c: ;   {runtime_call _new_array_nozero_Java}
  0x000001ed13d1c83c: c5f8 77e8 

  0x000001ed13d1c840: ; ImmutableOopMap {rbp=Oop [88]=Derived_oop_rbp [32]=Oop [40]=Oop [48]=Oop [56]=Oop [64]=NarrowOop [68]=NarrowOop [72]=NarrowOop [76]=NarrowOop [80]=Oop [96]=Oop [104]=Oop [112]=Oop [120]=NarrowOop [128]=Oop [184]=Oop }
                      ;*invokevirtual clone {reexecute=1 rethrow=0 return_oop=1}
                      ; - (reexecute) java.util.Arrays::copyOf@7
                      ; - org.gradle.internal.logging.text.AbstractLineChoppingStyledTextOutput$SeenFromEol::copy@17 (line 239)
                      ; - org.gradle.internal.logging.text.AbstractLineChoppingStyledTextOutput$StateContext::<init>@17 (line 69)
                      ; - org.gradle.internal.logging.text.AbstractLineChoppingStyledTextOutput::doAppend@6 (line 41)
                      ; - org.gradle.internal.logging.text.AbstractStyledTextOutput::text@14 (line 87)
                      ; - org.gradle.internal.logging.console.StyledTextOutputBackedRenderer::onOutput@187 (line 63)
                      ; - org.gradle.internal.logging.sink.LogEventDispatcher::dispatch@6 (line 47)
                      ; - org.gradle.internal.logging.sink.LogEventDispatcher::onOutput@56 (line 41)
                      ; - org.gradle.internal.logging.sink.OutputEventRenderer$LazyListener::onOutput@89 (line 480)
  0x000001ed13d1c840: 3c27 83ff 

  0x000001ed13d1c844: ;   {other}
  0x000001ed13d1c844: 0f1f 8400 | 3448 005b | 488b d8e9 | 14d2 ffff 

  0x000001ed13d1c854: ;   {metadata('java/lang/String')}
  0x000001ed13d1c854: 48ba 9020 | 0400 0100 | 0000 4489 

  0x000001ed13d1c860: ;   {oop([B{0x0000000080d79f40})}
  0x000001ed13d1c860: 5c24 7048 | bd40 9fd7 | 8000 0000 | 0066 6690 

  0x000001ed13d1c870: ;   {runtime_call _new_instance_Java}
  0x000001ed13d1c870: c5f8 77e8 

  0x000001ed13d1c874: ; ImmutableOopMap {rbp=Oop [88]=Derived_oop_rbp [32]=Oop [40]=Oop [48]=Oop [56]=Oop [64]=NarrowOop [68]=NarrowOop [72]=Oop [80]=Oop [104]=NarrowOop }
                      ;*new {reexecute=0 rethrow=0 return_oop=1}
                      ; - java.lang.StringLatin1::newString@7
                      ; - java.lang.String::substring@41
                      ; - org.gradle.internal.logging.text.AbstractLineChoppingStyledTextOutput$StateContext::flushLineText@93 (line 127)
                      ; - org.gradle.internal.logging.text.AbstractLineChoppingStyledTextOutput::doAppend@39 (line 47)
                      ; - org.gradle.internal.logging.text.AbstractStyledTextOutput::text@14 (line 87)
                      ; - org.gradle.internal.logging.console.StyledTextOutputBackedRenderer::onOutput@177 (line 62)
                      ; - org.gradle.internal.logging.sink.LogEventDispatcher::dispatch@6 (line 47)
                      ; - org.gradle.internal.logging.sink.LogEventDispatcher::onOutput@56 (line 41)
                      ; - org.gradle.internal.logging.sink.OutputEventRenderer$LazyListener::onOutput@89 (line 480)
  0x000001ed13d1c874: 0821 83ff 

  0x000001ed13d1c878: ;   {other}
  0x000001ed13d1c878: 0f1f 8400 | 6848 005c | 4c8b c0e9 | fbca ffff 

  0x000001ed13d1c888: ;   {metadata('java/lang/String')}
  0x000001ed13d1c888: 48ba 9020 | 0400 0100 | 0000 4489 | 5424 6890 

  0x000001ed13d1c898: ;   {runtime_call _new_instance_Java}
  0x000001ed13d1c898: c5f8 77e8 

  0x000001ed13d1c89c: ; ImmutableOopMap {[32]=Oop [40]=Oop [48]=Oop [56]=Oop [64]=NarrowOop [68]=NarrowOop [72]=Oop [80]=Oop [92]=NarrowOop }
                      ;*new {reexecute=0 rethrow=0 return_oop=1}
                      ; - java.lang.StringLatin1::newString@7
                      ; - java.lang.String::substring@41
                      ; - org.gradle.internal.logging.text.AbstractLineChoppingStyledTextOutput$StateContext::flushLineText@93 (line 127)
                      ; - org.gradle.internal.logging.text.AbstractLineChoppingStyledTextOutput::doAppend@39 (line 47)
                      ; - org.gradle.internal.logging.text.AbstractStyledTextOutput::text@14 (line 87)
                      ; - org.gradle.internal.logging.console.StyledTextOutputBackedRenderer::onOutput@187 (line 63)
                      ; - org.gradle.internal.logging.sink.LogEventDispatcher::dispatch@6 (line 47)
                      ; - org.gradle.internal.logging.sink.LogEventDispatcher::onOutput@56 (line 41)
                      ; - org.gradle.internal.logging.sink.OutputEventRenderer$LazyListener::onOutput@89 (line 480)
  0x000001ed13d1c89c: e020 83ff 

  0x000001ed13d1c8a0: ;   {other}
  0x000001ed13d1c8a0: 0f1f 8400 | 9048 005d | 4c8b c0e9 | 2dd5 ffff | 4489 4c24 | 6c48 ffb4 | 2480 0000 | 0048 8f84 
  0x000001ed13d1c8c0: 2488 0000 

  0x000001ed13d1c8c4: ;   {metadata({type array byte})}
  0x000001ed13d1c8c4: 0048 bac8 | 0a04 0001 | 0000 0044 | 8b44 2460 

  0x000001ed13d1c8d4: ;   {oop([B{0x0000000080d79f40})}
  0x000001ed13d1c8d4: 48bd 409f | d780 0000 | 0000 6690 

  0x000001ed13d1c8e0: ;   {runtime_call _new_array_nozero_Java}
  0x000001ed13d1c8e0: c5f8 77e8 

  0x000001ed13d1c8e4: ; ImmutableOopMap {rbp=Oop [88]=Derived_oop_rbp [32]=Oop [40]=Oop [48]=Oop [56]=Oop [64]=NarrowOop [68]=NarrowOop [72]=Oop [80]=Oop [104]=NarrowOop [112]=Oop [136]=Oop }
                      ;*newarray {reexecute=0 rethrow=0 return_oop=1}
                      ; - java.util.Arrays::copyOfRangeByte@10
                      ; - java.util.Arrays::copyOfRange@13
                      ; - java.lang.StringLatin1::newString@16
                      ; - java.lang.String::substring@41
                      ; - org.gradle.internal.logging.text.AbstractLineChoppingStyledTextOutput$StateContext::flushLineText@93 (line 127)
                      ; - org.gradle.internal.logging.text.AbstractLineChoppingStyledTextOutput::doAppend@39 (line 47)
                      ; - org.gradle.internal.logging.text.AbstractStyledTextOutput::text@14 (line 87)
                      ; - org.gradle.internal.logging.console.StyledTextOutputBackedRenderer::onOutput@177 (line 62)
                      ; - org.gradle.internal.logging.sink.LogEventDispatcher::dispatch@6 (line 47)
                      ; - org.gradle.internal.logging.sink.LogEventDispatcher::onOutput@56 (line 41)
                      ; - org.gradle.internal.logging.sink.OutputEventRenderer$LazyListener::onOutput@89 (line 480)
  0x000001ed13d1c8e4: 9826 83ff 

  0x000001ed13d1c8e8: ;   {other}
  0x000001ed13d1c8e8: 0f1f 8400 | d848 005e | 488b d848 | ffb4 2488 | 0000 0048 | 8f84 2480 | 0000 0044 | 8b4c 246c 
  0x000001ed13d1c908: e9ae cbff | ff48 ff74 | 2478 488f | 8424 8000 

  0x000001ed13d1c918: ;   {metadata({type array byte})}
  0x000001ed13d1c918: 0000 48ba | c80a 0400 | 0100 0000 | 448b 4424 | 6466 6690 

  0x000001ed13d1c92c: ;   {runtime_call _new_array_nozero_Java}
  0x000001ed13d1c92c: c5f8 77e8 

  0x000001ed13d1c930: ; ImmutableOopMap {[32]=Oop [40]=Oop [48]=Oop [56]=Oop [64]=NarrowOop [68]=NarrowOop [72]=Oop [80]=Oop [92]=NarrowOop [104]=Oop [128]=Oop }
                      ;*newarray {reexecute=0 rethrow=0 return_oop=1}
                      ; - java.util.Arrays::copyOfRangeByte@10
                      ; - java.util.Arrays::copyOfRange@13
                      ; - java.lang.StringLatin1::newString@16
                      ; - java.lang.String::substring@41
                      ; - org.gradle.internal.logging.text.AbstractLineChoppingStyledTextOutput$StateContext::flushLineText@93 (line 127)
                      ; - org.gradle.internal.logging.text.AbstractLineChoppingStyledTextOutput::doAppend@39 (line 47)
                      ; - org.gradle.internal.logging.text.AbstractStyledTextOutput::text@14 (line 87)
                      ; - org.gradle.internal.logging.console.StyledTextOutputBackedRenderer::onOutput@187 (line 63)
                      ; - org.gradle.internal.logging.sink.LogEventDispatcher::dispatch@6 (line 47)
                      ; - org.gradle.internal.logging.sink.LogEventDispatcher::onOutput@56 (line 41)
                      ; - org.gradle.internal.logging.sink.OutputEventRenderer$LazyListener::onOutput@89 (line 480)
  0x000001ed13d1c930: 4c26 83ff 

  0x000001ed13d1c934: ;   {other}
  0x000001ed13d1c934: 0f1f 8400 | 2449 005f | 488b d848 | ffb4 2480 | 0000 0048 | 8f44 2478 | e9bd d5ff | ffba e4ff 
  0x000001ed13d1c954: ffff 448b | 5424 4044 | 8954 2424 | 4c8b 5424 | 304c 8954 | 2428 4c8b | 5424 384c | 8954 2430 
  0x000001ed13d1c974: 4c8b 5424 | 484c 8954 | 2440 897c | 2448 895c | 2450 6690 

  0x000001ed13d1c988: ;   {runtime_call UncommonTrapBlob}
  0x000001ed13d1c988: c5f8 77e8 

  0x000001ed13d1c98c: ; ImmutableOopMap {[36]=NarrowOop [40]=Oop [48]=Oop [64]=Oop [72]=NarrowOop }
                      ;*invokestatic checkIndex {reexecute=0 rethrow=0 return_oop=0}
                      ; - java.lang.String::checkIndex@5
                      ; - java.lang.StringLatin1::charAt@3
                      ; - java.lang.String::charAt@12
                      ; - org.gradle.internal.logging.text.AbstractLineChoppingStyledTextOutput$StateContext::isCurrentCharEquals@55 (line 99)
                      ; - org.gradle.internal.logging.text.AbstractLineChoppingStyledTextOutput$2::execute@3 (line 177)
                      ; - org.gradle.internal.logging.text.AbstractLineChoppingStyledTextOutput$2::execute@5 (line 174)
                      ; - org.gradle.internal.logging.text.AbstractLineChoppingStyledTextOutput$1::execute@107 (line 160)
                      ; - org.gradle.internal.logging.text.AbstractLineChoppingStyledTextOutput$1::execute@5 (line 145)
                      ; - org.gradle.internal.logging.text.AbstractLineChoppingStyledTextOutput::doAppend@22 (line 44)
                      ; - org.gradle.internal.logging.text.AbstractStyledTextOutput::text@14 (line 87)
                      ; - org.gradle.internal.logging.console.StyledTextOutputBackedRenderer::onOutput@177 (line 62)
                      ; - org.gradle.internal.logging.sink.LogEventDispatcher::dispatch@6 (line 47)
                      ; - org.gradle.internal.logging.sink.LogEventDispatcher::onOutput@56 (line 41)
                      ; - org.gradle.internal.logging.sink.OutputEventRenderer$LazyListener::onOutput@89 (line 480)
  0x000001ed13d1c98c: 7079 77ff 

  0x000001ed13d1c990: ;   {other}
  0x000001ed13d1c990: 0f1f 8400 | 8049 0060 | bae4 ffff | ff8b 6c24 | 404c 8b54 | 2430 4c89 | 5424 284c | 8b54 2438 
  0x000001ed13d1c9b0: 4c89 5424 | 304c 8b54 | 2448 4c89 | 5424 4089 | 7c24 2489 | 5c24 4890 

  0x000001ed13d1c9c8: ;   {runtime_call UncommonTrapBlob}
  0x000001ed13d1c9c8: c5f8 77e8 

  0x000001ed13d1c9cc: ; ImmutableOopMap {rbp=NarrowOop [36]=NarrowOop [40]=Oop [48]=Oop [64]=Oop }
                      ;*baload {reexecute=0 rethrow=0 return_oop=0}
                      ; - java.lang.StringLatin1::charAt@8
                      ; - java.lang.String::charAt@12
                      ; - org.gradle.internal.logging.text.AbstractLineChoppingStyledTextOutput$StateContext::isCurrentCharEquals@55 (line 99)
                      ; - org.gradle.internal.logging.text.AbstractLineChoppingStyledTextOutput$2::execute@3 (line 177)
                      ; - org.gradle.internal.logging.text.AbstractLineChoppingStyledTextOutput$2::execute@5 (line 174)
                      ; - org.gradle.internal.logging.text.AbstractLineChoppingStyledTextOutput$1::execute@107 (line 160)
                      ; - org.gradle.internal.logging.text.AbstractLineChoppingStyledTextOutput$1::execute@5 (line 145)
                      ; - org.gradle.internal.logging.text.AbstractLineChoppingStyledTextOutput::doAppend@22 (line 44)
                      ; - org.gradle.internal.logging.text.AbstractStyledTextOutput::text@14 (line 87)
                      ; - org.gradle.internal.logging.console.StyledTextOutputBackedRenderer::onOutput@177 (line 62)
                      ; - org.gradle.internal.logging.sink.LogEventDispatcher::dispatch@6 (line 47)
                      ; - org.gradle.internal.logging.sink.LogEventDispatcher::onOutput@56 (line 41)
                      ; - org.gradle.internal.logging.sink.OutputEventRenderer$LazyListener::onOutput@89 (line 480)
  0x000001ed13d1c9cc: 3079 77ff 

  0x000001ed13d1c9d0: ;   {other}
  0x000001ed13d1c9d0: 0f1f 8400 | c049 0061 | bae4 ffff | ff4c 8b54 | 2430 4c89 | 5424 204c | 8b54 2438 | 4c89 5424 
  0x000001ed13d1c9f0: 2844 8b54 | 2440 4489 | 5424 344c | 8b54 2460 | 4c89 5424 | 4044 894c | 2448 4489 | 5c24 5090 
  0x000001ed13d1ca10: ;   {runtime_call UncommonTrapBlob}
  0x000001ed13d1ca10: c5f8 77e8 

  0x000001ed13d1ca14: ; ImmutableOopMap {[32]=Oop [40]=Oop [52]=NarrowOop [64]=Oop [72]=NarrowOop [96]=Oop }
                      ;*invokestatic checkIndex {reexecute=0 rethrow=0 return_oop=0}
                      ; - java.lang.String::checkIndex@5
                      ; - java.lang.StringLatin1::charAt@3
                      ; - java.lang.String::charAt@12
                      ; - org.gradle.internal.logging.text.AbstractLineChoppingStyledTextOutput$StateContext::isCurrentCharEquals@55 (line 99)
                      ; - org.gradle.internal.logging.text.AbstractLineChoppingStyledTextOutput$2::execute@3 (line 177)
                      ; - org.gradle.internal.logging.text.AbstractLineChoppingStyledTextOutput$2::execute@5 (line 174)
                      ; - org.gradle.internal.logging.text.AbstractLineChoppingStyledTextOutput$1::execute@107 (line 160)
                      ; - org.gradle.internal.logging.text.AbstractLineChoppingStyledTextOutput$1::execute@5 (line 145)
                      ; - org.gradle.internal.logging.text.AbstractLineChoppingStyledTextOutput::doAppend@22 (line 44)
                      ; - org.gradle.internal.logging.text.AbstractStyledTextOutput::text@14 (line 87)
                      ; - org.gradle.internal.logging.console.StyledTextOutputBackedRenderer::onOutput@187 (line 63)
                      ; - org.gradle.internal.logging.sink.LogEventDispatcher::dispatch@6 (line 47)
                      ; - org.gradle.internal.logging.sink.LogEventDispatcher::onOutput@56 (line 41)
                      ; - org.gradle.internal.logging.sink.OutputEventRenderer$LazyListener::onOutput@89 (line 480)
  0x000001ed13d1ca14: e878 77ff 

  0x000001ed13d1ca18: ;   {other}
  0x000001ed13d1ca18: 0f1f 8400 | 084a 0062 | bae4 ffff | ff48 8b6c | 2430 4c8b | 5424 384c | 8954 2420 | 448b 5424 
  0x000001ed13d1ca38: 4044 8954 | 242c 4c8b | 5424 604c | 8954 2438 | 4489 4c24 | 4044 895c | 2444 6690 

  0x000001ed13d1ca54: ;   {runtime_call UncommonTrapBlob}
  0x000001ed13d1ca54: c5f8 77e8 

  0x000001ed13d1ca58: ; ImmutableOopMap {rbp=Oop [32]=Oop [44]=NarrowOop [56]=Oop [64]=NarrowOop [96]=Oop }
                      ;*baload {reexecute=0 rethrow=0 return_oop=0}
                      ; - java.lang.StringLatin1::charAt@8
                      ; - java.lang.String::charAt@12
                      ; - org.gradle.internal.logging.text.AbstractLineChoppingStyledTextOutput$StateContext::isCurrentCharEquals@55 (line 99)
                      ; - org.gradle.internal.logging.text.AbstractLineChoppingStyledTextOutput$2::execute@3 (line 177)
                      ; - org.gradle.internal.logging.text.AbstractLineChoppingStyledTextOutput$2::execute@5 (line 174)
                      ; - org.gradle.internal.logging.text.AbstractLineChoppingStyledTextOutput$1::execute@107 (line 160)
                      ; - org.gradle.internal.logging.text.AbstractLineChoppingStyledTextOutput$1::execute@5 (line 145)
                      ; - org.gradle.internal.logging.text.AbstractLineChoppingStyledTextOutput::doAppend@22 (line 44)
                      ; - org.gradle.internal.logging.text.AbstractStyledTextOutput::text@14 (line 87)
                      ; - org.gradle.internal.logging.console.StyledTextOutputBackedRenderer::onOutput@187 (line 63)
                      ; - org.gradle.internal.logging.sink.LogEventDispatcher::dispatch@6 (line 47)
                      ; - org.gradle.internal.logging.sink.LogEventDispatcher::onOutput@56 (line 41)
                      ; - org.gradle.internal.logging.sink.OutputEventRenderer$LazyListener::onOutput@89 (line 480)
  0x000001ed13d1ca58: a478 77ff 

  0x000001ed13d1ca5c: ;   {other}
  0x000001ed13d1ca5c: 0f1f 8400 | 4c4a 0063 | bae4 ffff | ff44 8b44 | 2440 4489 | 4424 244c | 8b5c 2430 | 4c89 5c24 
  0x000001ed13d1ca7c: 284c 8b5c | 2438 4c89 | 5c24 304c | 8b5c 2448 | 4c89 5c24 | 4044 8954 | 2448 4489 | 4c24 5090 
  0x000001ed13d1ca9c: ;   {runtime_call UncommonTrapBlob}
  0x000001ed13d1ca9c: c5f8 77e8 

  0x000001ed13d1caa0: ; ImmutableOopMap {[36]=NarrowOop [40]=Oop [48]=Oop [64]=Oop [72]=NarrowOop }
                      ;*invokestatic checkIndex {reexecute=0 rethrow=0 return_oop=0}
                      ; - java.lang.String::checkIndex@5
                      ; - java.lang.StringLatin1::charAt@3
                      ; - java.lang.String::charAt@12
                      ; - org.gradle.internal.logging.text.AbstractLineChoppingStyledTextOutput$StateContext::isCurrentCharEquals@55 (line 99)
                      ; - org.gradle.internal.logging.text.AbstractLineChoppingStyledTextOutput$2::execute@31 (line 180)
                      ; - org.gradle.internal.logging.text.AbstractLineChoppingStyledTextOutput$2::execute@5 (line 174)
                      ; - org.gradle.internal.logging.text.AbstractLineChoppingStyledTextOutput$1::execute@107 (line 160)
                      ; - org.gradle.internal.logging.text.AbstractLineChoppingStyledTextOutput$1::execute@5 (line 145)
                      ; - org.gradle.internal.logging.text.AbstractLineChoppingStyledTextOutput::doAppend@22 (line 44)
                      ; - org.gradle.internal.logging.text.AbstractStyledTextOutput::text@14 (line 87)
                      ; - org.gradle.internal.logging.console.StyledTextOutputBackedRenderer::onOutput@177 (line 62)
                      ; - org.gradle.internal.logging.sink.LogEventDispatcher::dispatch@6 (line 47)
                      ; - org.gradle.internal.logging.sink.LogEventDispatcher::onOutput@56 (line 41)
                      ; - org.gradle.internal.logging.sink.OutputEventRenderer$LazyListener::onOutput@89 (line 480)
  0x000001ed13d1caa0: 5c78 77ff 

  0x000001ed13d1caa4: ;   {other}
  0x000001ed13d1caa4: 0f1f 8400 | 944a 0064 | bae4 ffff | ff8b 6c24 | 404c 8b5c | 2430 4c89 | 5c24 284c | 8b5c 2438 
  0x000001ed13d1cac4: 4c89 5c24 | 304c 8b5c | 2448 4c89 | 5c24 4044 | 8954 2424 | 4489 4c24 | 4866 6690 

  0x000001ed13d1cae0: ;   {runtime_call UncommonTrapBlob}
  0x000001ed13d1cae0: c5f8 77e8 

  0x000001ed13d1cae4: ; ImmutableOopMap {rbp=NarrowOop [36]=NarrowOop [40]=Oop [48]=Oop [64]=Oop }
                      ;*baload {reexecute=0 rethrow=0 return_oop=0}
                      ; - java.lang.StringLatin1::charAt@8
                      ; - java.lang.String::charAt@12
                      ; - org.gradle.internal.logging.text.AbstractLineChoppingStyledTextOutput$StateContext::isCurrentCharEquals@55 (line 99)
                      ; - org.gradle.internal.logging.text.AbstractLineChoppingStyledTextOutput$2::execute@31 (line 180)
                      ; - org.gradle.internal.logging.text.AbstractLineChoppingStyledTextOutput$2::execute@5 (line 174)
                      ; - org.gradle.internal.logging.text.AbstractLineChoppingStyledTextOutput$1::execute@107 (line 160)
                      ; - org.gradle.internal.logging.text.AbstractLineChoppingStyledTextOutput$1::execute@5 (line 145)
                      ; - org.gradle.internal.logging.text.AbstractLineChoppingStyledTextOutput::doAppend@22 (line 44)
                      ; - org.gradle.internal.logging.text.AbstractStyledTextOutput::text@14 (line 87)
                      ; - org.gradle.internal.logging.console.StyledTextOutputBackedRenderer::onOutput@177 (line 62)
                      ; - org.gradle.internal.logging.sink.LogEventDispatcher::dispatch@6 (line 47)
                      ; - org.gradle.internal.logging.sink.LogEventDispatcher::onOutput@56 (line 41)
                      ; - org.gradle.internal.logging.sink.OutputEventRenderer$LazyListener::onOutput@89 (line 480)
  0x000001ed13d1cae4: 1878 77ff 

  0x000001ed13d1cae8: ;   {other}
  0x000001ed13d1cae8: 0f1f 8400 | d84a 0065 | bae4 ffff | ff4c 8b54 | 2430 4c89 | 5424 204c | 8b54 2438 | 4c89 5424 
  0x000001ed13d1cb08: 2844 8b5c | 2440 4489 | 5c24 344c | 8b54 2460 | 4c89 5424 | 4044 8944 | 2448 894c | 2450 6690 
  0x000001ed13d1cb28: ;   {runtime_call UncommonTrapBlob}
  0x000001ed13d1cb28: c5f8 77e8 

  0x000001ed13d1cb2c: ; ImmutableOopMap {[32]=Oop [40]=Oop [52]=NarrowOop [64]=Oop [72]=NarrowOop [96]=Oop }
                      ;*invokestatic checkIndex {reexecute=0 rethrow=0 return_oop=0}
                      ; - java.lang.String::checkIndex@5
                      ; - java.lang.StringLatin1::charAt@3
                      ; - java.lang.String::charAt@12
                      ; - org.gradle.internal.logging.text.AbstractLineChoppingStyledTextOutput$StateContext::isCurrentCharEquals@55 (line 99)
                      ; - org.gradle.internal.logging.text.AbstractLineChoppingStyledTextOutput$2::execute@31 (line 180)
                      ; - org.gradle.internal.logging.text.AbstractLineChoppingStyledTextOutput$2::execute@5 (line 174)
                      ; - org.gradle.internal.logging.text.AbstractLineChoppingStyledTextOutput$1::execute@107 (line 160)
                      ; - org.gradle.internal.logging.text.AbstractLineChoppingStyledTextOutput$1::execute@5 (line 145)
                      ; - org.gradle.internal.logging.text.AbstractLineChoppingStyledTextOutput::doAppend@22 (line 44)
                      ; - org.gradle.internal.logging.text.AbstractStyledTextOutput::text@14 (line 87)
                      ; - org.gradle.internal.logging.console.StyledTextOutputBackedRenderer::onOutput@187 (line 63)
                      ; - org.gradle.internal.logging.sink.LogEventDispatcher::dispatch@6 (line 47)
                      ; - org.gradle.internal.logging.sink.LogEventDispatcher::onOutput@56 (line 41)
                      ; - org.gradle.internal.logging.sink.OutputEventRenderer$LazyListener::onOutput@89 (line 480)
  0x000001ed13d1cb2c: d077 77ff 

  0x000001ed13d1cb30: ;   {other}
  0x000001ed13d1cb30: 0f1f 8400 | 204b 0066 | bae4 ffff | ff48 8b6c | 2430 4c8b | 5424 384c | 8954 2420 | 448b 5424 
  0x000001ed13d1cb50: 4045 8bda | 4489 5c24 | 2c4c 8b54 | 2460 4c89 | 5424 3844 | 8944 2440 | 894c 2444 

  0x000001ed13d1cb6c: ;   {runtime_call UncommonTrapBlob}
  0x000001ed13d1cb6c: c5f8 77e8 

  0x000001ed13d1cb70: ; ImmutableOopMap {rbp=Oop [32]=Oop [44]=NarrowOop [56]=Oop [64]=NarrowOop [96]=Oop }
                      ;*baload {reexecute=0 rethrow=0 return_oop=0}
                      ; - java.lang.StringLatin1::charAt@8
                      ; - java.lang.String::charAt@12
                      ; - org.gradle.internal.logging.text.AbstractLineChoppingStyledTextOutput$StateContext::isCurrentCharEquals@55 (line 99)
                      ; - org.gradle.internal.logging.text.AbstractLineChoppingStyledTextOutput$2::execute@31 (line 180)
                      ; - org.gradle.internal.logging.text.AbstractLineChoppingStyledTextOutput$2::execute@5 (line 174)
                      ; - org.gradle.internal.logging.text.AbstractLineChoppingStyledTextOutput$1::execute@107 (line 160)
                      ; - org.gradle.internal.logging.text.AbstractLineChoppingStyledTextOutput$1::execute@5 (line 145)
                      ; - org.gradle.internal.logging.text.AbstractLineChoppingStyledTextOutput::doAppend@22 (line 44)
                      ; - org.gradle.internal.logging.text.AbstractStyledTextOutput::text@14 (line 87)
                      ; - org.gradle.internal.logging.console.StyledTextOutputBackedRenderer::onOutput@187 (line 63)
                      ; - org.gradle.internal.logging.sink.LogEventDispatcher::dispatch@6 (line 47)
                      ; - org.gradle.internal.logging.sink.LogEventDispatcher::onOutput@56 (line 41)
                      ; - org.gradle.internal.logging.sink.OutputEventRenderer$LazyListener::onOutput@89 (line 480)
  0x000001ed13d1cb70: 8c77 77ff 

  0x000001ed13d1cb74: ;   {other}
  0x000001ed13d1cb74: 0f1f 8400 | 644b 0067 | baf6 ffff | ff66 6690 

  0x000001ed13d1cb84: ;   {runtime_call UncommonTrapBlob}
  0x000001ed13d1cb84: c5f8 77e8 

  0x000001ed13d1cb88: ; ImmutableOopMap {}
                      ;*putfield currentState {reexecute=1 rethrow=0 return_oop=0}
                      ; - (reexecute) org.gradle.internal.logging.text.AbstractLineChoppingStyledTextOutput::access$402@3 (line 27)
                      ; - org.gradle.internal.logging.text.AbstractLineChoppingStyledTextOutput$StateContext::setState@5 (line 109)
                      ; - org.gradle.internal.logging.text.AbstractLineChoppingStyledTextOutput$2::execute@73 (line 188)
                      ; - org.gradle.internal.logging.text.AbstractLineChoppingStyledTextOutput$2::execute@5 (line 174)
                      ; - org.gradle.internal.logging.text.AbstractLineChoppingStyledTextOutput$1::execute@107 (line 160)
                      ; - org.gradle.internal.logging.text.AbstractLineChoppingStyledTextOutput$1::execute@5 (line 145)
                      ; - org.gradle.internal.logging.text.AbstractLineChoppingStyledTextOutput::doAppend@22 (line 44)
                      ; - org.gradle.internal.logging.text.AbstractStyledTextOutput::text@14 (line 87)
                      ; - org.gradle.internal.logging.console.StyledTextOutputBackedRenderer::onOutput@177 (line 62)
                      ; - org.gradle.internal.logging.sink.LogEventDispatcher::dispatch@6 (line 47)
                      ; - org.gradle.internal.logging.sink.LogEventDispatcher::onOutput@56 (line 41)
                      ; - org.gradle.internal.logging.sink.OutputEventRenderer$LazyListener::onOutput@89 (line 480)
  0x000001ed13d1cb88: 7477 77ff 

  0x000001ed13d1cb8c: ;   {other}
  0x000001ed13d1cb8c: 0f1f 8400 | 7c4b 0068 | baf6 ffff | ff66 6690 

  0x000001ed13d1cb9c: ;   {runtime_call UncommonTrapBlob}
  0x000001ed13d1cb9c: c5f8 77e8 

  0x000001ed13d1cba0: ; ImmutableOopMap {}
                      ;*putfield currentState {reexecute=1 rethrow=0 return_oop=0}
                      ; - (reexecute) org.gradle.internal.logging.text.AbstractLineChoppingStyledTextOutput::access$402@3 (line 27)
                      ; - org.gradle.internal.logging.text.AbstractLineChoppingStyledTextOutput$StateContext::setState@5 (line 109)
                      ; - org.gradle.internal.logging.text.AbstractLineChoppingStyledTextOutput$2::execute@73 (line 188)
                      ; - org.gradle.internal.logging.text.AbstractLineChoppingStyledTextOutput$2::execute@5 (line 174)
                      ; - org.gradle.internal.logging.text.AbstractLineChoppingStyledTextOutput$1::execute@107 (line 160)
                      ; - org.gradle.internal.logging.text.AbstractLineChoppingStyledTextOutput$1::execute@5 (line 145)
                      ; - org.gradle.internal.logging.text.AbstractLineChoppingStyledTextOutput::doAppend@22 (line 44)
                      ; - org.gradle.internal.logging.text.AbstractStyledTextOutput::text@14 (line 87)
                      ; - org.gradle.internal.logging.console.StyledTextOutputBackedRenderer::onOutput@187 (line 63)
                      ; - org.gradle.internal.logging.sink.LogEventDispatcher::dispatch@6 (line 47)
                      ; - org.gradle.internal.logging.sink.LogEventDispatcher::onOutput@56 (line 41)
                      ; - org.gradle.internal.logging.sink.OutputEventRenderer$LazyListener::onOutput@89 (line 480)
  0x000001ed13d1cba0: 5c77 77ff 

  0x000001ed13d1cba4: ;   {other}
  0x000001ed13d1cba4: 0f1f 8400 | 944b 0069 

  0x000001ed13d1cbac: ;   {metadata('java/util/concurrent/locks/ReentrantLock$FairSync')}
  0x000001ed13d1cbac: 4181 fb8a | f004 200f | 85ff 1e00 | 004c 8bd7 | 498b fa45 | 8b52 1045 | 85d2 0f85 | cc14 0000 
  0x000001ed13d1cbcc: 4c8b d745 | 8b5a 1845 | 8b52 1445 | 3bda 0f85 | b504 0000 | 4c8b d733 | c041 bb01 | 0000 00f0 
  0x000001ed13d1cbec: 450f b15a | 1041 0f94 | c245 0fb6 | d245 85d2 | 0f84 9f04 | 0000 4180 | 7f40 000f | 85a8 1500 
  0x000001ed13d1cc0c: 004c 8bd7 | 448b 4424 | 4445 8942 | 0c4c 8b54 | 2428 4c8b | df4d 33d3 | 49c1 ea14 | 4d85 d274 
  0x000001ed13d1cc2c: 1a49 c1eb | 0948 b900 | 0046 1bed | 0100 0049 | 03cb 8039 | 020f 85da | 1500 0041 | ba01 0000 
  0x000001ed13d1cc4c: 00e9 fbcb 

  0x000001ed13d1cc50: ;   {metadata('java/util/concurrent/locks/ReentrantLock$FairSync')}
  0x000001ed13d1cc50: ffff 4181 | fb8a f004 | 200f 8595 | 1e00 004c | 8bd7 498b | fa45 8b5a | 1045 8bd3 | 4585 db0f 
  0x000001ed13d1cc70: 8577 1400 | 004c 8bd7 | 458b 5218 | 458b da4c | 8bd7 458b | 4214 458b | d045 3bd8 | 0f85 1704 
  0x000001ed13d1cc90: 0000 4c8b | d733 c041 | bb01 0000 | 00f0 450f | b15a 1041 | 0f94 c245 | 0fb6 d245 | 85d2 0f84 
  0x000001ed13d1ccb0: 0104 0000 | 4180 7f40 | 000f 852c | 1500 004c | 8bd7 448b | 4424 4445 | 8942 0c4c | 8b54 2428 
  0x000001ed13d1ccd0: 4c8b df4d | 33d3 49c1 | ea14 4d85 | d274 1a49 | c1eb 0948 | b900 0046 | 1bed 0100 | 0049 03cb 
  0x000001ed13d1ccf0: 8039 020f | 8579 1500 | 0041 ba01 | 0000 00e9 | 45d5 ffff | 488b 7c24 | 3044 8b57 | 1445 85d2 
  0x000001ed13d1cd10: 0f84 66e4 | ffff 4d8b | 5f28 498b | ca4d 85db | 0f84 651a | 0000 4d8b | 5738 4b89 | 4c1a f849 
  0x000001ed13d1cd30: 83c3 f84d | 895f 28e9 | 40e4 ffff | 4d8b 5758 | 4d8b 5f48 | f083 4424 | c000 8039 | 000f 845e 
  0x000001ed13d1cd50: ;   {no_reloc}
  0x000001ed13d1cd50: e4ff ff44 | 8821 4d85 | db75 2049 | 8bd7 c5f8 | 7749 bae0 | 297b 8efc | 7f00 0041 

  0x000001ed13d1cd6c: ;   {other}
  0x000001ed13d1cd6c: ffd2 0f1f | 8400 0000 | 0000 e936 | e4ff ff4b | 894c 1af8 | 4983 c3f8 | 4d89 5f48 | e924 e4ff 
  0x000001ed13d1cd8c: ffba 45ff | ffff 8b6c | 2440 4c8b | 5c24 304c | 895c 2428 | 4c8b 5c24 | 384c 895c | 2430 4c8b 
  0x000001ed13d1cdac: 5c24 484c | 895c 2440 | 4489 5424 | 2466 6690 

  0x000001ed13d1cdbc: ;   {runtime_call UncommonTrapBlob}
  0x000001ed13d1cdbc: c5f8 77e8 

  0x000001ed13d1cdc0: ; ImmutableOopMap {rbp=NarrowOop [40]=Oop [48]=Oop [64]=Oop [72]=Oop }
                      ;*ifne {reexecute=1 rethrow=0 return_oop=0}
                      ; - (reexecute) org.gradle.internal.logging.text.AbstractLineChoppingStyledTextOutput$SeenFromEol::none@4 (line 264)
                      ; - org.gradle.internal.logging.text.AbstractLineChoppingStyledTextOutput$1::execute@97 (line 159)
                      ; - org.gradle.internal.logging.text.AbstractLineChoppingStyledTextOutput$1::execute@5 (line 145)
                      ; - org.gradle.internal.logging.text.AbstractLineChoppingStyledTextOutput::doAppend@22 (line 44)
                      ; - org.gradle.internal.logging.text.AbstractStyledTextOutput::text@14 (line 87)
                      ; - org.gradle.internal.logging.console.StyledTextOutputBackedRenderer::onOutput@177 (line 62)
                      ; - org.gradle.internal.logging.sink.LogEventDispatcher::dispatch@6 (line 47)
                      ; - org.gradle.internal.logging.sink.LogEventDispatcher::onOutput@56 (line 41)
                      ; - org.gradle.internal.logging.sink.OutputEventRenderer$LazyListener::onOutput@89 (line 480)
  0x000001ed13d1cdc0: 3c75 77ff 

  0x000001ed13d1cdc4: ;   {other}
  0x000001ed13d1cdc4: 0f1f 8400 | b44d 006a | ba45 ffff | ff48 8b6c | 2430 4c8b | 5424 384c | 8954 2420 | 448b 4424 
  0x000001ed13d1cde4: 4044 8944 | 242c 4c8b | 5424 604c | 8954 2438 | 4489 5c24 | 4066 6690 

  0x000001ed13d1cdfc: ;   {runtime_call UncommonTrapBlob}
  0x000001ed13d1cdfc: c5f8 77e8 

  0x000001ed13d1ce00: ; ImmutableOopMap {rbp=Oop [32]=Oop [44]=NarrowOop [56]=Oop [96]=Oop }
                      ;*ifne {reexecute=1 rethrow=0 return_oop=0}
                      ; - (reexecute) org.gradle.internal.logging.text.AbstractLineChoppingStyledTextOutput$SeenFromEol::none@4 (line 264)
                      ; - org.gradle.internal.logging.text.AbstractLineChoppingStyledTextOutput$1::execute@97 (line 159)
                      ; - org.gradle.internal.logging.text.AbstractLineChoppingStyledTextOutput$1::execute@5 (line 145)
                      ; - org.gradle.internal.logging.text.AbstractLineChoppingStyledTextOutput::doAppend@22 (line 44)
                      ; - org.gradle.internal.logging.text.AbstractStyledTextOutput::text@14 (line 87)
                      ; - org.gradle.internal.logging.console.StyledTextOutputBackedRenderer::onOutput@187 (line 63)
                      ; - org.gradle.internal.logging.sink.LogEventDispatcher::dispatch@6 (line 47)
                      ; - org.gradle.internal.logging.sink.LogEventDispatcher::onOutput@56 (line 41)
                      ; - org.gradle.internal.logging.sink.OutputEventRenderer$LazyListener::onOutput@89 (line 480)
  0x000001ed13d1ce00: fc74 77ff 

  0x000001ed13d1ce04: ;   {other}
  0x000001ed13d1ce04: 0f1f 8400 | f44d 006b | 498b d7c5 | f877 49ba | 002a 7b8e | fc7f 0000 

  0x000001ed13d1ce1c: ;   {other}
  0x000001ed13d1ce1c: 41ff d20f | 1f84 0000 | 0000 00e9 | 15d7 ffff | 498b d7c5 | f877 49ba | 002a 7b8e | fc7f 0000 
  0x000001ed13d1ce3c: ;   {other}
  0x000001ed13d1ce3c: 41ff d20f | 1f84 0000 | 0000 00e9 | abd9 ffff | ba45 ffff | ff44 8b5c | 2440 4489 | 5c24 244c 
  0x000001ed13d1ce5c: 8b5c 2430 | 4c89 5c24 | 284c 8b5c | 2438 4c89 | 5c24 304c | 8b5c 2448 | 4c89 5c24 | 4044 8954 
  0x000001ed13d1ce7c: 2448 6690 

  0x000001ed13d1ce80: ;   {runtime_call UncommonTrapBlob}
  0x000001ed13d1ce80: c5f8 77e8 

  0x000001ed13d1ce84: ; ImmutableOopMap {[36]=NarrowOop [40]=Oop [48]=Oop [64]=Oop }
                      ;*if_icmpne {reexecute=1 rethrow=0 return_oop=0}
                      ; - (reexecute) org.gradle.internal.logging.text.AbstractLineChoppingStyledTextOutput$SeenFromEol::all@9 (line 260)
                      ; - org.gradle.internal.logging.text.AbstractLineChoppingStyledTextOutput$1::execute@4 (line 148)
                      ; - org.gradle.internal.logging.text.AbstractLineChoppingStyledTextOutput$1::execute@5 (line 145)
                      ; - org.gradle.internal.logging.text.AbstractLineChoppingStyledTextOutput::doAppend@22 (line 44)
                      ; - org.gradle.internal.logging.text.AbstractStyledTextOutput::text@14 (line 87)
                      ; - org.gradle.internal.logging.console.StyledTextOutputBackedRenderer::onOutput@177 (line 62)
                      ; - org.gradle.internal.logging.sink.LogEventDispatcher::dispatch@6 (line 47)
                      ; - org.gradle.internal.logging.sink.LogEventDispatcher::onOutput@56 (line 41)
                      ; - org.gradle.internal.logging.sink.OutputEventRenderer$LazyListener::onOutput@89 (line 480)
  0x000001ed13d1ce84: 7874 77ff 

  0x000001ed13d1ce88: ;   {other}
  0x000001ed13d1ce88: 0f1f 8400 | 784e 006c | ba45 ffff | ff8b 6c24 | 404c 8b54 | 2430 4c89 | 5424 284c | 8b54 2438 
  0x000001ed13d1cea8: 4c89 5424 | 304c 8944 | 2440 895c | 2424 6690 

  0x000001ed13d1ceb8: ;   {runtime_call UncommonTrapBlob}
  0x000001ed13d1ceb8: c5f8 77e8 

  0x000001ed13d1cebc: ; ImmutableOopMap {rbp=NarrowOop [40]=Oop [48]=Oop [64]=Oop [72]=Oop }
                      ;*ifge {reexecute=1 rethrow=0 return_oop=0}
                      ; - (reexecute) org.gradle.internal.logging.text.AbstractLineChoppingStyledTextOutput$StateContext::isCurrentCharEquals@12 (line 96)
                      ; - org.gradle.internal.logging.text.AbstractLineChoppingStyledTextOutput$2::execute@3 (line 177)
                      ; - org.gradle.internal.logging.text.AbstractLineChoppingStyledTextOutput$2::execute@5 (line 174)
                      ; - org.gradle.internal.logging.text.AbstractLineChoppingStyledTextOutput$1::execute@107 (line 160)
                      ; - org.gradle.internal.logging.text.AbstractLineChoppingStyledTextOutput$1::execute@5 (line 145)
                      ; - org.gradle.internal.logging.text.AbstractLineChoppingStyledTextOutput::doAppend@22 (line 44)
                      ; - org.gradle.internal.logging.text.AbstractStyledTextOutput::text@14 (line 87)
                      ; - org.gradle.internal.logging.console.StyledTextOutputBackedRenderer::onOutput@177 (line 62)
                      ; - org.gradle.internal.logging.sink.LogEventDispatcher::dispatch@6 (line 47)
                      ; - org.gradle.internal.logging.sink.LogEventDispatcher::onOutput@56 (line 41)
                      ; - org.gradle.internal.logging.sink.OutputEventRenderer$LazyListener::onOutput@89 (line 480)
  0x000001ed13d1cebc: 4074 77ff 

  0x000001ed13d1cec0: ;   {other}
  0x000001ed13d1cec0: 0f1f 8400 | b04e 006d | ba45 ffff | ff4c 8b54 | 2430 4c89 | 5424 204c | 8b54 2438 | 4c89 5424 
  0x000001ed13d1cee0: 2844 8b44 | 2440 4489 | 4424 344c | 8b54 2460 | 4c89 5424 | 4044 895c | 2448 6690 

  0x000001ed13d1cefc: ;   {runtime_call UncommonTrapBlob}
  0x000001ed13d1cefc: c5f8 77e8 

  0x000001ed13d1cf00: ; ImmutableOopMap {[32]=Oop [40]=Oop [52]=NarrowOop [64]=Oop [96]=Oop }
                      ;*if_icmpne {reexecute=1 rethrow=0 return_oop=0}
                      ; - (reexecute) org.gradle.internal.logging.text.AbstractLineChoppingStyledTextOutput$SeenFromEol::all@9 (line 260)
                      ; - org.gradle.internal.logging.text.AbstractLineChoppingStyledTextOutput$1::execute@4 (line 148)
                      ; - org.gradle.internal.logging.text.AbstractLineChoppingStyledTextOutput$1::execute@5 (line 145)
                      ; - org.gradle.internal.logging.text.AbstractLineChoppingStyledTextOutput::doAppend@22 (line 44)
                      ; - org.gradle.internal.logging.text.AbstractStyledTextOutput::text@14 (line 87)
                      ; - org.gradle.internal.logging.console.StyledTextOutputBackedRenderer::onOutput@187 (line 63)
                      ; - org.gradle.internal.logging.sink.LogEventDispatcher::dispatch@6 (line 47)
                      ; - org.gradle.internal.logging.sink.LogEventDispatcher::onOutput@56 (line 41)
                      ; - org.gradle.internal.logging.sink.OutputEventRenderer$LazyListener::onOutput@89 (line 480)
  0x000001ed13d1cf00: fc73 77ff 

  0x000001ed13d1cf04: ;   {other}
  0x000001ed13d1cf04: 0f1f 8400 | f44e 006e | ba45 ffff | ff48 8b6c | 2430 4c8b | 5424 384c | 8954 2420 | 448b 4424 
  0x000001ed13d1cf24: 4044 8944 | 242c 4c8b | 5424 604c | 8954 2438 | 4c89 5424 | 4044 895c | 2448 6690 

  0x000001ed13d1cf40: ;   {runtime_call UncommonTrapBlob}
  0x000001ed13d1cf40: c5f8 77e8 

  0x000001ed13d1cf44: ; ImmutableOopMap {rbp=Oop [32]=Oop [44]=NarrowOop [56]=Oop [64]=Oop }
                      ;*ifge {reexecute=1 rethrow=0 return_oop=0}
                      ; - (reexecute) org.gradle.internal.logging.text.AbstractLineChoppingStyledTextOutput$StateContext::isCurrentCharEquals@12 (line 96)
                      ; - org.gradle.internal.logging.text.AbstractLineChoppingStyledTextOutput$2::execute@3 (line 177)
                      ; - org.gradle.internal.logging.text.AbstractLineChoppingStyledTextOutput$2::execute@5 (line 174)
                      ; - org.gradle.internal.logging.text.AbstractLineChoppingStyledTextOutput$1::execute@107 (line 160)
                      ; - org.gradle.internal.logging.text.AbstractLineChoppingStyledTextOutput$1::execute@5 (line 145)
                      ; - org.gradle.internal.logging.text.AbstractLineChoppingStyledTextOutput::doAppend@22 (line 44)
                      ; - org.gradle.internal.logging.text.AbstractStyledTextOutput::text@14 (line 87)
                      ; - org.gradle.internal.logging.console.StyledTextOutputBackedRenderer::onOutput@187 (line 63)
                      ; - org.gradle.internal.logging.sink.LogEventDispatcher::dispatch@6 (line 47)
                      ; - org.gradle.internal.logging.sink.LogEventDispatcher::onOutput@56 (line 41)
                      ; - org.gradle.internal.logging.sink.OutputEventRenderer$LazyListener::onOutput@89 (line 480)
  0x000001ed13d1cf44: b873 77ff 

  0x000001ed13d1cf48: ;   {other}
  0x000001ed13d1cf48: 0f1f 8400 | 384f 006f | ba45 ffff | ff8b 6c24 | 404c 8b54 | 2430 4c89 | 5424 284c | 8b54 2438 
  0x000001ed13d1cf68: 4c89 5424 | 304c 8b54 | 2448 4c89 | 5424 4044 | 894c 2424 

  0x000001ed13d1cf7c: ;   {runtime_call UncommonTrapBlob}
  0x000001ed13d1cf7c: c5f8 77e8 

  0x000001ed13d1cf80: ; ImmutableOopMap {rbp=NarrowOop [40]=Oop [48]=Oop [64]=Oop [72]=Oop }
                      ;*ifge {reexecute=1 rethrow=0 return_oop=0}
                      ; - (reexecute) org.gradle.internal.logging.text.AbstractLineChoppingStyledTextOutput$StateContext::isCurrentCharEquals@12 (line 96)
                      ; - org.gradle.internal.logging.text.AbstractLineChoppingStyledTextOutput$2::execute@31 (line 180)
                      ; - org.gradle.internal.logging.text.AbstractLineChoppingStyledTextOutput$2::execute@5 (line 174)
                      ; - org.gradle.internal.logging.text.AbstractLineChoppingStyledTextOutput$1::execute@107 (line 160)
                      ; - org.gradle.internal.logging.text.AbstractLineChoppingStyledTextOutput$1::execute@5 (line 145)
                      ; - org.gradle.internal.logging.text.AbstractLineChoppingStyledTextOutput::doAppend@22 (line 44)
                      ; - org.gradle.internal.logging.text.AbstractStyledTextOutput::text@14 (line 87)
                      ; - org.gradle.internal.logging.console.StyledTextOutputBackedRenderer::onOutput@177 (line 62)
                      ; - org.gradle.internal.logging.sink.LogEventDispatcher::dispatch@6 (line 47)
                      ; - org.gradle.internal.logging.sink.LogEventDispatcher::onOutput@56 (line 41)
                      ; - org.gradle.internal.logging.sink.OutputEventRenderer$LazyListener::onOutput@89 (line 480)
  0x000001ed13d1cf80: 7c73 77ff 

  0x000001ed13d1cf84: ;   {other}
  0x000001ed13d1cf84: 0f1f 8400 | 744f 0070 | ba45 ffff | ff48 8b6c | 2430 4c8b | 5424 384c | 8954 2420 | 448b 5c24 
  0x000001ed13d1cfa4: 4044 895c | 242c 4c8b | 5424 604c | 8954 2438 | 4c89 5424 | 4089 4c24 | 4866 6690 

  0x000001ed13d1cfc0: ;   {runtime_call UncommonTrapBlob}
  0x000001ed13d1cfc0: c5f8 77e8 

  0x000001ed13d1cfc4: ; ImmutableOopMap {rbp=Oop [32]=Oop [44]=NarrowOop [56]=Oop [64]=Oop }
                      ;*ifge {reexecute=1 rethrow=0 return_oop=0}
                      ; - (reexecute) org.gradle.internal.logging.text.AbstractLineChoppingStyledTextOutput$StateContext::isCurrentCharEquals@12 (line 96)
                      ; - org.gradle.internal.logging.text.AbstractLineChoppingStyledTextOutput$2::execute@31 (line 180)
                      ; - org.gradle.internal.logging.text.AbstractLineChoppingStyledTextOutput$2::execute@5 (line 174)
                      ; - org.gradle.internal.logging.text.AbstractLineChoppingStyledTextOutput$1::execute@107 (line 160)
                      ; - org.gradle.internal.logging.text.AbstractLineChoppingStyledTextOutput$1::execute@5 (line 145)
                      ; - org.gradle.internal.logging.text.AbstractLineChoppingStyledTextOutput::doAppend@22 (line 44)
                      ; - org.gradle.internal.logging.text.AbstractStyledTextOutput::text@14 (line 87)
                      ; - org.gradle.internal.logging.console.StyledTextOutputBackedRenderer::onOutput@187 (line 63)
                      ; - org.gradle.internal.logging.sink.LogEventDispatcher::dispatch@6 (line 47)
                      ; - org.gradle.internal.logging.sink.LogEventDispatcher::onOutput@56 (line 41)
                      ; - org.gradle.internal.logging.sink.OutputEventRenderer$LazyListener::onOutput@89 (line 480)
  0x000001ed13d1cfc4: 3873 77ff 

  0x000001ed13d1cfc8: ;   {other}
  0x000001ed13d1cfc8: 0f1f 8400 | b84f 0071 

  0x000001ed13d1cfd0: ;   {metadata({type array byte})}
  0x000001ed13d1cfd0: 48ba c80a | 0400 0100 | 0000 448b 

  0x000001ed13d1cfdc: ;   {oop([B{0x0000000080d79f40})}
  0x000001ed13d1cfdc: 4424 6c48 | bd40 9fd7 | 8000 0000 | 0066 6690 

  0x000001ed13d1cfec: ;   {runtime_call _new_array_nozero_Java}
  0x000001ed13d1cfec: c5f8 77e8 

  0x000001ed13d1cff0: ; ImmutableOopMap {rbp=Oop [88]=Derived_oop_rbp [32]=Oop [40]=Oop [48]=Oop [56]=Oop [64]=NarrowOop [68]=NarrowOop [72]=Oop [80]=Oop [104]=NarrowOop [112]=Oop [128]=Oop }
                      ;*invokevirtual clone {reexecute=1 rethrow=0 return_oop=1}
                      ; - (reexecute) java.util.Arrays::copyOfRange@18
                      ; - java.lang.StringLatin1::newString@16
                      ; - java.lang.String::substring@41
                      ; - org.gradle.internal.logging.text.AbstractLineChoppingStyledTextOutput$StateContext::flushLineText@93 (line 127)
                      ; - org.gradle.internal.logging.text.AbstractLineChoppingStyledTextOutput::doAppend@39 (line 47)
                      ; - org.gradle.internal.logging.text.AbstractStyledTextOutput::text@14 (line 87)
                      ; - org.gradle.internal.logging.console.StyledTextOutputBackedRenderer::onOutput@177 (line 62)
                      ; - org.gradle.internal.logging.sink.LogEventDispatcher::dispatch@6 (line 47)
                      ; - org.gradle.internal.logging.sink.LogEventDispatcher::onOutput@56 (line 41)
                      ; - org.gradle.internal.logging.sink.OutputEventRenderer$LazyListener::onOutput@89 (line 480)
  0x000001ed13d1cff0: 8c1f 83ff 

  0x000001ed13d1cff4: ;   {other}
  0x000001ed13d1cff4: 0f1f 8400 | e44f 0072 | 4c8b d0e9 | 2cdd ffff 

  0x000001ed13d1d004: ;   {metadata({type array byte})}
  0x000001ed13d1d004: 48ba c80a | 0400 0100 | 0000 448b | 4424 6090 

  0x000001ed13d1d014: ;   {runtime_call _new_array_nozero_Java}
  0x000001ed13d1d014: c5f8 77e8 

  0x000001ed13d1d018: ; ImmutableOopMap {[32]=Oop [40]=Oop [48]=Oop [56]=Oop [64]=NarrowOop [68]=NarrowOop [72]=Oop [80]=Oop [92]=NarrowOop [104]=Oop [120]=Oop }
                      ;*invokevirtual clone {reexecute=1 rethrow=0 return_oop=1}
                      ; - (reexecute) java.util.Arrays::copyOfRange@18
                      ; - java.lang.StringLatin1::newString@16
                      ; - java.lang.String::substring@41
                      ; - org.gradle.internal.logging.text.AbstractLineChoppingStyledTextOutput$StateContext::flushLineText@93 (line 127)
                      ; - org.gradle.internal.logging.text.AbstractLineChoppingStyledTextOutput::doAppend@39 (line 47)
                      ; - org.gradle.internal.logging.text.AbstractStyledTextOutput::text@14 (line 87)
                      ; - org.gradle.internal.logging.console.StyledTextOutputBackedRenderer::onOutput@187 (line 63)
                      ; - org.gradle.internal.logging.sink.LogEventDispatcher::dispatch@6 (line 47)
                      ; - org.gradle.internal.logging.sink.LogEventDispatcher::onOutput@56 (line 41)
                      ; - org.gradle.internal.logging.sink.OutputEventRenderer$LazyListener::onOutput@89 (line 480)
  0x000001ed13d1d018: 641f 83ff 

  0x000001ed13d1d01c: ;   {other}
  0x000001ed13d1d01c: 0f1f 8400 | 0c50 0073 | 4c8b d0e9 | b7dd ffff | bade ffff | ff66 6690 

  0x000001ed13d1d034: ;   {runtime_call UncommonTrapBlob}
  0x000001ed13d1d034: c5f8 77e8 

  0x000001ed13d1d038: ; ImmutableOopMap {rbp=NarrowOop [32]=Oop }
                      ;*invokeinterface onOutput {reexecute=0 rethrow=0 return_oop=0}
                      ; - org.gradle.internal.logging.sink.OutputEventRenderer$LazyListener::onOutput@89 (line 480)
  0x000001ed13d1d038: c472 77ff 

  0x000001ed13d1d03c: ;   {other}
  0x000001ed13d1d03c: 0f1f 8400 | 2c50 0074 | 448b 9c24 | 8800 0000 | 498b d341 | b801 0000 

  0x000001ed13d1d054: ;   {oop([B{0x0000000080d79f40})}
  0x000001ed13d1d054: 0048 bd40 | 9fd7 8000 | 0000 0090 

  0x000001ed13d1d060: ;   {optimized virtual_call}
  0x000001ed13d1d060: c5f8 77e8 

  0x000001ed13d1d064: ; ImmutableOopMap {rbp=Oop [88]=Derived_oop_rbp [32]=Oop [40]=Oop [48]=Oop [56]=Oop [64]=NarrowOop [68]=NarrowOop [72]=Oop [80]=Oop [96]=Oop [104]=Oop [112]=Oop }
                      ;*invokevirtual acquire {reexecute=0 rethrow=0 return_oop=0}
                      ; - java.util.concurrent.locks.ReentrantLock$Sync::lock@9
                      ; - java.util.concurrent.locks.ReentrantLock::lock@4
                      ; - jdk.internal.misc.InternalLock::lock@4
                      ; - java.io.BufferedOutputStream::flush@11
                      ; - java.io.PrintStream::implFlush@8
                      ; - java.io.PrintStream::flush@15
                      ; - org.gradle.internal.logging.text.StreamBackedStandardOutputListener::onOutput@15 (line 53)
                      ; - org.gradle.internal.logging.text.StreamingStyledTextOutput::doAppend@5 (line 55)
                      ; - org.gradle.internal.logging.text.AbstractStyledTextOutput::text@14 (line 87)
                      ; - org.gradle.internal.logging.console.StyledTextOutputBackedRenderer$OutputEventTextOutputImpl::doLineText@5 (line 90)
                      ; - org.gradle.internal.logging.text.AbstractLineChoppingStyledTextOutput$StateContext::flushLineText@109 (line 131)
                      ; - org.gradle.internal.logging.text.AbstractLineChoppingStyledTextOutput::doAppend@39 (line 47)
                      ; - org.gradle.internal.logging.text.AbstractStyledTextOutput::text@14 (line 87)
                      ; - org.gradle.internal.logging.console.StyledTextOutputBackedRenderer::onOutput@177 (line 62)
                      ; - org.gradle.internal.logging.sink.LogEventDispatcher::dispatch@6 (line 47)
                      ; - org.gradle.internal.logging.sink.LogEventDispatcher::onOutput@56 (line 41)
                      ; - org.gradle.internal.logging.sink.OutputEventRenderer$LazyListener::onOutput@89 (line 480)
  0x000001ed13d1d064: 181a 77ff 

  0x000001ed13d1d068: ;   {other}
  0x000001ed13d1d068: 0f1f 8400 | 5850 0075 | e913 e5ff | ff48 8bd5 | 41b8 0100 | 0000 6690 

  0x000001ed13d1d080: ;   {optimized virtual_call}
  0x000001ed13d1d080: c5f8 77e8 

  0x000001ed13d1d084: ; ImmutableOopMap {[32]=Oop [40]=Oop [48]=Oop [56]=Oop [64]=NarrowOop [72]=Oop [80]=Oop [88]=Oop [96]=Oop [104]=Oop }
                      ;*invokevirtual acquire {reexecute=0 rethrow=0 return_oop=0}
                      ; - java.util.concurrent.locks.ReentrantLock$Sync::lock@9
                      ; - java.util.concurrent.locks.ReentrantLock::lock@4
                      ; - jdk.internal.misc.InternalLock::lock@4
                      ; - java.io.BufferedOutputStream::flush@11
                      ; - java.io.PrintStream::implFlush@8
                      ; - java.io.PrintStream::flush@15
                      ; - org.gradle.internal.logging.text.StreamBackedStandardOutputListener::onOutput@15 (line 53)
                      ; - org.gradle.internal.logging.text.StreamingStyledTextOutput::doAppend@5 (line 55)
                      ; - org.gradle.internal.logging.text.AbstractStyledTextOutput::text@14 (line 87)
                      ; - org.gradle.internal.logging.console.StyledTextOutputBackedRenderer$OutputEventTextOutputImpl::doLineText@5 (line 90)
                      ; - org.gradle.internal.logging.text.AbstractLineChoppingStyledTextOutput$StateContext::flushLineText@109 (line 131)
                      ; - org.gradle.internal.logging.text.AbstractLineChoppingStyledTextOutput::doAppend@39 (line 47)
                      ; - org.gradle.internal.logging.text.AbstractStyledTextOutput::text@14 (line 87)
                      ; - org.gradle.internal.logging.console.StyledTextOutputBackedRenderer::onOutput@187 (line 63)
                      ; - org.gradle.internal.logging.sink.LogEventDispatcher::dispatch@6 (line 47)
                      ; - org.gradle.internal.logging.sink.LogEventDispatcher::onOutput@56 (line 41)
                      ; - org.gradle.internal.logging.sink.OutputEventRenderer$LazyListener::onOutput@89 (line 480)
  0x000001ed13d1d084: f819 77ff 

  0x000001ed13d1d088: ;   {other}
  0x000001ed13d1d088: 0f1f 8400 | 7850 0076 | e9e3 e7ff | ff41 8b6b | 0c85 ed0f | 8cff 1a00 | 0045 33d2 | e9a4 c7ff 
  0x000001ed13d1d0a8: ff41 8b6b | 0c85 ed0f | 8c37 1b00 | 0045 33d2 | e98c d1ff | ffba deff | ffff 6690 

  0x000001ed13d1d0c4: ;   {runtime_call UncommonTrapBlob}
  0x000001ed13d1d0c4: c5f8 77e8 

  0x000001ed13d1d0c8: ; ImmutableOopMap {rbp=NarrowOop [32]=Oop }
                      ;*invokeinterface onOutput {reexecute=0 rethrow=0 return_oop=0}
                      ; - org.gradle.internal.logging.sink.LogEventDispatcher::dispatch@6 (line 47)
                      ; - org.gradle.internal.logging.sink.LogEventDispatcher::onOutput@56 (line 41)
                      ; - org.gradle.internal.logging.sink.OutputEventRenderer$LazyListener::onOutput@89 (line 480)
  0x000001ed13d1d0c8: 3472 77ff 

  0x000001ed13d1d0cc: ;   {other}
  0x000001ed13d1d0cc: 0f1f 8400 | bc50 0077 | ba45 ffff | ff48 8944 | 2428 6690 

  0x000001ed13d1d0e0: ;   {runtime_call UncommonTrapBlob}
  0x000001ed13d1d0e0: c5f8 77e8 

  0x000001ed13d1d0e4: ; ImmutableOopMap {rbp=Oop [32]=Oop [40]=Oop }
                      ;*if_acmpne {reexecute=1 rethrow=0 return_oop=0}
                      ; - (reexecute) org.gradle.internal.logging.sink.LogEventDispatcher::onOutput@35 (line 38)
                      ; - org.gradle.internal.logging.sink.OutputEventRenderer$LazyListener::onOutput@89 (line 480)
  0x000001ed13d1d0e4: 1872 77ff 

  0x000001ed13d1d0e8: ;   {other}
  0x000001ed13d1d0e8: 0f1f 8400 | d850 0078 | baf6 ffff | ff66 6690 

  0x000001ed13d1d0f8: ;   {runtime_call UncommonTrapBlob}
  0x000001ed13d1d0f8: c5f8 77e8 

  0x000001ed13d1d0fc: ; ImmutableOopMap {}
                      ;*invokevirtual style {reexecute=0 rethrow=0 return_oop=0}
                      ; - org.gradle.internal.logging.console.StyledTextOutputBackedRenderer::onOutput@255 (line 71)
                      ; - org.gradle.internal.logging.sink.LogEventDispatcher::dispatch@6 (line 47)
                      ; - org.gradle.internal.logging.sink.LogEventDispatcher::onOutput@56 (line 41)
                      ; - org.gradle.internal.logging.sink.OutputEventRenderer$LazyListener::onOutput@89 (line 480)
  0x000001ed13d1d0fc: 0072 77ff 

  0x000001ed13d1d100: ;   {other}
  0x000001ed13d1d100: 0f1f 8400 | f050 0079 | 4889 7c24 

  0x000001ed13d1d10c: ;   {metadata('java/text/SimpleDateFormat')}
  0x000001ed13d1d10c: 3048 bae0 | 0c15 0001 | 0000 0090 

  0x000001ed13d1d118: ;   {runtime_call _new_instance_Java}
  0x000001ed13d1d118: c5f8 77e8 

  0x000001ed13d1d11c: ; ImmutableOopMap {rbp=Oop [32]=Oop [40]=Oop [48]=Oop }
                      ;*new {reexecute=0 rethrow=0 return_oop=1}
                      ; - org.gradle.internal.logging.console.StyledTextOutputBackedRenderer::onOutput@40 (line 51)
                      ; - org.gradle.internal.logging.sink.LogEventDispatcher::dispatch@6 (line 47)
                      ; - org.gradle.internal.logging.sink.LogEventDispatcher::onOutput@56 (line 41)
                      ; - org.gradle.internal.logging.sink.OutputEventRenderer$LazyListener::onOutput@89 (line 480)
  0x000001ed13d1d11c: 6018 83ff 

  0x000001ed13d1d120: ;   {other}
  0x000001ed13d1d120: 0f1f 8400 | 1051 007a | e917 e0ff | ffba f6ff | ffff 498b | eb66 6690 

  0x000001ed13d1d138: ;   {runtime_call UncommonTrapBlob}
  0x000001ed13d1d138: c5f8 77e8 

  0x000001ed13d1d13c: ; ImmutableOopMap {rbp=Oop }
                      ;*invokevirtual format {reexecute=0 rethrow=0 return_oop=0}
                      ; - org.gradle.internal.logging.console.StyledTextOutputBackedRenderer::onOutput@174 (line 62)
                      ; - org.gradle.internal.logging.sink.LogEventDispatcher::dispatch@6 (line 47)
                      ; - org.gradle.internal.logging.sink.LogEventDispatcher::onOutput@56 (line 41)
                      ; - org.gradle.internal.logging.sink.OutputEventRenderer$LazyListener::onOutput@89 (line 480)
  0x000001ed13d1d13c: c071 77ff 

  0x000001ed13d1d140: ;   {other}
  0x000001ed13d1d140: 0f1f 8400 | 3051 007b | baf6 ffff | ff66 6690 

  0x000001ed13d1d150: ;   {runtime_call UncommonTrapBlob}
  0x000001ed13d1d150: c5f8 77e8 

  0x000001ed13d1d154: ; ImmutableOopMap {}
                      ;*invokevirtual toString {reexecute=0 rethrow=0 return_oop=0}
                      ; - java.text.DateFormat::format@15
                      ; - org.gradle.internal.logging.console.StyledTextOutputBackedRenderer::onOutput@174 (line 62)
                      ; - org.gradle.internal.logging.sink.LogEventDispatcher::dispatch@6 (line 47)
                      ; - org.gradle.internal.logging.sink.LogEventDispatcher::onOutput@56 (line 41)
                      ; - org.gradle.internal.logging.sink.OutputEventRenderer$LazyListener::onOutput@89 (line 480)
  0x000001ed13d1d154: a871 77ff 

  0x000001ed13d1d158: ;   {other}
  0x000001ed13d1d158: 0f1f 8400 | 4851 007c | baf6 ffff | ff66 6690 

  0x000001ed13d1d168: ;   {runtime_call UncommonTrapBlob}
  0x000001ed13d1d168: c5f8 77e8 

  0x000001ed13d1d16c: ; ImmutableOopMap {}
                      ;*invokevirtual copy {reexecute=0 rethrow=0 return_oop=0}
                      ; - org.gradle.internal.logging.text.AbstractLineChoppingStyledTextOutput$StateContext::<init>@17 (line 69)
                      ; - org.gradle.internal.logging.text.AbstractLineChoppingStyledTextOutput::doAppend@6 (line 41)
                      ; - org.gradle.internal.logging.text.AbstractStyledTextOutput::text@14 (line 87)
                      ; - org.gradle.internal.logging.console.StyledTextOutputBackedRenderer::onOutput@177 (line 62)
                      ; - org.gradle.internal.logging.sink.LogEventDispatcher::dispatch@6 (line 47)
                      ; - org.gradle.internal.logging.sink.LogEventDispatcher::onOutput@56 (line 41)
                      ; - org.gradle.internal.logging.sink.OutputEventRenderer$LazyListener::onOutput@89 (line 480)
  0x000001ed13d1d16c: 9071 77ff 

  0x000001ed13d1d170: ;   {other}
  0x000001ed13d1d170: 0f1f 8400 | 6051 007d | baf6 ffff | ff66 6690 

  0x000001ed13d1d180: ;   {runtime_call UncommonTrapBlob}
  0x000001ed13d1d180: c5f8 77e8 

  0x000001ed13d1d184: ; ImmutableOopMap {}
                      ;*invokevirtual copy {reexecute=0 rethrow=0 return_oop=0}
                      ; - org.gradle.internal.logging.text.AbstractLineChoppingStyledTextOutput$StateContext::<init>@17 (line 69)
                      ; - org.gradle.internal.logging.text.AbstractLineChoppingStyledTextOutput::doAppend@6 (line 41)
                      ; - org.gradle.internal.logging.text.AbstractStyledTextOutput::text@14 (line 87)
                      ; - org.gradle.internal.logging.console.StyledTextOutputBackedRenderer::onOutput@187 (line 63)
                      ; - org.gradle.internal.logging.sink.LogEventDispatcher::dispatch@6 (line 47)
                      ; - org.gradle.internal.logging.sink.LogEventDispatcher::onOutput@56 (line 41)
                      ; - org.gradle.internal.logging.sink.OutputEventRenderer$LazyListener::onOutput@89 (line 480)
  0x000001ed13d1d184: 7871 77ff 

  0x000001ed13d1d188: ;   {other}
  0x000001ed13d1d188: 0f1f 8400 | 7851 007e | baf6 ffff | ff66 6690 

  0x000001ed13d1d198: ;   {runtime_call UncommonTrapBlob}
  0x000001ed13d1d198: c5f8 77e8 

  0x000001ed13d1d19c: ; ImmutableOopMap {rbp=NarrowOop }
                      ;*invokevirtual text {reexecute=0 rethrow=0 return_oop=0}
                      ; - org.gradle.internal.logging.console.StyledTextOutputBackedRenderer::onOutput@199 (line 64)
                      ; - org.gradle.internal.logging.sink.LogEventDispatcher::dispatch@6 (line 47)
                      ; - org.gradle.internal.logging.sink.LogEventDispatcher::onOutput@56 (line 41)
                      ; - org.gradle.internal.logging.sink.OutputEventRenderer$LazyListener::onOutput@89 (line 480)
  0x000001ed13d1d19c: 6071 77ff 

  0x000001ed13d1d1a0: ;   {other}
  0x000001ed13d1d1a0: 0f1f 8400 | 9051 007f | baf6 ffff | ff66 6690 

  0x000001ed13d1d1b0: ;   {runtime_call UncommonTrapBlob}
  0x000001ed13d1d1b0: c5f8 77e8 

  0x000001ed13d1d1b4: ; ImmutableOopMap {}
                      ;*invokevirtual text {reexecute=0 rethrow=0 return_oop=0}
                      ; - org.gradle.internal.logging.console.StyledTextOutputBackedRenderer::onOutput@209 (line 65)
                      ; - org.gradle.internal.logging.sink.LogEventDispatcher::dispatch@6 (line 47)
                      ; - org.gradle.internal.logging.sink.LogEventDispatcher::onOutput@56 (line 41)
                      ; - org.gradle.internal.logging.sink.OutputEventRenderer$LazyListener::onOutput@89 (line 480)
  0x000001ed13d1d1b4: 4871 77ff 

  0x000001ed13d1d1b8: ;   {other}
  0x000001ed13d1d1b8: 0f1f 8400 | a851 0080 | baf6 ffff | ff66 6690 

  0x000001ed13d1d1c8: ;   {runtime_call UncommonTrapBlob}
  0x000001ed13d1d1c8: c5f8 77e8 

  0x000001ed13d1d1cc: ; ImmutableOopMap {rbp=NarrowOop }
                      ;*invokevirtual text {reexecute=0 rethrow=0 return_oop=0}
                      ; - org.gradle.internal.logging.console.StyledTextOutputBackedRenderer::onOutput@221 (line 66)
                      ; - org.gradle.internal.logging.sink.LogEventDispatcher::dispatch@6 (line 47)
                      ; - org.gradle.internal.logging.sink.LogEventDispatcher::onOutput@56 (line 41)
                      ; - org.gradle.internal.logging.sink.OutputEventRenderer$LazyListener::onOutput@89 (line 480)
  0x000001ed13d1d1cc: 3071 77ff 

  0x000001ed13d1d1d0: ;   {other}
  0x000001ed13d1d1d0: 0f1f 8400 | c051 0081 | baf6 ffff | ff66 6690 

  0x000001ed13d1d1e0: ;   {runtime_call UncommonTrapBlob}
  0x000001ed13d1d1e0: c5f8 77e8 

  0x000001ed13d1d1e4: ; ImmutableOopMap {}
                      ;*invokevirtual text {reexecute=0 rethrow=0 return_oop=0}
                      ; - org.gradle.internal.logging.console.StyledTextOutputBackedRenderer::onOutput@231 (line 67)
                      ; - org.gradle.internal.logging.sink.LogEventDispatcher::dispatch@6 (line 47)
                      ; - org.gradle.internal.logging.sink.LogEventDispatcher::onOutput@56 (line 41)
                      ; - org.gradle.internal.logging.sink.OutputEventRenderer$LazyListener::onOutput@89 (line 480)
  0x000001ed13d1d1e4: 1871 77ff 

  0x000001ed13d1d1e8: ;   {other}
  0x000001ed13d1d1e8: 0f1f 8400 | d851 0082 | baf6 ffff | ff8b 6c24 | 404c 8b54 | 2430 4c89 | 5424 204c | 8b54 2438 
  0x000001ed13d1d208: 4c89 5424 | 284c 8944 | 2430 4c8b | 5424 784c | 8954 2450 

  0x000001ed13d1d21c: ;   {runtime_call UncommonTrapBlob}
  0x000001ed13d1d21c: c5f8 77e8 

  0x000001ed13d1d220: ; ImmutableOopMap {rbp=NarrowOop [32]=Oop [40]=Oop [48]=Oop [80]=Oop [96]=Oop [104]=Oop [112]=Oop [120]=Oop }
                      ;*invokevirtual lock {reexecute=0 rethrow=0 return_oop=0}
                      ; - java.util.concurrent.locks.ReentrantLock::lock@4
                      ; - jdk.internal.misc.InternalLock::lock@4
                      ; - java.io.PrintStream::write@11
                      ; - java.io.PrintStream::print@5
                      ; - java.io.PrintStream::append@5
                      ; - java.io.PrintStream::append@2
                      ; - org.gradle.internal.logging.text.StreamBackedStandardOutputListener::onOutput@5 (line 52)
                      ; - org.gradle.internal.logging.text.StreamingStyledTextOutput::doAppend@5 (line 55)
                      ; - org.gradle.internal.logging.text.AbstractStyledTextOutput::text@14 (line 87)
                      ; - org.gradle.internal.logging.console.StyledTextOutputBackedRenderer$OutputEventTextOutputImpl::doLineText@5 (line 90)
                      ; - org.gradle.internal.logging.text.AbstractLineChoppingStyledTextOutput$StateContext::flushLineText@109 (line 131)
                      ; - org.gradle.internal.logging.text.AbstractLineChoppingStyledTextOutput::doAppend@39 (line 47)
                      ; - org.gradle.internal.logging.text.AbstractStyledTextOutput::text@14 (line 87)
                      ; - org.gradle.internal.logging.console.StyledTextOutputBackedRenderer::onOutput@177 (line 62)
                      ; - org.gradle.internal.logging.sink.LogEventDispatcher::dispatch@6 (line 47)
                      ; - org.gradle.internal.logging.sink.LogEventDispatcher::onOutput@56 (line 41)
                      ; - org.gradle.internal.logging.sink.OutputEventRenderer$LazyListener::onOutput@89 (line 480)
  0x000001ed13d1d220: dc70 77ff 

  0x000001ed13d1d224: ;   {other}
  0x000001ed13d1d224: 0f1f 8400 | 1452 0083 | baf6 ffff | ff8b 6c24 | 404c 8b54 | 2430 4c89 | 5424 204c | 8b54 2438 
  0x000001ed13d1d244: 4c89 5424 | 284c 8b54 | 2448 4c89 | 5424 304c | 8b54 2478 | 4c89 5424 | 5066 6690 

  0x000001ed13d1d260: ;   {runtime_call UncommonTrapBlob}
  0x000001ed13d1d260: c5f8 77e8 

  0x000001ed13d1d264: ; ImmutableOopMap {rbp=NarrowOop [32]=Oop [40]=Oop [48]=Oop [80]=Oop [96]=Oop [104]=Oop [112]=Oop [120]=Oop }
                      ;*invokevirtual write {reexecute=0 rethrow=0 return_oop=0}
                      ; - java.io.PrintStream::implWrite@9
                      ; - java.io.PrintStream::write@16
                      ; - java.io.PrintStream::print@5
                      ; - java.io.PrintStream::append@5
                      ; - java.io.PrintStream::append@2
                      ; - org.gradle.internal.logging.text.StreamBackedStandardOutputListener::onOutput@5 (line 52)
                      ; - org.gradle.internal.logging.text.StreamingStyledTextOutput::doAppend@5 (line 55)
                      ; - org.gradle.internal.logging.text.AbstractStyledTextOutput::text@14 (line 87)
                      ; - org.gradle.internal.logging.console.StyledTextOutputBackedRenderer$OutputEventTextOutputImpl::doLineText@5 (line 90)
                      ; - org.gradle.internal.logging.text.AbstractLineChoppingStyledTextOutput$StateContext::flushLineText@109 (line 131)
                      ; - org.gradle.internal.logging.text.AbstractLineChoppingStyledTextOutput::doAppend@39 (line 47)
                      ; - org.gradle.internal.logging.text.AbstractStyledTextOutput::text@14 (line 87)
                      ; - org.gradle.internal.logging.console.StyledTextOutputBackedRenderer::onOutput@177 (line 62)
                      ; - org.gradle.internal.logging.sink.LogEventDispatcher::dispatch@6 (line 47)
                      ; - org.gradle.internal.logging.sink.LogEventDispatcher::onOutput@56 (line 41)
                      ; - org.gradle.internal.logging.sink.OutputEventRenderer$LazyListener::onOutput@89 (line 480)
  0x000001ed13d1d264: 9870 77ff 

  0x000001ed13d1d268: ;   {other}
  0x000001ed13d1d268: 0f1f 8400 | 5852 0084 | 4889 4424 | 78eb 0548 | 8944 2478 | 4c8b 5424 | 7045 8b52 | 2045 85d2 
  0x000001ed13d1d288: 0f84 b619 | 0000 498b 

  0x000001ed13d1d290: ;   {oop([B{0x0000000080d79f40})}
  0x000001ed13d1d290: d248 bd40 | 9fd7 8000 | 0000 0090 

  0x000001ed13d1d29c: ;   {optimized virtual_call}
  0x000001ed13d1d29c: c5f8 77e8 

  0x000001ed13d1d2a0: ; ImmutableOopMap {rbp=Oop [88]=Derived_oop_rbp [32]=Oop [40]=Oop [48]=Oop [56]=Oop [64]=NarrowOop [68]=NarrowOop [72]=Oop [80]=Oop [96]=Oop [104]=Oop [120]=Oop }
                      ;*invokevirtual unlock {reexecute=0 rethrow=0 return_oop=0}
                      ; - java.io.BufferedOutputStream::flush@33
                      ; - java.io.PrintStream::implFlush@8
                      ; - java.io.PrintStream::flush@15
                      ; - org.gradle.internal.logging.text.StreamBackedStandardOutputListener::onOutput@15 (line 53)
                      ; - org.gradle.internal.logging.text.StreamingStyledTextOutput::doAppend@5 (line 55)
                      ; - org.gradle.internal.logging.text.AbstractStyledTextOutput::text@14 (line 87)
                      ; - org.gradle.internal.logging.console.StyledTextOutputBackedRenderer$OutputEventTextOutputImpl::doLineText@5 (line 90)
                      ; - org.gradle.internal.logging.text.AbstractLineChoppingStyledTextOutput$StateContext::flushLineText@109 (line 131)
                      ; - org.gradle.internal.logging.text.AbstractLineChoppingStyledTextOutput::doAppend@39 (line 47)
                      ; - org.gradle.internal.logging.text.AbstractStyledTextOutput::text@14 (line 87)
                      ; - org.gradle.internal.logging.console.StyledTextOutputBackedRenderer::onOutput@177 (line 62)
                      ; - org.gradle.internal.logging.sink.LogEventDispatcher::dispatch@6 (line 47)
                      ; - org.gradle.internal.logging.sink.LogEventDispatcher::onOutput@56 (line 41)
                      ; - org.gradle.internal.logging.sink.OutputEventRenderer$LazyListener::onOutput@89 (line 480)
  0x000001ed13d1d2a0: dc17 77ff 

  0x000001ed13d1d2a4: ;   {other}
  0x000001ed13d1d2a4: 0f1f 8400 | 9452 0085 | 488b 6c24 | 7844 8b5d | 084d 33c0 | 4f8d 04d8 | eb10 eb00 | 448b 5008 
  0x000001ed13d1d2c4: 4d33 c04f | 8d04 d048 | 8be8 4c8b | 5424 6845 | 8b52 184d 

  0x000001ed13d1d2d8: ;   {metadata('java/io/IOException')}
  0x000001ed13d1d2d8: 8b58 4849 | b898 df09 | 0001 0000 | 004d 3bd8 | 0f85 d50f | 0000 4c8b | 5c24 6841 | c643 0e01 
  0x000001ed13d1d2f8: 4585 d20f | 8581 c5ff | ffba f6ff | ffff 8b6c | 2440 4c8b | 5424 304c | 8954 2420 | 4c8b 5424 
  0x000001ed13d1d318: 384c 8954 | 2428 6690 

  0x000001ed13d1d320: ;   {runtime_call UncommonTrapBlob}
  0x000001ed13d1d320: c5f8 77e8 

  0x000001ed13d1d324: ; ImmutableOopMap {rbp=NarrowOop [32]=Oop [40]=Oop [72]=Oop [96]=Oop }
                      ;*invokevirtual unlock {reexecute=0 rethrow=0 return_oop=0}
                      ; - java.io.PrintStream::flush@22
                      ; - org.gradle.internal.logging.text.StreamBackedStandardOutputListener::onOutput@15 (line 53)
                      ; - org.gradle.internal.logging.text.StreamingStyledTextOutput::doAppend@5 (line 55)
                      ; - org.gradle.internal.logging.text.AbstractStyledTextOutput::text@14 (line 87)
                      ; - org.gradle.internal.logging.console.StyledTextOutputBackedRenderer$OutputEventTextOutputImpl::doLineText@5 (line 90)
                      ; - org.gradle.internal.logging.text.AbstractLineChoppingStyledTextOutput$StateContext::flushLineText@109 (line 131)
                      ; - org.gradle.internal.logging.text.AbstractLineChoppingStyledTextOutput::doAppend@39 (line 47)
                      ; - org.gradle.internal.logging.text.AbstractStyledTextOutput::text@14 (line 87)
                      ; - org.gradle.internal.logging.console.StyledTextOutputBackedRenderer::onOutput@177 (line 62)
                      ; - org.gradle.internal.logging.sink.LogEventDispatcher::dispatch@6 (line 47)
                      ; - org.gradle.internal.logging.sink.LogEventDispatcher::onOutput@56 (line 41)
                      ; - org.gradle.internal.logging.sink.OutputEventRenderer$LazyListener::onOutput@89 (line 480)
  0x000001ed13d1d324: d86f 77ff 

  0x000001ed13d1d328: ;   {other}
  0x000001ed13d1d328: 0f1f 8400 | 1853 0086 | baf6 ffff | ff8b 6c24 | 404c 8b54 | 2430 4c89 | 5424 204c | 8b54 2438 
  0x000001ed13d1d348: 4c89 5424 | 284c 8b54 | 2448 4c89 | 5424 304c | 8b54 2478 | 4c89 5424 | 5066 6690 

  0x000001ed13d1d364: ;   {runtime_call UncommonTrapBlob}
  0x000001ed13d1d364: c5f8 77e8 

  0x000001ed13d1d368: ; ImmutableOopMap {rbp=NarrowOop [32]=Oop [40]=Oop [48]=Oop [80]=Oop [96]=Oop [104]=Oop [120]=Oop }
                      ;*invokevirtual flushBuffer {reexecute=0 rethrow=0 return_oop=0}
                      ; - java.io.OutputStreamWriter::flushBuffer@4
                      ; - java.io.PrintStream::implWrite@23
                      ; - java.io.PrintStream::write@16
                      ; - java.io.PrintStream::print@5
                      ; - java.io.PrintStream::append@5
                      ; - java.io.PrintStream::append@2
                      ; - org.gradle.internal.logging.text.StreamBackedStandardOutputListener::onOutput@5 (line 52)
                      ; - org.gradle.internal.logging.text.StreamingStyledTextOutput::doAppend@5 (line 55)
                      ; - org.gradle.internal.logging.text.AbstractStyledTextOutput::text@14 (line 87)
                      ; - org.gradle.internal.logging.console.StyledTextOutputBackedRenderer$OutputEventTextOutputImpl::doLineText@5 (line 90)
                      ; - org.gradle.internal.logging.text.AbstractLineChoppingStyledTextOutput$StateContext::flushLineText@109 (line 131)
                      ; - org.gradle.internal.logging.text.AbstractLineChoppingStyledTextOutput::doAppend@39 (line 47)
                      ; - org.gradle.internal.logging.text.AbstractStyledTextOutput::text@14 (line 87)
                      ; - org.gradle.internal.logging.console.StyledTextOutputBackedRenderer::onOutput@177 (line 62)
                      ; - org.gradle.internal.logging.sink.LogEventDispatcher::dispatch@6 (line 47)
                      ; - org.gradle.internal.logging.sink.LogEventDispatcher::onOutput@56 (line 41)
                      ; - org.gradle.internal.logging.sink.OutputEventRenderer$LazyListener::onOutput@89 (line 480)
  0x000001ed13d1d368: 946f 77ff 

  0x000001ed13d1d36c: ;   {other}
  0x000001ed13d1d36c: 0f1f 8400 | 5c53 0087 | baf6 ffff | ff8b 6c24 | 404c 8b54 | 2430 4c89 | 5424 204c | 8b54 2438 
  0x000001ed13d1d38c: 4c89 5424 | 284c 8b54 | 2448 4c89 | 5424 304c | 8b54 2470 | 4c89 5424 | 5066 6690 

  0x000001ed13d1d3a8: ;   {runtime_call UncommonTrapBlob}
  0x000001ed13d1d3a8: c5f8 77e8 

  0x000001ed13d1d3ac: ; ImmutableOopMap {rbp=NarrowOop [32]=Oop [40]=Oop [48]=Oop [80]=Oop [96]=Oop [104]=Oop [112]=Oop }
                      ;*invokevirtual release {reexecute=0 rethrow=0 return_oop=0}
                      ; - java.util.concurrent.locks.ReentrantLock::unlock@5
                      ; - jdk.internal.misc.InternalLock::unlock@4
                      ; - java.io.PrintStream::write@23
                      ; - java.io.PrintStream::print@5
                      ; - java.io.PrintStream::append@5
                      ; - java.io.PrintStream::append@2
                      ; - org.gradle.internal.logging.text.StreamBackedStandardOutputListener::onOutput@5 (line 52)
                      ; - org.gradle.internal.logging.text.StreamingStyledTextOutput::doAppend@5 (line 55)
                      ; - org.gradle.internal.logging.text.AbstractStyledTextOutput::text@14 (line 87)
                      ; - org.gradle.internal.logging.console.StyledTextOutputBackedRenderer$OutputEventTextOutputImpl::doLineText@5 (line 90)
                      ; - org.gradle.internal.logging.text.AbstractLineChoppingStyledTextOutput$StateContext::flushLineText@109 (line 131)
                      ; - org.gradle.internal.logging.text.AbstractLineChoppingStyledTextOutput::doAppend@39 (line 47)
                      ; - org.gradle.internal.logging.text.AbstractStyledTextOutput::text@14 (line 87)
                      ; - org.gradle.internal.logging.console.StyledTextOutputBackedRenderer::onOutput@177 (line 62)
                      ; - org.gradle.internal.logging.sink.LogEventDispatcher::dispatch@6 (line 47)
                      ; - org.gradle.internal.logging.sink.LogEventDispatcher::onOutput@56 (line 41)
                      ; - org.gradle.internal.logging.sink.OutputEventRenderer$LazyListener::onOutput@89 (line 480)
  0x000001ed13d1d3ac: 506f 77ff 

  0x000001ed13d1d3b0: ;   {other}
  0x000001ed13d1d3b0: 0f1f 8400 | a053 0088 | baf6 ffff | ff48 8b6c | 2430 4c8b | 5424 384c | 8954 2420 | 448b 5424 
  0x000001ed13d1d3d0: 4044 8954 | 2428 4c89 | 4424 304c | 8b54 2470 | 4c89 5424 | 5866 6690 

  0x000001ed13d1d3e8: ;   {runtime_call UncommonTrapBlob}
  0x000001ed13d1d3e8: c5f8 77e8 

  0x000001ed13d1d3ec: ; ImmutableOopMap {rbp=Oop [32]=Oop [40]=NarrowOop [48]=Oop [72]=Oop [88]=Oop [96]=Oop [104]=Oop [112]=Oop }
                      ;*invokevirtual lock {reexecute=0 rethrow=0 return_oop=0}
                      ; - java.util.concurrent.locks.ReentrantLock::lock@4
                      ; - jdk.internal.misc.InternalLock::lock@4
                      ; - java.io.PrintStream::write@11
                      ; - java.io.PrintStream::print@5
                      ; - java.io.PrintStream::append@5
                      ; - java.io.PrintStream::append@2
                      ; - org.gradle.internal.logging.text.StreamBackedStandardOutputListener::onOutput@5 (line 52)
                      ; - org.gradle.internal.logging.text.StreamingStyledTextOutput::doAppend@5 (line 55)
                      ; - org.gradle.internal.logging.text.AbstractStyledTextOutput::text@14 (line 87)
                      ; - org.gradle.internal.logging.console.StyledTextOutputBackedRenderer$OutputEventTextOutputImpl::doLineText@5 (line 90)
                      ; - org.gradle.internal.logging.text.AbstractLineChoppingStyledTextOutput$StateContext::flushLineText@109 (line 131)
                      ; - org.gradle.internal.logging.text.AbstractLineChoppingStyledTextOutput::doAppend@39 (line 47)
                      ; - org.gradle.internal.logging.text.AbstractStyledTextOutput::text@14 (line 87)
                      ; - org.gradle.internal.logging.console.StyledTextOutputBackedRenderer::onOutput@187 (line 63)
                      ; - org.gradle.internal.logging.sink.LogEventDispatcher::dispatch@6 (line 47)
                      ; - org.gradle.internal.logging.sink.LogEventDispatcher::onOutput@56 (line 41)
                      ; - org.gradle.internal.logging.sink.OutputEventRenderer$LazyListener::onOutput@89 (line 480)
  0x000001ed13d1d3ec: 106f 77ff 

  0x000001ed13d1d3f0: ;   {other}
  0x000001ed13d1d3f0: 0f1f 8400 | e053 0089 | baf6 ffff | ff48 8b6c | 2430 4c8b | 5424 384c | 8954 2420 | 448b 5424 
  0x000001ed13d1d410: 4044 8954 | 2428 4c8b | 5424 584c | 8954 2430 | 4c8b 5424 | 704c 8954 | 2458 6690 

  0x000001ed13d1d42c: ;   {runtime_call UncommonTrapBlob}
  0x000001ed13d1d42c: c5f8 77e8 

  0x000001ed13d1d430: ; ImmutableOopMap {rbp=Oop [32]=Oop [40]=NarrowOop [48]=Oop [72]=Oop [88]=Oop [96]=Oop [104]=Oop [112]=Oop }
                      ;*invokevirtual write {reexecute=0 rethrow=0 return_oop=0}
                      ; - java.io.PrintStream::implWrite@9
                      ; - java.io.PrintStream::write@16
                      ; - java.io.PrintStream::print@5
                      ; - java.io.PrintStream::append@5
                      ; - java.io.PrintStream::append@2
                      ; - org.gradle.internal.logging.text.StreamBackedStandardOutputListener::onOutput@5 (line 52)
                      ; - org.gradle.internal.logging.text.StreamingStyledTextOutput::doAppend@5 (line 55)
                      ; - org.gradle.internal.logging.text.AbstractStyledTextOutput::text@14 (line 87)
                      ; - org.gradle.internal.logging.console.StyledTextOutputBackedRenderer$OutputEventTextOutputImpl::doLineText@5 (line 90)
                      ; - org.gradle.internal.logging.text.AbstractLineChoppingStyledTextOutput$StateContext::flushLineText@109 (line 131)
                      ; - org.gradle.internal.logging.text.AbstractLineChoppingStyledTextOutput::doAppend@39 (line 47)
                      ; - org.gradle.internal.logging.text.AbstractStyledTextOutput::text@14 (line 87)
                      ; - org.gradle.internal.logging.console.StyledTextOutputBackedRenderer::onOutput@187 (line 63)
                      ; - org.gradle.internal.logging.sink.LogEventDispatcher::dispatch@6 (line 47)
                      ; - org.gradle.internal.logging.sink.LogEventDispatcher::onOutput@56 (line 41)
                      ; - org.gradle.internal.logging.sink.OutputEventRenderer$LazyListener::onOutput@89 (line 480)
  0x000001ed13d1d430: cc6e 77ff 

  0x000001ed13d1d434: ;   {other}
  0x000001ed13d1d434: 0f1f 8400 | 2454 008a | 488b e8eb | 0348 8be8 | 4c8b 5424 | 6845 8b52 | 2045 85d2 | 0f84 3218 
  0x000001ed13d1d454: 0000 498b | d266 6690 

  0x000001ed13d1d45c: ;   {optimized virtual_call}
  0x000001ed13d1d45c: c5f8 77e8 

  0x000001ed13d1d460: ; ImmutableOopMap {rbp=Oop [32]=Oop [40]=Oop [48]=Oop [56]=Oop [64]=NarrowOop [72]=Oop [80]=Oop [88]=Oop [96]=Oop }
                      ;*invokevirtual unlock {reexecute=0 rethrow=0 return_oop=0}
                      ; - java.io.BufferedOutputStream::flush@33
                      ; - java.io.PrintStream::implFlush@8
                      ; - java.io.PrintStream::flush@15
                      ; - org.gradle.internal.logging.text.StreamBackedStandardOutputListener::onOutput@15 (line 53)
                      ; - org.gradle.internal.logging.text.StreamingStyledTextOutput::doAppend@5 (line 55)
                      ; - org.gradle.internal.logging.text.AbstractStyledTextOutput::text@14 (line 87)
                      ; - org.gradle.internal.logging.console.StyledTextOutputBackedRenderer$OutputEventTextOutputImpl::doLineText@5 (line 90)
                      ; - org.gradle.internal.logging.text.AbstractLineChoppingStyledTextOutput$StateContext::flushLineText@109 (line 131)
                      ; - org.gradle.internal.logging.text.AbstractLineChoppingStyledTextOutput::doAppend@39 (line 47)
                      ; - org.gradle.internal.logging.text.AbstractStyledTextOutput::text@14 (line 87)
                      ; - org.gradle.internal.logging.console.StyledTextOutputBackedRenderer::onOutput@187 (line 63)
                      ; - org.gradle.internal.logging.sink.LogEventDispatcher::dispatch@6 (line 47)
                      ; - org.gradle.internal.logging.sink.LogEventDispatcher::onOutput@56 (line 41)
                      ; - org.gradle.internal.logging.sink.OutputEventRenderer$LazyListener::onOutput@89 (line 480)
  0x000001ed13d1d460: 1c16 77ff 

  0x000001ed13d1d464: ;   {other}
  0x000001ed13d1d464: 0f1f 8400 | 5454 008b | 448b 4508 | 4d33 db4f | 8d1c c3eb | 10eb 0044 | 8b50 084d | 33db 4f8d 
  0x000001ed13d1d484: 1cd3 488b | e84d 8b5b | 484c 8b54 | 2448 458b 

  0x000001ed13d1d494: ;   {metadata('java/io/IOException')}
  0x000001ed13d1d494: 5218 49b8 | 98df 0900 | 0100 0000 | 4d3b d80f | 85b2 1200 | 004c 8b5c | 2448 41c6 | 430e 0145 
  0x000001ed13d1d4b4: 85d2 0f85 | bdcd ffff | baf6 ffff | ff48 8b6c | 2430 4c8b | 5424 384c | 8954 2420 

  0x000001ed13d1d4d0: ;   {runtime_call UncommonTrapBlob}
  0x000001ed13d1d4d0: c5f8 77e8 

  0x000001ed13d1d4d4: ; ImmutableOopMap {rbp=Oop [32]=Oop [64]=NarrowOop [88]=Oop [96]=Oop }
                      ;*invokevirtual unlock {reexecute=0 rethrow=0 return_oop=0}
                      ; - java.io.PrintStream::flush@22
                      ; - org.gradle.internal.logging.text.StreamBackedStandardOutputListener::onOutput@15 (line 53)
                      ; - org.gradle.internal.logging.text.StreamingStyledTextOutput::doAppend@5 (line 55)
                      ; - org.gradle.internal.logging.text.AbstractStyledTextOutput::text@14 (line 87)
                      ; - org.gradle.internal.logging.console.StyledTextOutputBackedRenderer$OutputEventTextOutputImpl::doLineText@5 (line 90)
                      ; - org.gradle.internal.logging.text.AbstractLineChoppingStyledTextOutput$StateContext::flushLineText@109 (line 131)
                      ; - org.gradle.internal.logging.text.AbstractLineChoppingStyledTextOutput::doAppend@39 (line 47)
                      ; - org.gradle.internal.logging.text.AbstractStyledTextOutput::text@14 (line 87)
                      ; - org.gradle.internal.logging.console.StyledTextOutputBackedRenderer::onOutput@187 (line 63)
                      ; - org.gradle.internal.logging.sink.LogEventDispatcher::dispatch@6 (line 47)
                      ; - org.gradle.internal.logging.sink.LogEventDispatcher::onOutput@56 (line 41)
                      ; - org.gradle.internal.logging.sink.OutputEventRenderer$LazyListener::onOutput@89 (line 480)
  0x000001ed13d1d4d4: 286e 77ff 

  0x000001ed13d1d4d8: ;   {other}
  0x000001ed13d1d4d8: 0f1f 8400 | c854 008c | baf6 ffff | ff48 8b6c | 2430 4c8b | 5424 384c | 8954 2420 | 448b 5424 
  0x000001ed13d1d4f8: 4044 8954 | 2428 4c8b | 5424 704c | 8954 2450 

  0x000001ed13d1d508: ;   {runtime_call UncommonTrapBlob}
  0x000001ed13d1d508: c5f8 77e8 

  0x000001ed13d1d50c: ; ImmutableOopMap {rbp=Oop [32]=Oop [40]=NarrowOop [80]=Oop [88]=Oop [96]=Oop [104]=Oop [112]=Oop }
                      ;*invokevirtual flushBuffer {reexecute=0 rethrow=0 return_oop=0}
                      ; - java.io.OutputStreamWriter::flushBuffer@4
                      ; - java.io.PrintStream::implWrite@23
                      ; - java.io.PrintStream::write@16
                      ; - java.io.PrintStream::print@5
                      ; - java.io.PrintStream::append@5
                      ; - java.io.PrintStream::append@2
                      ; - org.gradle.internal.logging.text.StreamBackedStandardOutputListener::onOutput@5 (line 52)
                      ; - org.gradle.internal.logging.text.StreamingStyledTextOutput::doAppend@5 (line 55)
                      ; - org.gradle.internal.logging.text.AbstractStyledTextOutput::text@14 (line 87)
                      ; - org.gradle.internal.logging.console.StyledTextOutputBackedRenderer$OutputEventTextOutputImpl::doLineText@5 (line 90)
                      ; - org.gradle.internal.logging.text.AbstractLineChoppingStyledTextOutput$StateContext::flushLineText@109 (line 131)
                      ; - org.gradle.internal.logging.text.AbstractLineChoppingStyledTextOutput::doAppend@39 (line 47)
                      ; - org.gradle.internal.logging.text.AbstractStyledTextOutput::text@14 (line 87)
                      ; - org.gradle.internal.logging.console.StyledTextOutputBackedRenderer::onOutput@187 (line 63)
                      ; - org.gradle.internal.logging.sink.LogEventDispatcher::dispatch@6 (line 47)
                      ; - org.gradle.internal.logging.sink.LogEventDispatcher::onOutput@56 (line 41)
                      ; - org.gradle.internal.logging.sink.OutputEventRenderer$LazyListener::onOutput@89 (line 480)
  0x000001ed13d1d50c: f06d 77ff 

  0x000001ed13d1d510: ;   {other}
  0x000001ed13d1d510: 0f1f 8400 | 0055 008d | baf6 ffff | ff48 8b6c | 2430 4c8b | 5424 384c | 8954 2420 | 448b 5424 
  0x000001ed13d1d530: 4044 8954 | 2428 4c8b | 5424 704c | 8954 2450 

  0x000001ed13d1d540: ;   {runtime_call UncommonTrapBlob}
  0x000001ed13d1d540: c5f8 77e8 

  0x000001ed13d1d544: ; ImmutableOopMap {rbp=Oop [32]=Oop [40]=NarrowOop [80]=Oop [88]=Oop [96]=Oop [104]=Oop [112]=Oop }
                      ;*invokevirtual release {reexecute=0 rethrow=0 return_oop=0}
                      ; - java.util.concurrent.locks.ReentrantLock::unlock@5
                      ; - jdk.internal.misc.InternalLock::unlock@4
                      ; - java.io.PrintStream::write@23
                      ; - java.io.PrintStream::print@5
                      ; - java.io.PrintStream::append@5
                      ; - java.io.PrintStream::append@2
                      ; - org.gradle.internal.logging.text.StreamBackedStandardOutputListener::onOutput@5 (line 52)
                      ; - org.gradle.internal.logging.text.StreamingStyledTextOutput::doAppend@5 (line 55)
                      ; - org.gradle.internal.logging.text.AbstractStyledTextOutput::text@14 (line 87)
                      ; - org.gradle.internal.logging.console.StyledTextOutputBackedRenderer$OutputEventTextOutputImpl::doLineText@5 (line 90)
                      ; - org.gradle.internal.logging.text.AbstractLineChoppingStyledTextOutput$StateContext::flushLineText@109 (line 131)
                      ; - org.gradle.internal.logging.text.AbstractLineChoppingStyledTextOutput::doAppend@39 (line 47)
                      ; - org.gradle.internal.logging.text.AbstractStyledTextOutput::text@14 (line 87)
                      ; - org.gradle.internal.logging.console.StyledTextOutputBackedRenderer::onOutput@187 (line 63)
                      ; - org.gradle.internal.logging.sink.LogEventDispatcher::dispatch@6 (line 47)
                      ; - org.gradle.internal.logging.sink.LogEventDispatcher::onOutput@56 (line 41)
                      ; - org.gradle.internal.logging.sink.OutputEventRenderer$LazyListener::onOutput@89 (line 480)
  0x000001ed13d1d544: b86d 77ff 

  0x000001ed13d1d548: ;   {other}
  0x000001ed13d1d548: 0f1f 8400 | 3855 008e | bade ffff | ff44 8b54 | 2440 4489 | 5424 204c | 8b54 2430 | 4c89 5424 
  0x000001ed13d1d568: 284c 8b54 | 2438 4c89 | 5424 3090 

  0x000001ed13d1d574: ;   {runtime_call UncommonTrapBlob}
  0x000001ed13d1d574: c5f8 77e8 

  0x000001ed13d1d578: ; ImmutableOopMap {rbp=NarrowOop [32]=NarrowOop [40]=Oop [48]=Oop [72]=Oop [112]=Oop }
                      ;*invokeinterface text {reexecute=0 rethrow=0 return_oop=0}
                      ; - org.gradle.internal.logging.console.StyledTextOutputBackedRenderer$OutputEventTextOutputImpl::doLineText@5 (line 90)
                      ; - org.gradle.internal.logging.text.AbstractLineChoppingStyledTextOutput$StateContext::flushLineText@109 (line 131)
                      ; - org.gradle.internal.logging.text.AbstractLineChoppingStyledTextOutput::doAppend@39 (line 47)
                      ; - org.gradle.internal.logging.text.AbstractStyledTextOutput::text@14 (line 87)
                      ; - org.gradle.internal.logging.console.StyledTextOutputBackedRenderer::onOutput@177 (line 62)
                      ; - org.gradle.internal.logging.sink.LogEventDispatcher::dispatch@6 (line 47)
                      ; - org.gradle.internal.logging.sink.LogEventDispatcher::onOutput@56 (line 41)
                      ; - org.gradle.internal.logging.sink.OutputEventRenderer$LazyListener::onOutput@89 (line 480)
  0x000001ed13d1d578: 846d 77ff 

  0x000001ed13d1d57c: ;   {other}
  0x000001ed13d1d57c: 0f1f 8400 | 6c55 008f | bade ffff | ff44 8b54 | 2440 4489 | 5424 204c | 8b54 2430 | 4c89 5424 
  0x000001ed13d1d59c: 284c 8b54 | 2438 4c89 | 5424 304c | 8944 2438 

  0x000001ed13d1d5ac: ;   {runtime_call UncommonTrapBlob}
  0x000001ed13d1d5ac: c5f8 77e8 

  0x000001ed13d1d5b0: ; ImmutableOopMap {rbp=NarrowOop [32]=NarrowOop [40]=Oop [48]=Oop [56]=Oop [96]=Oop [112]=Oop }
                      ;*invokeinterface onOutput {reexecute=0 rethrow=0 return_oop=0}
                      ; - org.gradle.internal.logging.text.StreamingStyledTextOutput::doAppend@5 (line 55)
                      ; - org.gradle.internal.logging.text.AbstractStyledTextOutput::text@14 (line 87)
                      ; - org.gradle.internal.logging.console.StyledTextOutputBackedRenderer$OutputEventTextOutputImpl::doLineText@5 (line 90)
                      ; - org.gradle.internal.logging.text.AbstractLineChoppingStyledTextOutput$StateContext::flushLineText@109 (line 131)
                      ; - org.gradle.internal.logging.text.AbstractLineChoppingStyledTextOutput::doAppend@39 (line 47)
                      ; - org.gradle.internal.logging.text.AbstractStyledTextOutput::text@14 (line 87)
                      ; - org.gradle.internal.logging.console.StyledTextOutputBackedRenderer::onOutput@177 (line 62)
                      ; - org.gradle.internal.logging.sink.LogEventDispatcher::dispatch@6 (line 47)
                      ; - org.gradle.internal.logging.sink.LogEventDispatcher::onOutput@56 (line 41)
                      ; - org.gradle.internal.logging.sink.OutputEventRenderer$LazyListener::onOutput@89 (line 480)
  0x000001ed13d1d5b0: 4c6d 77ff 

  0x000001ed13d1d5b4: ;   {other}
  0x000001ed13d1d5b4: 0f1f 8400 | a455 0090 | bade ffff | ff44 8b5c | 2440 4489 | 5c24 204c | 8b54 2430 | 4c89 5424 
  0x000001ed13d1d5d4: 284c 8b54 | 2438 4c89 | 5424 304c | 8944 2438 

  0x000001ed13d1d5e4: ;   {runtime_call UncommonTrapBlob}
  0x000001ed13d1d5e4: c5f8 77e8 

  0x000001ed13d1d5e8: ; ImmutableOopMap {rbp=NarrowOop [32]=NarrowOop [40]=Oop [48]=Oop [56]=Oop [96]=Oop [104]=Oop [112]=Oop }
                      ;*invokeinterface append {reexecute=0 rethrow=0 return_oop=0}
                      ; - org.gradle.internal.logging.text.StreamBackedStandardOutputListener::onOutput@5 (line 52)
                      ; - org.gradle.internal.logging.text.StreamingStyledTextOutput::doAppend@5 (line 55)
                      ; - org.gradle.internal.logging.text.AbstractStyledTextOutput::text@14 (line 87)
                      ; - org.gradle.internal.logging.console.StyledTextOutputBackedRenderer$OutputEventTextOutputImpl::doLineText@5 (line 90)
                      ; - org.gradle.internal.logging.text.AbstractLineChoppingStyledTextOutput$StateContext::flushLineText@109 (line 131)
                      ; - org.gradle.internal.logging.text.AbstractLineChoppingStyledTextOutput::doAppend@39 (line 47)
                      ; - org.gradle.internal.logging.text.AbstractStyledTextOutput::text@14 (line 87)
                      ; - org.gradle.internal.logging.console.StyledTextOutputBackedRenderer::onOutput@177 (line 62)
                      ; - org.gradle.internal.logging.sink.LogEventDispatcher::dispatch@6 (line 47)
                      ; - org.gradle.internal.logging.sink.LogEventDispatcher::onOutput@56 (line 41)
                      ; - org.gradle.internal.logging.sink.OutputEventRenderer$LazyListener::onOutput@89 (line 480)
  0x000001ed13d1d5e8: 146d 77ff 

  0x000001ed13d1d5ec: ;   {other}
  0x000001ed13d1d5ec: 0f1f 8400 | dc55 0091 | bade ffff | ff44 8b5c | 2440 4489 | 5c24 204c | 8b54 2430 | 4c89 5424 
  0x000001ed13d1d60c: 284c 8b54 | 2438 4c89 | 5424 3090 

  0x000001ed13d1d618: ;   {runtime_call UncommonTrapBlob}
  0x000001ed13d1d618: c5f8 77e8 

  0x000001ed13d1d61c: ; ImmutableOopMap {rbp=NarrowOop [32]=NarrowOop [40]=Oop [48]=Oop [72]=Oop [96]=Oop }
                      ;*invokeinterface flush {reexecute=0 rethrow=0 return_oop=0}
                      ; - org.gradle.internal.logging.text.StreamBackedStandardOutputListener::onOutput@15 (line 53)
                      ; - org.gradle.internal.logging.text.StreamingStyledTextOutput::doAppend@5 (line 55)
                      ; - org.gradle.internal.logging.text.AbstractStyledTextOutput::text@14 (line 87)
                      ; - org.gradle.internal.logging.console.StyledTextOutputBackedRenderer$OutputEventTextOutputImpl::doLineText@5 (line 90)
                      ; - org.gradle.internal.logging.text.AbstractLineChoppingStyledTextOutput$StateContext::flushLineText@109 (line 131)
                      ; - org.gradle.internal.logging.text.AbstractLineChoppingStyledTextOutput::doAppend@39 (line 47)
                      ; - org.gradle.internal.logging.text.AbstractStyledTextOutput::text@14 (line 87)
                      ; - org.gradle.internal.logging.console.StyledTextOutputBackedRenderer::onOutput@177 (line 62)
                      ; - org.gradle.internal.logging.sink.LogEventDispatcher::dispatch@6 (line 47)
                      ; - org.gradle.internal.logging.sink.LogEventDispatcher::onOutput@56 (line 41)
                      ; - org.gradle.internal.logging.sink.OutputEventRenderer$LazyListener::onOutput@89 (line 480)
  0x000001ed13d1d61c: e06c 77ff 

  0x000001ed13d1d620: ;   {other}
  0x000001ed13d1d620: 0f1f 8400 | 1056 0092 | bade ffff | ff4c 8b54 | 2430 4c89 | 5424 204c | 8b54 2438 | 4c89 5424 
  0x000001ed13d1d640: 2844 8b54 | 2440 4489 | 5424 3090 

  0x000001ed13d1d64c: ;   {runtime_call UncommonTrapBlob}
  0x000001ed13d1d64c: c5f8 77e8 

  0x000001ed13d1d650: ; ImmutableOopMap {rbp=NarrowOop [32]=Oop [40]=Oop [48]=NarrowOop [72]=Oop [88]=Oop }
                      ;*invokeinterface text {reexecute=0 rethrow=0 return_oop=0}
                      ; - org.gradle.internal.logging.console.StyledTextOutputBackedRenderer$OutputEventTextOutputImpl::doLineText@5 (line 90)
                      ; - org.gradle.internal.logging.text.AbstractLineChoppingStyledTextOutput$StateContext::flushLineText@109 (line 131)
                      ; - org.gradle.internal.logging.text.AbstractLineChoppingStyledTextOutput::doAppend@39 (line 47)
                      ; - org.gradle.internal.logging.text.AbstractStyledTextOutput::text@14 (line 87)
                      ; - org.gradle.internal.logging.console.StyledTextOutputBackedRenderer::onOutput@187 (line 63)
                      ; - org.gradle.internal.logging.sink.LogEventDispatcher::dispatch@6 (line 47)
                      ; - org.gradle.internal.logging.sink.LogEventDispatcher::onOutput@56 (line 41)
                      ; - org.gradle.internal.logging.sink.OutputEventRenderer$LazyListener::onOutput@89 (line 480)
  0x000001ed13d1d650: ac6c 77ff 

  0x000001ed13d1d654: ;   {other}
  0x000001ed13d1d654: 0f1f 8400 | 4456 0093 | bade ffff | ff4c 8b54 | 2430 4c89 | 5424 204c | 8b54 2438 | 4c89 5424 
  0x000001ed13d1d674: 2844 8b54 | 2440 4489 | 5424 3090 

  0x000001ed13d1d680: ;   {runtime_call UncommonTrapBlob}
  0x000001ed13d1d680: c5f8 77e8 

  0x000001ed13d1d684: ; ImmutableOopMap {rbp=NarrowOop [32]=Oop [40]=Oop [48]=NarrowOop [72]=Oop [88]=Oop [96]=Oop }
                      ;*invokeinterface onOutput {reexecute=0 rethrow=0 return_oop=0}
                      ; - org.gradle.internal.logging.text.StreamingStyledTextOutput::doAppend@5 (line 55)
                      ; - org.gradle.internal.logging.text.AbstractStyledTextOutput::text@14 (line 87)
                      ; - org.gradle.internal.logging.console.StyledTextOutputBackedRenderer$OutputEventTextOutputImpl::doLineText@5 (line 90)
                      ; - org.gradle.internal.logging.text.AbstractLineChoppingStyledTextOutput$StateContext::flushLineText@109 (line 131)
                      ; - org.gradle.internal.logging.text.AbstractLineChoppingStyledTextOutput::doAppend@39 (line 47)
                      ; - org.gradle.internal.logging.text.AbstractStyledTextOutput::text@14 (line 87)
                      ; - org.gradle.internal.logging.console.StyledTextOutputBackedRenderer::onOutput@187 (line 63)
                      ; - org.gradle.internal.logging.sink.LogEventDispatcher::dispatch@6 (line 47)
                      ; - org.gradle.internal.logging.sink.LogEventDispatcher::onOutput@56 (line 41)
                      ; - org.gradle.internal.logging.sink.OutputEventRenderer$LazyListener::onOutput@89 (line 480)
  0x000001ed13d1d684: 786c 77ff 

  0x000001ed13d1d688: ;   {other}
  0x000001ed13d1d688: 0f1f 8400 | 7856 0094 | bade ffff | ff4c 8b54 | 2430 4c89 | 5424 204c | 8b54 2438 | 4c89 5424 
  0x000001ed13d1d6a8: 2844 8b54 | 2440 4489 | 5424 3090 

  0x000001ed13d1d6b4: ;   {runtime_call UncommonTrapBlob}
  0x000001ed13d1d6b4: c5f8 77e8 

  0x000001ed13d1d6b8: ; ImmutableOopMap {rbp=NarrowOop [32]=Oop [40]=Oop [48]=NarrowOop [72]=Oop [88]=Oop [96]=Oop [104]=Oop }
                      ;*invokeinterface append {reexecute=0 rethrow=0 return_oop=0}
                      ; - org.gradle.internal.logging.text.StreamBackedStandardOutputListener::onOutput@5 (line 52)
                      ; - org.gradle.internal.logging.text.StreamingStyledTextOutput::doAppend@5 (line 55)
                      ; - org.gradle.internal.logging.text.AbstractStyledTextOutput::text@14 (line 87)
                      ; - org.gradle.internal.logging.console.StyledTextOutputBackedRenderer$OutputEventTextOutputImpl::doLineText@5 (line 90)
                      ; - org.gradle.internal.logging.text.AbstractLineChoppingStyledTextOutput$StateContext::flushLineText@109 (line 131)
                      ; - org.gradle.internal.logging.text.AbstractLineChoppingStyledTextOutput::doAppend@39 (line 47)
                      ; - org.gradle.internal.logging.text.AbstractStyledTextOutput::text@14 (line 87)
                      ; - org.gradle.internal.logging.console.StyledTextOutputBackedRenderer::onOutput@187 (line 63)
                      ; - org.gradle.internal.logging.sink.LogEventDispatcher::dispatch@6 (line 47)
                      ; - org.gradle.internal.logging.sink.LogEventDispatcher::onOutput@56 (line 41)
                      ; - org.gradle.internal.logging.sink.OutputEventRenderer$LazyListener::onOutput@89 (line 480)
  0x000001ed13d1d6b8: 446c 77ff 

  0x000001ed13d1d6bc: ;   {other}
  0x000001ed13d1d6bc: 0f1f 8400 | ac56 0095 | bade ffff | ff4c 8b54 | 2430 4c89 | 5424 204c | 8b54 2438 | 4c89 5424 
  0x000001ed13d1d6dc: 2844 8b54 | 2440 4489 | 5424 3090 

  0x000001ed13d1d6e8: ;   {runtime_call UncommonTrapBlob}
  0x000001ed13d1d6e8: c5f8 77e8 

  0x000001ed13d1d6ec: ; ImmutableOopMap {rbp=NarrowOop [32]=Oop [40]=Oop [48]=NarrowOop [88]=Oop [96]=Oop }
                      ;*invokeinterface flush {reexecute=0 rethrow=0 return_oop=0}
                      ; - org.gradle.internal.logging.text.StreamBackedStandardOutputListener::onOutput@15 (line 53)
                      ; - org.gradle.internal.logging.text.StreamingStyledTextOutput::doAppend@5 (line 55)
                      ; - org.gradle.internal.logging.text.AbstractStyledTextOutput::text@14 (line 87)
                      ; - org.gradle.internal.logging.console.StyledTextOutputBackedRenderer$OutputEventTextOutputImpl::doLineText@5 (line 90)
                      ; - org.gradle.internal.logging.text.AbstractLineChoppingStyledTextOutput$StateContext::flushLineText@109 (line 131)
                      ; - org.gradle.internal.logging.text.AbstractLineChoppingStyledTextOutput::doAppend@39 (line 47)
                      ; - org.gradle.internal.logging.text.AbstractStyledTextOutput::text@14 (line 87)
                      ; - org.gradle.internal.logging.console.StyledTextOutputBackedRenderer::onOutput@187 (line 63)
                      ; - org.gradle.internal.logging.sink.LogEventDispatcher::dispatch@6 (line 47)
                      ; - org.gradle.internal.logging.sink.LogEventDispatcher::onOutput@56 (line 41)
                      ; - org.gradle.internal.logging.sink.OutputEventRenderer$LazyListener::onOutput@89 (line 480)
  0x000001ed13d1d6ec: 106c 77ff 

  0x000001ed13d1d6f0: ;   {other}
  0x000001ed13d1d6f0: 0f1f 8400 | e056 0096 | 4c63 5424 | 604d 8bc2 | e9f7 bcff | ff4c 8d59 | fe49 8bcb | 498b fa48 
  0x000001ed13d1d710: 33c0 4883 | f908 7f10 | 48ff c978 | 4f48 8904 | cf48 ffc9 | 7df7 eb44 | c5fd efc0 | e90d 0000 
  0x000001ed13d1d730: 00c5 fe7f | 07c5 fe7f | 4720 4883 | c740 4883 | e908 7ded | 4883 c104 | 7c0c c5fe | 7f07 4883 
  0x000001ed13d1d750: c720 4883 | e904 4883 | c104 7e10 | 48ff c9c5 | f9d6 0748 | 83c7 0848 | ffc9 7df3 | e99e bdff 
  0x000001ed13d1d770: ff4c 6354 | 2464 4d8b | dae9 d2c6 | ffff 4c8d | 51fe 498b | ca49 8bf9 | 4833 c048 | 83f9 087f 
  0x000001ed13d1d790: 1048 ffc9 | 784f 4889 | 04cf 48ff | c97d f7eb | 44c5 fdef | c0e9 0d00 | 0000 c5fe | 7f07 c5fe 
  0x000001ed13d1d7b0: 7f47 2048 | 83c7 4048 | 83e9 087d | ed48 83c1 | 047c 0cc5 | fe7f 0748 | 83c7 2048 | 83e9 0448 
  0x000001ed13d1d7d0: 83c1 047e | 1048 ffc9 | c5f9 d607 | 4883 c708 | 48ff c97d | f3e9 76c7 | ffff bacc 

  0x000001ed13d1d7ec: ;   {no_reloc}
  0x000001ed13d1d7ec: ffff ff8b | 6c24 404c | 8b54 2430 | 4c89 5424 | 204c 8b54 | 2438 4c89 | 5424 284c | 8b54 2448 
  0x000001ed13d1d80c: 4c89 5424 | 304c 8b54 | 2470 4c89 | 5424 4090 

  0x000001ed13d1d81c: ;   {runtime_call UncommonTrapBlob}
  0x000001ed13d1d81c: c5f8 77e8 

  0x000001ed13d1d820: ; ImmutableOopMap {rbp=NarrowOop [32]=Oop [40]=Oop [48]=Oop [64]=Oop [104]=NarrowOop [112]=Oop }
                      ;*newarray {reexecute=1 rethrow=0 return_oop=0}
                      ; - (reexecute) java.util.Arrays::copyOfRangeByte@10
                      ; - java.util.Arrays::copyOfRange@13
                      ; - java.lang.StringLatin1::newString@16
                      ; - java.lang.String::substring@41
                      ; - org.gradle.internal.logging.text.AbstractLineChoppingStyledTextOutput$StateContext::flushLineText@93 (line 127)
                      ; - org.gradle.internal.logging.text.AbstractLineChoppingStyledTextOutput::doAppend@39 (line 47)
                      ; - org.gradle.internal.logging.text.AbstractStyledTextOutput::text@14 (line 87)
                      ; - org.gradle.internal.logging.console.StyledTextOutputBackedRenderer::onOutput@177 (line 62)
                      ; - org.gradle.internal.logging.sink.LogEventDispatcher::dispatch@6 (line 47)
                      ; - org.gradle.internal.logging.sink.LogEventDispatcher::onOutput@56 (line 41)
                      ; - org.gradle.internal.logging.sink.OutputEventRenderer$LazyListener::onOutput@89 (line 480)
  0x000001ed13d1d820: dc6a 77ff 

  0x000001ed13d1d824: ;   {other}
  0x000001ed13d1d824: 0f1f 8400 | 1458 0097 | bacc ffff | ff48 8b6c | 2430 4c8b | 5424 384c | 8954 2420 | 448b 5c24 
  0x000001ed13d1d844: 4044 895c | 2428 4c8b | 5424 484c | 8954 2430 | 4c8b 5424 | 684c 8954 | 2440 6690 

  0x000001ed13d1d860: ;   {runtime_call UncommonTrapBlob}
  0x000001ed13d1d860: c5f8 77e8 

  0x000001ed13d1d864: ; ImmutableOopMap {rbp=Oop [32]=Oop [40]=NarrowOop [48]=Oop [64]=Oop [92]=NarrowOop [104]=Oop }
                      ;*newarray {reexecute=1 rethrow=0 return_oop=0}
                      ; - (reexecute) java.util.Arrays::copyOfRangeByte@10
                      ; - java.util.Arrays::copyOfRange@13
                      ; - java.lang.StringLatin1::newString@16
                      ; - java.lang.String::substring@41
                      ; - org.gradle.internal.logging.text.AbstractLineChoppingStyledTextOutput$StateContext::flushLineText@93 (line 127)
                      ; - org.gradle.internal.logging.text.AbstractLineChoppingStyledTextOutput::doAppend@39 (line 47)
                      ; - org.gradle.internal.logging.text.AbstractStyledTextOutput::text@14 (line 87)
                      ; - org.gradle.internal.logging.console.StyledTextOutputBackedRenderer::onOutput@187 (line 63)
                      ; - org.gradle.internal.logging.sink.LogEventDispatcher::dispatch@6 (line 47)
                      ; - org.gradle.internal.logging.sink.LogEventDispatcher::onOutput@56 (line 41)
                      ; - org.gradle.internal.logging.sink.OutputEventRenderer$LazyListener::onOutput@89 (line 480)
  0x000001ed13d1d864: 986a 77ff 

  0x000001ed13d1d868: ;   {other}
  0x000001ed13d1d868: 0f1f 8400 | 5858 0098 | 498b d7c5 | f877 49ba | 002a 7b8e | fc7f 0000 

  0x000001ed13d1d880: ;   {other}
  0x000001ed13d1d880: 41ff d20f | 1f84 0000 | 0000 00e9 | 77cb ffff | ba45 ffff | ff89 7424 | 2048 897c | 2428 4c89 
  0x000001ed13d1d8a0: 6c24 3090 

  0x000001ed13d1d8a4: ;   {runtime_call UncommonTrapBlob}
  0x000001ed13d1d8a4: c5f8 77e8 

  0x000001ed13d1d8a8: ; ImmutableOopMap {rbp=NarrowOop [32]=NarrowOop [40]=Oop [48]=Oop }
                      ;*if_acmpne {reexecute=1 rethrow=0 return_oop=0}
                      ; - (reexecute) org.gradle.internal.logging.console.StyledTextOutputBackedRenderer::onOutput@80 (line 57)
                      ; - org.gradle.internal.logging.sink.LogEventDispatcher::dispatch@6 (line 47)
                      ; - org.gradle.internal.logging.sink.LogEventDispatcher::onOutput@56 (line 41)
                      ; - org.gradle.internal.logging.sink.OutputEventRenderer$LazyListener::onOutput@89 (line 480)
  0x000001ed13d1d8a8: 546a 77ff 

  0x000001ed13d1d8ac: ;   {other}
  0x000001ed13d1d8ac: 0f1f 8400 | 9c58 0099 | 498b d7c5 | f877 49ba | 002a 7b8e | fc7f 0000 

  0x000001ed13d1d8c4: ;   {other}
  0x000001ed13d1d8c4: 41ff d20f | 1f84 0000 | 0000 00e9 | efb3 ffff | 498b d7c5 | f877 49ba | 002a 7b8e | fc7f 0000 
  0x000001ed13d1d8e4: ;   {other}
  0x000001ed13d1d8e4: 41ff d20f | 1f84 0000 | 0000 00e9 | 82b7 ffff | 498b d849 | 8bd7 c5f8 | 7749 ba00 | 2a7b 8efc 
  0x000001ed13d1d904: 7f00 0041 

  0x000001ed13d1d908: ;   {other}
  0x000001ed13d1d908: ffd2 0f1f | 8400 0000 | 0000 e9b0 | e1ff ff49 | 8bd8 498b | d7c5 f877 | 49ba 002a | 7b8e fc7f 
  0x000001ed13d1d928: 0000 41ff 

  0x000001ed13d1d92c: ;   {other}
  0x000001ed13d1d92c: d20f 1f84 | 0000 0000 | 004c 8bc3 | e97b b7ff | ff49 8bf0 | 498b d7c5 | f877 49ba | 002a 7b8e 
  0x000001ed13d1d94c: fc7f 0000 

  0x000001ed13d1d950: ;   {other}
  0x000001ed13d1d950: 41ff d20f | 1f84 0000 | 0000 004c | 8bc6 e997 | b7ff ff49 | 8bf8 498b | d949 8bd7 | c5f8 7749 
  0x000001ed13d1d970: ba00 2a7b | 8efc 7f00 | 0041 ffd2 

  0x000001ed13d1d97c: ;   {other}
  0x000001ed13d1d97c: 0f1f 8400 | 0000 0000 | 4c8b cb4c | 8bc7 e9f6 | b7ff ff49 | 8bf0 498b | d949 8bd7 | c5f8 7749 
  0x000001ed13d1d99c: ba00 2a7b | 8efc 7f00 | 0041 ffd2 

  0x000001ed13d1d9a8: ;   {other}
  0x000001ed13d1d9a8: 0f1f 8400 | 0000 0000 | 4c8b cb4c | 8bc6 e986 | b7ff ff49 | 8bd7 c5f8 | 7749 ba00 | 2a7b 8efc 
  0x000001ed13d1d9c8: 7f00 0041 

  0x000001ed13d1d9cc: ;   {other}
  0x000001ed13d1d9cc: ffd2 0f1f | 8400 0000 | 0000 e96c | b8ff ff49 | 8bd7 c5f8 | 7749 ba00 | 2a7b 8efc | 7f00 0041 
  0x000001ed13d1d9ec: ;   {other}
  0x000001ed13d1d9ec: ffd2 0f1f | 8400 0000 | 0000 e95d | c1ff ff49 | 8bd7 c5f8 | 7749 ba00 | 2a7b 8efc | 7f00 0041 
  0x000001ed13d1da0c: ;   {other}
  0x000001ed13d1da0c: ffd2 0f1f | 8400 0000 | 0000 e9f7 | c0ff ff49 | 8bd7 c5f8 | 7749 ba00 | 2a7b 8efc | 7f00 0041 
  0x000001ed13d1da2c: ;   {other}
  0x000001ed13d1da2c: ffd2 0f1f | 8400 0000 | 0000 e972 | c0ff ff49 | 8bd7 c5f8 | 7749 ba00 | 2a7b 8efc | 7f00 0041 
  0x000001ed13d1da4c: ;   {other}
  0x000001ed13d1da4c: ffd2 0f1f | 8400 0000 | 0000 e998 | c1ff ff49 | 8bd7 c5f8 | 7749 ba00 | 2a7b 8efc | 7f00 0041 
  0x000001ed13d1da6c: ;   {other}
  0x000001ed13d1da6c: ffd2 0f1f | 8400 0000 | 0000 e92d | c1ff ff49 | 8bd7 c5f8 | 7749 ba00 | 2a7b 8efc | 7f00 0041 
  0x000001ed13d1da8c: ;   {other}
  0x000001ed13d1da8c: ffd2 0f1f | 8400 0000 | 0000 e99e | c1ff ff41 | 8bd8 498b | d7c5 f877 | 49ba 002a | 7b8e fc7f 
  0x000001ed13d1daac: 0000 41ff 

  0x000001ed13d1dab0: ;   {other}
  0x000001ed13d1dab0: d20f 1f84 | 0000 0000 | 00e9 cae2 | ffff ba45 | ffff ff48 | 897c 2420 | 4c89 6c24 | 2866 6690 
  0x000001ed13d1dad0: ;   {runtime_call UncommonTrapBlob}
  0x000001ed13d1dad0: c5f8 77e8 

  0x000001ed13d1dad4: ; ImmutableOopMap {[32]=Oop [40]=Oop }
                      ;*ifne {reexecute=1 rethrow=0 return_oop=0}
                      ; - (reexecute) org.gradle.internal.logging.console.StyledTextOutputBackedRenderer::onOutput@110 (line 58)
                      ; - org.gradle.internal.logging.sink.LogEventDispatcher::dispatch@6 (line 47)
                      ; - org.gradle.internal.logging.sink.LogEventDispatcher::onOutput@56 (line 41)
                      ; - org.gradle.internal.logging.sink.OutputEventRenderer$LazyListener::onOutput@89 (line 480)
  0x000001ed13d1dad4: 2868 77ff 

  0x000001ed13d1dad8: ;   {other}
  0x000001ed13d1dad8: 0f1f 8400 | c85a 009a | ba45 ffff | ff8b 6c24 | 404c 8b54 | 2430 4c89 | 5424 284c | 8b54 2438 
  0x000001ed13d1daf8: 4c89 5424 | 3048 8944 | 2440 6690 

  0x000001ed13d1db04: ;   {runtime_call UncommonTrapBlob}
  0x000001ed13d1db04: c5f8 77e8 

  0x000001ed13d1db08: ; ImmutableOopMap {rbp=NarrowOop [40]=Oop [48]=Oop [64]=Oop }
                      ;*ifnonnull {reexecute=1 rethrow=0 return_oop=0}
                      ; - (reexecute) org.gradle.internal.logging.text.AbstractStyledTextOutput::text@2 (line 87)
                      ; - org.gradle.internal.logging.console.StyledTextOutputBackedRenderer::onOutput@177 (line 62)
                      ; - org.gradle.internal.logging.sink.LogEventDispatcher::dispatch@6 (line 47)
                      ; - org.gradle.internal.logging.sink.LogEventDispatcher::onOutput@56 (line 41)
                      ; - org.gradle.internal.logging.sink.OutputEventRenderer$LazyListener::onOutput@89 (line 480)
  0x000001ed13d1db08: f467 77ff 

  0x000001ed13d1db0c: ;   {other}
  0x000001ed13d1db0c: 0f1f 8400 | fc5a 009b | ba45 ffff | ff4c 8b54 | 2430 4c89 | 5424 2890 

  0x000001ed13d1db24: ;   {runtime_call UncommonTrapBlob}
  0x000001ed13d1db24: c5f8 77e8 

  0x000001ed13d1db28: ; ImmutableOopMap {[40]=Oop [56]=Oop [64]=NarrowOop }
                      ;*ifle {reexecute=1 rethrow=0 return_oop=0}
                      ; - (reexecute) org.gradle.internal.logging.text.AbstractLineChoppingStyledTextOutput$StateContext::flushLineText@101 (line 130)
                      ; - org.gradle.internal.logging.text.AbstractLineChoppingStyledTextOutput::doAppend@39 (line 47)
                      ; - org.gradle.internal.logging.text.AbstractStyledTextOutput::text@14 (line 87)
                      ; - org.gradle.internal.logging.console.StyledTextOutputBackedRenderer::onOutput@177 (line 62)
                      ; - org.gradle.internal.logging.sink.LogEventDispatcher::dispatch@6 (line 47)
                      ; - org.gradle.internal.logging.sink.LogEventDispatcher::onOutput@56 (line 41)
                      ; - org.gradle.internal.logging.sink.OutputEventRenderer$LazyListener::onOutput@89 (line 480)
  0x000001ed13d1db28: d467 77ff 

  0x000001ed13d1db2c: ;   {other}
  0x000001ed13d1db2c: 0f1f 8400 | 1c5b 009c | ba45 ffff | ff4c 8b54 | 2430 4c89 | 5424 2090 

  0x000001ed13d1db44: ;   {runtime_call UncommonTrapBlob}
  0x000001ed13d1db44: c5f8 77e8 

  0x000001ed13d1db48: ; ImmutableOopMap {[32]=Oop [56]=Oop [64]=NarrowOop }
                      ;*ifle {reexecute=1 rethrow=0 return_oop=0}
                      ; - (reexecute) org.gradle.internal.logging.text.AbstractLineChoppingStyledTextOutput$StateContext::flushLineText@101 (line 130)
                      ; - org.gradle.internal.logging.text.AbstractLineChoppingStyledTextOutput::doAppend@39 (line 47)
                      ; - org.gradle.internal.logging.text.AbstractStyledTextOutput::text@14 (line 87)
                      ; - org.gradle.internal.logging.console.StyledTextOutputBackedRenderer::onOutput@187 (line 63)
                      ; - org.gradle.internal.logging.sink.LogEventDispatcher::dispatch@6 (line 47)
                      ; - org.gradle.internal.logging.sink.LogEventDispatcher::onOutput@56 (line 41)
                      ; - org.gradle.internal.logging.sink.OutputEventRenderer$LazyListener::onOutput@89 (line 480)
  0x000001ed13d1db48: b467 77ff 

  0x000001ed13d1db4c: ;   {other}
  0x000001ed13d1db4c: 0f1f 8400 | 3c5b 009d | 498b d7c5 | f877 49ba | 002a 7b8e | fc7f 0000 

  0x000001ed13d1db64: ;   {other}
  0x000001ed13d1db64: 41ff d20f | 1f84 0000 | 0000 00e9 | 47bd ffff | 498b d7c5 | f877 49ba | 002a 7b8e | fc7f 0000 
  0x000001ed13d1db84: ;   {other}
  0x000001ed13d1db84: 41ff d20f | 1f84 0000 | 0000 00e9 | 32e7 ffff | 498b d7c5 | f877 49ba | 002a 7b8e | fc7f 0000 
  0x000001ed13d1dba4: ;   {other}
  0x000001ed13d1dba4: 41ff d20f | 1f84 0000 | 0000 00e9 | 5cbc ffff | 498b d7c5 | f877 49ba | 002a 7b8e | fc7f 0000 
  0x000001ed13d1dbc4: ;   {other}
  0x000001ed13d1dbc4: 41ff d20f | 1f84 0000 | 0000 00e9 | 38c6 ffff | ba45 ffff | ff8b 6c24 | 404c 8b54 | 2430 4c89 
  0x000001ed13d1dbe4: 5424 204c | 8b54 2438 | 4c89 5424 | 2866 6690 

  0x000001ed13d1dbf4: ;   {runtime_call UncommonTrapBlob}
  0x000001ed13d1dbf4: c5f8 77e8 

  0x000001ed13d1dbf8: ; ImmutableOopMap {rbp=NarrowOop [32]=Oop [40]=Oop [72]=Oop }
                      ;*ifge {reexecute=1 rethrow=0 return_oop=0}
                      ; - (reexecute) org.gradle.internal.logging.text.AbstractLineChoppingStyledTextOutput$StateContext::flushLineText@18 (line 123)
                      ; - org.gradle.internal.logging.text.AbstractLineChoppingStyledTextOutput::doAppend@39 (line 47)
                      ; - org.gradle.internal.logging.text.AbstractStyledTextOutput::text@14 (line 87)
                      ; - org.gradle.internal.logging.console.StyledTextOutputBackedRenderer::onOutput@177 (line 62)
                      ; - org.gradle.internal.logging.sink.LogEventDispatcher::dispatch@6 (line 47)
                      ; - org.gradle.internal.logging.sink.LogEventDispatcher::onOutput@56 (line 41)
                      ; - org.gradle.internal.logging.sink.OutputEventRenderer$LazyListener::onOutput@89 (line 480)
  0x000001ed13d1dbf8: 0467 77ff 

  0x000001ed13d1dbfc: ;   {other}
  0x000001ed13d1dbfc: 0f1f 8400 | ec5b 009e | ba45 ffff | ff44 8b5c | 2440 4489 | 5c24 204c | 8b54 2430 | 4c89 5424 
  0x000001ed13d1dc1c: 284c 8b54 | 2438 4c89 | 5424 304c | 8b54 2448 | 4c89 5424 | 3844 8944 | 2424 448b | 5424 6444 
  0x000001ed13d1dc3c: 8b5c 2460 | 4489 5424 | 4844 895c | 244c 4489 | 5424 5044 | 895c 2454 

  0x000001ed13d1dc54: ;   {runtime_call UncommonTrapBlob}
  0x000001ed13d1dc54: c5f8 77e8 

  0x000001ed13d1dc58: ; ImmutableOopMap {[32]=NarrowOop [36]=NarrowOop [40]=Oop [48]=Oop [56]=Oop }
                      ;*if_icmpgt {reexecute=1 rethrow=0 return_oop=0}
                      ; - (reexecute) jdk.internal.util.Preconditions::checkFromToIndex@6
                      ; - java.lang.String::checkBoundsBeginEnd@6
                      ; - java.lang.String::substring@8
                      ; - org.gradle.internal.logging.text.AbstractLineChoppingStyledTextOutput$StateContext::flushLineText@93 (line 127)
                      ; - org.gradle.internal.logging.text.AbstractLineChoppingStyledTextOutput::doAppend@39 (line 47)
                      ; - org.gradle.internal.logging.text.AbstractStyledTextOutput::text@14 (line 87)
                      ; - org.gradle.internal.logging.console.StyledTextOutputBackedRenderer::onOutput@177 (line 62)
                      ; - org.gradle.internal.logging.sink.LogEventDispatcher::dispatch@6 (line 47)
                      ; - org.gradle.internal.logging.sink.LogEventDispatcher::onOutput@56 (line 41)
                      ; - org.gradle.internal.logging.sink.OutputEventRenderer$LazyListener::onOutput@89 (line 480)
  0x000001ed13d1dc58: a466 77ff 

  0x000001ed13d1dc5c: ;   {other}
  0x000001ed13d1dc5c: 0f1f 8400 | 4c5c 009f | ba45 ffff | ff44 8b5c | 2440 4489 | 5c24 204c | 8b54 2430 | 4c89 5424 
  0x000001ed13d1dc7c: 284c 8b54 | 2438 4c89 | 5424 304c | 8b54 2448 | 4c89 5424 | 3844 8944 | 2424 448b | 5424 6444 
  0x000001ed13d1dc9c: 8b5c 2460 | 4489 5424 | 4845 8bd3 | 4489 5424 | 4c44 8954 | 2450 6690 

  0x000001ed13d1dcb4: ;   {runtime_call UncommonTrapBlob}
  0x000001ed13d1dcb4: c5f8 77e8 

  0x000001ed13d1dcb8: ; ImmutableOopMap {[32]=NarrowOop [36]=NarrowOop [40]=Oop [48]=Oop [56]=Oop }
                      ;*if_icmple {reexecute=1 rethrow=0 return_oop=0}
                      ; - (reexecute) jdk.internal.util.Preconditions::checkFromToIndex@11
                      ; - java.lang.String::checkBoundsBeginEnd@6
                      ; - java.lang.String::substring@8
                      ; - org.gradle.internal.logging.text.AbstractLineChoppingStyledTextOutput$StateContext::flushLineText@93 (line 127)
                      ; - org.gradle.internal.logging.text.AbstractLineChoppingStyledTextOutput::doAppend@39 (line 47)
                      ; - org.gradle.internal.logging.text.AbstractStyledTextOutput::text@14 (line 87)
                      ; - org.gradle.internal.logging.console.StyledTextOutputBackedRenderer::onOutput@177 (line 62)
                      ; - org.gradle.internal.logging.sink.LogEventDispatcher::dispatch@6 (line 47)
                      ; - org.gradle.internal.logging.sink.LogEventDispatcher::onOutput@56 (line 41)
                      ; - org.gradle.internal.logging.sink.OutputEventRenderer$LazyListener::onOutput@89 (line 480)
  0x000001ed13d1dcb8: 4466 77ff 

  0x000001ed13d1dcbc: ;   {other}
  0x000001ed13d1dcbc: 0f1f 8400 | ac5c 00a0 | ba45 ffff | ff48 8b6c | 2430 4489 | 4424 2c90 

  0x000001ed13d1dcd4: ;   {runtime_call UncommonTrapBlob}
  0x000001ed13d1dcd4: c5f8 77e8 

  0x000001ed13d1dcd8: ; ImmutableOopMap {rbp=Oop [56]=Oop [64]=NarrowOop [96]=Oop }
                      ;*ifge {reexecute=1 rethrow=0 return_oop=0}
                      ; - (reexecute) org.gradle.internal.logging.text.AbstractLineChoppingStyledTextOutput$StateContext::flushLineText@18 (line 123)
                      ; - org.gradle.internal.logging.text.AbstractLineChoppingStyledTextOutput::doAppend@39 (line 47)
                      ; - org.gradle.internal.logging.text.AbstractStyledTextOutput::text@14 (line 87)
                      ; - org.gradle.internal.logging.console.StyledTextOutputBackedRenderer::onOutput@187 (line 63)
                      ; - org.gradle.internal.logging.sink.LogEventDispatcher::dispatch@6 (line 47)
                      ; - org.gradle.internal.logging.sink.LogEventDispatcher::onOutput@56 (line 41)
                      ; - org.gradle.internal.logging.sink.OutputEventRenderer$LazyListener::onOutput@89 (line 480)
  0x000001ed13d1dcd8: 2466 77ff 

  0x000001ed13d1dcdc: ;   {other}
  0x000001ed13d1dcdc: 0f1f 8400 | cc5c 00a1 | ba45 ffff | ff4c 8b44 | 2430 4c89 | 4424 204c | 8b44 2438 | 4c89 4424 
  0x000001ed13d1dcfc: 2844 8b44 | 2440 4489 | 4424 304c | 8b44 2448 | 4c89 4424 | 3844 8954 | 2434 448b | 4424 5844 
  0x000001ed13d1dd1c: 8944 2448 | 4489 5c24 | 4c44 8944 | 2450 4489 | 5c24 5490 

  0x000001ed13d1dd30: ;   {runtime_call UncommonTrapBlob}
  0x000001ed13d1dd30: c5f8 77e8 

  0x000001ed13d1dd34: ; ImmutableOopMap {[32]=Oop [40]=Oop [48]=NarrowOop [52]=NarrowOop [56]=Oop }
                      ;*if_icmpgt {reexecute=1 rethrow=0 return_oop=0}
                      ; - (reexecute) jdk.internal.util.Preconditions::checkFromToIndex@6
                      ; - java.lang.String::checkBoundsBeginEnd@6
                      ; - java.lang.String::substring@8
                      ; - org.gradle.internal.logging.text.AbstractLineChoppingStyledTextOutput$StateContext::flushLineText@93 (line 127)
                      ; - org.gradle.internal.logging.text.AbstractLineChoppingStyledTextOutput::doAppend@39 (line 47)
                      ; - org.gradle.internal.logging.text.AbstractStyledTextOutput::text@14 (line 87)
                      ; - org.gradle.internal.logging.console.StyledTextOutputBackedRenderer::onOutput@187 (line 63)
                      ; - org.gradle.internal.logging.sink.LogEventDispatcher::dispatch@6 (line 47)
                      ; - org.gradle.internal.logging.sink.LogEventDispatcher::onOutput@56 (line 41)
                      ; - org.gradle.internal.logging.sink.OutputEventRenderer$LazyListener::onOutput@89 (line 480)
  0x000001ed13d1dd34: c865 77ff 

  0x000001ed13d1dd38: ;   {other}
  0x000001ed13d1dd38: 0f1f 8400 | 285d 00a2 | ba45 ffff | ff4c 8b44 | 2430 4c89 | 4424 204c | 8b44 2438 | 4c89 4424 
  0x000001ed13d1dd58: 2844 8b44 | 2440 4489 | 4424 304c | 8b44 2448 | 4c89 4424 | 3844 8954 | 2434 448b | 4424 5844 
  0x000001ed13d1dd78: 8944 2448 | 4489 5c24 | 4c44 895c | 2450 6690 

  0x000001ed13d1dd88: ;   {runtime_call UncommonTrapBlob}
  0x000001ed13d1dd88: c5f8 77e8 

  0x000001ed13d1dd8c: ; ImmutableOopMap {[32]=Oop [40]=Oop [48]=NarrowOop [52]=NarrowOop [56]=Oop }
                      ;*if_icmple {reexecute=1 rethrow=0 return_oop=0}
                      ; - (reexecute) jdk.internal.util.Preconditions::checkFromToIndex@11
                      ; - java.lang.String::checkBoundsBeginEnd@6
                      ; - java.lang.String::substring@8
                      ; - org.gradle.internal.logging.text.AbstractLineChoppingStyledTextOutput$StateContext::flushLineText@93 (line 127)
                      ; - org.gradle.internal.logging.text.AbstractLineChoppingStyledTextOutput::doAppend@39 (line 47)
                      ; - org.gradle.internal.logging.text.AbstractStyledTextOutput::text@14 (line 87)
                      ; - org.gradle.internal.logging.console.StyledTextOutputBackedRenderer::onOutput@187 (line 63)
                      ; - org.gradle.internal.logging.sink.LogEventDispatcher::dispatch@6 (line 47)
                      ; - org.gradle.internal.logging.sink.LogEventDispatcher::onOutput@56 (line 41)
                      ; - org.gradle.internal.logging.sink.OutputEventRenderer$LazyListener::onOutput@89 (line 480)
  0x000001ed13d1dd8c: 7065 77ff 

  0x000001ed13d1dd90: ;   {other}
  0x000001ed13d1dd90: 0f1f 8400 | 805d 00a3 | ba45 ffff | ff44 8b5c | 2440 4489 | 5c24 204c | 8b54 2430 | 4c89 5424 
  0x000001ed13d1ddb0: 284c 8b54 | 2438 4c89 | 5424 304c | 8b54 2448 | 4c89 5424 | 384c 8b54 | 2460 4c89 | 5424 404c 
  0x000001ed13d1ddd0: 8b54 2468 | 4c89 5424 | 484c 8b54 | 2478 4c89 | 5424 584c | 8954 2460 

  0x000001ed13d1dde8: ;   {runtime_call UncommonTrapBlob}
  0x000001ed13d1dde8: c5f8 77e8 

  0x000001ed13d1ddec: ; ImmutableOopMap {rbp=NarrowOop [32]=NarrowOop [40]=Oop [48]=Oop [56]=Oop [64]=Oop [72]=Oop [88]=Oop [96]=Oop [112]=Oop }
                      ;*ifnonnull {reexecute=1 rethrow=0 return_oop=0}
                      ; - (reexecute) java.io.PrintStream::ensureOpen@4
                      ; - java.io.PrintStream::implWrite@1
                      ; - java.io.PrintStream::write@16
                      ; - java.io.PrintStream::print@5
                      ; - java.io.PrintStream::append@5
                      ; - java.io.PrintStream::append@2
                      ; - org.gradle.internal.logging.text.StreamBackedStandardOutputListener::onOutput@5 (line 52)
                      ; - org.gradle.internal.logging.text.StreamingStyledTextOutput::doAppend@5 (line 55)
                      ; - org.gradle.internal.logging.text.AbstractStyledTextOutput::text@14 (line 87)
                      ; - org.gradle.internal.logging.console.StyledTextOutputBackedRenderer$OutputEventTextOutputImpl::doLineText@5 (line 90)
                      ; - org.gradle.internal.logging.text.AbstractLineChoppingStyledTextOutput$StateContext::flushLineText@109 (line 131)
                      ; - org.gradle.internal.logging.text.AbstractLineChoppingStyledTextOutput::doAppend@39 (line 47)
                      ; - org.gradle.internal.logging.text.AbstractStyledTextOutput::text@14 (line 87)
                      ; - org.gradle.internal.logging.console.StyledTextOutputBackedRenderer::onOutput@177 (line 62)
                      ; - org.gradle.internal.logging.sink.LogEventDispatcher::dispatch@6 (line 47)
                      ; - org.gradle.internal.logging.sink.LogEventDispatcher::onOutput@56 (line 41)
                      ; - org.gradle.internal.logging.sink.OutputEventRenderer$LazyListener::onOutput@89 (line 480)
  0x000001ed13d1ddec: 1065 77ff 

  0x000001ed13d1ddf0: ;   {other}
  0x000001ed13d1ddf0: 0f1f 8400 | e05d 00a4 | ba45 ffff | ff44 8b5c | 2440 4489 | 5c24 204c | 8b54 2448 | 4c89 5424 
  0x000001ed13d1de10: 4089 5c24 | 2466 6690 

  0x000001ed13d1de18: ;   {runtime_call UncommonTrapBlob}
  0x000001ed13d1de18: c5f8 77e8 

  0x000001ed13d1de1c: ; ImmutableOopMap {rbp=NarrowOop [32]=NarrowOop [36]=NarrowOop [40]=Oop [48]=Oop [56]=Oop [64]=Oop [96]=Oop }
                      ;*if_acmpeq {reexecute=1 rethrow=0 return_oop=0}
                      ; - (reexecute) java.util.concurrent.locks.ReentrantLock$Sync::tryRelease@14
                      ; - java.util.concurrent.locks.AbstractQueuedSynchronizer::release@2
                      ; - java.util.concurrent.locks.ReentrantLock::unlock@5
                      ; - jdk.internal.misc.InternalLock::unlock@4
                      ; - java.io.PrintStream::flush@22
                      ; - org.gradle.internal.logging.text.StreamBackedStandardOutputListener::onOutput@15 (line 53)
                      ; - org.gradle.internal.logging.text.StreamingStyledTextOutput::doAppend@5 (line 55)
                      ; - org.gradle.internal.logging.text.AbstractStyledTextOutput::text@14 (line 87)
                      ; - org.gradle.internal.logging.console.StyledTextOutputBackedRenderer$OutputEventTextOutputImpl::doLineText@5 (line 90)
                      ; - org.gradle.internal.logging.text.AbstractLineChoppingStyledTextOutput$StateContext::flushLineText@109 (line 131)
                      ; - org.gradle.internal.logging.text.AbstractLineChoppingStyledTextOutput::doAppend@39 (line 47)
                      ; - org.gradle.internal.logging.text.AbstractStyledTextOutput::text@14 (line 87)
                      ; - org.gradle.internal.logging.console.StyledTextOutputBackedRenderer::onOutput@177 (line 62)
                      ; - org.gradle.internal.logging.sink.LogEventDispatcher::dispatch@6 (line 47)
                      ; - org.gradle.internal.logging.sink.LogEventDispatcher::onOutput@56 (line 41)
                      ; - org.gradle.internal.logging.sink.OutputEventRenderer$LazyListener::onOutput@89 (line 480)
  0x000001ed13d1de1c: e064 77ff 

  0x000001ed13d1de20: ;   {other}
  0x000001ed13d1de20: 0f1f 8400 | 105e 00a5 | ba45 ffff | ff44 8b5c | 2440 4489 | 5c24 204c | 8b54 2430 | 4c89 5424 
  0x000001ed13d1de40: 284c 8b54 | 2438 4c89 | 5424 304c | 8b54 2448 | 4c89 5424 | 384c 8b54 | 2478 4c89 | 5424 5890 
  0x000001ed13d1de60: ;   {runtime_call UncommonTrapBlob}
  0x000001ed13d1de60: c5f8 77e8 

  0x000001ed13d1de64: ; ImmutableOopMap {[32]=NarrowOop [40]=Oop [48]=Oop [56]=Oop [88]=Oop [96]=Oop [104]=Oop [120]=Oop }
                      ;*ifeq {reexecute=1 rethrow=0 return_oop=0}
                      ; - (reexecute) java.io.PrintStream::implWrite@30
                      ; - java.io.PrintStream::write@16
                      ; - java.io.PrintStream::print@5
                      ; - java.io.PrintStream::append@5
                      ; - java.io.PrintStream::append@2
                      ; - org.gradle.internal.logging.text.StreamBackedStandardOutputListener::onOutput@5 (line 52)
                      ; - org.gradle.internal.logging.text.StreamingStyledTextOutput::doAppend@5 (line 55)
                      ; - org.gradle.internal.logging.text.AbstractStyledTextOutput::text@14 (line 87)
                      ; - org.gradle.internal.logging.console.StyledTextOutputBackedRenderer$OutputEventTextOutputImpl::doLineText@5 (line 90)
                      ; - org.gradle.internal.logging.text.AbstractLineChoppingStyledTextOutput$StateContext::flushLineText@109 (line 131)
                      ; - org.gradle.internal.logging.text.AbstractLineChoppingStyledTextOutput::doAppend@39 (line 47)
                      ; - org.gradle.internal.logging.text.AbstractStyledTextOutput::text@14 (line 87)
                      ; - org.gradle.internal.logging.console.StyledTextOutputBackedRenderer::onOutput@177 (line 62)
                      ; - org.gradle.internal.logging.sink.LogEventDispatcher::dispatch@6 (line 47)
                      ; - org.gradle.internal.logging.sink.LogEventDispatcher::onOutput@56 (line 41)
                      ; - org.gradle.internal.logging.sink.OutputEventRenderer$LazyListener::onOutput@89 (line 480)
  0x000001ed13d1de64: 9864 77ff 

  0x000001ed13d1de68: ;   {other}
  0x000001ed13d1de68: 0f1f 8400 | 585e 00a6 | ba45 ffff | ff4c 8b54 | 2430 4c89 | 5424 204c | 8b54 2438 | 4c89 5424 
  0x000001ed13d1de88: 2844 8b54 | 2440 4489 | 5424 304c | 8b54 2458 | 4c89 5424 | 384c 8b54 | 2460 4c89 | 5424 404c 
  0x000001ed13d1dea8: 8b54 2468 | 4c89 5424 | 504c 8b54 | 2470 4c89 | 5424 604c | 8954 2468 

  0x000001ed13d1dec0: ;   {runtime_call UncommonTrapBlob}
  0x000001ed13d1dec0: c5f8 77e8 

  0x000001ed13d1dec4: ; ImmutableOopMap {rbp=NarrowOop [32]=Oop [40]=Oop [48]=NarrowOop [56]=Oop [64]=Oop [72]=Oop [80]=Oop [96]=Oop [104]=Oop }
                      ;*ifnonnull {reexecute=1 rethrow=0 return_oop=0}
                      ; - (reexecute) java.io.PrintStream::ensureOpen@4
                      ; - java.io.PrintStream::implWrite@1
                      ; - java.io.PrintStream::write@16
                      ; - java.io.PrintStream::print@5
                      ; - java.io.PrintStream::append@5
                      ; - java.io.PrintStream::append@2
                      ; - org.gradle.internal.logging.text.StreamBackedStandardOutputListener::onOutput@5 (line 52)
                      ; - org.gradle.internal.logging.text.StreamingStyledTextOutput::doAppend@5 (line 55)
                      ; - org.gradle.internal.logging.text.AbstractStyledTextOutput::text@14 (line 87)
                      ; - org.gradle.internal.logging.console.StyledTextOutputBackedRenderer$OutputEventTextOutputImpl::doLineText@5 (line 90)
                      ; - org.gradle.internal.logging.text.AbstractLineChoppingStyledTextOutput$StateContext::flushLineText@109 (line 131)
                      ; - org.gradle.internal.logging.text.AbstractLineChoppingStyledTextOutput::doAppend@39 (line 47)
                      ; - org.gradle.internal.logging.text.AbstractStyledTextOutput::text@14 (line 87)
                      ; - org.gradle.internal.logging.console.StyledTextOutputBackedRenderer::onOutput@187 (line 63)
                      ; - org.gradle.internal.logging.sink.LogEventDispatcher::dispatch@6 (line 47)
                      ; - org.gradle.internal.logging.sink.LogEventDispatcher::onOutput@56 (line 41)
                      ; - org.gradle.internal.logging.sink.OutputEventRenderer$LazyListener::onOutput@89 (line 480)
  0x000001ed13d1dec4: 3864 77ff 

  0x000001ed13d1dec8: ;   {other}
  0x000001ed13d1dec8: 0f1f 8400 | b85e 00a7 | ba45 ffff | ff4c 8b54 | 2430 4c89 | 5424 204c | 8b54 2438 | 4c89 5424 
  0x000001ed13d1dee8: 3044 8b5c | 2440 4489 | 5c24 3844 | 894c 243c 

  0x000001ed13d1def8: ;   {runtime_call UncommonTrapBlob}
  0x000001ed13d1def8: c5f8 77e8 

  0x000001ed13d1defc: ; ImmutableOopMap {rbp=NarrowOop [32]=Oop [40]=Oop [48]=Oop [56]=NarrowOop [60]=NarrowOop [88]=Oop [96]=Oop }
                      ;*if_acmpeq {reexecute=1 rethrow=0 return_oop=0}
                      ; - (reexecute) java.util.concurrent.locks.ReentrantLock$Sync::tryRelease@14
                      ; - java.util.concurrent.locks.AbstractQueuedSynchronizer::release@2
                      ; - java.util.concurrent.locks.ReentrantLock::unlock@5
                      ; - jdk.internal.misc.InternalLock::unlock@4
                      ; - java.io.PrintStream::flush@22
                      ; - org.gradle.internal.logging.text.StreamBackedStandardOutputListener::onOutput@15 (line 53)
                      ; - org.gradle.internal.logging.text.StreamingStyledTextOutput::doAppend@5 (line 55)
                      ; - org.gradle.internal.logging.text.AbstractStyledTextOutput::text@14 (line 87)
                      ; - org.gradle.internal.logging.console.StyledTextOutputBackedRenderer$OutputEventTextOutputImpl::doLineText@5 (line 90)
                      ; - org.gradle.internal.logging.text.AbstractLineChoppingStyledTextOutput$StateContext::flushLineText@109 (line 131)
                      ; - org.gradle.internal.logging.text.AbstractLineChoppingStyledTextOutput::doAppend@39 (line 47)
                      ; - org.gradle.internal.logging.text.AbstractStyledTextOutput::text@14 (line 87)
                      ; - org.gradle.internal.logging.console.StyledTextOutputBackedRenderer::onOutput@187 (line 63)
                      ; - org.gradle.internal.logging.sink.LogEventDispatcher::dispatch@6 (line 47)
                      ; - org.gradle.internal.logging.sink.LogEventDispatcher::onOutput@56 (line 41)
                      ; - org.gradle.internal.logging.sink.OutputEventRenderer$LazyListener::onOutput@89 (line 480)
  0x000001ed13d1defc: 0064 77ff 

  0x000001ed13d1df00: ;   {other}
  0x000001ed13d1df00: 0f1f 8400 | f05e 00a8 | ba45 ffff | ff4c 8b54 | 2430 4c89 | 5424 204c | 8b54 2438 | 4c89 5424 
  0x000001ed13d1df20: 2844 8b54 | 2440 4489 | 5424 304c | 8b54 2458 | 4c89 5424 | 384c 8b54 | 2470 4c89 | 5424 5890 
  0x000001ed13d1df40: ;   {runtime_call UncommonTrapBlob}
  0x000001ed13d1df40: c5f8 77e8 

  0x000001ed13d1df44: ; ImmutableOopMap {[32]=Oop [40]=Oop [48]=NarrowOop [56]=Oop [88]=Oop [96]=Oop [104]=Oop [112]=Oop }
                      ;*ifeq {reexecute=1 rethrow=0 return_oop=0}
                      ; - (reexecute) java.io.PrintStream::implWrite@30
                      ; - java.io.PrintStream::write@16
                      ; - java.io.PrintStream::print@5
                      ; - java.io.PrintStream::append@5
                      ; - java.io.PrintStream::append@2
                      ; - org.gradle.internal.logging.text.StreamBackedStandardOutputListener::onOutput@5 (line 52)
                      ; - org.gradle.internal.logging.text.StreamingStyledTextOutput::doAppend@5 (line 55)
                      ; - org.gradle.internal.logging.text.AbstractStyledTextOutput::text@14 (line 87)
                      ; - org.gradle.internal.logging.console.StyledTextOutputBackedRenderer$OutputEventTextOutputImpl::doLineText@5 (line 90)
                      ; - org.gradle.internal.logging.text.AbstractLineChoppingStyledTextOutput$StateContext::flushLineText@109 (line 131)
                      ; - org.gradle.internal.logging.text.AbstractLineChoppingStyledTextOutput::doAppend@39 (line 47)
                      ; - org.gradle.internal.logging.text.AbstractStyledTextOutput::text@14 (line 87)
                      ; - org.gradle.internal.logging.console.StyledTextOutputBackedRenderer::onOutput@187 (line 63)
                      ; - org.gradle.internal.logging.sink.LogEventDispatcher::dispatch@6 (line 47)
                      ; - org.gradle.internal.logging.sink.LogEventDispatcher::onOutput@56 (line 41)
                      ; - org.gradle.internal.logging.sink.OutputEventRenderer$LazyListener::onOutput@89 (line 480)
  0x000001ed13d1df44: b863 77ff 

  0x000001ed13d1df48: ;   {other}
  0x000001ed13d1df48: 0f1f 8400 | 385f 00a9 | 498b d7c5 | f877 49ba | 002a 7b8e | fc7f 0000 

  0x000001ed13d1df60: ;   {other}
  0x000001ed13d1df60: 41ff d20f | 1f84 0000 | 0000 00e9 | aab5 ffff | 498b d7c5 | f877 49ba | 002a 7b8e | fc7f 0000 
  0x000001ed13d1df80: ;   {other}
  0x000001ed13d1df80: 41ff d20f | 1f84 0000 | 0000 00e9 | b4e4 ffff | 4533 c9eb | 0544 8b4c | 2464 ba45 | ffff ff8b 
  0x000001ed13d1dfa0: 6c24 404c | 8b54 2430 | 4c89 5424 | 204c 8b54 | 2438 4c89 | 5424 284c | 8b54 2448 | 4c89 5424 
  0x000001ed13d1dfc0: 304c 8944 | 2440 448b | 5c24 6044 | 894c 2454 | 458b d344 | 8954 2458 | 4489 5424 | 5c44 894c 
  0x000001ed13d1dfe0: 2460 6690 

  0x000001ed13d1dfe4: ;   {runtime_call UncommonTrapBlob}
  0x000001ed13d1dfe4: c5f8 77e8 

  0x000001ed13d1dfe8: ; ImmutableOopMap {rbp=NarrowOop [32]=Oop [40]=Oop [48]=Oop [64]=Oop [104]=NarrowOop [112]=Oop }
                      ;*if_icmpge {reexecute=1 rethrow=0 return_oop=0}
                      ; - (reexecute) java.util.Arrays::checkLength@2
                      ; - java.util.Arrays::copyOfRangeByte@2
                      ; - java.util.Arrays::copyOfRange@13
                      ; - java.lang.StringLatin1::newString@16
                      ; - java.lang.String::substring@41
                      ; - org.gradle.internal.logging.text.AbstractLineChoppingStyledTextOutput$StateContext::flushLineText@93 (line 127)
                      ; - org.gradle.internal.logging.text.AbstractLineChoppingStyledTextOutput::doAppend@39 (line 47)
                      ; - org.gradle.internal.logging.text.AbstractStyledTextOutput::text@14 (line 87)
                      ; - org.gradle.internal.logging.console.StyledTextOutputBackedRenderer::onOutput@177 (line 62)
                      ; - org.gradle.internal.logging.sink.LogEventDispatcher::dispatch@6 (line 47)
                      ; - org.gradle.internal.logging.sink.LogEventDispatcher::onOutput@56 (line 41)
                      ; - org.gradle.internal.logging.sink.OutputEventRenderer$LazyListener::onOutput@89 (line 480)
  0x000001ed13d1dfe8: 1463 77ff 

  0x000001ed13d1dfec: ;   {other}
  0x000001ed13d1dfec: 0f1f 8400 | dc5f 00aa | 4533 c0eb | 0544 8b44 | 2458 ba45 | ffff ff48 | 8b6c 2430 | 4c8b 5424 
  0x000001ed13d1e00c: 384c 8954 | 2420 448b | 5424 4044 | 8954 2428 | 4c8b 5424 | 484c 8954 | 2430 4c8b | 5424 684c 
  0x000001ed13d1e02c: 8954 2440 | 448b 5c24 | 5c44 895c | 242c 448b | 5424 6444 | 8944 2450 | 458b da44 | 895c 2454 
  0x000001ed13d1e04c: 4489 5c24 | 5844 8944 | 245c 6690 

  0x000001ed13d1e058: ;   {runtime_call UncommonTrapBlob}
  0x000001ed13d1e058: c5f8 77e8 

  0x000001ed13d1e05c: ; ImmutableOopMap {rbp=Oop [32]=Oop [40]=NarrowOop [44]=NarrowOop [48]=Oop [64]=Oop [104]=Oop }
                      ;*if_icmpge {reexecute=1 rethrow=0 return_oop=0}
                      ; - (reexecute) java.util.Arrays::checkLength@2
                      ; - java.util.Arrays::copyOfRangeByte@2
                      ; - java.util.Arrays::copyOfRange@13
                      ; - java.lang.StringLatin1::newString@16
                      ; - java.lang.String::substring@41
                      ; - org.gradle.internal.logging.text.AbstractLineChoppingStyledTextOutput$StateContext::flushLineText@93 (line 127)
                      ; - org.gradle.internal.logging.text.AbstractLineChoppingStyledTextOutput::doAppend@39 (line 47)
                      ; - org.gradle.internal.logging.text.AbstractStyledTextOutput::text@14 (line 87)
                      ; - org.gradle.internal.logging.console.StyledTextOutputBackedRenderer::onOutput@187 (line 63)
                      ; - org.gradle.internal.logging.sink.LogEventDispatcher::dispatch@6 (line 47)
                      ; - org.gradle.internal.logging.sink.LogEventDispatcher::onOutput@56 (line 41)
                      ; - org.gradle.internal.logging.sink.OutputEventRenderer$LazyListener::onOutput@89 (line 480)
  0x000001ed13d1e05c: a062 77ff 

  0x000001ed13d1e060: ;   {other}
  0x000001ed13d1e060: 0f1f 8400 | 5060 00ab | baf6 ffff | ff66 6690 

  0x000001ed13d1e070: ;   {runtime_call UncommonTrapBlob}
  0x000001ed13d1e070: c5f8 77e8 

  0x000001ed13d1e074: ; ImmutableOopMap {}
                      ;*invokevirtual add {reexecute=0 rethrow=0 return_oop=0}
                      ; - org.gradle.internal.logging.text.AbstractLineChoppingStyledTextOutput$2::execute@15 (line 178)
                      ; - org.gradle.internal.logging.text.AbstractLineChoppingStyledTextOutput$2::execute@5 (line 174)
                      ; - org.gradle.internal.logging.text.AbstractLineChoppingStyledTextOutput$1::execute@107 (line 160)
                      ; - org.gradle.internal.logging.text.AbstractLineChoppingStyledTextOutput$1::execute@5 (line 145)
                      ; - org.gradle.internal.logging.text.AbstractLineChoppingStyledTextOutput::doAppend@22 (line 44)
                      ; - org.gradle.internal.logging.text.AbstractStyledTextOutput::text@14 (line 87)
                      ; - org.gradle.internal.logging.console.StyledTextOutputBackedRenderer::onOutput@187 (line 63)
                      ; - org.gradle.internal.logging.sink.LogEventDispatcher::dispatch@6 (line 47)
                      ; - org.gradle.internal.logging.sink.LogEventDispatcher::onOutput@56 (line 41)
                      ; - org.gradle.internal.logging.sink.OutputEventRenderer$LazyListener::onOutput@89 (line 480)
  0x000001ed13d1e074: 8862 77ff 

  0x000001ed13d1e078: ;   {other}
  0x000001ed13d1e078: 0f1f 8400 | 6860 00ac | baf6 ffff | ff66 6690 

  0x000001ed13d1e088: ;   {runtime_call UncommonTrapBlob}
  0x000001ed13d1e088: c5f8 77e8 

  0x000001ed13d1e08c: ; ImmutableOopMap {}
                      ;*invokevirtual add {reexecute=0 rethrow=0 return_oop=0}
                      ; - org.gradle.internal.logging.text.AbstractLineChoppingStyledTextOutput$2::execute@15 (line 178)
                      ; - org.gradle.internal.logging.text.AbstractLineChoppingStyledTextOutput$2::execute@5 (line 174)
                      ; - org.gradle.internal.logging.text.AbstractLineChoppingStyledTextOutput$1::execute@107 (line 160)
                      ; - org.gradle.internal.logging.text.AbstractLineChoppingStyledTextOutput$1::execute@5 (line 145)
                      ; - org.gradle.internal.logging.text.AbstractLineChoppingStyledTextOutput::doAppend@22 (line 44)
                      ; - org.gradle.internal.logging.text.AbstractStyledTextOutput::text@14 (line 87)
                      ; - org.gradle.internal.logging.console.StyledTextOutputBackedRenderer::onOutput@177 (line 62)
                      ; - org.gradle.internal.logging.sink.LogEventDispatcher::dispatch@6 (line 47)
                      ; - org.gradle.internal.logging.sink.LogEventDispatcher::onOutput@56 (line 41)
                      ; - org.gradle.internal.logging.sink.OutputEventRenderer$LazyListener::onOutput@89 (line 480)
  0x000001ed13d1e08c: 7062 77ff 

  0x000001ed13d1e090: ;   {other}
  0x000001ed13d1e090: 0f1f 8400 | 8060 00ad | 8b6f 0c4c | 8bdd 4c8b | 4424 284d | 3bd8 0f85 | f5ef ffff | ba45 ffff 
  0x000001ed13d1e0b0: ff44 8b5c | 2440 4489 | 5c24 204c | 8b5c 2448 | 4c89 5c24 | 404c 8b5c | 2460 4c89 | 5c24 4848 
  0x000001ed13d1e0d0: 897c 2460 | 4489 5424 | 2466 6690 

  0x000001ed13d1e0dc: ;   {runtime_call UncommonTrapBlob}
  0x000001ed13d1e0dc: c5f8 77e8 

  0x000001ed13d1e0e0: ; ImmutableOopMap {rbp=NarrowOop [32]=NarrowOop [40]=Oop [48]=Oop [56]=Oop [64]=Oop [72]=Oop [96]=Oop [104]=Oop }
                      ;*if_acmpne {reexecute=1 rethrow=0 return_oop=0}
                      ; - (reexecute) java.util.concurrent.locks.ReentrantLock$FairSync::initialTryLock@41
                      ; - java.util.concurrent.locks.ReentrantLock$Sync::lock@1
                      ; - java.util.concurrent.locks.ReentrantLock::lock@4
                      ; - jdk.internal.misc.InternalLock::lock@4
                      ; - java.io.PrintStream::flush@11
                      ; - org.gradle.internal.logging.text.StreamBackedStandardOutputListener::onOutput@15 (line 53)
                      ; - org.gradle.internal.logging.text.StreamingStyledTextOutput::doAppend@5 (line 55)
                      ; - org.gradle.internal.logging.text.AbstractStyledTextOutput::text@14 (line 87)
                      ; - org.gradle.internal.logging.console.StyledTextOutputBackedRenderer$OutputEventTextOutputImpl::doLineText@5 (line 90)
                      ; - org.gradle.internal.logging.text.AbstractLineChoppingStyledTextOutput$StateContext::flushLineText@109 (line 131)
                      ; - org.gradle.internal.logging.text.AbstractLineChoppingStyledTextOutput::doAppend@39 (line 47)
                      ; - org.gradle.internal.logging.text.AbstractStyledTextOutput::text@14 (line 87)
                      ; - org.gradle.internal.logging.console.StyledTextOutputBackedRenderer::onOutput@177 (line 62)
                      ; - org.gradle.internal.logging.sink.LogEventDispatcher::dispatch@6 (line 47)
                      ; - org.gradle.internal.logging.sink.LogEventDispatcher::onOutput@56 (line 41)
                      ; - org.gradle.internal.logging.sink.OutputEventRenderer$LazyListener::onOutput@89 (line 480)
  0x000001ed13d1e0e0: 1c62 77ff 

  0x000001ed13d1e0e4: ;   {other}
  0x000001ed13d1e0e4: 0f1f 8400 | d460 00ae | 8b6f 0c4c | 8bdd 4c8b | 4424 284d | 3bd8 0f85 | b5ef ffff | ba45 ffff 
  0x000001ed13d1e104: ff4c 8b5c | 2430 4c89 | 5c24 204c | 8b5c 2438 | 4c89 5c24 | 3044 8b5c | 2440 4489 | 5c24 384c 
  0x000001ed13d1e124: 8b5c 2458 | 4c89 5c24 | 404c 8b5c | 2460 4c89 | 5c24 5048 | 897c 2460 | 4489 5424 | 3c66 6690 
  0x000001ed13d1e144: ;   {runtime_call UncommonTrapBlob}
  0x000001ed13d1e144: c5f8 77e8 

  0x000001ed13d1e148: ; ImmutableOopMap {rbp=NarrowOop [32]=Oop [40]=Oop [48]=Oop [56]=NarrowOop [64]=Oop [72]=Oop [80]=Oop [96]=Oop }
                      ;*if_acmpne {reexecute=1 rethrow=0 return_oop=0}
                      ; - (reexecute) java.util.concurrent.locks.ReentrantLock$FairSync::initialTryLock@41
                      ; - java.util.concurrent.locks.ReentrantLock$Sync::lock@1
                      ; - java.util.concurrent.locks.ReentrantLock::lock@4
                      ; - jdk.internal.misc.InternalLock::lock@4
                      ; - java.io.PrintStream::flush@11
                      ; - org.gradle.internal.logging.text.StreamBackedStandardOutputListener::onOutput@15 (line 53)
                      ; - org.gradle.internal.logging.text.StreamingStyledTextOutput::doAppend@5 (line 55)
                      ; - org.gradle.internal.logging.text.AbstractStyledTextOutput::text@14 (line 87)
                      ; - org.gradle.internal.logging.console.StyledTextOutputBackedRenderer$OutputEventTextOutputImpl::doLineText@5 (line 90)
                      ; - org.gradle.internal.logging.text.AbstractLineChoppingStyledTextOutput$StateContext::flushLineText@109 (line 131)
                      ; - org.gradle.internal.logging.text.AbstractLineChoppingStyledTextOutput::doAppend@39 (line 47)
                      ; - org.gradle.internal.logging.text.AbstractStyledTextOutput::text@14 (line 87)
                      ; - org.gradle.internal.logging.console.StyledTextOutputBackedRenderer::onOutput@187 (line 63)
                      ; - org.gradle.internal.logging.sink.LogEventDispatcher::dispatch@6 (line 47)
                      ; - org.gradle.internal.logging.sink.LogEventDispatcher::onOutput@56 (line 41)
                      ; - org.gradle.internal.logging.sink.OutputEventRenderer$LazyListener::onOutput@89 (line 480)
  0x000001ed13d1e148: b461 77ff 

  0x000001ed13d1e14c: ;   {other}
  0x000001ed13d1e14c: 0f1f 8400 | 3c61 00af | 498b d24c | 8994 2480 

  0x000001ed13d1e15c: ;   {oop([B{0x0000000080d79f40})}
  0x000001ed13d1e15c: 0000 0048 | bd40 9fd7 | 8000 0000 | 0090 c5f8 | 7748 b8ff | ffff ffff 

  0x000001ed13d1e174: ;   {virtual_call}
  0x000001ed13d1e174: ffff ffe8 

  0x000001ed13d1e178: ; ImmutableOopMap {rbp=Oop [88]=Derived_oop_rbp [32]=Oop [40]=Oop [48]=Oop [56]=Oop [64]=NarrowOop [68]=NarrowOop [72]=Oop [80]=Oop [96]=Oop [104]=Oop [112]=Oop [128]=Oop [136]=NarrowOop }
                      ;*invokevirtual initialTryLock {reexecute=0 rethrow=0 return_oop=0}
                      ; - java.util.concurrent.locks.ReentrantLock$Sync::lock@1
                      ; - java.util.concurrent.locks.ReentrantLock::lock@4
                      ; - jdk.internal.misc.InternalLock::lock@4
                      ; - java.io.BufferedOutputStream::flush@11
                      ; - java.io.PrintStream::implFlush@8
                      ; - java.io.PrintStream::flush@15
                      ; - org.gradle.internal.logging.text.StreamBackedStandardOutputListener::onOutput@15 (line 53)
                      ; - org.gradle.internal.logging.text.StreamingStyledTextOutput::doAppend@5 (line 55)
                      ; - org.gradle.internal.logging.text.AbstractStyledTextOutput::text@14 (line 87)
                      ; - org.gradle.internal.logging.console.StyledTextOutputBackedRenderer$OutputEventTextOutputImpl::doLineText@5 (line 90)
                      ; - org.gradle.internal.logging.text.AbstractLineChoppingStyledTextOutput$StateContext::flushLineText@109 (line 131)
                      ; - org.gradle.internal.logging.text.AbstractLineChoppingStyledTextOutput::doAppend@39 (line 47)
                      ; - org.gradle.internal.logging.text.AbstractStyledTextOutput::text@14 (line 87)
                      ; - org.gradle.internal.logging.console.StyledTextOutputBackedRenderer::onOutput@177 (line 62)
                      ; - org.gradle.internal.logging.sink.LogEventDispatcher::dispatch@6 (line 47)
                      ; - org.gradle.internal.logging.sink.LogEventDispatcher::onOutput@56 (line 41)
                      ; - org.gradle.internal.logging.sink.OutputEventRenderer$LazyListener::onOutput@89 (line 480)
  0x000001ed13d1e178: 040c 77ff 

  0x000001ed13d1e17c: ;   {other}
  0x000001ed13d1e17c: 0f1f 8400 | 6c61 00b0 | e9f7 d3ff | ff4c 895c | 2468 498b | d14c 894c | 2478 c5f8 | 7748 b8ff 
  0x000001ed13d1e19c: ffff ffff 

  0x000001ed13d1e1a0: ;   {virtual_call}
  0x000001ed13d1e1a0: ffff ffe8 

  0x000001ed13d1e1a4: ; ImmutableOopMap {rbp=NarrowOop [32]=Oop [40]=Oop [48]=Oop [56]=Oop [64]=NarrowOop [72]=Oop [80]=Oop [88]=Oop [96]=Oop [104]=Oop [120]=Oop }
                      ;*invokevirtual initialTryLock {reexecute=0 rethrow=0 return_oop=0}
                      ; - java.util.concurrent.locks.ReentrantLock$Sync::lock@1
                      ; - java.util.concurrent.locks.ReentrantLock::lock@4
                      ; - jdk.internal.misc.InternalLock::lock@4
                      ; - java.io.BufferedOutputStream::flush@11
                      ; - java.io.PrintStream::implFlush@8
                      ; - java.io.PrintStream::flush@15
                      ; - org.gradle.internal.logging.text.StreamBackedStandardOutputListener::onOutput@15 (line 53)
                      ; - org.gradle.internal.logging.text.StreamingStyledTextOutput::doAppend@5 (line 55)
                      ; - org.gradle.internal.logging.text.AbstractStyledTextOutput::text@14 (line 87)
                      ; - org.gradle.internal.logging.console.StyledTextOutputBackedRenderer$OutputEventTextOutputImpl::doLineText@5 (line 90)
                      ; - org.gradle.internal.logging.text.AbstractLineChoppingStyledTextOutput$StateContext::flushLineText@109 (line 131)
                      ; - org.gradle.internal.logging.text.AbstractLineChoppingStyledTextOutput::doAppend@39 (line 47)
                      ; - org.gradle.internal.logging.text.AbstractStyledTextOutput::text@14 (line 87)
                      ; - org.gradle.internal.logging.console.StyledTextOutputBackedRenderer::onOutput@187 (line 63)
                      ; - org.gradle.internal.logging.sink.LogEventDispatcher::dispatch@6 (line 47)
                      ; - org.gradle.internal.logging.sink.LogEventDispatcher::onOutput@56 (line 41)
                      ; - org.gradle.internal.logging.sink.OutputEventRenderer$LazyListener::onOutput@89 (line 480)
  0x000001ed13d1e1a4: d80b 77ff 

  0x000001ed13d1e1a8: ;   {other}
  0x000001ed13d1e1a8: 0f1f 8400 | 9861 00b1 | e9bb d6ff | ff4c 8bd7 | 458b 5a0c | 4585 db0f | 8448 eaff | ff4d 8b57 
  0x000001ed13d1e1c8: 2849 8bcb | 4d85 d20f | 845b 0900 | 004d 8b5f | 384b 894c | 13f8 4983 | c2f8 4d89 | 5728 e922 
  0x000001ed13d1e1e8: eaff ff4c | 8bd7 458b | 5a0c 4585 | db0f 84c4 | eaff ff4d | 8b57 2849 | 8bcb 4d85 | d20f 8445 
  0x000001ed13d1e208: 0900 004d | 8b5f 384b | 894c 13f8 | 4983 c2f8 | 4d89 5728 | e99e eaff | ff4d 8b57 | 484d 8b5f 
  0x000001ed13d1e228: 58f0 8344 | 24c0 0080 | 3900 0f84 | 0fea ffff | 4488 214d | 85d2 7520 | 498b d7c5 | f877 49ba 
  0x000001ed13d1e248: e029 7b8e | fc7f 0000 

  0x000001ed13d1e250: ;   {other}
  0x000001ed13d1e250: 41ff d20f | 1f84 0000 | 0000 00e9 | e7e9 ffff | 4b89 4c13 | f849 83c2 | f84d 8957 | 48e9 d5e9 
  0x000001ed13d1e270: ffff 4d8b | 5748 4d8b | 5f58 f083 | 4424 c000 | 8039 000f | 8470 eaff | ff44 8821 | 4d85 d275 
  0x000001ed13d1e290: 2049 8bd7 | c5f8 7749 | bae0 297b | 8efc 7f00 | 0041 ffd2 

  0x000001ed13d1e2a4: ;   {other}
  0x000001ed13d1e2a4: 0f1f 8400 | 0000 0000 | e948 eaff | ff4b 894c | 13f8 4983 | c2f8 4d89 | 5748 e936 | eaff ff45 
  0x000001ed13d1e2c4: 85d2 0f84 | f009 0000 | 498b d290 

  0x000001ed13d1e2d0: ;   {optimized virtual_call}
  0x000001ed13d1e2d0: c5f8 77e8 

  0x000001ed13d1e2d4: ; ImmutableOopMap {rbp=Oop [48]=Oop [56]=Oop [64]=NarrowOop [72]=Oop [80]=Oop [96]=Oop }
                      ;*invokevirtual unlock {reexecute=0 rethrow=0 return_oop=0}
                      ; - java.io.PrintStream::flush@33
                      ; - org.gradle.internal.logging.text.StreamBackedStandardOutputListener::onOutput@15 (line 53)
                      ; - org.gradle.internal.logging.text.StreamingStyledTextOutput::doAppend@5 (line 55)
                      ; - org.gradle.internal.logging.text.AbstractStyledTextOutput::text@14 (line 87)
                      ; - org.gradle.internal.logging.console.StyledTextOutputBackedRenderer$OutputEventTextOutputImpl::doLineText@5 (line 90)
                      ; - org.gradle.internal.logging.text.AbstractLineChoppingStyledTextOutput$StateContext::flushLineText@109 (line 131)
                      ; - org.gradle.internal.logging.text.AbstractLineChoppingStyledTextOutput::doAppend@39 (line 47)
                      ; - org.gradle.internal.logging.text.AbstractStyledTextOutput::text@14 (line 87)
                      ; - org.gradle.internal.logging.console.StyledTextOutputBackedRenderer::onOutput@177 (line 62)
                      ; - org.gradle.internal.logging.sink.LogEventDispatcher::dispatch@6 (line 47)
                      ; - org.gradle.internal.logging.sink.LogEventDispatcher::onOutput@56 (line 41)
                      ; - org.gradle.internal.logging.sink.OutputEventRenderer$LazyListener::onOutput@89 (line 480)
  0x000001ed13d1e2d4: a807 77ff 

  0x000001ed13d1e2d8: ;   {other}
  0x000001ed13d1e2d8: 0f1f 8400 | c862 00b2 | 448b 4508 | 4d33 d24f | 8d14 c248 | 8bc5 eb67 | e953 0400 | 00e9 4e04 
  0x000001ed13d1e2f8: 0000 e949 | 0400 00e9 | 4404 0000 | 448b 4008 | 4d33 d24f | 8d14 c2eb | 0deb 0044 | 8b58 084d 
  0x000001ed13d1e318: 33d2 4f8d | 14da 4d8b 

  0x000001ed13d1e320: ;   {metadata('java/io/IOException')}
  0x000001ed13d1e320: 5248 49bb | 98df 0900 | 0100 0000 | 4d3b d30f | 8513 0400 | 0048 8bd0 | e965 0300 | 0044 8b40 
  0x000001ed13d1e340: 084d 33d2 | 4f8d 14c2 | eb0d eb00 | 448b 5808 | 4d33 d24f | 8d14 da4d 

  0x000001ed13d1e358: ;   {metadata('java/io/IOException')}
  0x000001ed13d1e358: 8b52 4849 | bb98 df09 | 0001 0000 | 004d 3bd3 | 0f85 da03 | 0000 488b | d0e9 9403 | 0000 e9cd 
  0x000001ed13d1e378: 0300 00e9 | c803 0000 | e9c3 0300 | 00e9 be03 | 0000 e9b9 | 0300 00e9 | b403 0000 | e9af 0300 
  0x000001ed13d1e398: 00e9 aa03 | 0000 e9a5 | 0300 00e9 | a003 0000 | e99b 0300 | 00e9 9603 | 0000 e991 | 0300 00e9 
  0x000001ed13d1e3b8: 8c03 0000 | e987 0300 | 00e9 8203 | 0000 e97d | 0300 00e9 | 7803 0000 | 448b 5008 | 4d33 c04f 
  0x000001ed13d1e3d8: 8d04 d04d 

  0x000001ed13d1e3dc: ;   {metadata('java/io/InterruptedIOException')}
  0x000001ed13d1e3dc: 8b50 5049 | bb68 683f | 0001 0000 | 004d 3bd3 | 0f84 d400 | 0000 4d8b 

  0x000001ed13d1e3f4: ;   {metadata('java/io/IOException')}
  0x000001ed13d1e3f4: 5048 49bb | 98df 0900 | 0100 0000 | 4d3b d30f | 84ef 0000 | 00e9 7a02 | 0000 448b | 5808 4d33 
  0x000001ed13d1e414: c04f 8d04 | d84d 8b50 

  0x000001ed13d1e41c: ;   {metadata('java/io/InterruptedIOException')}
  0x000001ed13d1e41c: 5049 bb68 | 683f 0001 | 0000 004d | 3bd3 0f84 | 9600 0000 | 4d8b 5048 

  0x000001ed13d1e434: ;   {metadata('java/io/IOException')}
  0x000001ed13d1e434: 49bb 98df | 0900 0100 | 0000 4d3b | d30f 84b1 | 0000 00e9 | 3c02 0000 | 488b e8eb | 2f48 8be8 
  0x000001ed13d1e454: eb2a 488b | e8eb 25eb | 20eb 1e48 | 8944 2478 | 488b d590 

  0x000001ed13d1e468: ;   {optimized virtual_call}
  0x000001ed13d1e468: c5f8 77e8 

  0x000001ed13d1e46c: ; ImmutableOopMap {[32]=Oop [40]=Oop [48]=Oop [56]=Oop [64]=NarrowOop [68]=NarrowOop [72]=Oop [80]=Oop [88]=Oop [96]=Oop [104]=Oop [112]=Oop [120]=Oop }
                      ;*invokevirtual unlock {reexecute=0 rethrow=0 return_oop=0}
                      ; - java.io.BufferedWriter::flushBuffer@34
                      ; - java.io.PrintStream::implWrite@16
                      ; - java.io.PrintStream::write@16
                      ; - java.io.PrintStream::print@5
                      ; - java.io.PrintStream::append@5
                      ; - java.io.PrintStream::append@2
                      ; - org.gradle.internal.logging.text.StreamBackedStandardOutputListener::onOutput@5 (line 52)
                      ; - org.gradle.internal.logging.text.StreamingStyledTextOutput::doAppend@5 (line 55)
                      ; - org.gradle.internal.logging.text.AbstractStyledTextOutput::text@14 (line 87)
                      ; - org.gradle.internal.logging.console.StyledTextOutputBackedRenderer$OutputEventTextOutputImpl::doLineText@5 (line 90)
                      ; - org.gradle.internal.logging.text.AbstractLineChoppingStyledTextOutput$StateContext::flushLineText@109 (line 131)
                      ; - org.gradle.internal.logging.text.AbstractLineChoppingStyledTextOutput::doAppend@39 (line 47)
                      ; - org.gradle.internal.logging.text.AbstractStyledTextOutput::text@14 (line 87)
                      ; - org.gradle.internal.logging.console.StyledTextOutputBackedRenderer::onOutput@187 (line 63)
                      ; - org.gradle.internal.logging.sink.LogEventDispatcher::dispatch@6 (line 47)
                      ; - org.gradle.internal.logging.sink.LogEventDispatcher::onOutput@56 (line 41)
                      ; - org.gradle.internal.logging.sink.OutputEventRenderer$LazyListener::onOutput@89 (line 480)
  0x000001ed13d1e46c: 1006 77ff 

  0x000001ed13d1e470: ;   {other}
  0x000001ed13d1e470: 0f1f 8400 | 6064 00b3 | 488b 4424 | 7848 8be8 | 4c8b 5424 | 7045 8b52 | 1845 85d2 | 0f84 de05 
  0x000001ed13d1e490: 0000 498b | d266 6690 

  0x000001ed13d1e498: ;   {optimized virtual_call}
  0x000001ed13d1e498: c5f8 77e8 

  0x000001ed13d1e49c: ; ImmutableOopMap {rbp=Oop [32]=Oop [40]=Oop [48]=Oop [56]=Oop [64]=NarrowOop [68]=NarrowOop [80]=Oop [88]=Oop [96]=Oop [104]=Oop [112]=Oop }
                      ;*invokevirtual unlock {reexecute=0 rethrow=0 return_oop=0}
                      ; - java.io.PrintStream::write@34
                      ; - java.io.PrintStream::print@5
                      ; - java.io.PrintStream::append@5
                      ; - java.io.PrintStream::append@2
                      ; - org.gradle.internal.logging.text.StreamBackedStandardOutputListener::onOutput@5 (line 52)
                      ; - org.gradle.internal.logging.text.StreamingStyledTextOutput::doAppend@5 (line 55)
                      ; - org.gradle.internal.logging.text.AbstractStyledTextOutput::text@14 (line 87)
                      ; - org.gradle.internal.logging.console.StyledTextOutputBackedRenderer$OutputEventTextOutputImpl::doLineText@5 (line 90)
                      ; - org.gradle.internal.logging.text.AbstractLineChoppingStyledTextOutput$StateContext::flushLineText@109 (line 131)
                      ; - org.gradle.internal.logging.text.AbstractLineChoppingStyledTextOutput::doAppend@39 (line 47)
                      ; - org.gradle.internal.logging.text.AbstractStyledTextOutput::text@14 (line 87)
                      ; - org.gradle.internal.logging.console.StyledTextOutputBackedRenderer::onOutput@187 (line 63)
                      ; - org.gradle.internal.logging.sink.LogEventDispatcher::dispatch@6 (line 47)
                      ; - org.gradle.internal.logging.sink.LogEventDispatcher::onOutput@56 (line 41)
                      ; - org.gradle.internal.logging.sink.OutputEventRenderer$LazyListener::onOutput@89 (line 480)
  0x000001ed13d1e49c: e005 77ff 

  0x000001ed13d1e4a0: ;   {other}
  0x000001ed13d1e4a0: 0f1f 8400 | 9064 00b4 | 448b 5d08 | 4d33 c04f | 8d04 d84d 

  0x000001ed13d1e4b4: ;   {metadata('java/io/InterruptedIOException')}
  0x000001ed13d1e4b4: 8b50 5049 | bb68 683f | 0001 0000 | 004d 3bd3 | 751b 488b | 5424 2890 

  0x000001ed13d1e4cc: ;   {optimized virtual_call}
  0x000001ed13d1e4cc: c5f8 77e8 

  0x000001ed13d1e4d0: ; ImmutableOopMap {[32]=Oop [40]=Oop [48]=Oop [56]=Oop [64]=NarrowOop [68]=NarrowOop [80]=Oop [88]=Oop [96]=Oop [104]=Oop [112]=Oop }
                      ;*invokevirtual interrupt {reexecute=0 rethrow=0 return_oop=0}
                      ; - java.io.PrintStream::write@68
                      ; - java.io.PrintStream::print@5
                      ; - java.io.PrintStream::append@5
                      ; - java.io.PrintStream::append@2
                      ; - org.gradle.internal.logging.text.StreamBackedStandardOutputListener::onOutput@5 (line 52)
                      ; - org.gradle.internal.logging.text.StreamingStyledTextOutput::doAppend@5 (line 55)
                      ; - org.gradle.internal.logging.text.AbstractStyledTextOutput::text@14 (line 87)
                      ; - org.gradle.internal.logging.console.StyledTextOutputBackedRenderer$OutputEventTextOutputImpl::doLineText@5 (line 90)
                      ; - org.gradle.internal.logging.text.AbstractLineChoppingStyledTextOutput$StateContext::flushLineText@109 (line 131)
                      ; - org.gradle.internal.logging.text.AbstractLineChoppingStyledTextOutput::doAppend@39 (line 47)
                      ; - org.gradle.internal.logging.text.AbstractStyledTextOutput::text@14 (line 87)
                      ; - org.gradle.internal.logging.console.StyledTextOutputBackedRenderer::onOutput@187 (line 63)
                      ; - org.gradle.internal.logging.sink.LogEventDispatcher::dispatch@6 (line 47)
                      ; - org.gradle.internal.logging.sink.LogEventDispatcher::onOutput@56 (line 41)
                      ; - org.gradle.internal.logging.sink.OutputEventRenderer$LazyListener::onOutput@89 (line 480)
  0x000001ed13d1e4d0: ac05 77ff 

  0x000001ed13d1e4d4: ;   {other}
  0x000001ed13d1e4d4: 0f1f 8400 | c464 00b5 | e9bf bcff | ff4d 8b50 

  0x000001ed13d1e4e4: ;   {metadata('java/io/IOException')}
  0x000001ed13d1e4e4: 4849 bb98 | df09 0001 | 0000 004d | 3bd3 0f85 | 8d01 0000 | 4c8b 5424 | 7041 c642 | 0e01 e999 
  0x000001ed13d1e504: bcff ff44 | 8b50 084d | 33c0 4f8d | 04d0 4d8b 

  0x000001ed13d1e514: ;   {metadata('java/io/InterruptedIOException')}
  0x000001ed13d1e514: 5050 49bb | 6868 3f00 | 0100 0000 | 4d3b d30f | 8405 0100 | 004d 8b50 

  0x000001ed13d1e52c: ;   {metadata('java/io/IOException')}
  0x000001ed13d1e52c: 4849 bb98 | df09 0001 | 0000 004d | 3bd3 0f84 | 2c01 0000 | e9af 0100 | 0044 8b58 | 084d 33c0 
  0x000001ed13d1e54c: 4f8d 04d8 | 4d8b 5050 

  0x000001ed13d1e554: ;   {metadata('java/io/InterruptedIOException')}
  0x000001ed13d1e554: 49bb 6868 | 3f00 0100 | 0000 4d3b | d30f 84c7 | 0000 004d 

  0x000001ed13d1e568: ;   {metadata('java/io/IOException')}
  0x000001ed13d1e568: 8b50 4849 | bb98 df09 | 0001 0000 | 004d 3bd3 | 0f84 ee00 | 0000 e971 | 0100 0048 | 8984 2480 
  0x000001ed13d1e588: 0000 00eb | 4b48 8984 | 2480 0000 | 00eb 4148 | 8984 2480 | 0000 00eb | 37eb 2deb | 2b48 8984 
  0x000001ed13d1e5a8: 2480 0000 | 0048 8b94 | 2488 0000 | 0066 6690 

  0x000001ed13d1e5b8: ;   {optimized virtual_call}
  0x000001ed13d1e5b8: c5f8 77e8 

  0x000001ed13d1e5bc: ; ImmutableOopMap {rbp=Oop [88]=Derived_oop_rbp [32]=Oop [40]=Oop [48]=Oop [56]=Oop [64]=NarrowOop [68]=NarrowOop [72]=Oop [80]=Oop [96]=Oop [104]=Oop [112]=Oop [120]=Oop [128]=Oop }
                      ;*invokevirtual unlock {reexecute=0 rethrow=0 return_oop=0}
                      ; - java.io.BufferedWriter::flushBuffer@34
                      ; - java.io.PrintStream::implWrite@16
                      ; - java.io.PrintStream::write@16
                      ; - java.io.PrintStream::print@5
                      ; - java.io.PrintStream::append@5
                      ; - java.io.PrintStream::append@2
                      ; - org.gradle.internal.logging.text.StreamBackedStandardOutputListener::onOutput@5 (line 52)
                      ; - org.gradle.internal.logging.text.StreamingStyledTextOutput::doAppend@5 (line 55)
                      ; - org.gradle.internal.logging.text.AbstractStyledTextOutput::text@14 (line 87)
                      ; - org.gradle.internal.logging.console.StyledTextOutputBackedRenderer$OutputEventTextOutputImpl::doLineText@5 (line 90)
                      ; - org.gradle.internal.logging.text.AbstractLineChoppingStyledTextOutput$StateContext::flushLineText@109 (line 131)
                      ; - org.gradle.internal.logging.text.AbstractLineChoppingStyledTextOutput::doAppend@39 (line 47)
                      ; - org.gradle.internal.logging.text.AbstractStyledTextOutput::text@14 (line 87)
                      ; - org.gradle.internal.logging.console.StyledTextOutputBackedRenderer::onOutput@177 (line 62)
                      ; - org.gradle.internal.logging.sink.LogEventDispatcher::dispatch@6 (line 47)
                      ; - org.gradle.internal.logging.sink.LogEventDispatcher::onOutput@56 (line 41)
                      ; - org.gradle.internal.logging.sink.OutputEventRenderer$LazyListener::onOutput@89 (line 480)
  0x000001ed13d1e5bc: c004 77ff 

  0x000001ed13d1e5c0: ;   {other}
  0x000001ed13d1e5c0: 0f1f 8400 | b065 00b6 | 488b 8424 | 8000 0000 | 4889 8424 | 8000 0000 | 4c8b 5424 | 7845 8b52 
  0x000001ed13d1e5e0: 1845 85d2 | 0f84 4204 | 0000 498b 

  0x000001ed13d1e5ec: ;   {oop([B{0x0000000080d79f40})}
  0x000001ed13d1e5ec: d248 bd40 | 9fd7 8000 | 0000 0090 

  0x000001ed13d1e5f8: ;   {optimized virtual_call}
  0x000001ed13d1e5f8: c5f8 77e8 

  0x000001ed13d1e5fc: ; ImmutableOopMap {rbp=Oop [88]=Derived_oop_rbp [32]=Oop [40]=Oop [48]=Oop [56]=Oop [64]=NarrowOop [68]=NarrowOop [72]=Oop [80]=Oop [96]=Oop [104]=Oop [120]=Oop [128]=Oop }
                      ;*invokevirtual unlock {reexecute=0 rethrow=0 return_oop=0}
                      ; - java.io.PrintStream::write@34
                      ; - java.io.PrintStream::print@5
                      ; - java.io.PrintStream::append@5
                      ; - java.io.PrintStream::append@2
                      ; - org.gradle.internal.logging.text.StreamBackedStandardOutputListener::onOutput@5 (line 52)
                      ; - org.gradle.internal.logging.text.StreamingStyledTextOutput::doAppend@5 (line 55)
                      ; - org.gradle.internal.logging.text.AbstractStyledTextOutput::text@14 (line 87)
                      ; - org.gradle.internal.logging.console.StyledTextOutputBackedRenderer$OutputEventTextOutputImpl::doLineText@5 (line 90)
                      ; - org.gradle.internal.logging.text.AbstractLineChoppingStyledTextOutput$StateContext::flushLineText@109 (line 131)
                      ; - org.gradle.internal.logging.text.AbstractLineChoppingStyledTextOutput::doAppend@39 (line 47)
                      ; - org.gradle.internal.logging.text.AbstractStyledTextOutput::text@14 (line 87)
                      ; - org.gradle.internal.logging.console.StyledTextOutputBackedRenderer::onOutput@177 (line 62)
                      ; - org.gradle.internal.logging.sink.LogEventDispatcher::dispatch@6 (line 47)
                      ; - org.gradle.internal.logging.sink.LogEventDispatcher::onOutput@56 (line 41)
                      ; - org.gradle.internal.logging.sink.OutputEventRenderer$LazyListener::onOutput@89 (line 480)
  0x000001ed13d1e5fc: 8004 77ff 

  0x000001ed13d1e600: ;   {other}
  0x000001ed13d1e600: 0f1f 8400 | f065 00b7 | 4c8b 8c24 | 8000 0000 | 458b 5908 | 4d33 c04f | 8d04 d84d 

  0x000001ed13d1e61c: ;   {metadata('java/io/InterruptedIOException')}
  0x000001ed13d1e61c: 8b50 5049 | bb68 683f | 0001 0000 | 004d 3bd3 | 7527 488b 

  0x000001ed13d1e630: ;   {oop([B{0x0000000080d79f40})}
  0x000001ed13d1e630: 5424 2848 | bd40 9fd7 | 8000 0000 | 0066 6690 

  0x000001ed13d1e640: ;   {optimized virtual_call}
  0x000001ed13d1e640: c5f8 77e8 

  0x000001ed13d1e644: ; ImmutableOopMap {rbp=Oop [88]=Derived_oop_rbp [32]=Oop [40]=Oop [48]=Oop [56]=Oop [64]=NarrowOop [68]=NarrowOop [72]=Oop [80]=Oop [96]=Oop [104]=Oop [120]=Oop }
                      ;*invokevirtual interrupt {reexecute=0 rethrow=0 return_oop=0}
                      ; - java.io.PrintStream::write@68
                      ; - java.io.PrintStream::print@5
                      ; - java.io.PrintStream::append@5
                      ; - java.io.PrintStream::append@2
                      ; - org.gradle.internal.logging.text.StreamBackedStandardOutputListener::onOutput@5 (line 52)
                      ; - org.gradle.internal.logging.text.StreamingStyledTextOutput::doAppend@5 (line 55)
                      ; - org.gradle.internal.logging.text.AbstractStyledTextOutput::text@14 (line 87)
                      ; - org.gradle.internal.logging.console.StyledTextOutputBackedRenderer$OutputEventTextOutputImpl::doLineText@5 (line 90)
                      ; - org.gradle.internal.logging.text.AbstractLineChoppingStyledTextOutput$StateContext::flushLineText@109 (line 131)
                      ; - org.gradle.internal.logging.text.AbstractLineChoppingStyledTextOutput::doAppend@39 (line 47)
                      ; - org.gradle.internal.logging.text.AbstractStyledTextOutput::text@14 (line 87)
                      ; - org.gradle.internal.logging.console.StyledTextOutputBackedRenderer::onOutput@177 (line 62)
                      ; - org.gradle.internal.logging.sink.LogEventDispatcher::dispatch@6 (line 47)
                      ; - org.gradle.internal.logging.sink.LogEventDispatcher::onOutput@56 (line 41)
                      ; - org.gradle.internal.logging.sink.OutputEventRenderer$LazyListener::onOutput@89 (line 480)
  0x000001ed13d1e644: 3804 77ff 

  0x000001ed13d1e648: ;   {other}
  0x000001ed13d1e648: 0f1f 8400 | 3866 00b8 | e94f b1ff | ff4d 8b50 

  0x000001ed13d1e658: ;   {metadata('java/io/IOException')}
  0x000001ed13d1e658: 4849 bb98 | df09 0001 | 0000 004d | 3bd3 0f85 | 8000 0000 | 4c8b 5424 | 7841 c642 | 0e01 e929 
  0x000001ed13d1e678: b1ff ffe9 | c800 0000 | e9c3 0000 | 0048 8bc5 | 4d8b 5048 

  0x000001ed13d1e68c: ;   {metadata('java/io/IOException')}
  0x000001ed13d1e68c: 49bb 98df | 0900 0100 | 0000 4d3b | d30f 85a9 | 0000 0048 | 8bd0 4c8b | 5424 504c | 8954 2428 
  0x000001ed13d1e6ac: ;   {static_call}
  0x000001ed13d1e6ac: c5f8 77e8 

  0x000001ed13d1e6b0: ; ImmutableOopMap {[40]=Oop [48]=Oop [56]=Oop [64]=NarrowOop [88]=Oop [96]=Oop }
                      ;*invokestatic throwAsUncheckedException {reexecute=0 rethrow=0 return_oop=1}
                      ; - org.gradle.internal.logging.text.StreamBackedStandardOutputListener::onOutput@25 (line 55)
                      ; - org.gradle.internal.logging.text.StreamingStyledTextOutput::doAppend@5 (line 55)
                      ; - org.gradle.internal.logging.text.AbstractStyledTextOutput::text@14 (line 87)
                      ; - org.gradle.internal.logging.console.StyledTextOutputBackedRenderer$OutputEventTextOutputImpl::doLineText@5 (line 90)
                      ; - org.gradle.internal.logging.text.AbstractLineChoppingStyledTextOutput$StateContext::flushLineText@109 (line 131)
                      ; - org.gradle.internal.logging.text.AbstractLineChoppingStyledTextOutput::doAppend@39 (line 47)
                      ; - org.gradle.internal.logging.text.AbstractStyledTextOutput::text@14 (line 87)
                      ; - org.gradle.internal.logging.console.StyledTextOutputBackedRenderer::onOutput@187 (line 63)
                      ; - org.gradle.internal.logging.sink.LogEventDispatcher::dispatch@6 (line 47)
                      ; - org.gradle.internal.logging.sink.LogEventDispatcher::onOutput@56 (line 41)
                      ; - org.gradle.internal.logging.sink.OutputEventRenderer$LazyListener::onOutput@89 (line 480)
  0x000001ed13d1e6b0: cc09 77ff 

  0x000001ed13d1e6b4: ;   {other}
  0x000001ed13d1e6b4: 0f1f 8400 | a466 00b9 | 4885 c075 | 6cba f6ff | ffff 488b | 6c24 304c | 8b54 2438 | 4c89 5424 
  0x000001ed13d1e6d4: 2066 6690 

  0x000001ed13d1e6d8: ;   {runtime_call UncommonTrapBlob}
  0x000001ed13d1e6d8: c5f8 77e8 

  0x000001ed13d1e6dc: ; ImmutableOopMap {rbp=Oop [32]=Oop [64]=NarrowOop [88]=Oop [96]=Oop }
                      ;*athrow {reexecute=1 rethrow=0 return_oop=0}
                      ; - (reexecute) org.gradle.internal.logging.text.StreamBackedStandardOutputListener::onOutput@28 (line 55)
                      ; - org.gradle.internal.logging.text.StreamingStyledTextOutput::doAppend@5 (line 55)
                      ; - org.gradle.internal.logging.text.AbstractStyledTextOutput::text@14 (line 87)
                      ; - org.gradle.internal.logging.console.StyledTextOutputBackedRenderer$OutputEventTextOutputImpl::doLineText@5 (line 90)
                      ; - org.gradle.internal.logging.text.AbstractLineChoppingStyledTextOutput$StateContext::flushLineText@109 (line 131)
                      ; - org.gradle.internal.logging.text.AbstractLineChoppingStyledTextOutput::doAppend@39 (line 47)
                      ; - org.gradle.internal.logging.text.AbstractStyledTextOutput::text@14 (line 87)
                      ; - org.gradle.internal.logging.console.StyledTextOutputBackedRenderer::onOutput@187 (line 63)
                      ; - org.gradle.internal.logging.sink.LogEventDispatcher::dispatch@6 (line 47)
                      ; - org.gradle.internal.logging.sink.LogEventDispatcher::onOutput@56 (line 41)
                      ; - org.gradle.internal.logging.sink.OutputEventRenderer$LazyListener::onOutput@89 (line 480)
  0x000001ed13d1e6dc: 205c 77ff 

  0x000001ed13d1e6e0: ;   {other}
  0x000001ed13d1e6e0: 0f1f 8400 | d066 00ba | eb5e eb5c | 488b 8424 | 8000 0000 | 4d8b 5048 

  0x000001ed13d1e6f8: ;   {metadata('java/io/IOException')}
  0x000001ed13d1e6f8: 49bb 98df | 0900 0100 | 0000 4d3b | d375 4148 | 8bd0 4c8b | 5424 504c | 8954 2428 

  0x000001ed13d1e714: ;   {static_call}
  0x000001ed13d1e714: c5f8 77e8 

  0x000001ed13d1e718: ; ImmutableOopMap {[40]=Oop [48]=Oop [56]=Oop [64]=NarrowOop [72]=Oop [96]=Oop }
                      ;*invokestatic throwAsUncheckedException {reexecute=0 rethrow=0 return_oop=1}
                      ; - org.gradle.internal.logging.text.StreamBackedStandardOutputListener::onOutput@25 (line 55)
                      ; - org.gradle.internal.logging.text.StreamingStyledTextOutput::doAppend@5 (line 55)
                      ; - org.gradle.internal.logging.text.AbstractStyledTextOutput::text@14 (line 87)
                      ; - org.gradle.internal.logging.console.StyledTextOutputBackedRenderer$OutputEventTextOutputImpl::doLineText@5 (line 90)
                      ; - org.gradle.internal.logging.text.AbstractLineChoppingStyledTextOutput$StateContext::flushLineText@109 (line 131)
                      ; - org.gradle.internal.logging.text.AbstractLineChoppingStyledTextOutput::doAppend@39 (line 47)
                      ; - org.gradle.internal.logging.text.AbstractStyledTextOutput::text@14 (line 87)
                      ; - org.gradle.internal.logging.console.StyledTextOutputBackedRenderer::onOutput@177 (line 62)
                      ; - org.gradle.internal.logging.sink.LogEventDispatcher::dispatch@6 (line 47)
                      ; - org.gradle.internal.logging.sink.LogEventDispatcher::onOutput@56 (line 41)
                      ; - org.gradle.internal.logging.sink.OutputEventRenderer$LazyListener::onOutput@89 (line 480)
  0x000001ed13d1e718: 6409 77ff 

  0x000001ed13d1e71c: ;   {other}
  0x000001ed13d1e71c: 0f1f 8400 | 0c67 00bb | 4885 c00f | 8443 0400 | 0048 8bd0 | eb19 eb14 | eb12 eb10 | eb0e eb0c 
  0x000001ed13d1e73c: eb0a eb08 | eb06 eb04 | eb02 eb00 | 488b d0c5 | f877 4881 | c4d0 0000 

  0x000001ed13d1e754: ;   {runtime_call _rethrow_Java}
  0x000001ed13d1e754: 005d e9a5 | 6683 ff45 | 85d2 0f84 | 8c05 0000 | 498b d290 

  0x000001ed13d1e768: ;   {optimized virtual_call}
  0x000001ed13d1e768: c5f8 77e8 

  0x000001ed13d1e76c: ; ImmutableOopMap {rbp=Oop [48]=Oop [56]=Oop [64]=NarrowOop [80]=Oop [88]=Oop [96]=Oop }
                      ;*invokevirtual unlock {reexecute=0 rethrow=0 return_oop=0}
                      ; - java.io.PrintStream::flush@33
                      ; - org.gradle.internal.logging.text.StreamBackedStandardOutputListener::onOutput@15 (line 53)
                      ; - org.gradle.internal.logging.text.StreamingStyledTextOutput::doAppend@5 (line 55)
                      ; - org.gradle.internal.logging.text.AbstractStyledTextOutput::text@14 (line 87)
                      ; - org.gradle.internal.logging.console.StyledTextOutputBackedRenderer$OutputEventTextOutputImpl::doLineText@5 (line 90)
                      ; - org.gradle.internal.logging.text.AbstractLineChoppingStyledTextOutput$StateContext::flushLineText@109 (line 131)
                      ; - org.gradle.internal.logging.text.AbstractLineChoppingStyledTextOutput::doAppend@39 (line 47)
                      ; - org.gradle.internal.logging.text.AbstractStyledTextOutput::text@14 (line 87)
                      ; - org.gradle.internal.logging.console.StyledTextOutputBackedRenderer::onOutput@187 (line 63)
                      ; - org.gradle.internal.logging.sink.LogEventDispatcher::dispatch@6 (line 47)
                      ; - org.gradle.internal.logging.sink.LogEventDispatcher::onOutput@56 (line 41)
                      ; - org.gradle.internal.logging.sink.OutputEventRenderer$LazyListener::onOutput@89 (line 480)
  0x000001ed13d1e76c: 1003 77ff 

  0x000001ed13d1e770: ;   {other}
  0x000001ed13d1e770: 0f1f 8400 | 6067 00bc | 448b 4508 | 4d33 d24f | 8d14 c248 | 8bc5 e993 | fbff ff49 | 8bd7 c5f8 
  0x000001ed13d1e790: 7749 ba00 | 2a7b 8efc | 7f00 0041 

  0x000001ed13d1e79c: ;   {other}
  0x000001ed13d1e79c: ffd2 0f1f | 8400 0000 | 0000 e9d1 | c9ff ffba | 45ff ffff | 448b 5c24 | 4044 895c | 2420 4c8b 
  0x000001ed13d1e7bc: 5424 304c | 8954 2428 | 4c8b 5424 | 384c 8954 | 2430 4c8b | 5424 484c | 8954 2438 | 4889 7c24 
  0x000001ed13d1e7dc: 5066 6690 

  0x000001ed13d1e7e0: ;   {runtime_call UncommonTrapBlob}
  0x000001ed13d1e7e0: c5f8 77e8 

  0x000001ed13d1e7e4: ; ImmutableOopMap {[32]=NarrowOop [40]=Oop [48]=Oop [56]=Oop [80]=Oop [96]=Oop [104]=Oop }
                      ;*ifge {reexecute=1 rethrow=0 return_oop=0}
                      ; - (reexecute) java.util.concurrent.locks.ReentrantLock$NonfairSync::initialTryLock@36
                      ; - java.util.concurrent.locks.ReentrantLock$Sync::lock@1
                      ; - java.util.concurrent.locks.ReentrantLock::lock@4
                      ; - jdk.internal.misc.InternalLock::lock@4
                      ; - java.io.PrintStream::flush@11
                      ; - org.gradle.internal.logging.text.StreamBackedStandardOutputListener::onOutput@15 (line 53)
                      ; - org.gradle.internal.logging.text.StreamingStyledTextOutput::doAppend@5 (line 55)
                      ; - org.gradle.internal.logging.text.AbstractStyledTextOutput::text@14 (line 87)
                      ; - org.gradle.internal.logging.console.StyledTextOutputBackedRenderer$OutputEventTextOutputImpl::doLineText@5 (line 90)
                      ; - org.gradle.internal.logging.text.AbstractLineChoppingStyledTextOutput$StateContext::flushLineText@109 (line 131)
                      ; - org.gradle.internal.logging.text.AbstractLineChoppingStyledTextOutput::doAppend@39 (line 47)
                      ; - org.gradle.internal.logging.text.AbstractStyledTextOutput::text@14 (line 87)
                      ; - org.gradle.internal.logging.console.StyledTextOutputBackedRenderer::onOutput@177 (line 62)
                      ; - org.gradle.internal.logging.sink.LogEventDispatcher::dispatch@6 (line 47)
                      ; - org.gradle.internal.logging.sink.LogEventDispatcher::onOutput@56 (line 41)
                      ; - org.gradle.internal.logging.sink.OutputEventRenderer$LazyListener::onOutput@89 (line 480)
  0x000001ed13d1e7e4: 185b 77ff 

  0x000001ed13d1e7e8: ;   {other}
  0x000001ed13d1e7e8: 0f1f 8400 | d867 00bd | ba45 ffff | ff4c 8b54 | 2430 4c89 | 5424 204c | 8b54 2438 | 4c89 5424 
  0x000001ed13d1e808: 2844 8b54 | 2440 4489 | 5424 3048 | 897c 2450 

  0x000001ed13d1e818: ;   {runtime_call UncommonTrapBlob}
  0x000001ed13d1e818: c5f8 77e8 

  0x000001ed13d1e81c: ; ImmutableOopMap {[32]=Oop [40]=Oop [48]=NarrowOop [72]=Oop [80]=Oop [88]=Oop [96]=Oop }
                      ;*ifge {reexecute=1 rethrow=0 return_oop=0}
                      ; - (reexecute) java.util.concurrent.locks.ReentrantLock$NonfairSync::initialTryLock@36
                      ; - java.util.concurrent.locks.ReentrantLock$Sync::lock@1
                      ; - java.util.concurrent.locks.ReentrantLock::lock@4
                      ; - jdk.internal.misc.InternalLock::lock@4
                      ; - java.io.PrintStream::flush@11
                      ; - org.gradle.internal.logging.text.StreamBackedStandardOutputListener::onOutput@15 (line 53)
                      ; - org.gradle.internal.logging.text.StreamingStyledTextOutput::doAppend@5 (line 55)
                      ; - org.gradle.internal.logging.text.AbstractStyledTextOutput::text@14 (line 87)
                      ; - org.gradle.internal.logging.console.StyledTextOutputBackedRenderer$OutputEventTextOutputImpl::doLineText@5 (line 90)
                      ; - org.gradle.internal.logging.text.AbstractLineChoppingStyledTextOutput$StateContext::flushLineText@109 (line 131)
                      ; - org.gradle.internal.logging.text.AbstractLineChoppingStyledTextOutput::doAppend@39 (line 47)
                      ; - org.gradle.internal.logging.text.AbstractStyledTextOutput::text@14 (line 87)
                      ; - org.gradle.internal.logging.console.StyledTextOutputBackedRenderer::onOutput@187 (line 63)
                      ; - org.gradle.internal.logging.sink.LogEventDispatcher::dispatch@6 (line 47)
                      ; - org.gradle.internal.logging.sink.LogEventDispatcher::onOutput@56 (line 41)
                      ; - org.gradle.internal.logging.sink.OutputEventRenderer$LazyListener::onOutput@89 (line 480)
  0x000001ed13d1e81c: e05a 77ff 

  0x000001ed13d1e820: ;   {other}
  0x000001ed13d1e820: 0f1f 8400 | 1068 00be | baf6 ffff | ff66 6690 

  0x000001ed13d1e830: ;   {runtime_call UncommonTrapBlob}
  0x000001ed13d1e830: c5f8 77e8 

  0x000001ed13d1e834: ; ImmutableOopMap {[112]=Oop }
                      ;*invokevirtual append {reexecute=0 rethrow=0 return_oop=0}
                      ; - org.gradle.internal.logging.services.LoggingBackedStyledTextOutput::doLineText@5 (line 61)
                      ; - org.gradle.internal.logging.text.AbstractLineChoppingStyledTextOutput$StateContext::flushLineText@109 (line 131)
                      ; - org.gradle.internal.logging.text.AbstractLineChoppingStyledTextOutput::doAppend@39 (line 47)
                      ; - org.gradle.internal.logging.text.AbstractStyledTextOutput::text@14 (line 87)
                      ; - org.gradle.internal.logging.console.StyledTextOutputBackedRenderer::onOutput@177 (line 62)
                      ; - org.gradle.internal.logging.sink.LogEventDispatcher::dispatch@6 (line 47)
                      ; - org.gradle.internal.logging.sink.LogEventDispatcher::onOutput@56 (line 41)
                      ; - org.gradle.internal.logging.sink.OutputEventRenderer$LazyListener::onOutput@89 (line 480)
  0x000001ed13d1e834: c85a 77ff 

  0x000001ed13d1e838: ;   {other}
  0x000001ed13d1e838: 0f1f 8400 | 2868 00bf | baf6 ffff | ff48 8b6c | 2448 6690 

  0x000001ed13d1e84c: ;   {runtime_call UncommonTrapBlob}
  0x000001ed13d1e84c: c5f8 77e8 

  0x000001ed13d1e850: ; ImmutableOopMap {rbp=Oop }
                      ;*invokevirtual append {reexecute=0 rethrow=0 return_oop=0}
                      ; - org.gradle.internal.logging.services.LoggingBackedStyledTextOutput::doLineText@5 (line 61)
                      ; - org.gradle.internal.logging.text.AbstractLineChoppingStyledTextOutput$StateContext::flushLineText@109 (line 131)
                      ; - org.gradle.internal.logging.text.AbstractLineChoppingStyledTextOutput::doAppend@39 (line 47)
                      ; - org.gradle.internal.logging.text.AbstractStyledTextOutput::text@14 (line 87)
                      ; - org.gradle.internal.logging.console.StyledTextOutputBackedRenderer::onOutput@187 (line 63)
                      ; - org.gradle.internal.logging.sink.LogEventDispatcher::dispatch@6 (line 47)
                      ; - org.gradle.internal.logging.sink.LogEventDispatcher::onOutput@56 (line 41)
                      ; - org.gradle.internal.logging.sink.OutputEventRenderer$LazyListener::onOutput@89 (line 480)
  0x000001ed13d1e850: ac5a 77ff 

  0x000001ed13d1e854: ;   {other}
  0x000001ed13d1e854: 0f1f 8400 | 4468 00c0 | bac6 ffff | ff8b 6c24 | 404c 8b54 | 2430 4c89 | 5424 204c | 8b54 2438 
  0x000001ed13d1e874: 4c89 5424 | 2844 895c | 2430 6690 

  0x000001ed13d1e880: ;   {runtime_call UncommonTrapBlob}
  0x000001ed13d1e880: c5f8 77e8 

  0x000001ed13d1e884: ; ImmutableOopMap {rbp=NarrowOop [32]=Oop [40]=Oop [48]=NarrowOop [112]=Oop }
                      ;*invokevirtual doLineText {reexecute=0 rethrow=0 return_oop=0}
                      ; - org.gradle.internal.logging.text.AbstractLineChoppingStyledTextOutput$StateContext::flushLineText@109 (line 131)
                      ; - org.gradle.internal.logging.text.AbstractLineChoppingStyledTextOutput::doAppend@39 (line 47)
                      ; - org.gradle.internal.logging.text.AbstractStyledTextOutput::text@14 (line 87)
                      ; - org.gradle.internal.logging.console.StyledTextOutputBackedRenderer::onOutput@177 (line 62)
                      ; - org.gradle.internal.logging.sink.LogEventDispatcher::dispatch@6 (line 47)
                      ; - org.gradle.internal.logging.sink.LogEventDispatcher::onOutput@56 (line 41)
                      ; - org.gradle.internal.logging.sink.OutputEventRenderer$LazyListener::onOutput@89 (line 480)
  0x000001ed13d1e884: 785a 77ff 

  0x000001ed13d1e888: ;   {other}
  0x000001ed13d1e888: 0f1f 8400 | 7868 00c1 | bac6 ffff | ff48 8b6c | 2430 4489 | 5424 2c90 

  0x000001ed13d1e8a0: ;   {runtime_call UncommonTrapBlob}
  0x000001ed13d1e8a0: c5f8 77e8 

  0x000001ed13d1e8a4: ; ImmutableOopMap {rbp=Oop [44]=NarrowOop [56]=Oop [64]=NarrowOop [72]=Oop }
                      ;*invokevirtual doLineText {reexecute=0 rethrow=0 return_oop=0}
                      ; - org.gradle.internal.logging.text.AbstractLineChoppingStyledTextOutput$StateContext::flushLineText@109 (line 131)
                      ; - org.gradle.internal.logging.text.AbstractLineChoppingStyledTextOutput::doAppend@39 (line 47)
                      ; - org.gradle.internal.logging.text.AbstractStyledTextOutput::text@14 (line 87)
                      ; - org.gradle.internal.logging.console.StyledTextOutputBackedRenderer::onOutput@187 (line 63)
                      ; - org.gradle.internal.logging.sink.LogEventDispatcher::dispatch@6 (line 47)
                      ; - org.gradle.internal.logging.sink.LogEventDispatcher::onOutput@56 (line 41)
                      ; - org.gradle.internal.logging.sink.OutputEventRenderer$LazyListener::onOutput@89 (line 480)
  0x000001ed13d1e8a4: 585a 77ff 

  0x000001ed13d1e8a8: ;   {other}
  0x000001ed13d1e8a8: 0f1f 8400 | 9868 00c2 | bac6 ffff | ff44 8b5c | 2440 4489 | 5c24 204c | 8b54 2430 | 4c89 5424 
  0x000001ed13d1e8c8: 284c 8b54 | 2438 4c89 | 5424 304c | 8b54 2448 | 4c89 5424 | 384c 8b54 | 2468 4c89 | 5424 5090 
  0x000001ed13d1e8e8: ;   {runtime_call UncommonTrapBlob}
  0x000001ed13d1e8e8: c5f8 77e8 

  0x000001ed13d1e8ec: ; ImmutableOopMap {rbp=NarrowOop [32]=NarrowOop [40]=Oop [48]=Oop [56]=Oop [80]=Oop [96]=Oop [104]=Oop }
                      ;*invokevirtual flush {reexecute=0 rethrow=0 return_oop=0}
                      ; - java.io.PrintStream::implFlush@8
                      ; - java.io.PrintStream::flush@15
                      ; - org.gradle.internal.logging.text.StreamBackedStandardOutputListener::onOutput@15 (line 53)
                      ; - org.gradle.internal.logging.text.StreamingStyledTextOutput::doAppend@5 (line 55)
                      ; - org.gradle.internal.logging.text.AbstractStyledTextOutput::text@14 (line 87)
                      ; - org.gradle.internal.logging.console.StyledTextOutputBackedRenderer$OutputEventTextOutputImpl::doLineText@5 (line 90)
                      ; - org.gradle.internal.logging.text.AbstractLineChoppingStyledTextOutput$StateContext::flushLineText@109 (line 131)
                      ; - org.gradle.internal.logging.text.AbstractLineChoppingStyledTextOutput::doAppend@39 (line 47)
                      ; - org.gradle.internal.logging.text.AbstractStyledTextOutput::text@14 (line 87)
                      ; - org.gradle.internal.logging.console.StyledTextOutputBackedRenderer::onOutput@177 (line 62)
                      ; - org.gradle.internal.logging.sink.LogEventDispatcher::dispatch@6 (line 47)
                      ; - org.gradle.internal.logging.sink.LogEventDispatcher::onOutput@56 (line 41)
                      ; - org.gradle.internal.logging.sink.OutputEventRenderer$LazyListener::onOutput@89 (line 480)
  0x000001ed13d1e8ec: 105a 77ff 

  0x000001ed13d1e8f0: ;   {other}
  0x000001ed13d1e8f0: 0f1f 8400 | e068 00c3 | bac6 ffff | ff4c 8b54 | 2430 4c89 | 5424 204c | 8b54 2438 | 4c89 5424 
  0x000001ed13d1e910: 2844 8b54 | 2440 4489 | 5424 3090 

  0x000001ed13d1e91c: ;   {runtime_call UncommonTrapBlob}
  0x000001ed13d1e91c: c5f8 77e8 

  0x000001ed13d1e920: ; ImmutableOopMap {rbp=NarrowOop [32]=Oop [40]=Oop [48]=NarrowOop [72]=Oop [88]=Oop [96]=Oop }
                      ;*invokevirtual flush {reexecute=0 rethrow=0 return_oop=0}
                      ; - java.io.PrintStream::implFlush@8
                      ; - java.io.PrintStream::flush@15
                      ; - org.gradle.internal.logging.text.StreamBackedStandardOutputListener::onOutput@15 (line 53)
                      ; - org.gradle.internal.logging.text.StreamingStyledTextOutput::doAppend@5 (line 55)
                      ; - org.gradle.internal.logging.text.AbstractStyledTextOutput::text@14 (line 87)
                      ; - org.gradle.internal.logging.console.StyledTextOutputBackedRenderer$OutputEventTextOutputImpl::doLineText@5 (line 90)
                      ; - org.gradle.internal.logging.text.AbstractLineChoppingStyledTextOutput$StateContext::flushLineText@109 (line 131)
                      ; - org.gradle.internal.logging.text.AbstractLineChoppingStyledTextOutput::doAppend@39 (line 47)
                      ; - org.gradle.internal.logging.text.AbstractStyledTextOutput::text@14 (line 87)
                      ; - org.gradle.internal.logging.console.StyledTextOutputBackedRenderer::onOutput@187 (line 63)
                      ; - org.gradle.internal.logging.sink.LogEventDispatcher::dispatch@6 (line 47)
                      ; - org.gradle.internal.logging.sink.LogEventDispatcher::onOutput@56 (line 41)
                      ; - org.gradle.internal.logging.sink.OutputEventRenderer$LazyListener::onOutput@89 (line 480)
  0x000001ed13d1e920: dc59 77ff 

  0x000001ed13d1e924: ;   {other}
  0x000001ed13d1e924: 0f1f 8400 | 1469 00c4 | baf6 ffff | ff8b 6c24 | 404c 8b54 | 2430 4c89 | 5424 204c | 8b54 2438 
  0x000001ed13d1e944: 4c89 5424 | 284c 8b54 | 2448 4c89 | 5424 304c | 8b54 2468 | 4c89 5424 | 4866 6690 

  0x000001ed13d1e960: ;   {runtime_call UncommonTrapBlob}
  0x000001ed13d1e960: c5f8 77e8 

  0x000001ed13d1e964: ; ImmutableOopMap {rbp=NarrowOop [32]=Oop [40]=Oop [48]=Oop [72]=Oop [96]=Oop [104]=Oop }
                      ;*invokevirtual release {reexecute=0 rethrow=0 return_oop=0}
                      ; - java.util.concurrent.locks.ReentrantLock::unlock@5
                      ; - jdk.internal.misc.InternalLock::unlock@4
                      ; - java.io.BufferedOutputStream::flush@22
                      ; - java.io.PrintStream::implFlush@8
                      ; - java.io.PrintStream::flush@15
                      ; - org.gradle.internal.logging.text.StreamBackedStandardOutputListener::onOutput@15 (line 53)
                      ; - org.gradle.internal.logging.text.StreamingStyledTextOutput::doAppend@5 (line 55)
                      ; - org.gradle.internal.logging.text.AbstractStyledTextOutput::text@14 (line 87)
                      ; - org.gradle.internal.logging.console.StyledTextOutputBackedRenderer$OutputEventTextOutputImpl::doLineText@5 (line 90)
                      ; - org.gradle.internal.logging.text.AbstractLineChoppingStyledTextOutput$StateContext::flushLineText@109 (line 131)
                      ; - org.gradle.internal.logging.text.AbstractLineChoppingStyledTextOutput::doAppend@39 (line 47)
                      ; - org.gradle.internal.logging.text.AbstractStyledTextOutput::text@14 (line 87)
                      ; - org.gradle.internal.logging.console.StyledTextOutputBackedRenderer::onOutput@177 (line 62)
                      ; - org.gradle.internal.logging.sink.LogEventDispatcher::dispatch@6 (line 47)
                      ; - org.gradle.internal.logging.sink.LogEventDispatcher::onOutput@56 (line 41)
                      ; - org.gradle.internal.logging.sink.OutputEventRenderer$LazyListener::onOutput@89 (line 480)
  0x000001ed13d1e964: 9859 77ff 

  0x000001ed13d1e968: ;   {other}
  0x000001ed13d1e968: 0f1f 8400 | 5869 00c5 | baf6 ffff | ff48 8b6c | 2430 4c8b | 5424 384c | 8954 2420 | 448b 5c24 
  0x000001ed13d1e988: 4044 895c | 2428 6690 

  0x000001ed13d1e990: ;   {runtime_call UncommonTrapBlob}
  0x000001ed13d1e990: c5f8 77e8 

  0x000001ed13d1e994: ; ImmutableOopMap {rbp=Oop [32]=Oop [40]=NarrowOop [72]=Oop [88]=Oop [96]=Oop }
                      ;*invokevirtual release {reexecute=0 rethrow=0 return_oop=0}
                      ; - java.util.concurrent.locks.ReentrantLock::unlock@5
                      ; - jdk.internal.misc.InternalLock::unlock@4
                      ; - java.io.BufferedOutputStream::flush@22
                      ; - java.io.PrintStream::implFlush@8
                      ; - java.io.PrintStream::flush@15
                      ; - org.gradle.internal.logging.text.StreamBackedStandardOutputListener::onOutput@15 (line 53)
                      ; - org.gradle.internal.logging.text.StreamingStyledTextOutput::doAppend@5 (line 55)
                      ; - org.gradle.internal.logging.text.AbstractStyledTextOutput::text@14 (line 87)
                      ; - org.gradle.internal.logging.console.StyledTextOutputBackedRenderer$OutputEventTextOutputImpl::doLineText@5 (line 90)
                      ; - org.gradle.internal.logging.text.AbstractLineChoppingStyledTextOutput$StateContext::flushLineText@109 (line 131)
                      ; - org.gradle.internal.logging.text.AbstractLineChoppingStyledTextOutput::doAppend@39 (line 47)
                      ; - org.gradle.internal.logging.text.AbstractStyledTextOutput::text@14 (line 87)
                      ; - org.gradle.internal.logging.console.StyledTextOutputBackedRenderer::onOutput@187 (line 63)
                      ; - org.gradle.internal.logging.sink.LogEventDispatcher::dispatch@6 (line 47)
                      ; - org.gradle.internal.logging.sink.LogEventDispatcher::onOutput@56 (line 41)
                      ; - org.gradle.internal.logging.sink.OutputEventRenderer$LazyListener::onOutput@89 (line 480)
  0x000001ed13d1e994: 6859 77ff 

  0x000001ed13d1e998: ;   {other}
  0x000001ed13d1e998: 0f1f 8400 | 8869 00c6 | 498b d34c | 8d84 24c0 

  0x000001ed13d1e9a8: ;   {oop([B{0x0000000080d79f40})}
  0x000001ed13d1e9a8: 0000 0048 | bd40 9fd7 | 8000 0000 | 0066 6690 

  0x000001ed13d1e9b8: ;   {runtime_call _complete_monitor_locking_Java}
  0x000001ed13d1e9b8: c5f8 77e8 

  0x000001ed13d1e9bc: ; ImmutableOopMap {rbp=Oop [88]=Derived_oop_rbp [32]=Oop [40]=Oop [48]=Oop [56]=Oop [64]=NarrowOop [68]=NarrowOop [72]=Oop [80]=Oop [96]=Oop [104]=Oop [112]=Oop }
                      ;*monitorenter {reexecute=0 rethrow=0 return_oop=0}
                      ; - java.io.BufferedOutputStream::flush@44
                      ; - java.io.PrintStream::implFlush@8
                      ; - java.io.PrintStream::flush@15
                      ; - org.gradle.internal.logging.text.StreamBackedStandardOutputListener::onOutput@15 (line 53)
                      ; - org.gradle.internal.logging.text.StreamingStyledTextOutput::doAppend@5 (line 55)
                      ; - org.gradle.internal.logging.text.AbstractStyledTextOutput::text@14 (line 87)
                      ; - org.gradle.internal.logging.console.StyledTextOutputBackedRenderer$OutputEventTextOutputImpl::doLineText@5 (line 90)
                      ; - org.gradle.internal.logging.text.AbstractLineChoppingStyledTextOutput$StateContext::flushLineText@109 (line 131)
                      ; - org.gradle.internal.logging.text.AbstractLineChoppingStyledTextOutput::doAppend@39 (line 47)
                      ; - org.gradle.internal.logging.text.AbstractStyledTextOutput::text@14 (line 87)
                      ; - org.gradle.internal.logging.console.StyledTextOutputBackedRenderer::onOutput@177 (line 62)
                      ; - org.gradle.internal.logging.sink.LogEventDispatcher::dispatch@6 (line 47)
                      ; - org.gradle.internal.logging.sink.LogEventDispatcher::onOutput@56 (line 41)
                      ; - org.gradle.internal.logging.sink.OutputEventRenderer$LazyListener::onOutput@89 (line 480)
  0x000001ed13d1e9bc: 40e5 82ff 

  0x000001ed13d1e9c0: ;   {other}
  0x000001ed13d1e9c0: 0f1f 8400 | b069 00c7 | e92a caff | ff4c 895c | 2448 498b | e849 8bd3 | 4c8d 8424 | c000 0000 
  0x000001ed13d1e9e0: ;   {runtime_call _complete_monitor_locking_Java}
  0x000001ed13d1e9e0: c5f8 77e8 

  0x000001ed13d1e9e4: ; ImmutableOopMap {rbp=Oop [32]=Oop [40]=Oop [48]=Oop [56]=Oop [64]=NarrowOop [72]=Oop [80]=Oop [88]=Oop [96]=Oop }
                      ;*monitorenter {reexecute=0 rethrow=0 return_oop=0}
                      ; - java.io.BufferedOutputStream::flush@44
                      ; - java.io.PrintStream::implFlush@8
                      ; - java.io.PrintStream::flush@15
                      ; - org.gradle.internal.logging.text.StreamBackedStandardOutputListener::onOutput@15 (line 53)
                      ; - org.gradle.internal.logging.text.StreamingStyledTextOutput::doAppend@5 (line 55)
                      ; - org.gradle.internal.logging.text.AbstractStyledTextOutput::text@14 (line 87)
                      ; - org.gradle.internal.logging.console.StyledTextOutputBackedRenderer$OutputEventTextOutputImpl::doLineText@5 (line 90)
                      ; - org.gradle.internal.logging.text.AbstractLineChoppingStyledTextOutput$StateContext::flushLineText@109 (line 131)
                      ; - org.gradle.internal.logging.text.AbstractLineChoppingStyledTextOutput::doAppend@39 (line 47)
                      ; - org.gradle.internal.logging.text.AbstractStyledTextOutput::text@14 (line 87)
                      ; - org.gradle.internal.logging.console.StyledTextOutputBackedRenderer::onOutput@187 (line 63)
                      ; - org.gradle.internal.logging.sink.LogEventDispatcher::dispatch@6 (line 47)
                      ; - org.gradle.internal.logging.sink.LogEventDispatcher::onOutput@56 (line 41)
                      ; - org.gradle.internal.logging.sink.OutputEventRenderer$LazyListener::onOutput@89 (line 480)
  0x000001ed13d1e9e4: 18e5 82ff 

  0x000001ed13d1e9e8: ;   {other}
  0x000001ed13d1e9e8: 0f1f 8400 | d869 00c8 | 4c8b c54c | 8b5c 2448 | e900 cdff | ffba f6ff | ffff 6690 

  0x000001ed13d1ea04: ;   {runtime_call UncommonTrapBlob}
  0x000001ed13d1ea04: c5f8 77e8 

  0x000001ed13d1ea08: ; ImmutableOopMap {}
                      ;*invokevirtual length {reexecute=0 rethrow=0 return_oop=0}
                      ; - org.gradle.internal.logging.text.AbstractLineChoppingStyledTextOutput$StateContext::flushLineText@98 (line 130)
                      ; - org.gradle.internal.logging.text.AbstractLineChoppingStyledTextOutput::doAppend@39 (line 47)
                      ; - org.gradle.internal.logging.text.AbstractStyledTextOutput::text@14 (line 87)
                      ; - org.gradle.internal.logging.console.StyledTextOutputBackedRenderer::onOutput@177 (line 62)
                      ; - org.gradle.internal.logging.sink.LogEventDispatcher::dispatch@6 (line 47)
                      ; - org.gradle.internal.logging.sink.LogEventDispatcher::onOutput@56 (line 41)
                      ; - org.gradle.internal.logging.sink.OutputEventRenderer$LazyListener::onOutput@89 (line 480)
  0x000001ed13d1ea08: f458 77ff 

  0x000001ed13d1ea0c: ;   {other}
  0x000001ed13d1ea0c: 0f1f 8400 | fc69 00c9 | baf6 ffff | ff66 6690 

  0x000001ed13d1ea1c: ;   {runtime_call UncommonTrapBlob}
  0x000001ed13d1ea1c: c5f8 77e8 

  0x000001ed13d1ea20: ; ImmutableOopMap {}
                      ;*invokevirtual length {reexecute=0 rethrow=0 return_oop=0}
                      ; - org.gradle.internal.logging.text.AbstractLineChoppingStyledTextOutput$StateContext::flushLineText@98 (line 130)
                      ; - org.gradle.internal.logging.text.AbstractLineChoppingStyledTextOutput::doAppend@39 (line 47)
                      ; - org.gradle.internal.logging.text.AbstractStyledTextOutput::text@14 (line 87)
                      ; - org.gradle.internal.logging.console.StyledTextOutputBackedRenderer::onOutput@187 (line 63)
                      ; - org.gradle.internal.logging.sink.LogEventDispatcher::dispatch@6 (line 47)
                      ; - org.gradle.internal.logging.sink.LogEventDispatcher::onOutput@56 (line 41)
                      ; - org.gradle.internal.logging.sink.OutputEventRenderer$LazyListener::onOutput@89 (line 480)
  0x000001ed13d1ea20: dc58 77ff 

  0x000001ed13d1ea24: ;   {other}
  0x000001ed13d1ea24: 0f1f 8400 | 146a 00ca | baf6 ffff | ff8b 6c24 | 404c 8b54 | 2430 4c89 | 5424 204c | 8b54 2438 
  0x000001ed13d1ea44: 4c89 5424 | 284c 8b54 | 2448 4c89 | 5424 304c | 8b54 2478 | 4c89 5424 | 5066 6690 

  0x000001ed13d1ea60: ;   {runtime_call UncommonTrapBlob}
  0x000001ed13d1ea60: c5f8 77e8 

  0x000001ed13d1ea64: ; ImmutableOopMap {rbp=NarrowOop [32]=Oop [40]=Oop [48]=Oop [80]=Oop [96]=Oop [104]=Oop [120]=Oop [128]=Oop }
                      ;*invokevirtual unlock {reexecute=0 rethrow=0 return_oop=0}
                      ; - java.io.PrintStream::write@34
                      ; - java.io.PrintStream::print@5
                      ; - java.io.PrintStream::append@5
                      ; - java.io.PrintStream::append@2
                      ; - org.gradle.internal.logging.text.StreamBackedStandardOutputListener::onOutput@5 (line 52)
                      ; - org.gradle.internal.logging.text.StreamingStyledTextOutput::doAppend@5 (line 55)
                      ; - org.gradle.internal.logging.text.AbstractStyledTextOutput::text@14 (line 87)
                      ; - org.gradle.internal.logging.console.StyledTextOutputBackedRenderer$OutputEventTextOutputImpl::doLineText@5 (line 90)
                      ; - org.gradle.internal.logging.text.AbstractLineChoppingStyledTextOutput$StateContext::flushLineText@109 (line 131)
                      ; - org.gradle.internal.logging.text.AbstractLineChoppingStyledTextOutput::doAppend@39 (line 47)
                      ; - org.gradle.internal.logging.text.AbstractStyledTextOutput::text@14 (line 87)
                      ; - org.gradle.internal.logging.console.StyledTextOutputBackedRenderer::onOutput@177 (line 62)
                      ; - org.gradle.internal.logging.sink.LogEventDispatcher::dispatch@6 (line 47)
                      ; - org.gradle.internal.logging.sink.LogEventDispatcher::onOutput@56 (line 41)
                      ; - org.gradle.internal.logging.sink.OutputEventRenderer$LazyListener::onOutput@89 (line 480)
  0x000001ed13d1ea64: 9858 77ff 

  0x000001ed13d1ea68: ;   {other}
  0x000001ed13d1ea68: 0f1f 8400 | 586a 00cb | baf6 ffff | ff4c 8b54 | 2430 4c89 | 5424 204c | 8b54 2438 | 4c89 5424 
  0x000001ed13d1ea88: 2844 8b54 | 2440 4489 | 5424 304c | 8b54 2458 | 4c89 5424 | 384c 8b54 | 2470 4c89 | 5424 5890 
  0x000001ed13d1eaa8: ;   {runtime_call UncommonTrapBlob}
  0x000001ed13d1eaa8: c5f8 77e8 

  0x000001ed13d1eaac: ; ImmutableOopMap {rbp=Oop [32]=Oop [40]=Oop [48]=NarrowOop [56]=Oop [88]=Oop [96]=Oop [104]=Oop [112]=Oop }
                      ;*invokevirtual unlock {reexecute=0 rethrow=0 return_oop=0}
                      ; - java.io.PrintStream::write@34
                      ; - java.io.PrintStream::print@5
                      ; - java.io.PrintStream::append@5
                      ; - java.io.PrintStream::append@2
                      ; - org.gradle.internal.logging.text.StreamBackedStandardOutputListener::onOutput@5 (line 52)
                      ; - org.gradle.internal.logging.text.StreamingStyledTextOutput::doAppend@5 (line 55)
                      ; - org.gradle.internal.logging.text.AbstractStyledTextOutput::text@14 (line 87)
                      ; - org.gradle.internal.logging.console.StyledTextOutputBackedRenderer$OutputEventTextOutputImpl::doLineText@5 (line 90)
                      ; - org.gradle.internal.logging.text.AbstractLineChoppingStyledTextOutput$StateContext::flushLineText@109 (line 131)
                      ; - org.gradle.internal.logging.text.AbstractLineChoppingStyledTextOutput::doAppend@39 (line 47)
                      ; - org.gradle.internal.logging.text.AbstractStyledTextOutput::text@14 (line 87)
                      ; - org.gradle.internal.logging.console.StyledTextOutputBackedRenderer::onOutput@187 (line 63)
                      ; - org.gradle.internal.logging.sink.LogEventDispatcher::dispatch@6 (line 47)
                      ; - org.gradle.internal.logging.sink.LogEventDispatcher::onOutput@56 (line 41)
                      ; - org.gradle.internal.logging.sink.OutputEventRenderer$LazyListener::onOutput@89 (line 480)
  0x000001ed13d1eaac: 5058 77ff 

  0x000001ed13d1eab0: ;   {other}
  0x000001ed13d1eab0: 0f1f 8400 | a06a 00cc | bac6 ffff | ff8b 6c24 | 404c 8b54 | 2430 4c89 | 5424 204c | 8b54 2438 
  0x000001ed13d1ead0: 4c89 5424 | 284c 8b54 | 2448 4c89 | 5424 3089 | 5c24 4c90 

  0x000001ed13d1eae4: ;   {runtime_call UncommonTrapBlob}
  0x000001ed13d1eae4: c5f8 77e8 

  0x000001ed13d1eae8: ; ImmutableOopMap {rbp=NarrowOop [32]=Oop [40]=Oop [48]=Oop [76]=NarrowOop [96]=Oop [104]=Oop }
                      ;*invokevirtual initialTryLock {reexecute=0 rethrow=0 return_oop=0}
                      ; - java.util.concurrent.locks.ReentrantLock$Sync::lock@1
                      ; - java.util.concurrent.locks.ReentrantLock::lock@4
                      ; - jdk.internal.misc.InternalLock::lock@4
                      ; - java.io.PrintStream::flush@11
                      ; - org.gradle.internal.logging.text.StreamBackedStandardOutputListener::onOutput@15 (line 53)
                      ; - org.gradle.internal.logging.text.StreamingStyledTextOutput::doAppend@5 (line 55)
                      ; - org.gradle.internal.logging.text.AbstractStyledTextOutput::text@14 (line 87)
                      ; - org.gradle.internal.logging.console.StyledTextOutputBackedRenderer$OutputEventTextOutputImpl::doLineText@5 (line 90)
                      ; - org.gradle.internal.logging.text.AbstractLineChoppingStyledTextOutput$StateContext::flushLineText@109 (line 131)
                      ; - org.gradle.internal.logging.text.AbstractLineChoppingStyledTextOutput::doAppend@39 (line 47)
                      ; - org.gradle.internal.logging.text.AbstractStyledTextOutput::text@14 (line 87)
                      ; - org.gradle.internal.logging.console.StyledTextOutputBackedRenderer::onOutput@177 (line 62)
                      ; - org.gradle.internal.logging.sink.LogEventDispatcher::dispatch@6 (line 47)
                      ; - org.gradle.internal.logging.sink.LogEventDispatcher::onOutput@56 (line 41)
                      ; - org.gradle.internal.logging.sink.OutputEventRenderer$LazyListener::onOutput@89 (line 480)
  0x000001ed13d1eae8: 1458 77ff 

  0x000001ed13d1eaec: ;   {other}
  0x000001ed13d1eaec: 0f1f 8400 | dc6a 00cd | bac6 ffff | ff48 8b6c | 2430 4c8b | 5424 384c | 8954 2420 | 448b 5424 
  0x000001ed13d1eb0c: 4044 8954 | 2428 4c8b | 5424 484c | 8954 2440 | 895c 2448 

  0x000001ed13d1eb20: ;   {runtime_call UncommonTrapBlob}
  0x000001ed13d1eb20: c5f8 77e8 

  0x000001ed13d1eb24: ; ImmutableOopMap {rbp=Oop [32]=Oop [40]=NarrowOop [64]=Oop [72]=NarrowOop [88]=Oop [96]=Oop }
                      ;*invokevirtual initialTryLock {reexecute=0 rethrow=0 return_oop=0}
                      ; - java.util.concurrent.locks.ReentrantLock$Sync::lock@1
                      ; - java.util.concurrent.locks.ReentrantLock::lock@4
                      ; - jdk.internal.misc.InternalLock::lock@4
                      ; - java.io.PrintStream::flush@11
                      ; - org.gradle.internal.logging.text.StreamBackedStandardOutputListener::onOutput@15 (line 53)
                      ; - org.gradle.internal.logging.text.StreamingStyledTextOutput::doAppend@5 (line 55)
                      ; - org.gradle.internal.logging.text.AbstractStyledTextOutput::text@14 (line 87)
                      ; - org.gradle.internal.logging.console.StyledTextOutputBackedRenderer$OutputEventTextOutputImpl::doLineText@5 (line 90)
                      ; - org.gradle.internal.logging.text.AbstractLineChoppingStyledTextOutput$StateContext::flushLineText@109 (line 131)
                      ; - org.gradle.internal.logging.text.AbstractLineChoppingStyledTextOutput::doAppend@39 (line 47)
                      ; - org.gradle.internal.logging.text.AbstractStyledTextOutput::text@14 (line 87)
                      ; - org.gradle.internal.logging.console.StyledTextOutputBackedRenderer::onOutput@187 (line 63)
                      ; - org.gradle.internal.logging.sink.LogEventDispatcher::dispatch@6 (line 47)
                      ; - org.gradle.internal.logging.sink.LogEventDispatcher::onOutput@56 (line 41)
                      ; - org.gradle.internal.logging.sink.OutputEventRenderer$LazyListener::onOutput@89 (line 480)
  0x000001ed13d1eb24: d857 77ff 

  0x000001ed13d1eb28: ;   {other}
  0x000001ed13d1eb28: 0f1f 8400 | 186b 00ce | 498b d7c5 | f877 49ba | 002a 7b8e | fc7f 0000 

  0x000001ed13d1eb40: ;   {other}
  0x000001ed13d1eb40: 41ff d20f | 1f84 0000 | 0000 00e9 | bde0 ffff | 498b d7c5 | f877 49ba | 002a 7b8e | fc7f 0000 
  0x000001ed13d1eb60: ;   {other}
  0x000001ed13d1eb60: 41ff d20f | 1f84 0000 | 0000 00e9 | 4fe1 ffff | baf6 ffff | ff8b 6c24 | 404c 8b54 | 2430 4c89 
  0x000001ed13d1eb80: 5424 204c | 8b54 2438 | 4c89 5424 | 2866 6690 

  0x000001ed13d1eb90: ;   {runtime_call UncommonTrapBlob}
  0x000001ed13d1eb90: c5f8 77e8 

  0x000001ed13d1eb94: ; ImmutableOopMap {rbp=NarrowOop [32]=Oop [40]=Oop [72]=Oop [96]=Oop }
                      ;*athrow {reexecute=1 rethrow=0 return_oop=0}
                      ; - (reexecute) org.gradle.internal.logging.text.StreamBackedStandardOutputListener::onOutput@28 (line 55)
                      ; - org.gradle.internal.logging.text.StreamingStyledTextOutput::doAppend@5 (line 55)
                      ; - org.gradle.internal.logging.text.AbstractStyledTextOutput::text@14 (line 87)
                      ; - org.gradle.internal.logging.console.StyledTextOutputBackedRenderer$OutputEventTextOutputImpl::doLineText@5 (line 90)
                      ; - org.gradle.internal.logging.text.AbstractLineChoppingStyledTextOutput$StateContext::flushLineText@109 (line 131)
                      ; - org.gradle.internal.logging.text.AbstractLineChoppingStyledTextOutput::doAppend@39 (line 47)
                      ; - org.gradle.internal.logging.text.AbstractStyledTextOutput::text@14 (line 87)
                      ; - org.gradle.internal.logging.console.StyledTextOutputBackedRenderer::onOutput@177 (line 62)
                      ; - org.gradle.internal.logging.sink.LogEventDispatcher::dispatch@6 (line 47)
                      ; - org.gradle.internal.logging.sink.LogEventDispatcher::onOutput@56 (line 41)
                      ; - org.gradle.internal.logging.sink.OutputEventRenderer$LazyListener::onOutput@89 (line 480)
  0x000001ed13d1eb94: 6857 77ff 

  0x000001ed13d1eb98: ;   {other}
  0x000001ed13d1eb98: 0f1f 8400 | 886b 00cf | ba45 ffff | ff44 8b44 | 2440 4489 | 4424 204c | 8b44 2448 | 4c89 4424 
  0x000001ed13d1ebb8: 404c 8b44 | 2460 4c89 | 4424 484c | 8b44 2468 | 4c89 4424 | 5048 897c | 2460 4489 | 5c24 2444 
  0x000001ed13d1ebd8: 8954 2468 

  0x000001ed13d1ebdc: ;   {runtime_call UncommonTrapBlob}
  0x000001ed13d1ebdc: c5f8 77e8 

  0x000001ed13d1ebe0: ; ImmutableOopMap {[32]=NarrowOop [36]=NarrowOop [40]=Oop [48]=Oop [56]=Oop [64]=Oop [72]=Oop [80]=Oop [96]=Oop [104]=NarrowOop }
                      ;*iflt {reexecute=1 rethrow=0 return_oop=0}
                      ; - (reexecute) java.util.concurrent.locks.AbstractQueuedSynchronizer::hasQueuedThreads@23
                      ; - java.util.concurrent.locks.ReentrantLock$FairSync::initialTryLock@14
                      ; - java.util.concurrent.locks.ReentrantLock$Sync::lock@1
                      ; - java.util.concurrent.locks.ReentrantLock::lock@4
                      ; - jdk.internal.misc.InternalLock::lock@4
                      ; - java.io.PrintStream::flush@11
                      ; - org.gradle.internal.logging.text.StreamBackedStandardOutputListener::onOutput@15 (line 53)
                      ; - org.gradle.internal.logging.text.StreamingStyledTextOutput::doAppend@5 (line 55)
                      ; - org.gradle.internal.logging.text.AbstractStyledTextOutput::text@14 (line 87)
                      ; - org.gradle.internal.logging.console.StyledTextOutputBackedRenderer$OutputEventTextOutputImpl::doLineText@5 (line 90)
                      ; - org.gradle.internal.logging.text.AbstractLineChoppingStyledTextOutput$StateContext::flushLineText@109 (line 131)
                      ; - org.gradle.internal.logging.text.AbstractLineChoppingStyledTextOutput::doAppend@39 (line 47)
                      ; - org.gradle.internal.logging.text.AbstractStyledTextOutput::text@14 (line 87)
                      ; - org.gradle.internal.logging.console.StyledTextOutputBackedRenderer::onOutput@177 (line 62)
                      ; - org.gradle.internal.logging.sink.LogEventDispatcher::dispatch@6 (line 47)
                      ; - org.gradle.internal.logging.sink.LogEventDispatcher::onOutput@56 (line 41)
                      ; - org.gradle.internal.logging.sink.OutputEventRenderer$LazyListener::onOutput@89 (line 480)
  0x000001ed13d1ebe0: 1c57 77ff 

  0x000001ed13d1ebe4: ;   {other}
  0x000001ed13d1ebe4: 0f1f 8400 | d46b 00d0 | ba45 ffff | ff4c 8b44 | 2430 4c89 | 4424 204c | 8b44 2438 | 4c89 4424 
  0x000001ed13d1ec04: 3044 8b4c | 2440 4489 | 4c24 384c | 8b44 2458 | 4c89 4424 | 404c 8b44 | 2460 4c89 | 4424 5048 
  0x000001ed13d1ec24: 897c 2460 | 4489 5c24 | 3c44 8954 | 2468 6690 

  0x000001ed13d1ec34: ;   {runtime_call UncommonTrapBlob}
  0x000001ed13d1ec34: c5f8 77e8 

  0x000001ed13d1ec38: ; ImmutableOopMap {[32]=Oop [40]=Oop [48]=Oop [56]=NarrowOop [60]=NarrowOop [64]=Oop [72]=Oop [80]=Oop [96]=Oop [104]=NarrowOop }
                      ;*iflt {reexecute=1 rethrow=0 return_oop=0}
                      ; - (reexecute) java.util.concurrent.locks.AbstractQueuedSynchronizer::hasQueuedThreads@23
                      ; - java.util.concurrent.locks.ReentrantLock$FairSync::initialTryLock@14
                      ; - java.util.concurrent.locks.ReentrantLock$Sync::lock@1
                      ; - java.util.concurrent.locks.ReentrantLock::lock@4
                      ; - jdk.internal.misc.InternalLock::lock@4
                      ; - java.io.PrintStream::flush@11
                      ; - org.gradle.internal.logging.text.StreamBackedStandardOutputListener::onOutput@15 (line 53)
                      ; - org.gradle.internal.logging.text.StreamingStyledTextOutput::doAppend@5 (line 55)
                      ; - org.gradle.internal.logging.text.AbstractStyledTextOutput::text@14 (line 87)
                      ; - org.gradle.internal.logging.console.StyledTextOutputBackedRenderer$OutputEventTextOutputImpl::doLineText@5 (line 90)
                      ; - org.gradle.internal.logging.text.AbstractLineChoppingStyledTextOutput$StateContext::flushLineText@109 (line 131)
                      ; - org.gradle.internal.logging.text.AbstractLineChoppingStyledTextOutput::doAppend@39 (line 47)
                      ; - org.gradle.internal.logging.text.AbstractStyledTextOutput::text@14 (line 87)
                      ; - org.gradle.internal.logging.console.StyledTextOutputBackedRenderer::onOutput@187 (line 63)
                      ; - org.gradle.internal.logging.sink.LogEventDispatcher::dispatch@6 (line 47)
                      ; - org.gradle.internal.logging.sink.LogEventDispatcher::onOutput@56 (line 41)
                      ; - org.gradle.internal.logging.sink.OutputEventRenderer$LazyListener::onOutput@89 (line 480)
  0x000001ed13d1ec38: c456 77ff 

  0x000001ed13d1ec3c: ;   {other}
  0x000001ed13d1ec3c: 0f1f 8400 | 2c6c 00d1 | baf6 ffff | ff8b 6c24 | 404c 8b54 | 2430 4c89 | 5424 204c | 8b54 2438 
  0x000001ed13d1ec5c: 4c89 5424 | 284c 8b54 | 2448 4c89 | 5424 304c | 8b54 2468 | 4c89 5424 | 4866 6690 

  0x000001ed13d1ec78: ;   {runtime_call UncommonTrapBlob}
  0x000001ed13d1ec78: c5f8 77e8 

  0x000001ed13d1ec7c: ; ImmutableOopMap {rbp=NarrowOop [32]=Oop [40]=Oop [48]=Oop [72]=Oop [96]=Oop [104]=Oop [120]=Oop }
                      ;*invokevirtual unlock {reexecute=0 rethrow=0 return_oop=0}
                      ; - java.io.BufferedOutputStream::flush@33
                      ; - java.io.PrintStream::implFlush@8
                      ; - java.io.PrintStream::flush@15
                      ; - org.gradle.internal.logging.text.StreamBackedStandardOutputListener::onOutput@15 (line 53)
                      ; - org.gradle.internal.logging.text.StreamingStyledTextOutput::doAppend@5 (line 55)
                      ; - org.gradle.internal.logging.text.AbstractStyledTextOutput::text@14 (line 87)
                      ; - org.gradle.internal.logging.console.StyledTextOutputBackedRenderer$OutputEventTextOutputImpl::doLineText@5 (line 90)
                      ; - org.gradle.internal.logging.text.AbstractLineChoppingStyledTextOutput$StateContext::flushLineText@109 (line 131)
                      ; - org.gradle.internal.logging.text.AbstractLineChoppingStyledTextOutput::doAppend@39 (line 47)
                      ; - org.gradle.internal.logging.text.AbstractStyledTextOutput::text@14 (line 87)
                      ; - org.gradle.internal.logging.console.StyledTextOutputBackedRenderer::onOutput@177 (line 62)
                      ; - org.gradle.internal.logging.sink.LogEventDispatcher::dispatch@6 (line 47)
                      ; - org.gradle.internal.logging.sink.LogEventDispatcher::onOutput@56 (line 41)
                      ; - org.gradle.internal.logging.sink.OutputEventRenderer$LazyListener::onOutput@89 (line 480)
  0x000001ed13d1ec7c: 8056 77ff 

  0x000001ed13d1ec80: ;   {other}
  0x000001ed13d1ec80: 0f1f 8400 | 706c 00d2 | baf6 ffff | ff4c 8b54 | 2430 4c89 | 5424 204c | 8b54 2438 | 4c89 5424 
  0x000001ed13d1eca0: 2844 8b5c | 2440 4489 | 5c24 3090 

  0x000001ed13d1ecac: ;   {runtime_call UncommonTrapBlob}
  0x000001ed13d1ecac: c5f8 77e8 

  0x000001ed13d1ecb0: ; ImmutableOopMap {rbp=Oop [32]=Oop [40]=Oop [48]=NarrowOop [72]=Oop [88]=Oop [96]=Oop }
                      ;*invokevirtual unlock {reexecute=0 rethrow=0 return_oop=0}
                      ; - java.io.BufferedOutputStream::flush@33
                      ; - java.io.PrintStream::implFlush@8
                      ; - java.io.PrintStream::flush@15
                      ; - org.gradle.internal.logging.text.StreamBackedStandardOutputListener::onOutput@15 (line 53)
                      ; - org.gradle.internal.logging.text.StreamingStyledTextOutput::doAppend@5 (line 55)
                      ; - org.gradle.internal.logging.text.AbstractStyledTextOutput::text@14 (line 87)
                      ; - org.gradle.internal.logging.console.StyledTextOutputBackedRenderer$OutputEventTextOutputImpl::doLineText@5 (line 90)
                      ; - org.gradle.internal.logging.text.AbstractLineChoppingStyledTextOutput$StateContext::flushLineText@109 (line 131)
                      ; - org.gradle.internal.logging.text.AbstractLineChoppingStyledTextOutput::doAppend@39 (line 47)
                      ; - org.gradle.internal.logging.text.AbstractStyledTextOutput::text@14 (line 87)
                      ; - org.gradle.internal.logging.console.StyledTextOutputBackedRenderer::onOutput@187 (line 63)
                      ; - org.gradle.internal.logging.sink.LogEventDispatcher::dispatch@6 (line 47)
                      ; - org.gradle.internal.logging.sink.LogEventDispatcher::onOutput@56 (line 41)
                      ; - org.gradle.internal.logging.sink.OutputEventRenderer$LazyListener::onOutput@89 (line 480)
  0x000001ed13d1ecb0: 4c56 77ff 

  0x000001ed13d1ecb4: ;   {other}
  0x000001ed13d1ecb4: 0f1f 8400 | a46c 00d3 | baf6 ffff | ff44 8b5c | 2440 4489 | 5c24 204c | 8b54 2430 | 4c89 5424 
  0x000001ed13d1ecd4: 284c 8b54 | 2438 4c89 | 5424 3090 

  0x000001ed13d1ece0: ;   {runtime_call UncommonTrapBlob}
  0x000001ed13d1ece0: c5f8 77e8 

  0x000001ed13d1ece4: ; ImmutableOopMap {rbp=Oop [32]=NarrowOop [40]=Oop [48]=Oop [72]=Oop [96]=Oop }
                      ;*invokevirtual unlock {reexecute=0 rethrow=0 return_oop=0}
                      ; - java.io.PrintStream::flush@33
                      ; - org.gradle.internal.logging.text.StreamBackedStandardOutputListener::onOutput@15 (line 53)
                      ; - org.gradle.internal.logging.text.StreamingStyledTextOutput::doAppend@5 (line 55)
                      ; - org.gradle.internal.logging.text.AbstractStyledTextOutput::text@14 (line 87)
                      ; - org.gradle.internal.logging.console.StyledTextOutputBackedRenderer$OutputEventTextOutputImpl::doLineText@5 (line 90)
                      ; - org.gradle.internal.logging.text.AbstractLineChoppingStyledTextOutput$StateContext::flushLineText@109 (line 131)
                      ; - org.gradle.internal.logging.text.AbstractLineChoppingStyledTextOutput::doAppend@39 (line 47)
                      ; - org.gradle.internal.logging.text.AbstractStyledTextOutput::text@14 (line 87)
                      ; - org.gradle.internal.logging.console.StyledTextOutputBackedRenderer::onOutput@177 (line 62)
                      ; - org.gradle.internal.logging.sink.LogEventDispatcher::dispatch@6 (line 47)
                      ; - org.gradle.internal.logging.sink.LogEventDispatcher::onOutput@56 (line 41)
                      ; - org.gradle.internal.logging.sink.OutputEventRenderer$LazyListener::onOutput@89 (line 480)
  0x000001ed13d1ece4: 1856 77ff 

  0x000001ed13d1ece8: ;   {other}
  0x000001ed13d1ece8: 0f1f 8400 | d86c 00d4 | baf6 ffff | ff4c 8b54 | 2430 4c89 | 5424 204c | 8b54 2438 | 4c89 5424 
  0x000001ed13d1ed08: 2844 8b5c | 2440 4489 | 5c24 3090 

  0x000001ed13d1ed14: ;   {runtime_call UncommonTrapBlob}
  0x000001ed13d1ed14: c5f8 77e8 

  0x000001ed13d1ed18: ; ImmutableOopMap {rbp=Oop [32]=Oop [40]=Oop [48]=NarrowOop [88]=Oop [96]=Oop }
                      ;*invokevirtual unlock {reexecute=0 rethrow=0 return_oop=0}
                      ; - java.io.PrintStream::flush@33
                      ; - org.gradle.internal.logging.text.StreamBackedStandardOutputListener::onOutput@15 (line 53)
                      ; - org.gradle.internal.logging.text.StreamingStyledTextOutput::doAppend@5 (line 55)
                      ; - org.gradle.internal.logging.text.AbstractStyledTextOutput::text@14 (line 87)
                      ; - org.gradle.internal.logging.console.StyledTextOutputBackedRenderer$OutputEventTextOutputImpl::doLineText@5 (line 90)
                      ; - org.gradle.internal.logging.text.AbstractLineChoppingStyledTextOutput$StateContext::flushLineText@109 (line 131)
                      ; - org.gradle.internal.logging.text.AbstractLineChoppingStyledTextOutput::doAppend@39 (line 47)
                      ; - org.gradle.internal.logging.text.AbstractStyledTextOutput::text@14 (line 87)
                      ; - org.gradle.internal.logging.console.StyledTextOutputBackedRenderer::onOutput@187 (line 63)
                      ; - org.gradle.internal.logging.sink.LogEventDispatcher::dispatch@6 (line 47)
                      ; - org.gradle.internal.logging.sink.LogEventDispatcher::onOutput@56 (line 41)
                      ; - org.gradle.internal.logging.sink.OutputEventRenderer$LazyListener::onOutput@89 (line 480)
  0x000001ed13d1ed18: e455 77ff 

  0x000001ed13d1ed1c: ;   {other}
  0x000001ed13d1ed1c: 0f1f 8400 | 0c6d 00d5 | bade ffff | ff4c 8b5c | 2430 4c89 | 5c24 204c | 8b5c 2438 | 4c89 5c24 
  0x000001ed13d1ed3c: 2844 8b44 | 2440 4489 | 4424 304c | 8b5c 2458 | 4c89 5c24 | 384c 8b5c | 2460 4c89 | 5c24 404c 
  0x000001ed13d1ed5c: 8b5c 2468 | 4c89 5c24 | 504c 8b5c | 2470 4c89 | 5c24 604c | 895c 2468 | 4489 5424 | 3466 6690 
  0x000001ed13d1ed7c: ;   {runtime_call UncommonTrapBlob}
  0x000001ed13d1ed7c: c5f8 77e8 

  0x000001ed13d1ed80: ; ImmutableOopMap {rbp=NarrowOop [32]=Oop [40]=Oop [48]=NarrowOop [52]=NarrowOop [56]=Oop [64]=Oop [72]=Oop [80]=Oop [96]=Oop [104]=Oop }
                      ;*instanceof {reexecute=0 rethrow=0 return_oop=0}
                      ; - java.io.BufferedWriter::flushBuffer@6
                      ; - java.io.PrintStream::implWrite@16
                      ; - java.io.PrintStream::write@16
                      ; - java.io.PrintStream::print@5
                      ; - java.io.PrintStream::append@5
                      ; - java.io.PrintStream::append@2
                      ; - org.gradle.internal.logging.text.StreamBackedStandardOutputListener::onOutput@5 (line 52)
                      ; - org.gradle.internal.logging.text.StreamingStyledTextOutput::doAppend@5 (line 55)
                      ; - org.gradle.internal.logging.text.AbstractStyledTextOutput::text@14 (line 87)
                      ; - org.gradle.internal.logging.console.StyledTextOutputBackedRenderer$OutputEventTextOutputImpl::doLineText@5 (line 90)
                      ; - org.gradle.internal.logging.text.AbstractLineChoppingStyledTextOutput$StateContext::flushLineText@109 (line 131)
                      ; - org.gradle.internal.logging.text.AbstractLineChoppingStyledTextOutput::doAppend@39 (line 47)
                      ; - org.gradle.internal.logging.text.AbstractStyledTextOutput::text@14 (line 87)
                      ; - org.gradle.internal.logging.console.StyledTextOutputBackedRenderer::onOutput@187 (line 63)
                      ; - org.gradle.internal.logging.sink.LogEventDispatcher::dispatch@6 (line 47)
                      ; - org.gradle.internal.logging.sink.LogEventDispatcher::onOutput@56 (line 41)
                      ; - org.gradle.internal.logging.sink.OutputEventRenderer$LazyListener::onOutput@89 (line 480)
  0x000001ed13d1ed80: 7c55 77ff 

  0x000001ed13d1ed84: ;   {other}
  0x000001ed13d1ed84: 0f1f 8400 | 746d 00d6 | bade ffff | ff44 8b54 | 2440 4489 | 5424 204c | 8b54 2430 | 4c89 5424 
  0x000001ed13d1eda4: 284c 8b54 | 2438 4c89 | 5424 304c | 8b54 2448 | 4c89 5424 | 384c 8b54 | 2460 4c89 | 5424 404c 
  0x000001ed13d1edc4: 8b54 2468 | 4c89 5424 | 484c 8b54 | 2478 4c89 | 5424 584c | 8954 2460 | 4489 5c24 | 2466 6690 
  0x000001ed13d1ede4: ;   {runtime_call UncommonTrapBlob}
  0x000001ed13d1ede4: c5f8 77e8 

  0x000001ed13d1ede8: ; ImmutableOopMap {rbp=NarrowOop [32]=NarrowOop [36]=NarrowOop [40]=Oop [48]=Oop [56]=Oop [64]=Oop [72]=Oop [88]=Oop [96]=Oop [112]=Oop }
                      ;*instanceof {reexecute=0 rethrow=0 return_oop=0}
                      ; - java.io.BufferedWriter::flushBuffer@6
                      ; - java.io.PrintStream::implWrite@16
                      ; - java.io.PrintStream::write@16
                      ; - java.io.PrintStream::print@5
                      ; - java.io.PrintStream::append@5
                      ; - java.io.PrintStream::append@2
                      ; - org.gradle.internal.logging.text.StreamBackedStandardOutputListener::onOutput@5 (line 52)
                      ; - org.gradle.internal.logging.text.StreamingStyledTextOutput::doAppend@5 (line 55)
                      ; - org.gradle.internal.logging.text.AbstractStyledTextOutput::text@14 (line 87)
                      ; - org.gradle.internal.logging.console.StyledTextOutputBackedRenderer$OutputEventTextOutputImpl::doLineText@5 (line 90)
                      ; - org.gradle.internal.logging.text.AbstractLineChoppingStyledTextOutput$StateContext::flushLineText@109 (line 131)
                      ; - org.gradle.internal.logging.text.AbstractLineChoppingStyledTextOutput::doAppend@39 (line 47)
                      ; - org.gradle.internal.logging.text.AbstractStyledTextOutput::text@14 (line 87)
                      ; - org.gradle.internal.logging.console.StyledTextOutputBackedRenderer::onOutput@177 (line 62)
                      ; - org.gradle.internal.logging.sink.LogEventDispatcher::dispatch@6 (line 47)
                      ; - org.gradle.internal.logging.sink.LogEventDispatcher::onOutput@56 (line 41)
                      ; - org.gradle.internal.logging.sink.OutputEventRenderer$LazyListener::onOutput@89 (line 480)
  0x000001ed13d1ede8: 1455 77ff 

  0x000001ed13d1edec: ;   {other}
  0x000001ed13d1edec: 0f1f 8400 | dc6d 00d7 | baf6 ffff | ff48 8b6c | 2448 6690 

  0x000001ed13d1ee00: ;   {runtime_call UncommonTrapBlob}
  0x000001ed13d1ee00: c5f8 77e8 

  0x000001ed13d1ee04: ; ImmutableOopMap {rbp=Oop }
                      ;*invokeinterface execute {reexecute=0 rethrow=0 return_oop=0}
                      ; - org.gradle.internal.logging.text.AbstractLineChoppingStyledTextOutput::doAppend@22 (line 44)
                      ; - org.gradle.internal.logging.text.AbstractStyledTextOutput::text@14 (line 87)
                      ; - org.gradle.internal.logging.console.StyledTextOutputBackedRenderer::onOutput@177 (line 62)
                      ; - org.gradle.internal.logging.sink.LogEventDispatcher::dispatch@6 (line 47)
                      ; - org.gradle.internal.logging.sink.LogEventDispatcher::onOutput@56 (line 41)
                      ; - org.gradle.internal.logging.sink.OutputEventRenderer$LazyListener::onOutput@89 (line 480)
  0x000001ed13d1ee04: f854 77ff 

  0x000001ed13d1ee08: ;   {other}
  0x000001ed13d1ee08: 0f1f 8400 | f86d 00d8 | baf6 ffff | ff66 6690 

  0x000001ed13d1ee18: ;   {runtime_call UncommonTrapBlob}
  0x000001ed13d1ee18: c5f8 77e8 

  0x000001ed13d1ee1c: ; ImmutableOopMap {}
                      ;*invokevirtual size {reexecute=0 rethrow=0 return_oop=0}
                      ; - org.gradle.internal.logging.text.AbstractLineChoppingStyledTextOutput$StateContext::hasChar@8 (line 105)
                      ; - org.gradle.internal.logging.text.AbstractLineChoppingStyledTextOutput::doAppend@11 (line 43)
                      ; - org.gradle.internal.logging.text.AbstractStyledTextOutput::text@14 (line 87)
                      ; - org.gradle.internal.logging.console.StyledTextOutputBackedRenderer::onOutput@177 (line 62)
                      ; - org.gradle.internal.logging.sink.LogEventDispatcher::dispatch@6 (line 47)
                      ; - org.gradle.internal.logging.sink.LogEventDispatcher::onOutput@56 (line 41)
                      ; - org.gradle.internal.logging.sink.OutputEventRenderer$LazyListener::onOutput@89 (line 480)
  0x000001ed13d1ee1c: e054 77ff 

  0x000001ed13d1ee20: ;   {other}
  0x000001ed13d1ee20: 0f1f 8400 | 106e 00d9 | baf6 ffff | ff48 8b6c | 2460 6690 

  0x000001ed13d1ee34: ;   {runtime_call UncommonTrapBlob}
  0x000001ed13d1ee34: c5f8 77e8 

  0x000001ed13d1ee38: ; ImmutableOopMap {rbp=Oop }
                      ;*invokeinterface execute {reexecute=0 rethrow=0 return_oop=0}
                      ; - org.gradle.internal.logging.text.AbstractLineChoppingStyledTextOutput::doAppend@22 (line 44)
                      ; - org.gradle.internal.logging.text.AbstractStyledTextOutput::text@14 (line 87)
                      ; - org.gradle.internal.logging.console.StyledTextOutputBackedRenderer::onOutput@187 (line 63)
                      ; - org.gradle.internal.logging.sink.LogEventDispatcher::dispatch@6 (line 47)
                      ; - org.gradle.internal.logging.sink.LogEventDispatcher::onOutput@56 (line 41)
                      ; - org.gradle.internal.logging.sink.OutputEventRenderer$LazyListener::onOutput@89 (line 480)
  0x000001ed13d1ee38: c454 77ff 

  0x000001ed13d1ee3c: ;   {other}
  0x000001ed13d1ee3c: 0f1f 8400 | 2c6e 00da | baf6 ffff | ff66 6690 

  0x000001ed13d1ee4c: ;   {runtime_call UncommonTrapBlob}
  0x000001ed13d1ee4c: c5f8 77e8 

  0x000001ed13d1ee50: ; ImmutableOopMap {}
                      ;*invokevirtual size {reexecute=0 rethrow=0 return_oop=0}
                      ; - org.gradle.internal.logging.text.AbstractLineChoppingStyledTextOutput$StateContext::hasChar@8 (line 105)
                      ; - org.gradle.internal.logging.text.AbstractLineChoppingStyledTextOutput::doAppend@11 (line 43)
                      ; - org.gradle.internal.logging.text.AbstractStyledTextOutput::text@14 (line 87)
                      ; - org.gradle.internal.logging.console.StyledTextOutputBackedRenderer::onOutput@187 (line 63)
                      ; - org.gradle.internal.logging.sink.LogEventDispatcher::dispatch@6 (line 47)
                      ; - org.gradle.internal.logging.sink.LogEventDispatcher::onOutput@56 (line 41)
                      ; - org.gradle.internal.logging.sink.OutputEventRenderer$LazyListener::onOutput@89 (line 480)
  0x000001ed13d1ee50: ac54 77ff 

  0x000001ed13d1ee54: ;   {other}
  0x000001ed13d1ee54: 0f1f 8400 | 446e 00db | baf6 ffff | ff66 6690 

  0x000001ed13d1ee64: ;   {runtime_call UncommonTrapBlob}
  0x000001ed13d1ee64: c5f8 77e8 

  0x000001ed13d1ee68: ; ImmutableOopMap {}
                      ;*invokevirtual all {reexecute=0 rethrow=0 return_oop=0}
                      ; - org.gradle.internal.logging.text.AbstractLineChoppingStyledTextOutput$1::execute@4 (line 148)
                      ; - org.gradle.internal.logging.text.AbstractLineChoppingStyledTextOutput$1::execute@5 (line 145)
                      ; - org.gradle.internal.logging.text.AbstractLineChoppingStyledTextOutput::doAppend@22 (line 44)
                      ; - org.gradle.internal.logging.text.AbstractStyledTextOutput::text@14 (line 87)
                      ; - org.gradle.internal.logging.console.StyledTextOutputBackedRenderer::onOutput@177 (line 62)
                      ; - org.gradle.internal.logging.sink.LogEventDispatcher::dispatch@6 (line 47)
                      ; - org.gradle.internal.logging.sink.LogEventDispatcher::onOutput@56 (line 41)
                      ; - org.gradle.internal.logging.sink.OutputEventRenderer$LazyListener::onOutput@89 (line 480)
  0x000001ed13d1ee68: 9454 77ff 

  0x000001ed13d1ee6c: ;   {other}
  0x000001ed13d1ee6c: 0f1f 8400 | 5c6e 00dc | baf6 ffff | ff66 6690 

  0x000001ed13d1ee7c: ;   {runtime_call UncommonTrapBlob}
  0x000001ed13d1ee7c: c5f8 77e8 

  0x000001ed13d1ee80: ; ImmutableOopMap {}
                      ;*arraylength {reexecute=0 rethrow=0 return_oop=0}
                      ; - org.gradle.internal.logging.text.AbstractLineChoppingStyledTextOutput$SeenFromEol::all@8 (line 260)
                      ; - org.gradle.internal.logging.text.AbstractLineChoppingStyledTextOutput$1::execute@4 (line 148)
                      ; - org.gradle.internal.logging.text.AbstractLineChoppingStyledTextOutput$1::execute@5 (line 145)
                      ; - org.gradle.internal.logging.text.AbstractLineChoppingStyledTextOutput::doAppend@22 (line 44)
                      ; - org.gradle.internal.logging.text.AbstractStyledTextOutput::text@14 (line 87)
                      ; - org.gradle.internal.logging.console.StyledTextOutputBackedRenderer::onOutput@177 (line 62)
                      ; - org.gradle.internal.logging.sink.LogEventDispatcher::dispatch@6 (line 47)
                      ; - org.gradle.internal.logging.sink.LogEventDispatcher::onOutput@56 (line 41)
                      ; - org.gradle.internal.logging.sink.OutputEventRenderer$LazyListener::onOutput@89 (line 480)
  0x000001ed13d1ee80: 7c54 77ff 

  0x000001ed13d1ee84: ;   {other}
  0x000001ed13d1ee84: 0f1f 8400 | 746e 00dd | baf6 ffff | ff66 6690 

  0x000001ed13d1ee94: ;   {runtime_call UncommonTrapBlob}
  0x000001ed13d1ee94: c5f8 77e8 

  0x000001ed13d1ee98: ; ImmutableOopMap {}
                      ;*invokevirtual equals {reexecute=0 rethrow=0 return_oop=0}
                      ; - org.gradle.internal.logging.text.AbstractLineChoppingStyledTextOutput$1::execute@16 (line 149)
                      ; - org.gradle.internal.logging.text.AbstractLineChoppingStyledTextOutput$1::execute@5 (line 145)
                      ; - org.gradle.internal.logging.text.AbstractLineChoppingStyledTextOutput::doAppend@22 (line 44)
                      ; - org.gradle.internal.logging.text.AbstractStyledTextOutput::text@14 (line 87)
                      ; - org.gradle.internal.logging.console.StyledTextOutputBackedRenderer::onOutput@177 (line 62)
                      ; - org.gradle.internal.logging.sink.LogEventDispatcher::dispatch@6 (line 47)
                      ; - org.gradle.internal.logging.sink.LogEventDispatcher::onOutput@56 (line 41)
                      ; - org.gradle.internal.logging.sink.OutputEventRenderer$LazyListener::onOutput@89 (line 480)
  0x000001ed13d1ee98: 6454 77ff 

  0x000001ed13d1ee9c: ;   {other}
  0x000001ed13d1ee9c: 0f1f 8400 | 8c6e 00de | baf6 ffff | ff8b eb90 

  0x000001ed13d1eeac: ;   {runtime_call UncommonTrapBlob}
  0x000001ed13d1eeac: c5f8 77e8 

  0x000001ed13d1eeb0: ; ImmutableOopMap {}
                      ;*invokevirtual charAt {reexecute=0 rethrow=0 return_oop=0}
                      ; - org.gradle.internal.logging.text.AbstractLineChoppingStyledTextOutput$StateContext::isCurrentCharEquals@55 (line 99)
                      ; - org.gradle.internal.logging.text.AbstractLineChoppingStyledTextOutput$2::execute@3 (line 177)
                      ; - org.gradle.internal.logging.text.AbstractLineChoppingStyledTextOutput$2::execute@5 (line 174)
                      ; - org.gradle.internal.logging.text.AbstractLineChoppingStyledTextOutput$1::execute@107 (line 160)
                      ; - org.gradle.internal.logging.text.AbstractLineChoppingStyledTextOutput$1::execute@5 (line 145)
                      ; - org.gradle.internal.logging.text.AbstractLineChoppingStyledTextOutput::doAppend@22 (line 44)
                      ; - org.gradle.internal.logging.text.AbstractStyledTextOutput::text@14 (line 87)
                      ; - org.gradle.internal.logging.console.StyledTextOutputBackedRenderer::onOutput@177 (line 62)
                      ; - org.gradle.internal.logging.sink.LogEventDispatcher::dispatch@6 (line 47)
                      ; - org.gradle.internal.logging.sink.LogEventDispatcher::onOutput@56 (line 41)
                      ; - org.gradle.internal.logging.sink.OutputEventRenderer$LazyListener::onOutput@89 (line 480)
  0x000001ed13d1eeb0: 4c54 77ff 

  0x000001ed13d1eeb4: ;   {other}
  0x000001ed13d1eeb4: 0f1f 8400 | a46e 00df | baf6 ffff | ff66 6690 

  0x000001ed13d1eec4: ;   {runtime_call UncommonTrapBlob}
  0x000001ed13d1eec4: c5f8 77e8 

  0x000001ed13d1eec8: ; ImmutableOopMap {}
                      ;*arraylength {reexecute=0 rethrow=0 return_oop=0}
                      ; - java.lang.StringLatin1::charAt@2
                      ; - java.lang.String::charAt@12
                      ; - org.gradle.internal.logging.text.AbstractLineChoppingStyledTextOutput$StateContext::isCurrentCharEquals@55 (line 99)
                      ; - org.gradle.internal.logging.text.AbstractLineChoppingStyledTextOutput$2::execute@3 (line 177)
                      ; - org.gradle.internal.logging.text.AbstractLineChoppingStyledTextOutput$2::execute@5 (line 174)
                      ; - org.gradle.internal.logging.text.AbstractLineChoppingStyledTextOutput$1::execute@107 (line 160)
                      ; - org.gradle.internal.logging.text.AbstractLineChoppingStyledTextOutput$1::execute@5 (line 145)
                      ; - org.gradle.internal.logging.text.AbstractLineChoppingStyledTextOutput::doAppend@22 (line 44)
                      ; - org.gradle.internal.logging.text.AbstractStyledTextOutput::text@14 (line 87)
                      ; - org.gradle.internal.logging.console.StyledTextOutputBackedRenderer::onOutput@177 (line 62)
                      ; - org.gradle.internal.logging.sink.LogEventDispatcher::dispatch@6 (line 47)
                      ; - org.gradle.internal.logging.sink.LogEventDispatcher::onOutput@56 (line 41)
                      ; - org.gradle.internal.logging.sink.OutputEventRenderer$LazyListener::onOutput@89 (line 480)
  0x000001ed13d1eec8: 3454 77ff 

  0x000001ed13d1eecc: ;   {other}
  0x000001ed13d1eecc: 0f1f 8400 | bc6e 00e0 | baf6 ffff | ff66 6690 

  0x000001ed13d1eedc: ;   {runtime_call UncommonTrapBlob}
  0x000001ed13d1eedc: c5f8 77e8 

  0x000001ed13d1eee0: ; ImmutableOopMap {}
                      ;*invokevirtual all {reexecute=0 rethrow=0 return_oop=0}
                      ; - org.gradle.internal.logging.text.AbstractLineChoppingStyledTextOutput$1::execute@4 (line 148)
                      ; - org.gradle.internal.logging.text.AbstractLineChoppingStyledTextOutput$1::execute@5 (line 145)
                      ; - org.gradle.internal.logging.text.AbstractLineChoppingStyledTextOutput::doAppend@22 (line 44)
                      ; - org.gradle.internal.logging.text.AbstractStyledTextOutput::text@14 (line 87)
                      ; - org.gradle.internal.logging.console.StyledTextOutputBackedRenderer::onOutput@187 (line 63)
                      ; - org.gradle.internal.logging.sink.LogEventDispatcher::dispatch@6 (line 47)
                      ; - org.gradle.internal.logging.sink.LogEventDispatcher::onOutput@56 (line 41)
                      ; - org.gradle.internal.logging.sink.OutputEventRenderer$LazyListener::onOutput@89 (line 480)
  0x000001ed13d1eee0: 1c54 77ff 

  0x000001ed13d1eee4: ;   {other}
  0x000001ed13d1eee4: 0f1f 8400 | d46e 00e1 | baf6 ffff | ff66 6690 

  0x000001ed13d1eef4: ;   {runtime_call UncommonTrapBlob}
  0x000001ed13d1eef4: c5f8 77e8 

  0x000001ed13d1eef8: ; ImmutableOopMap {}
                      ;*arraylength {reexecute=0 rethrow=0 return_oop=0}
                      ; - org.gradle.internal.logging.text.AbstractLineChoppingStyledTextOutput$SeenFromEol::all@8 (line 260)
                      ; - org.gradle.internal.logging.text.AbstractLineChoppingStyledTextOutput$1::execute@4 (line 148)
                      ; - org.gradle.internal.logging.text.AbstractLineChoppingStyledTextOutput$1::execute@5 (line 145)
                      ; - org.gradle.internal.logging.text.AbstractLineChoppingStyledTextOutput::doAppend@22 (line 44)
                      ; - org.gradle.internal.logging.text.AbstractStyledTextOutput::text@14 (line 87)
                      ; - org.gradle.internal.logging.console.StyledTextOutputBackedRenderer::onOutput@187 (line 63)
                      ; - org.gradle.internal.logging.sink.LogEventDispatcher::dispatch@6 (line 47)
                      ; - org.gradle.internal.logging.sink.LogEventDispatcher::onOutput@56 (line 41)
                      ; - org.gradle.internal.logging.sink.OutputEventRenderer$LazyListener::onOutput@89 (line 480)
  0x000001ed13d1eef8: 0454 77ff 

  0x000001ed13d1eefc: ;   {other}
  0x000001ed13d1eefc: 0f1f 8400 | ec6e 00e2 | baf6 ffff | ff66 6690 

  0x000001ed13d1ef0c: ;   {runtime_call UncommonTrapBlob}
  0x000001ed13d1ef0c: c5f8 77e8 

  0x000001ed13d1ef10: ; ImmutableOopMap {}
                      ;*invokevirtual equals {reexecute=0 rethrow=0 return_oop=0}
                      ; - org.gradle.internal.logging.text.AbstractLineChoppingStyledTextOutput$1::execute@16 (line 149)
                      ; - org.gradle.internal.logging.text.AbstractLineChoppingStyledTextOutput$1::execute@5 (line 145)
                      ; - org.gradle.internal.logging.text.AbstractLineChoppingStyledTextOutput::doAppend@22 (line 44)
                      ; - org.gradle.internal.logging.text.AbstractStyledTextOutput::text@14 (line 87)
                      ; - org.gradle.internal.logging.console.StyledTextOutputBackedRenderer::onOutput@187 (line 63)
                      ; - org.gradle.internal.logging.sink.LogEventDispatcher::dispatch@6 (line 47)
                      ; - org.gradle.internal.logging.sink.LogEventDispatcher::onOutput@56 (line 41)
                      ; - org.gradle.internal.logging.sink.OutputEventRenderer$LazyListener::onOutput@89 (line 480)
  0x000001ed13d1ef10: ec53 77ff 

  0x000001ed13d1ef14: ;   {other}
  0x000001ed13d1ef14: 0f1f 8400 | 046f 00e3 | baf6 ffff | ff41 8beb 

  0x000001ed13d1ef24: ;   {runtime_call UncommonTrapBlob}
  0x000001ed13d1ef24: c5f8 77e8 

  0x000001ed13d1ef28: ; ImmutableOopMap {}
                      ;*invokevirtual charAt {reexecute=0 rethrow=0 return_oop=0}
                      ; - org.gradle.internal.logging.text.AbstractLineChoppingStyledTextOutput$StateContext::isCurrentCharEquals@55 (line 99)
                      ; - org.gradle.internal.logging.text.AbstractLineChoppingStyledTextOutput$2::execute@3 (line 177)
                      ; - org.gradle.internal.logging.text.AbstractLineChoppingStyledTextOutput$2::execute@5 (line 174)
                      ; - org.gradle.internal.logging.text.AbstractLineChoppingStyledTextOutput$1::execute@107 (line 160)
                      ; - org.gradle.internal.logging.text.AbstractLineChoppingStyledTextOutput$1::execute@5 (line 145)
                      ; - org.gradle.internal.logging.text.AbstractLineChoppingStyledTextOutput::doAppend@22 (line 44)
                      ; - org.gradle.internal.logging.text.AbstractStyledTextOutput::text@14 (line 87)
                      ; - org.gradle.internal.logging.console.StyledTextOutputBackedRenderer::onOutput@187 (line 63)
                      ; - org.gradle.internal.logging.sink.LogEventDispatcher::dispatch@6 (line 47)
                      ; - org.gradle.internal.logging.sink.LogEventDispatcher::onOutput@56 (line 41)
                      ; - org.gradle.internal.logging.sink.OutputEventRenderer$LazyListener::onOutput@89 (line 480)
  0x000001ed13d1ef28: d453 77ff 

  0x000001ed13d1ef2c: ;   {other}
  0x000001ed13d1ef2c: 0f1f 8400 | 1c6f 00e4 | baf6 ffff | ff66 6690 

  0x000001ed13d1ef3c: ;   {runtime_call UncommonTrapBlob}
  0x000001ed13d1ef3c: c5f8 77e8 

  0x000001ed13d1ef40: ; ImmutableOopMap {}
                      ;*arraylength {reexecute=0 rethrow=0 return_oop=0}
                      ; - java.lang.StringLatin1::charAt@2
                      ; - java.lang.String::charAt@12
                      ; - org.gradle.internal.logging.text.AbstractLineChoppingStyledTextOutput$StateContext::isCurrentCharEquals@55 (line 99)
                      ; - org.gradle.internal.logging.text.AbstractLineChoppingStyledTextOutput$2::execute@3 (line 177)
                      ; - org.gradle.internal.logging.text.AbstractLineChoppingStyledTextOutput$2::execute@5 (line 174)
                      ; - org.gradle.internal.logging.text.AbstractLineChoppingStyledTextOutput$1::execute@107 (line 160)
                      ; - org.gradle.internal.logging.text.AbstractLineChoppingStyledTextOutput$1::execute@5 (line 145)
                      ; - org.gradle.internal.logging.text.AbstractLineChoppingStyledTextOutput::doAppend@22 (line 44)
                      ; - org.gradle.internal.logging.text.AbstractStyledTextOutput::text@14 (line 87)
                      ; - org.gradle.internal.logging.console.StyledTextOutputBackedRenderer::onOutput@187 (line 63)
                      ; - org.gradle.internal.logging.sink.LogEventDispatcher::dispatch@6 (line 47)
                      ; - org.gradle.internal.logging.sink.LogEventDispatcher::onOutput@56 (line 41)
                      ; - org.gradle.internal.logging.sink.OutputEventRenderer$LazyListener::onOutput@89 (line 480)
  0x000001ed13d1ef40: bc53 77ff 

  0x000001ed13d1ef44: ;   {other}
  0x000001ed13d1ef44: 0f1f 8400 | 346f 00e5 | baf6 ffff | ff66 6690 

  0x000001ed13d1ef54: ;   {runtime_call UncommonTrapBlob}
  0x000001ed13d1ef54: c5f8 77e8 

  0x000001ed13d1ef58: ; ImmutableOopMap {}
                      ;*invokevirtual size {reexecute=0 rethrow=0 return_oop=0}
                      ; - org.gradle.internal.logging.text.AbstractLineChoppingStyledTextOutput$StateContext::isCurrentCharEquals@4 (line 96)
                      ; - org.gradle.internal.logging.text.AbstractLineChoppingStyledTextOutput$2::execute@31 (line 180)
                      ; - org.gradle.internal.logging.text.AbstractLineChoppingStyledTextOutput$2::execute@5 (line 174)
                      ; - org.gradle.internal.logging.text.AbstractLineChoppingStyledTextOutput$1::execute@107 (line 160)
                      ; - org.gradle.internal.logging.text.AbstractLineChoppingStyledTextOutput$1::execute@5 (line 145)
                      ; - org.gradle.internal.logging.text.AbstractLineChoppingStyledTextOutput::doAppend@22 (line 44)
                      ; - org.gradle.internal.logging.text.AbstractStyledTextOutput::text@14 (line 87)
                      ; - org.gradle.internal.logging.console.StyledTextOutputBackedRenderer::onOutput@177 (line 62)
                      ; - org.gradle.internal.logging.sink.LogEventDispatcher::dispatch@6 (line 47)
                      ; - org.gradle.internal.logging.sink.LogEventDispatcher::onOutput@56 (line 41)
                      ; - org.gradle.internal.logging.sink.OutputEventRenderer$LazyListener::onOutput@89 (line 480)
  0x000001ed13d1ef58: a453 77ff 

  0x000001ed13d1ef5c: ;   {other}
  0x000001ed13d1ef5c: 0f1f 8400 | 4c6f 00e6 | baf6 ffff | ff41 8be9 

  0x000001ed13d1ef6c: ;   {runtime_call UncommonTrapBlob}
  0x000001ed13d1ef6c: c5f8 77e8 

  0x000001ed13d1ef70: ; ImmutableOopMap {}
                      ;*invokevirtual charAt {reexecute=0 rethrow=0 return_oop=0}
                      ; - org.gradle.internal.logging.text.AbstractLineChoppingStyledTextOutput$StateContext::isCurrentCharEquals@55 (line 99)
                      ; - org.gradle.internal.logging.text.AbstractLineChoppingStyledTextOutput$2::execute@31 (line 180)
                      ; - org.gradle.internal.logging.text.AbstractLineChoppingStyledTextOutput$2::execute@5 (line 174)
                      ; - org.gradle.internal.logging.text.AbstractLineChoppingStyledTextOutput$1::execute@107 (line 160)
                      ; - org.gradle.internal.logging.text.AbstractLineChoppingStyledTextOutput$1::execute@5 (line 145)
                      ; - org.gradle.internal.logging.text.AbstractLineChoppingStyledTextOutput::doAppend@22 (line 44)
                      ; - org.gradle.internal.logging.text.AbstractStyledTextOutput::text@14 (line 87)
                      ; - org.gradle.internal.logging.console.StyledTextOutputBackedRenderer::onOutput@177 (line 62)
                      ; - org.gradle.internal.logging.sink.LogEventDispatcher::dispatch@6 (line 47)
                      ; - org.gradle.internal.logging.sink.LogEventDispatcher::onOutput@56 (line 41)
                      ; - org.gradle.internal.logging.sink.OutputEventRenderer$LazyListener::onOutput@89 (line 480)
  0x000001ed13d1ef70: 8c53 77ff 

  0x000001ed13d1ef74: ;   {other}
  0x000001ed13d1ef74: 0f1f 8400 | 646f 00e7 | baf6 ffff | ff66 6690 

  0x000001ed13d1ef84: ;   {runtime_call UncommonTrapBlob}
  0x000001ed13d1ef84: c5f8 77e8 

  0x000001ed13d1ef88: ; ImmutableOopMap {}
                      ;*arraylength {reexecute=0 rethrow=0 return_oop=0}
                      ; - java.lang.StringLatin1::charAt@2
                      ; - java.lang.String::charAt@12
                      ; - org.gradle.internal.logging.text.AbstractLineChoppingStyledTextOutput$StateContext::isCurrentCharEquals@55 (line 99)
                      ; - org.gradle.internal.logging.text.AbstractLineChoppingStyledTextOutput$2::execute@31 (line 180)
                      ; - org.gradle.internal.logging.text.AbstractLineChoppingStyledTextOutput$2::execute@5 (line 174)
                      ; - org.gradle.internal.logging.text.AbstractLineChoppingStyledTextOutput$1::execute@107 (line 160)
                      ; - org.gradle.internal.logging.text.AbstractLineChoppingStyledTextOutput$1::execute@5 (line 145)
                      ; - org.gradle.internal.logging.text.AbstractLineChoppingStyledTextOutput::doAppend@22 (line 44)
                      ; - org.gradle.internal.logging.text.AbstractStyledTextOutput::text@14 (line 87)
                      ; - org.gradle.internal.logging.console.StyledTextOutputBackedRenderer::onOutput@177 (line 62)
                      ; - org.gradle.internal.logging.sink.LogEventDispatcher::dispatch@6 (line 47)
                      ; - org.gradle.internal.logging.sink.LogEventDispatcher::onOutput@56 (line 41)
                      ; - org.gradle.internal.logging.sink.OutputEventRenderer$LazyListener::onOutput@89 (line 480)
  0x000001ed13d1ef88: 7453 77ff 

  0x000001ed13d1ef8c: ;   {other}
  0x000001ed13d1ef8c: 0f1f 8400 | 7c6f 00e8 | baf6 ffff | ff66 6690 

  0x000001ed13d1ef9c: ;   {runtime_call UncommonTrapBlob}
  0x000001ed13d1ef9c: c5f8 77e8 

  0x000001ed13d1efa0: ; ImmutableOopMap {}
                      ;*invokevirtual size {reexecute=0 rethrow=0 return_oop=0}
                      ; - org.gradle.internal.logging.text.AbstractLineChoppingStyledTextOutput$StateContext::isCurrentCharEquals@4 (line 96)
                      ; - org.gradle.internal.logging.text.AbstractLineChoppingStyledTextOutput$2::execute@31 (line 180)
                      ; - org.gradle.internal.logging.text.AbstractLineChoppingStyledTextOutput$2::execute@5 (line 174)
                      ; - org.gradle.internal.logging.text.AbstractLineChoppingStyledTextOutput$1::execute@107 (line 160)
                      ; - org.gradle.internal.logging.text.AbstractLineChoppingStyledTextOutput$1::execute@5 (line 145)
                      ; - org.gradle.internal.logging.text.AbstractLineChoppingStyledTextOutput::doAppend@22 (line 44)
                      ; - org.gradle.internal.logging.text.AbstractStyledTextOutput::text@14 (line 87)
                      ; - org.gradle.internal.logging.console.StyledTextOutputBackedRenderer::onOutput@187 (line 63)
                      ; - org.gradle.internal.logging.sink.LogEventDispatcher::dispatch@6 (line 47)
                      ; - org.gradle.internal.logging.sink.LogEventDispatcher::onOutput@56 (line 41)
                      ; - org.gradle.internal.logging.sink.OutputEventRenderer$LazyListener::onOutput@89 (line 480)
  0x000001ed13d1efa0: 5c53 77ff 

  0x000001ed13d1efa4: ;   {other}
  0x000001ed13d1efa4: 0f1f 8400 | 946f 00e9 | baf6 ffff | ff8b e990 

  0x000001ed13d1efb4: ;   {runtime_call UncommonTrapBlob}
  0x000001ed13d1efb4: c5f8 77e8 

  0x000001ed13d1efb8: ; ImmutableOopMap {}
                      ;*invokevirtual charAt {reexecute=0 rethrow=0 return_oop=0}
                      ; - org.gradle.internal.logging.text.AbstractLineChoppingStyledTextOutput$StateContext::isCurrentCharEquals@55 (line 99)
                      ; - org.gradle.internal.logging.text.AbstractLineChoppingStyledTextOutput$2::execute@31 (line 180)
                      ; - org.gradle.internal.logging.text.AbstractLineChoppingStyledTextOutput$2::execute@5 (line 174)
                      ; - org.gradle.internal.logging.text.AbstractLineChoppingStyledTextOutput$1::execute@107 (line 160)
                      ; - org.gradle.internal.logging.text.AbstractLineChoppingStyledTextOutput$1::execute@5 (line 145)
                      ; - org.gradle.internal.logging.text.AbstractLineChoppingStyledTextOutput::doAppend@22 (line 44)
                      ; - org.gradle.internal.logging.text.AbstractStyledTextOutput::text@14 (line 87)
                      ; - org.gradle.internal.logging.console.StyledTextOutputBackedRenderer::onOutput@187 (line 63)
                      ; - org.gradle.internal.logging.sink.LogEventDispatcher::dispatch@6 (line 47)
                      ; - org.gradle.internal.logging.sink.LogEventDispatcher::onOutput@56 (line 41)
                      ; - org.gradle.internal.logging.sink.OutputEventRenderer$LazyListener::onOutput@89 (line 480)
  0x000001ed13d1efb8: 4453 77ff 

  0x000001ed13d1efbc: ;   {other}
  0x000001ed13d1efbc: 0f1f 8400 | ac6f 00ea | baf6 ffff | ff66 6690 

  0x000001ed13d1efcc: ;   {runtime_call UncommonTrapBlob}
  0x000001ed13d1efcc: c5f8 77e8 

  0x000001ed13d1efd0: ; ImmutableOopMap {}
                      ;*arraylength {reexecute=0 rethrow=0 return_oop=0}
                      ; - java.lang.StringLatin1::charAt@2
                      ; - java.lang.String::charAt@12
                      ; - org.gradle.internal.logging.text.AbstractLineChoppingStyledTextOutput$StateContext::isCurrentCharEquals@55 (line 99)
                      ; - org.gradle.internal.logging.text.AbstractLineChoppingStyledTextOutput$2::execute@31 (line 180)
                      ; - org.gradle.internal.logging.text.AbstractLineChoppingStyledTextOutput$2::execute@5 (line 174)
                      ; - org.gradle.internal.logging.text.AbstractLineChoppingStyledTextOutput$1::execute@107 (line 160)
                      ; - org.gradle.internal.logging.text.AbstractLineChoppingStyledTextOutput$1::execute@5 (line 145)
                      ; - org.gradle.internal.logging.text.AbstractLineChoppingStyledTextOutput::doAppend@22 (line 44)
                      ; - org.gradle.internal.logging.text.AbstractStyledTextOutput::text@14 (line 87)
                      ; - org.gradle.internal.logging.console.StyledTextOutputBackedRenderer::onOutput@187 (line 63)
                      ; - org.gradle.internal.logging.sink.LogEventDispatcher::dispatch@6 (line 47)
                      ; - org.gradle.internal.logging.sink.LogEventDispatcher::onOutput@56 (line 41)
                      ; - org.gradle.internal.logging.sink.OutputEventRenderer$LazyListener::onOutput@89 (line 480)
  0x000001ed13d1efd0: 2c53 77ff 

  0x000001ed13d1efd4: ;   {other}
  0x000001ed13d1efd4: 0f1f 8400 | c46f 00eb | ba45 ffff | ff4c 895c | 2428 6690 

  0x000001ed13d1efe8: ;   {runtime_call UncommonTrapBlob}
  0x000001ed13d1efe8: c5f8 77e8 

  0x000001ed13d1efec: ; ImmutableOopMap {rbp=NarrowOop [32]=Oop [40]=Oop }
                      ;*ifnonnull {reexecute=1 rethrow=0 return_oop=0}
                      ; - (reexecute) org.gradle.internal.logging.sink.OutputEventRenderer$LazyListener::onOutput@4 (line 463)
  0x000001ed13d1efec: 1053 77ff 

  0x000001ed13d1eff0: ;   {other}
  0x000001ed13d1eff0: 0f1f 8400 | e06f 00ec | baf6 ffff | ff66 6690 

  0x000001ed13d1f000: ;   {runtime_call UncommonTrapBlob}
  0x000001ed13d1f000: c5f8 77e8 

  0x000001ed13d1f004: ; ImmutableOopMap {}
                      ;*invokevirtual style {reexecute=0 rethrow=0 return_oop=0}
                      ; - org.gradle.internal.logging.console.StyledTextOutputBackedRenderer::onOutput@92 (line 57)
                      ; - org.gradle.internal.logging.sink.LogEventDispatcher::dispatch@6 (line 47)
                      ; - org.gradle.internal.logging.sink.LogEventDispatcher::onOutput@56 (line 41)
                      ; - org.gradle.internal.logging.sink.OutputEventRenderer$LazyListener::onOutput@89 (line 480)
  0x000001ed13d1f004: f852 77ff 

  0x000001ed13d1f008: ;   {other}
  0x000001ed13d1f008: 0f1f 8400 | f86f 00ed | baf6 ffff | ff66 6690 

  0x000001ed13d1f018: ;   {runtime_call UncommonTrapBlob}
  0x000001ed13d1f018: c5f8 77e8 

  0x000001ed13d1f01c: ; ImmutableOopMap {}
                      ;*getfield atEndOfLine {reexecute=1 rethrow=0 return_oop=0}
                      ; - (reexecute) org.gradle.internal.logging.console.StyledTextOutputBackedRenderer$OutputEventTextOutputImpl::access$000@1 (line 75)
                      ; - org.gradle.internal.logging.console.StyledTextOutputBackedRenderer::onOutput@107 (line 58)
                      ; - org.gradle.internal.logging.sink.LogEventDispatcher::dispatch@6 (line 47)
                      ; - org.gradle.internal.logging.sink.LogEventDispatcher::onOutput@56 (line 41)
                      ; - org.gradle.internal.logging.sink.OutputEventRenderer$LazyListener::onOutput@89 (line 480)
  0x000001ed13d1f01c: e052 77ff 

  0x000001ed13d1f020: ;   {other}
  0x000001ed13d1f020: 0f1f 8400 | 1070 00ee | baf6 ffff | ff66 6690 

  0x000001ed13d1f030: ;   {runtime_call UncommonTrapBlob}
  0x000001ed13d1f030: c5f8 77e8 

  0x000001ed13d1f034: ; ImmutableOopMap {}
                      ;*arraylength {reexecute=0 rethrow=0 return_oop=0}
                      ; - org.gradle.internal.logging.text.AbstractLineChoppingStyledTextOutput$SeenFromEol::copy@16 (line 239)
                      ; - org.gradle.internal.logging.text.AbstractLineChoppingStyledTextOutput$StateContext::<init>@17 (line 69)
                      ; - org.gradle.internal.logging.text.AbstractLineChoppingStyledTextOutput::doAppend@6 (line 41)
                      ; - org.gradle.internal.logging.text.AbstractStyledTextOutput::text@14 (line 87)
                      ; - org.gradle.internal.logging.console.StyledTextOutputBackedRenderer::onOutput@177 (line 62)
                      ; - org.gradle.internal.logging.sink.LogEventDispatcher::dispatch@6 (line 47)
                      ; - org.gradle.internal.logging.sink.LogEventDispatcher::onOutput@56 (line 41)
                      ; - org.gradle.internal.logging.sink.OutputEventRenderer$LazyListener::onOutput@89 (line 480)
  0x000001ed13d1f034: c852 77ff 

  0x000001ed13d1f038: ;   {other}
  0x000001ed13d1f038: 0f1f 8400 | 2870 00ef | baf6 ffff | ff66 6690 

  0x000001ed13d1f048: ;   {runtime_call UncommonTrapBlob}
  0x000001ed13d1f048: c5f8 77e8 

  0x000001ed13d1f04c: ; ImmutableOopMap {}
                      ;*getfield eolChars {reexecute=1 rethrow=0 return_oop=0}
                      ; - (reexecute) org.gradle.internal.logging.text.AbstractLineChoppingStyledTextOutput::access$200@1 (line 27)
                      ; - org.gradle.internal.logging.text.AbstractLineChoppingStyledTextOutput$StateContext::<init>@28 (line 70)
                      ; - org.gradle.internal.logging.text.AbstractLineChoppingStyledTextOutput::doAppend@6 (line 41)
                      ; - org.gradle.internal.logging.text.AbstractStyledTextOutput::text@14 (line 87)
                      ; - org.gradle.internal.logging.console.StyledTextOutputBackedRenderer::onOutput@177 (line 62)
                      ; - org.gradle.internal.logging.sink.LogEventDispatcher::dispatch@6 (line 47)
                      ; - org.gradle.internal.logging.sink.LogEventDispatcher::onOutput@56 (line 41)
                      ; - org.gradle.internal.logging.sink.OutputEventRenderer$LazyListener::onOutput@89 (line 480)
  0x000001ed13d1f04c: b052 77ff 

  0x000001ed13d1f050: ;   {other}
  0x000001ed13d1f050: 0f1f 8400 | 4070 00f0 | baf6 ffff | ff66 6690 

  0x000001ed13d1f060: ;   {runtime_call UncommonTrapBlob}
  0x000001ed13d1f060: c5f8 77e8 

  0x000001ed13d1f064: ; ImmutableOopMap {}
                      ;*arraylength {reexecute=0 rethrow=0 return_oop=0}
                      ; - java.lang.String::length@4
                      ; - org.gradle.internal.logging.text.AbstractLineChoppingStyledTextOutput$StateContext::<init>@52 (line 81)
                      ; - org.gradle.internal.logging.text.AbstractLineChoppingStyledTextOutput::doAppend@6 (line 41)
                      ; - org.gradle.internal.logging.text.AbstractStyledTextOutput::text@14 (line 87)
                      ; - org.gradle.internal.logging.console.StyledTextOutputBackedRenderer::onOutput@177 (line 62)
                      ; - org.gradle.internal.logging.sink.LogEventDispatcher::dispatch@6 (line 47)
                      ; - org.gradle.internal.logging.sink.LogEventDispatcher::onOutput@56 (line 41)
                      ; - org.gradle.internal.logging.sink.OutputEventRenderer$LazyListener::onOutput@89 (line 480)
  0x000001ed13d1f064: 9852 77ff 

  0x000001ed13d1f068: ;   {other}
  0x000001ed13d1f068: 0f1f 8400 | 5870 00f1 | baf6 ffff | ff66 6690 

  0x000001ed13d1f078: ;   {runtime_call UncommonTrapBlob}
  0x000001ed13d1f078: c5f8 77e8 

  0x000001ed13d1f07c: ; ImmutableOopMap {}
                      ;*invokevirtual size {reexecute=0 rethrow=0 return_oop=0}
                      ; - org.gradle.internal.logging.text.AbstractLineChoppingStyledTextOutput$StateContext::<init>@63 (line 82)
                      ; - org.gradle.internal.logging.text.AbstractLineChoppingStyledTextOutput::doAppend@6 (line 41)
                      ; - org.gradle.internal.logging.text.AbstractStyledTextOutput::text@14 (line 87)
                      ; - org.gradle.internal.logging.console.StyledTextOutputBackedRenderer::onOutput@177 (line 62)
                      ; - org.gradle.internal.logging.sink.LogEventDispatcher::dispatch@6 (line 47)
                      ; - org.gradle.internal.logging.sink.LogEventDispatcher::onOutput@56 (line 41)
                      ; - org.gradle.internal.logging.sink.OutputEventRenderer$LazyListener::onOutput@89 (line 480)
  0x000001ed13d1f07c: 8052 77ff 

  0x000001ed13d1f080: ;   {other}
  0x000001ed13d1f080: 0f1f 8400 | 7070 00f2 | baf6 ffff | ff66 6690 

  0x000001ed13d1f090: ;   {runtime_call UncommonTrapBlob}
  0x000001ed13d1f090: c5f8 77e8 

  0x000001ed13d1f094: ; ImmutableOopMap {}
                      ;*invokevirtual size {reexecute=0 rethrow=0 return_oop=0}
                      ; - org.gradle.internal.logging.text.AbstractLineChoppingStyledTextOutput$StateContext::hasChar@8 (line 105)
                      ; - org.gradle.internal.logging.text.AbstractLineChoppingStyledTextOutput::doAppend@11 (line 43)
                      ; - org.gradle.internal.logging.text.AbstractStyledTextOutput::text@14 (line 87)
                      ; - org.gradle.internal.logging.console.StyledTextOutputBackedRenderer::onOutput@177 (line 62)
                      ; - org.gradle.internal.logging.sink.LogEventDispatcher::dispatch@6 (line 47)
                      ; - org.gradle.internal.logging.sink.LogEventDispatcher::onOutput@56 (line 41)
                      ; - org.gradle.internal.logging.sink.OutputEventRenderer$LazyListener::onOutput@89 (line 480)
  0x000001ed13d1f094: 6852 77ff 

  0x000001ed13d1f098: ;   {other}
  0x000001ed13d1f098: 0f1f 8400 | 8870 00f3 | baf6 ffff | ff66 6690 

  0x000001ed13d1f0a8: ;   {runtime_call UncommonTrapBlob}
  0x000001ed13d1f0a8: c5f8 77e8 

  0x000001ed13d1f0ac: ; ImmutableOopMap {}
                      ;*invokevirtual text {reexecute=0 rethrow=0 return_oop=0}
                      ; - org.gradle.internal.logging.console.StyledTextOutputBackedRenderer::onOutput@187 (line 63)
                      ; - org.gradle.internal.logging.sink.LogEventDispatcher::dispatch@6 (line 47)
                      ; - org.gradle.internal.logging.sink.LogEventDispatcher::onOutput@56 (line 41)
                      ; - org.gradle.internal.logging.sink.OutputEventRenderer$LazyListener::onOutput@89 (line 480)
  0x000001ed13d1f0ac: 5052 77ff 

  0x000001ed13d1f0b0: ;   {other}
  0x000001ed13d1f0b0: 0f1f 8400 | a070 00f4 | baf6 ffff | ff66 6690 

  0x000001ed13d1f0c0: ;   {runtime_call UncommonTrapBlob}
  0x000001ed13d1f0c0: c5f8 77e8 

  0x000001ed13d1f0c4: ; ImmutableOopMap {}
                      ;*arraylength {reexecute=0 rethrow=0 return_oop=0}
                      ; - org.gradle.internal.logging.text.AbstractLineChoppingStyledTextOutput$SeenFromEol::copy@16 (line 239)
                      ; - org.gradle.internal.logging.text.AbstractLineChoppingStyledTextOutput$StateContext::<init>@17 (line 69)
                      ; - org.gradle.internal.logging.text.AbstractLineChoppingStyledTextOutput::doAppend@6 (line 41)
                      ; - org.gradle.internal.logging.text.AbstractStyledTextOutput::text@14 (line 87)
                      ; - org.gradle.internal.logging.console.StyledTextOutputBackedRenderer::onOutput@187 (line 63)
                      ; - org.gradle.internal.logging.sink.LogEventDispatcher::dispatch@6 (line 47)
                      ; - org.gradle.internal.logging.sink.LogEventDispatcher::onOutput@56 (line 41)
                      ; - org.gradle.internal.logging.sink.OutputEventRenderer$LazyListener::onOutput@89 (line 480)
  0x000001ed13d1f0c4: 3852 77ff 

  0x000001ed13d1f0c8: ;   {other}
  0x000001ed13d1f0c8: 0f1f 8400 | b870 00f5 | baf6 ffff | ff66 6690 

  0x000001ed13d1f0d8: ;   {runtime_call UncommonTrapBlob}
  0x000001ed13d1f0d8: c5f8 77e8 

  0x000001ed13d1f0dc: ; ImmutableOopMap {}
                      ;*getfield eolChars {reexecute=1 rethrow=0 return_oop=0}
                      ; - (reexecute) org.gradle.internal.logging.text.AbstractLineChoppingStyledTextOutput::access$200@1 (line 27)
                      ; - org.gradle.internal.logging.text.AbstractLineChoppingStyledTextOutput$StateContext::<init>@28 (line 70)
                      ; - org.gradle.internal.logging.text.AbstractLineChoppingStyledTextOutput::doAppend@6 (line 41)
                      ; - org.gradle.internal.logging.text.AbstractStyledTextOutput::text@14 (line 87)
                      ; - org.gradle.internal.logging.console.StyledTextOutputBackedRenderer::onOutput@187 (line 63)
                      ; - org.gradle.internal.logging.sink.LogEventDispatcher::dispatch@6 (line 47)
                      ; - org.gradle.internal.logging.sink.LogEventDispatcher::onOutput@56 (line 41)
                      ; - org.gradle.internal.logging.sink.OutputEventRenderer$LazyListener::onOutput@89 (line 480)
  0x000001ed13d1f0dc: 2052 77ff 

  0x000001ed13d1f0e0: ;   {other}
  0x000001ed13d1f0e0: 0f1f 8400 | d070 00f6 | baf6 ffff | ff66 6690 

  0x000001ed13d1f0f0: ;   {runtime_call UncommonTrapBlob}
  0x000001ed13d1f0f0: c5f8 77e8 

  0x000001ed13d1f0f4: ; ImmutableOopMap {}
                      ;*invokevirtual size {reexecute=0 rethrow=0 return_oop=0}
                      ; - org.gradle.internal.logging.text.AbstractLineChoppingStyledTextOutput$StateContext::<init>@63 (line 82)
                      ; - org.gradle.internal.logging.text.AbstractLineChoppingStyledTextOutput::doAppend@6 (line 41)
                      ; - org.gradle.internal.logging.text.AbstractStyledTextOutput::text@14 (line 87)
                      ; - org.gradle.internal.logging.console.StyledTextOutputBackedRenderer::onOutput@187 (line 63)
                      ; - org.gradle.internal.logging.sink.LogEventDispatcher::dispatch@6 (line 47)
                      ; - org.gradle.internal.logging.sink.LogEventDispatcher::onOutput@56 (line 41)
                      ; - org.gradle.internal.logging.sink.OutputEventRenderer$LazyListener::onOutput@89 (line 480)
  0x000001ed13d1f0f4: 0852 77ff 

  0x000001ed13d1f0f8: ;   {other}
  0x000001ed13d1f0f8: 0f1f 8400 | e870 00f7 | baf6 ffff | ff66 6690 

  0x000001ed13d1f108: ;   {runtime_call UncommonTrapBlob}
  0x000001ed13d1f108: c5f8 77e8 

  0x000001ed13d1f10c: ; ImmutableOopMap {}
                      ;*invokevirtual size {reexecute=0 rethrow=0 return_oop=0}
                      ; - org.gradle.internal.logging.text.AbstractLineChoppingStyledTextOutput$StateContext::hasChar@8 (line 105)
                      ; - org.gradle.internal.logging.text.AbstractLineChoppingStyledTextOutput::doAppend@11 (line 43)
                      ; - org.gradle.internal.logging.text.AbstractStyledTextOutput::text@14 (line 87)
                      ; - org.gradle.internal.logging.console.StyledTextOutputBackedRenderer::onOutput@187 (line 63)
                      ; - org.gradle.internal.logging.sink.LogEventDispatcher::dispatch@6 (line 47)
                      ; - org.gradle.internal.logging.sink.LogEventDispatcher::onOutput@56 (line 41)
                      ; - org.gradle.internal.logging.sink.OutputEventRenderer$LazyListener::onOutput@89 (line 480)
  0x000001ed13d1f10c: f051 77ff 

  0x000001ed13d1f110: ;   {other}
  0x000001ed13d1f110: 0f1f 8400 | 0071 00f8 | baf6 ffff | ff41 8beb 

  0x000001ed13d1f120: ;   {runtime_call UncommonTrapBlob}
  0x000001ed13d1f120: c5f8 77e8 

  0x000001ed13d1f124: ; ImmutableOopMap {}
                      ;*invokevirtual substring {reexecute=0 rethrow=0 return_oop=0}
                      ; - org.gradle.internal.logging.text.AbstractLineChoppingStyledTextOutput$StateContext::flushLineText@93 (line 127)
                      ; - org.gradle.internal.logging.text.AbstractLineChoppingStyledTextOutput::doAppend@39 (line 47)
                      ; - org.gradle.internal.logging.text.AbstractStyledTextOutput::text@14 (line 87)
                      ; - org.gradle.internal.logging.console.StyledTextOutputBackedRenderer::onOutput@177 (line 62)
                      ; - org.gradle.internal.logging.sink.LogEventDispatcher::dispatch@6 (line 47)
                      ; - org.gradle.internal.logging.sink.LogEventDispatcher::onOutput@56 (line 41)
                      ; - org.gradle.internal.logging.sink.OutputEventRenderer$LazyListener::onOutput@89 (line 480)
  0x000001ed13d1f124: d851 77ff 

  0x000001ed13d1f128: ;   {other}
  0x000001ed13d1f128: 0f1f 8400 | 1871 00f9 | baf6 ffff | ff66 6690 

  0x000001ed13d1f138: ;   {runtime_call UncommonTrapBlob}
  0x000001ed13d1f138: c5f8 77e8 

  0x000001ed13d1f13c: ; ImmutableOopMap {}
                      ;*arraylength {reexecute=0 rethrow=0 return_oop=0}
                      ; - java.lang.String::length@4
                      ; - java.lang.String::substring@1
                      ; - org.gradle.internal.logging.text.AbstractLineChoppingStyledTextOutput$StateContext::flushLineText@93 (line 127)
                      ; - org.gradle.internal.logging.text.AbstractLineChoppingStyledTextOutput::doAppend@39 (line 47)
                      ; - org.gradle.internal.logging.text.AbstractStyledTextOutput::text@14 (line 87)
                      ; - org.gradle.internal.logging.console.StyledTextOutputBackedRenderer::onOutput@177 (line 62)
                      ; - org.gradle.internal.logging.sink.LogEventDispatcher::dispatch@6 (line 47)
                      ; - org.gradle.internal.logging.sink.LogEventDispatcher::onOutput@56 (line 41)
                      ; - org.gradle.internal.logging.sink.OutputEventRenderer$LazyListener::onOutput@89 (line 480)
  0x000001ed13d1f13c: c051 77ff 

  0x000001ed13d1f140: ;   {other}
  0x000001ed13d1f140: 0f1f 8400 | 3071 00fa | baf6 ffff | ff66 6690 

  0x000001ed13d1f150: ;   {runtime_call UncommonTrapBlob}
  0x000001ed13d1f150: c5f8 77e8 

  0x000001ed13d1f154: ; ImmutableOopMap {}
                      ;*arraylength {reexecute=0 rethrow=0 return_oop=0}
                      ; - java.lang.String::length@4
                      ; - org.gradle.internal.logging.text.AbstractLineChoppingStyledTextOutput$StateContext::flushLineText@98 (line 130)
                      ; - org.gradle.internal.logging.text.AbstractLineChoppingStyledTextOutput::doAppend@39 (line 47)
                      ; - org.gradle.internal.logging.text.AbstractStyledTextOutput::text@14 (line 87)
                      ; - org.gradle.internal.logging.console.StyledTextOutputBackedRenderer::onOutput@177 (line 62)
                      ; - org.gradle.internal.logging.sink.LogEventDispatcher::dispatch@6 (line 47)
                      ; - org.gradle.internal.logging.sink.LogEventDispatcher::onOutput@56 (line 41)
                      ; - org.gradle.internal.logging.sink.OutputEventRenderer$LazyListener::onOutput@89 (line 480)
  0x000001ed13d1f154: a851 77ff 

  0x000001ed13d1f158: ;   {other}
  0x000001ed13d1f158: 0f1f 8400 | 4871 00fb | baf6 ffff | ff66 6690 

  0x000001ed13d1f168: ;   {runtime_call UncommonTrapBlob}
  0x000001ed13d1f168: c5f8 77e8 

  0x000001ed13d1f16c: ; ImmutableOopMap {[112]=Oop }
                      ;*invokevirtual doLineText {reexecute=0 rethrow=0 return_oop=0}
                      ; - org.gradle.internal.logging.text.AbstractLineChoppingStyledTextOutput$StateContext::flushLineText@109 (line 131)
                      ; - org.gradle.internal.logging.text.AbstractLineChoppingStyledTextOutput::doAppend@39 (line 47)
                      ; - org.gradle.internal.logging.text.AbstractStyledTextOutput::text@14 (line 87)
                      ; - org.gradle.internal.logging.console.StyledTextOutputBackedRenderer::onOutput@177 (line 62)
                      ; - org.gradle.internal.logging.sink.LogEventDispatcher::dispatch@6 (line 47)
                      ; - org.gradle.internal.logging.sink.LogEventDispatcher::onOutput@56 (line 41)
                      ; - org.gradle.internal.logging.sink.OutputEventRenderer$LazyListener::onOutput@89 (line 480)
  0x000001ed13d1f16c: 9051 77ff 

  0x000001ed13d1f170: ;   {other}
  0x000001ed13d1f170: 0f1f 8400 | 6071 00fc | baf6 ffff | ff41 8be8 | 4489 5c24 | 2066 6690 

  0x000001ed13d1f188: ;   {runtime_call UncommonTrapBlob}
  0x000001ed13d1f188: c5f8 77e8 

  0x000001ed13d1f18c: ; ImmutableOopMap {}
                      ;*invokevirtual substring {reexecute=0 rethrow=0 return_oop=0}
                      ; - org.gradle.internal.logging.text.AbstractLineChoppingStyledTextOutput$StateContext::flushLineText@93 (line 127)
                      ; - org.gradle.internal.logging.text.AbstractLineChoppingStyledTextOutput::doAppend@39 (line 47)
                      ; - org.gradle.internal.logging.text.AbstractStyledTextOutput::text@14 (line 87)
                      ; - org.gradle.internal.logging.console.StyledTextOutputBackedRenderer::onOutput@187 (line 63)
                      ; - org.gradle.internal.logging.sink.LogEventDispatcher::dispatch@6 (line 47)
                      ; - org.gradle.internal.logging.sink.LogEventDispatcher::onOutput@56 (line 41)
                      ; - org.gradle.internal.logging.sink.OutputEventRenderer$LazyListener::onOutput@89 (line 480)
  0x000001ed13d1f18c: 7051 77ff 

  0x000001ed13d1f190: ;   {other}
  0x000001ed13d1f190: 0f1f 8400 | 8071 00fd | baf6 ffff | ff66 6690 

  0x000001ed13d1f1a0: ;   {runtime_call UncommonTrapBlob}
  0x000001ed13d1f1a0: c5f8 77e8 

  0x000001ed13d1f1a4: ; ImmutableOopMap {}
                      ;*arraylength {reexecute=0 rethrow=0 return_oop=0}
                      ; - java.lang.String::length@4
                      ; - java.lang.String::substring@1
                      ; - org.gradle.internal.logging.text.AbstractLineChoppingStyledTextOutput$StateContext::flushLineText@93 (line 127)
                      ; - org.gradle.internal.logging.text.AbstractLineChoppingStyledTextOutput::doAppend@39 (line 47)
                      ; - org.gradle.internal.logging.text.AbstractStyledTextOutput::text@14 (line 87)
                      ; - org.gradle.internal.logging.console.StyledTextOutputBackedRenderer::onOutput@187 (line 63)
                      ; - org.gradle.internal.logging.sink.LogEventDispatcher::dispatch@6 (line 47)
                      ; - org.gradle.internal.logging.sink.LogEventDispatcher::onOutput@56 (line 41)
                      ; - org.gradle.internal.logging.sink.OutputEventRenderer$LazyListener::onOutput@89 (line 480)
  0x000001ed13d1f1a4: 5851 77ff 

  0x000001ed13d1f1a8: ;   {other}
  0x000001ed13d1f1a8: 0f1f 8400 | 9871 00fe | baf6 ffff | ff66 6690 

  0x000001ed13d1f1b8: ;   {runtime_call UncommonTrapBlob}
  0x000001ed13d1f1b8: c5f8 77e8 

  0x000001ed13d1f1bc: ; ImmutableOopMap {}
                      ;*arraylength {reexecute=0 rethrow=0 return_oop=0}
                      ; - java.lang.String::length@4
                      ; - org.gradle.internal.logging.text.AbstractLineChoppingStyledTextOutput$StateContext::flushLineText@98 (line 130)
                      ; - org.gradle.internal.logging.text.AbstractLineChoppingStyledTextOutput::doAppend@39 (line 47)
                      ; - org.gradle.internal.logging.text.AbstractStyledTextOutput::text@14 (line 87)
                      ; - org.gradle.internal.logging.console.StyledTextOutputBackedRenderer::onOutput@187 (line 63)
                      ; - org.gradle.internal.logging.sink.LogEventDispatcher::dispatch@6 (line 47)
                      ; - org.gradle.internal.logging.sink.LogEventDispatcher::onOutput@56 (line 41)
                      ; - org.gradle.internal.logging.sink.OutputEventRenderer$LazyListener::onOutput@89 (line 480)
  0x000001ed13d1f1bc: 4051 77ff 

  0x000001ed13d1f1c0: ;   {other}
  0x000001ed13d1f1c0: 0f1f 8400 | b071 00ff | baf6 ffff | ff49 8be8 

  0x000001ed13d1f1d0: ;   {runtime_call UncommonTrapBlob}
  0x000001ed13d1f1d0: c5f8 77e8 

  0x000001ed13d1f1d4: ; ImmutableOopMap {rbp=Oop }
                      ;*invokevirtual doLineText {reexecute=0 rethrow=0 return_oop=0}
                      ; - org.gradle.internal.logging.text.AbstractLineChoppingStyledTextOutput$StateContext::flushLineText@109 (line 131)
                      ; - org.gradle.internal.logging.text.AbstractLineChoppingStyledTextOutput::doAppend@39 (line 47)
                      ; - org.gradle.internal.logging.text.AbstractStyledTextOutput::text@14 (line 87)
                      ; - org.gradle.internal.logging.console.StyledTextOutputBackedRenderer::onOutput@187 (line 63)
                      ; - org.gradle.internal.logging.sink.LogEventDispatcher::dispatch@6 (line 47)
                      ; - org.gradle.internal.logging.sink.LogEventDispatcher::onOutput@56 (line 41)
                      ; - org.gradle.internal.logging.sink.OutputEventRenderer$LazyListener::onOutput@89 (line 480)
  0x000001ed13d1f1d4: 2851 77ff 

  0x000001ed13d1f1d8: ;   {other}
  0x000001ed13d1f1d8: 0f1f 8400 | 0000 0000 | baf6 ffff | ff66 6690 

  0x000001ed13d1f1e8: ;   {runtime_call UncommonTrapBlob}
  0x000001ed13d1f1e8: c5f8 77e8 

  0x000001ed13d1f1ec: ; ImmutableOopMap {[112]=Oop }
                      ;*invokeinterface text {reexecute=0 rethrow=0 return_oop=0}
                      ; - org.gradle.internal.logging.console.StyledTextOutputBackedRenderer$OutputEventTextOutputImpl::doLineText@5 (line 90)
                      ; - org.gradle.internal.logging.text.AbstractLineChoppingStyledTextOutput$StateContext::flushLineText@109 (line 131)
                      ; - org.gradle.internal.logging.text.AbstractLineChoppingStyledTextOutput::doAppend@39 (line 47)
                      ; - org.gradle.internal.logging.text.AbstractStyledTextOutput::text@14 (line 87)
                      ; - org.gradle.internal.logging.console.StyledTextOutputBackedRenderer::onOutput@177 (line 62)
                      ; - org.gradle.internal.logging.sink.LogEventDispatcher::dispatch@6 (line 47)
                      ; - org.gradle.internal.logging.sink.LogEventDispatcher::onOutput@56 (line 41)
                      ; - org.gradle.internal.logging.sink.OutputEventRenderer$LazyListener::onOutput@89 (line 480)
  0x000001ed13d1f1ec: 1051 77ff 

  0x000001ed13d1f1f0: ;   {other}
  0x000001ed13d1f1f0: 0f1f 8400 | 0000 0000 | baf6 ffff | ff66 6690 

  0x000001ed13d1f200: ;   {runtime_call UncommonTrapBlob}
  0x000001ed13d1f200: c5f8 77e8 

  0x000001ed13d1f204: ; ImmutableOopMap {[112]=Oop }
                      ;*invokeinterface onOutput {reexecute=0 rethrow=0 return_oop=0}
                      ; - org.gradle.internal.logging.text.StreamingStyledTextOutput::doAppend@5 (line 55)
                      ; - org.gradle.internal.logging.text.AbstractStyledTextOutput::text@14 (line 87)
                      ; - org.gradle.internal.logging.console.StyledTextOutputBackedRenderer$OutputEventTextOutputImpl::doLineText@5 (line 90)
                      ; - org.gradle.internal.logging.text.AbstractLineChoppingStyledTextOutput$StateContext::flushLineText@109 (line 131)
                      ; - org.gradle.internal.logging.text.AbstractLineChoppingStyledTextOutput::doAppend@39 (line 47)
                      ; - org.gradle.internal.logging.text.AbstractStyledTextOutput::text@14 (line 87)
                      ; - org.gradle.internal.logging.console.StyledTextOutputBackedRenderer::onOutput@177 (line 62)
                      ; - org.gradle.internal.logging.sink.LogEventDispatcher::dispatch@6 (line 47)
                      ; - org.gradle.internal.logging.sink.LogEventDispatcher::onOutput@56 (line 41)
                      ; - org.gradle.internal.logging.sink.OutputEventRenderer$LazyListener::onOutput@89 (line 480)
  0x000001ed13d1f204: f850 77ff 

  0x000001ed13d1f208: ;   {other}
  0x000001ed13d1f208: 0f1f 8400 | 0000 0000 | baf6 ffff | ff8b 6c24 | 404c 8b54 | 2430 4c89 | 5424 204c | 8b54 2438 
  0x000001ed13d1f228: 4c89 5424 | 284c 8944 | 2430 6690 

  0x000001ed13d1f234: ;   {runtime_call UncommonTrapBlob}
  0x000001ed13d1f234: c5f8 77e8 

  0x000001ed13d1f238: ; ImmutableOopMap {rbp=NarrowOop [32]=Oop [40]=Oop [48]=Oop [96]=Oop [104]=Oop [112]=Oop }
                      ;*invokeinterface append {reexecute=0 rethrow=0 return_oop=0}
                      ; - org.gradle.internal.logging.text.StreamBackedStandardOutputListener::onOutput@5 (line 52)
                      ; - org.gradle.internal.logging.text.StreamingStyledTextOutput::doAppend@5 (line 55)
                      ; - org.gradle.internal.logging.text.AbstractStyledTextOutput::text@14 (line 87)
                      ; - org.gradle.internal.logging.console.StyledTextOutputBackedRenderer$OutputEventTextOutputImpl::doLineText@5 (line 90)
                      ; - org.gradle.internal.logging.text.AbstractLineChoppingStyledTextOutput$StateContext::flushLineText@109 (line 131)
                      ; - org.gradle.internal.logging.text.AbstractLineChoppingStyledTextOutput::doAppend@39 (line 47)
                      ; - org.gradle.internal.logging.text.AbstractStyledTextOutput::text@14 (line 87)
                      ; - org.gradle.internal.logging.console.StyledTextOutputBackedRenderer::onOutput@177 (line 62)
                      ; - org.gradle.internal.logging.sink.LogEventDispatcher::dispatch@6 (line 47)
                      ; - org.gradle.internal.logging.sink.LogEventDispatcher::onOutput@56 (line 41)
                      ; - org.gradle.internal.logging.sink.OutputEventRenderer$LazyListener::onOutput@89 (line 480)
  0x000001ed13d1f238: c450 77ff 

  0x000001ed13d1f23c: ;   {other}
  0x000001ed13d1f23c: 0f1f 8400 | 0000 0000 | baf6 ffff | ff8b 6c24 | 404c 8b54 | 2430 4c89 | 5424 204c | 8b54 2438 
  0x000001ed13d1f25c: 4c89 5424 | 284c 8944 | 2430 4c8b | 5424 784c | 8954 2450 

  0x000001ed13d1f270: ;   {runtime_call UncommonTrapBlob}
  0x000001ed13d1f270: c5f8 77e8 

  0x000001ed13d1f274: ; ImmutableOopMap {rbp=NarrowOop [32]=Oop [40]=Oop [48]=Oop [80]=Oop [96]=Oop [104]=Oop [112]=Oop [120]=Oop }
                      ;*invokevirtual lock {reexecute=0 rethrow=0 return_oop=0}
                      ; - jdk.internal.misc.InternalLock::lock@4
                      ; - java.io.PrintStream::write@11
                      ; - java.io.PrintStream::print@5
                      ; - java.io.PrintStream::append@5
                      ; - java.io.PrintStream::append@2
                      ; - org.gradle.internal.logging.text.StreamBackedStandardOutputListener::onOutput@5 (line 52)
                      ; - org.gradle.internal.logging.text.StreamingStyledTextOutput::doAppend@5 (line 55)
                      ; - org.gradle.internal.logging.text.AbstractStyledTextOutput::text@14 (line 87)
                      ; - org.gradle.internal.logging.console.StyledTextOutputBackedRenderer$OutputEventTextOutputImpl::doLineText@5 (line 90)
                      ; - org.gradle.internal.logging.text.AbstractLineChoppingStyledTextOutput$StateContext::flushLineText@109 (line 131)
                      ; - org.gradle.internal.logging.text.AbstractLineChoppingStyledTextOutput::doAppend@39 (line 47)
                      ; - org.gradle.internal.logging.text.AbstractStyledTextOutput::text@14 (line 87)
                      ; - org.gradle.internal.logging.console.StyledTextOutputBackedRenderer::onOutput@177 (line 62)
                      ; - org.gradle.internal.logging.sink.LogEventDispatcher::dispatch@6 (line 47)
                      ; - org.gradle.internal.logging.sink.LogEventDispatcher::onOutput@56 (line 41)
                      ; - org.gradle.internal.logging.sink.OutputEventRenderer$LazyListener::onOutput@89 (line 480)
  0x000001ed13d1f274: 8850 77ff 

  0x000001ed13d1f278: ;   {other}
  0x000001ed13d1f278: 0f1f 8400 | 0000 0000 | baf6 ffff | ff8b 6c24 | 404c 8b54 | 2430 4c89 | 5424 204c | 8b54 2438 
  0x000001ed13d1f298: 4c89 5424 | 284c 8b54 | 2448 4c89 | 5424 304c | 8b54 2478 | 4c89 5424 | 5066 6690 

  0x000001ed13d1f2b4: ;   {runtime_call UncommonTrapBlob}
  0x000001ed13d1f2b4: c5f8 77e8 

  0x000001ed13d1f2b8: ; ImmutableOopMap {rbp=NarrowOop [32]=Oop [40]=Oop [48]=Oop [80]=Oop [96]=Oop [104]=Oop [120]=Oop }
                      ;*invokevirtual flushBuffer {reexecute=0 rethrow=0 return_oop=0}
                      ; - java.io.PrintStream::implWrite@16
                      ; - java.io.PrintStream::write@16
                      ; - java.io.PrintStream::print@5
                      ; - java.io.PrintStream::append@5
                      ; - java.io.PrintStream::append@2
                      ; - org.gradle.internal.logging.text.StreamBackedStandardOutputListener::onOutput@5 (line 52)
                      ; - org.gradle.internal.logging.text.StreamingStyledTextOutput::doAppend@5 (line 55)
                      ; - org.gradle.internal.logging.text.AbstractStyledTextOutput::text@14 (line 87)
                      ; - org.gradle.internal.logging.console.StyledTextOutputBackedRenderer$OutputEventTextOutputImpl::doLineText@5 (line 90)
                      ; - org.gradle.internal.logging.text.AbstractLineChoppingStyledTextOutput$StateContext::flushLineText@109 (line 131)
                      ; - org.gradle.internal.logging.text.AbstractLineChoppingStyledTextOutput::doAppend@39 (line 47)
                      ; - org.gradle.internal.logging.text.AbstractStyledTextOutput::text@14 (line 87)
                      ; - org.gradle.internal.logging.console.StyledTextOutputBackedRenderer::onOutput@177 (line 62)
                      ; - org.gradle.internal.logging.sink.LogEventDispatcher::dispatch@6 (line 47)
                      ; - org.gradle.internal.logging.sink.LogEventDispatcher::onOutput@56 (line 41)
                      ; - org.gradle.internal.logging.sink.OutputEventRenderer$LazyListener::onOutput@89 (line 480)
  0x000001ed13d1f2b8: 4450 77ff 

  0x000001ed13d1f2bc: ;   {other}
  0x000001ed13d1f2bc: 0f1f 8400 | 0000 0000 | baf4 ffff | ff8b 6c24 | 404c 8b54 | 2430 4c89 | 5424 204c | 8b54 2438 
  0x000001ed13d1f2dc: 4c89 5424 | 284c 8b54 | 2448 4c89 | 5424 304c | 8b54 2460 | 4c89 5424 | 384c 8b54 | 2468 4c89 
  0x000001ed13d1f2fc: 5424 404c | 8b54 2478 | 4c89 5424 | 504c 8954 | 2458 4489 | 5c24 6890 

  0x000001ed13d1f314: ;   {runtime_call UncommonTrapBlob}
  0x000001ed13d1f314: c5f8 77e8 

  0x000001ed13d1f318: ; ImmutableOopMap {rbp=NarrowOop [32]=Oop [40]=Oop [48]=Oop [56]=Oop [64]=Oop [80]=Oop [88]=Oop [104]=NarrowOop [112]=Oop }
                      ;*instanceof {reexecute=0 rethrow=0 return_oop=0}
                      ; - java.io.BufferedWriter::flushBuffer@6
                      ; - java.io.PrintStream::implWrite@16
                      ; - java.io.PrintStream::write@16
                      ; - java.io.PrintStream::print@5
                      ; - java.io.PrintStream::append@5
                      ; - java.io.PrintStream::append@2
                      ; - org.gradle.internal.logging.text.StreamBackedStandardOutputListener::onOutput@5 (line 52)
                      ; - org.gradle.internal.logging.text.StreamingStyledTextOutput::doAppend@5 (line 55)
                      ; - org.gradle.internal.logging.text.AbstractStyledTextOutput::text@14 (line 87)
                      ; - org.gradle.internal.logging.console.StyledTextOutputBackedRenderer$OutputEventTextOutputImpl::doLineText@5 (line 90)
                      ; - org.gradle.internal.logging.text.AbstractLineChoppingStyledTextOutput$StateContext::flushLineText@109 (line 131)
                      ; - org.gradle.internal.logging.text.AbstractLineChoppingStyledTextOutput::doAppend@39 (line 47)
                      ; - org.gradle.internal.logging.text.AbstractStyledTextOutput::text@14 (line 87)
                      ; - org.gradle.internal.logging.console.StyledTextOutputBackedRenderer::onOutput@177 (line 62)
                      ; - org.gradle.internal.logging.sink.LogEventDispatcher::dispatch@6 (line 47)
                      ; - org.gradle.internal.logging.sink.LogEventDispatcher::onOutput@56 (line 41)
                      ; - org.gradle.internal.logging.sink.OutputEventRenderer$LazyListener::onOutput@89 (line 480)
  0x000001ed13d1f318: e44f 77ff 

  0x000001ed13d1f31c: ;   {other}
  0x000001ed13d1f31c: 0f1f 8400 | 0000 0000 | baf6 ffff | ff8b 6c24 | 404c 8b54 | 2430 4c89 | 5424 204c | 8b54 2438 
  0x000001ed13d1f33c: 4c89 5424 | 2866 6690 

  0x000001ed13d1f344: ;   {runtime_call UncommonTrapBlob}
  0x000001ed13d1f344: c5f8 77e8 

  0x000001ed13d1f348: ; ImmutableOopMap {rbp=NarrowOop [32]=Oop [40]=Oop [72]=Oop [96]=Oop }
                      ;*invokeinterface flush {reexecute=0 rethrow=0 return_oop=0}
                      ; - org.gradle.internal.logging.text.StreamBackedStandardOutputListener::onOutput@15 (line 53)
                      ; - org.gradle.internal.logging.text.StreamingStyledTextOutput::doAppend@5 (line 55)
                      ; - org.gradle.internal.logging.text.AbstractStyledTextOutput::text@14 (line 87)
                      ; - org.gradle.internal.logging.console.StyledTextOutputBackedRenderer$OutputEventTextOutputImpl::doLineText@5 (line 90)
                      ; - org.gradle.internal.logging.text.AbstractLineChoppingStyledTextOutput$StateContext::flushLineText@109 (line 131)
                      ; - org.gradle.internal.logging.text.AbstractLineChoppingStyledTextOutput::doAppend@39 (line 47)
                      ; - org.gradle.internal.logging.text.AbstractStyledTextOutput::text@14 (line 87)
                      ; - org.gradle.internal.logging.console.StyledTextOutputBackedRenderer::onOutput@177 (line 62)
                      ; - org.gradle.internal.logging.sink.LogEventDispatcher::dispatch@6 (line 47)
                      ; - org.gradle.internal.logging.sink.LogEventDispatcher::onOutput@56 (line 41)
                      ; - org.gradle.internal.logging.sink.OutputEventRenderer$LazyListener::onOutput@89 (line 480)
  0x000001ed13d1f348: b44f 77ff 

  0x000001ed13d1f34c: ;   {other}
  0x000001ed13d1f34c: 0f1f 8400 | 0000 0000 | baf6 ffff | ff8b 6c24 | 404c 8b54 | 2430 4c89 | 5424 204c | 8b54 2438 
  0x000001ed13d1f36c: 4c89 5424 | 2866 6690 

  0x000001ed13d1f374: ;   {runtime_call UncommonTrapBlob}
  0x000001ed13d1f374: c5f8 77e8 

  0x000001ed13d1f378: ; ImmutableOopMap {rbp=NarrowOop [32]=Oop [40]=Oop [72]=Oop [96]=Oop [104]=Oop }
                      ;*invokevirtual lock {reexecute=0 rethrow=0 return_oop=0}
                      ; - jdk.internal.misc.InternalLock::lock@4
                      ; - java.io.PrintStream::flush@11
                      ; - org.gradle.internal.logging.text.StreamBackedStandardOutputListener::onOutput@15 (line 53)
                      ; - org.gradle.internal.logging.text.StreamingStyledTextOutput::doAppend@5 (line 55)
                      ; - org.gradle.internal.logging.text.AbstractStyledTextOutput::text@14 (line 87)
                      ; - org.gradle.internal.logging.console.StyledTextOutputBackedRenderer$OutputEventTextOutputImpl::doLineText@5 (line 90)
                      ; - org.gradle.internal.logging.text.AbstractLineChoppingStyledTextOutput$StateContext::flushLineText@109 (line 131)
                      ; - org.gradle.internal.logging.text.AbstractLineChoppingStyledTextOutput::doAppend@39 (line 47)
                      ; - org.gradle.internal.logging.text.AbstractStyledTextOutput::text@14 (line 87)
                      ; - org.gradle.internal.logging.console.StyledTextOutputBackedRenderer::onOutput@177 (line 62)
                      ; - org.gradle.internal.logging.sink.LogEventDispatcher::dispatch@6 (line 47)
                      ; - org.gradle.internal.logging.sink.LogEventDispatcher::onOutput@56 (line 41)
                      ; - org.gradle.internal.logging.sink.OutputEventRenderer$LazyListener::onOutput@89 (line 480)
  0x000001ed13d1f378: 844f 77ff 

  0x000001ed13d1f37c: ;   {other}
  0x000001ed13d1f37c: 0f1f 8400 | 0000 0000 | baf6 ffff | ff8b 6c24 | 404c 8b54 | 2430 4c89 | 5424 204c | 8b54 2438 
  0x000001ed13d1f39c: 4c89 5424 | 2866 6690 

  0x000001ed13d1f3a4: ;   {runtime_call UncommonTrapBlob}
  0x000001ed13d1f3a4: c5f8 77e8 

  0x000001ed13d1f3a8: ; ImmutableOopMap {rbp=NarrowOop [32]=Oop [40]=Oop [72]=Oop [96]=Oop [104]=Oop }
                      ;*invokevirtual lock {reexecute=0 rethrow=0 return_oop=0}
                      ; - java.util.concurrent.locks.ReentrantLock::lock@4
                      ; - jdk.internal.misc.InternalLock::lock@4
                      ; - java.io.PrintStream::flush@11
                      ; - org.gradle.internal.logging.text.StreamBackedStandardOutputListener::onOutput@15 (line 53)
                      ; - org.gradle.internal.logging.text.StreamingStyledTextOutput::doAppend@5 (line 55)
                      ; - org.gradle.internal.logging.text.AbstractStyledTextOutput::text@14 (line 87)
                      ; - org.gradle.internal.logging.console.StyledTextOutputBackedRenderer$OutputEventTextOutputImpl::doLineText@5 (line 90)
                      ; - org.gradle.internal.logging.text.AbstractLineChoppingStyledTextOutput$StateContext::flushLineText@109 (line 131)
                      ; - org.gradle.internal.logging.text.AbstractLineChoppingStyledTextOutput::doAppend@39 (line 47)
                      ; - org.gradle.internal.logging.text.AbstractStyledTextOutput::text@14 (line 87)
                      ; - org.gradle.internal.logging.console.StyledTextOutputBackedRenderer::onOutput@177 (line 62)
                      ; - org.gradle.internal.logging.sink.LogEventDispatcher::dispatch@6 (line 47)
                      ; - org.gradle.internal.logging.sink.LogEventDispatcher::onOutput@56 (line 41)
                      ; - org.gradle.internal.logging.sink.OutputEventRenderer$LazyListener::onOutput@89 (line 480)
  0x000001ed13d1f3a8: 544f 77ff 

  0x000001ed13d1f3ac: ;   {other}
  0x000001ed13d1f3ac: 0f1f 8400 | 0000 0000 | baf6 ffff | ff8b 6c24 | 404c 8b54 | 2430 4c89 | 5424 204c | 8b54 2438 
  0x000001ed13d1f3cc: 4c89 5424 | 2866 6690 

  0x000001ed13d1f3d4: ;   {runtime_call UncommonTrapBlob}
  0x000001ed13d1f3d4: c5f8 77e8 

  0x000001ed13d1f3d8: ; ImmutableOopMap {rbp=NarrowOop [32]=Oop [40]=Oop [72]=Oop [96]=Oop }
                      ;*invokevirtual unlock {reexecute=0 rethrow=0 return_oop=0}
                      ; - jdk.internal.misc.InternalLock::unlock@4
                      ; - java.io.PrintStream::flush@22
                      ; - org.gradle.internal.logging.text.StreamBackedStandardOutputListener::onOutput@15 (line 53)
                      ; - org.gradle.internal.logging.text.StreamingStyledTextOutput::doAppend@5 (line 55)
                      ; - org.gradle.internal.logging.text.AbstractStyledTextOutput::text@14 (line 87)
                      ; - org.gradle.internal.logging.console.StyledTextOutputBackedRenderer$OutputEventTextOutputImpl::doLineText@5 (line 90)
                      ; - org.gradle.internal.logging.text.AbstractLineChoppingStyledTextOutput$StateContext::flushLineText@109 (line 131)
                      ; - org.gradle.internal.logging.text.AbstractLineChoppingStyledTextOutput::doAppend@39 (line 47)
                      ; - org.gradle.internal.logging.text.AbstractStyledTextOutput::text@14 (line 87)
                      ; - org.gradle.internal.logging.console.StyledTextOutputBackedRenderer::onOutput@177 (line 62)
                      ; - org.gradle.internal.logging.sink.LogEventDispatcher::dispatch@6 (line 47)
                      ; - org.gradle.internal.logging.sink.LogEventDispatcher::onOutput@56 (line 41)
                      ; - org.gradle.internal.logging.sink.OutputEventRenderer$LazyListener::onOutput@89 (line 480)
  0x000001ed13d1f3d8: 244f 77ff 

  0x000001ed13d1f3dc: ;   {other}
  0x000001ed13d1f3dc: 0f1f 8400 | 0000 0000 | baf6 ffff | ff8b 6c24 | 404c 8b54 | 2430 4c89 | 5424 204c | 8b54 2438 
  0x000001ed13d1f3fc: 4c89 5424 | 2866 6690 

  0x000001ed13d1f404: ;   {runtime_call UncommonTrapBlob}
  0x000001ed13d1f404: c5f8 77e8 

  0x000001ed13d1f408: ; ImmutableOopMap {rbp=NarrowOop [32]=Oop [40]=Oop [72]=Oop [96]=Oop }
                      ;*invokevirtual release {reexecute=0 rethrow=0 return_oop=0}
                      ; - java.util.concurrent.locks.ReentrantLock::unlock@5
                      ; - jdk.internal.misc.InternalLock::unlock@4
                      ; - java.io.PrintStream::flush@22
                      ; - org.gradle.internal.logging.text.StreamBackedStandardOutputListener::onOutput@15 (line 53)
                      ; - org.gradle.internal.logging.text.StreamingStyledTextOutput::doAppend@5 (line 55)
                      ; - org.gradle.internal.logging.text.AbstractStyledTextOutput::text@14 (line 87)
                      ; - org.gradle.internal.logging.console.StyledTextOutputBackedRenderer$OutputEventTextOutputImpl::doLineText@5 (line 90)
                      ; - org.gradle.internal.logging.text.AbstractLineChoppingStyledTextOutput$StateContext::flushLineText@109 (line 131)
                      ; - org.gradle.internal.logging.text.AbstractLineChoppingStyledTextOutput::doAppend@39 (line 47)
                      ; - org.gradle.internal.logging.text.AbstractStyledTextOutput::text@14 (line 87)
                      ; - org.gradle.internal.logging.console.StyledTextOutputBackedRenderer::onOutput@177 (line 62)
                      ; - org.gradle.internal.logging.sink.LogEventDispatcher::dispatch@6 (line 47)
                      ; - org.gradle.internal.logging.sink.LogEventDispatcher::onOutput@56 (line 41)
                      ; - org.gradle.internal.logging.sink.OutputEventRenderer$LazyListener::onOutput@89 (line 480)
  0x000001ed13d1f408: f44e 77ff 

  0x000001ed13d1f40c: ;   {other}
  0x000001ed13d1f40c: 0f1f 8400 | 0000 0000 | baf6 ffff | ff8b 6c24 | 404c 8b54 | 2430 4c89 | 5424 204c | 8b54 2438 
  0x000001ed13d1f42c: 4c89 5424 | 284c 8b54 | 2448 4c89 | 5424 304c | 8b54 2478 | 4c89 5424 | 5066 6690 

  0x000001ed13d1f448: ;   {runtime_call UncommonTrapBlob}
  0x000001ed13d1f448: c5f8 77e8 

  0x000001ed13d1f44c: ; ImmutableOopMap {rbp=NarrowOop [32]=Oop [40]=Oop [48]=Oop [80]=Oop [96]=Oop [104]=Oop [120]=Oop }
                      ;*invokevirtual flushBuffer {reexecute=0 rethrow=0 return_oop=0}
                      ; - java.io.PrintStream::implWrite@23
                      ; - java.io.PrintStream::write@16
                      ; - java.io.PrintStream::print@5
                      ; - java.io.PrintStream::append@5
                      ; - java.io.PrintStream::append@2
                      ; - org.gradle.internal.logging.text.StreamBackedStandardOutputListener::onOutput@5 (line 52)
                      ; - org.gradle.internal.logging.text.StreamingStyledTextOutput::doAppend@5 (line 55)
                      ; - org.gradle.internal.logging.text.AbstractStyledTextOutput::text@14 (line 87)
                      ; - org.gradle.internal.logging.console.StyledTextOutputBackedRenderer$OutputEventTextOutputImpl::doLineText@5 (line 90)
                      ; - org.gradle.internal.logging.text.AbstractLineChoppingStyledTextOutput$StateContext::flushLineText@109 (line 131)
                      ; - org.gradle.internal.logging.text.AbstractLineChoppingStyledTextOutput::doAppend@39 (line 47)
                      ; - org.gradle.internal.logging.text.AbstractStyledTextOutput::text@14 (line 87)
                      ; - org.gradle.internal.logging.console.StyledTextOutputBackedRenderer::onOutput@177 (line 62)
                      ; - org.gradle.internal.logging.sink.LogEventDispatcher::dispatch@6 (line 47)
                      ; - org.gradle.internal.logging.sink.LogEventDispatcher::onOutput@56 (line 41)
                      ; - org.gradle.internal.logging.sink.OutputEventRenderer$LazyListener::onOutput@89 (line 480)
  0x000001ed13d1f44c: b04e 77ff 

  0x000001ed13d1f450: ;   {other}
  0x000001ed13d1f450: 0f1f 8400 | 0000 0000 | baf6 ffff | ff8b 6c24 | 404c 8b54 | 2430 4c89 | 5424 204c | 8b54 2438 
  0x000001ed13d1f470: 4c89 5424 | 284c 8b54 | 2448 4c89 | 5424 304c | 8b54 2470 | 4c89 5424 | 5066 6690 

  0x000001ed13d1f48c: ;   {runtime_call UncommonTrapBlob}
  0x000001ed13d1f48c: c5f8 77e8 

  0x000001ed13d1f490: ; ImmutableOopMap {rbp=NarrowOop [32]=Oop [40]=Oop [48]=Oop [80]=Oop [96]=Oop [104]=Oop [112]=Oop }
                      ;*invokevirtual unlock {reexecute=0 rethrow=0 return_oop=0}
                      ; - java.io.PrintStream::write@23
                      ; - java.io.PrintStream::print@5
                      ; - java.io.PrintStream::append@5
                      ; - java.io.PrintStream::append@2
                      ; - org.gradle.internal.logging.text.StreamBackedStandardOutputListener::onOutput@5 (line 52)
                      ; - org.gradle.internal.logging.text.StreamingStyledTextOutput::doAppend@5 (line 55)
                      ; - org.gradle.internal.logging.text.AbstractStyledTextOutput::text@14 (line 87)
                      ; - org.gradle.internal.logging.console.StyledTextOutputBackedRenderer$OutputEventTextOutputImpl::doLineText@5 (line 90)
                      ; - org.gradle.internal.logging.text.AbstractLineChoppingStyledTextOutput$StateContext::flushLineText@109 (line 131)
                      ; - org.gradle.internal.logging.text.AbstractLineChoppingStyledTextOutput::doAppend@39 (line 47)
                      ; - org.gradle.internal.logging.text.AbstractStyledTextOutput::text@14 (line 87)
                      ; - org.gradle.internal.logging.console.StyledTextOutputBackedRenderer::onOutput@177 (line 62)
                      ; - org.gradle.internal.logging.sink.LogEventDispatcher::dispatch@6 (line 47)
                      ; - org.gradle.internal.logging.sink.LogEventDispatcher::onOutput@56 (line 41)
                      ; - org.gradle.internal.logging.sink.OutputEventRenderer$LazyListener::onOutput@89 (line 480)
  0x000001ed13d1f490: 6c4e 77ff 

  0x000001ed13d1f494: ;   {other}
  0x000001ed13d1f494: 0f1f 8400 | 0000 0000 | baf6 ffff | ff8b 6c24 | 404c 8b54 | 2430 4c89 | 5424 204c | 8b54 2438 
  0x000001ed13d1f4b4: 4c89 5424 | 284c 8b54 | 2448 4c89 | 5424 304c | 8b54 2470 | 4c89 5424 | 5066 6690 

  0x000001ed13d1f4d0: ;   {runtime_call UncommonTrapBlob}
  0x000001ed13d1f4d0: c5f8 77e8 

  0x000001ed13d1f4d4: ; ImmutableOopMap {rbp=NarrowOop [32]=Oop [40]=Oop [48]=Oop [80]=Oop [96]=Oop [104]=Oop [112]=Oop }
                      ;*invokevirtual unlock {reexecute=0 rethrow=0 return_oop=0}
                      ; - jdk.internal.misc.InternalLock::unlock@4
                      ; - java.io.PrintStream::write@23
                      ; - java.io.PrintStream::print@5
                      ; - java.io.PrintStream::append@5
                      ; - java.io.PrintStream::append@2
                      ; - org.gradle.internal.logging.text.StreamBackedStandardOutputListener::onOutput@5 (line 52)
                      ; - org.gradle.internal.logging.text.StreamingStyledTextOutput::doAppend@5 (line 55)
                      ; - org.gradle.internal.logging.text.AbstractStyledTextOutput::text@14 (line 87)
                      ; - org.gradle.internal.logging.console.StyledTextOutputBackedRenderer$OutputEventTextOutputImpl::doLineText@5 (line 90)
                      ; - org.gradle.internal.logging.text.AbstractLineChoppingStyledTextOutput$StateContext::flushLineText@109 (line 131)
                      ; - org.gradle.internal.logging.text.AbstractLineChoppingStyledTextOutput::doAppend@39 (line 47)
                      ; - org.gradle.internal.logging.text.AbstractStyledTextOutput::text@14 (line 87)
                      ; - org.gradle.internal.logging.console.StyledTextOutputBackedRenderer::onOutput@177 (line 62)
                      ; - org.gradle.internal.logging.sink.LogEventDispatcher::dispatch@6 (line 47)
                      ; - org.gradle.internal.logging.sink.LogEventDispatcher::onOutput@56 (line 41)
                      ; - org.gradle.internal.logging.sink.OutputEventRenderer$LazyListener::onOutput@89 (line 480)
  0x000001ed13d1f4d4: 284e 77ff 

  0x000001ed13d1f4d8: ;   {other}
  0x000001ed13d1f4d8: 0f1f 8400 | 0000 0000 | baf6 ffff | ff48 8b6c | 2448 6690 

  0x000001ed13d1f4ec: ;   {runtime_call UncommonTrapBlob}
  0x000001ed13d1f4ec: c5f8 77e8 

  0x000001ed13d1f4f0: ; ImmutableOopMap {rbp=Oop }
                      ;*invokeinterface text {reexecute=0 rethrow=0 return_oop=0}
                      ; - org.gradle.internal.logging.console.StyledTextOutputBackedRenderer$OutputEventTextOutputImpl::doLineText@5 (line 90)
                      ; - org.gradle.internal.logging.text.AbstractLineChoppingStyledTextOutput$StateContext::flushLineText@109 (line 131)
                      ; - org.gradle.internal.logging.text.AbstractLineChoppingStyledTextOutput::doAppend@39 (line 47)
                      ; - org.gradle.internal.logging.text.AbstractStyledTextOutput::text@14 (line 87)
                      ; - org.gradle.internal.logging.console.StyledTextOutputBackedRenderer::onOutput@187 (line 63)
                      ; - org.gradle.internal.logging.sink.LogEventDispatcher::dispatch@6 (line 47)
                      ; - org.gradle.internal.logging.sink.LogEventDispatcher::onOutput@56 (line 41)
                      ; - org.gradle.internal.logging.sink.OutputEventRenderer$LazyListener::onOutput@89 (line 480)
  0x000001ed13d1f4f0: 0c4e 77ff 

  0x000001ed13d1f4f4: ;   {other}
  0x000001ed13d1f4f4: 0f1f 8400 | 0000 0000 | baf6 ffff | ff48 8b6c | 2448 6690 

  0x000001ed13d1f508: ;   {runtime_call UncommonTrapBlob}
  0x000001ed13d1f508: c5f8 77e8 

  0x000001ed13d1f50c: ; ImmutableOopMap {rbp=Oop }
                      ;*invokeinterface onOutput {reexecute=0 rethrow=0 return_oop=0}
                      ; - org.gradle.internal.logging.text.StreamingStyledTextOutput::doAppend@5 (line 55)
                      ; - org.gradle.internal.logging.text.AbstractStyledTextOutput::text@14 (line 87)
                      ; - org.gradle.internal.logging.console.StyledTextOutputBackedRenderer$OutputEventTextOutputImpl::doLineText@5 (line 90)
                      ; - org.gradle.internal.logging.text.AbstractLineChoppingStyledTextOutput$StateContext::flushLineText@109 (line 131)
                      ; - org.gradle.internal.logging.text.AbstractLineChoppingStyledTextOutput::doAppend@39 (line 47)
                      ; - org.gradle.internal.logging.text.AbstractStyledTextOutput::text@14 (line 87)
                      ; - org.gradle.internal.logging.console.StyledTextOutputBackedRenderer::onOutput@187 (line 63)
                      ; - org.gradle.internal.logging.sink.LogEventDispatcher::dispatch@6 (line 47)
                      ; - org.gradle.internal.logging.sink.LogEventDispatcher::onOutput@56 (line 41)
                      ; - org.gradle.internal.logging.sink.OutputEventRenderer$LazyListener::onOutput@89 (line 480)
  0x000001ed13d1f50c: f04d 77ff 

  0x000001ed13d1f510: ;   {other}
  0x000001ed13d1f510: 0f1f 8400 | 0000 0000 | baf6 ffff | ff48 8b6c | 2430 4c8b | 5424 384c | 8954 2420 | 448b 5424 
  0x000001ed13d1f530: 4044 8954 | 2428 6690 

  0x000001ed13d1f538: ;   {runtime_call UncommonTrapBlob}
  0x000001ed13d1f538: c5f8 77e8 

  0x000001ed13d1f53c: ; ImmutableOopMap {rbp=Oop [32]=Oop [40]=NarrowOop [72]=Oop [88]=Oop [96]=Oop [104]=Oop }
                      ;*invokeinterface append {reexecute=0 rethrow=0 return_oop=0}
                      ; - org.gradle.internal.logging.text.StreamBackedStandardOutputListener::onOutput@5 (line 52)
                      ; - org.gradle.internal.logging.text.StreamingStyledTextOutput::doAppend@5 (line 55)
                      ; - org.gradle.internal.logging.text.AbstractStyledTextOutput::text@14 (line 87)
                      ; - org.gradle.internal.logging.console.StyledTextOutputBackedRenderer$OutputEventTextOutputImpl::doLineText@5 (line 90)
                      ; - org.gradle.internal.logging.text.AbstractLineChoppingStyledTextOutput$StateContext::flushLineText@109 (line 131)
                      ; - org.gradle.internal.logging.text.AbstractLineChoppingStyledTextOutput::doAppend@39 (line 47)
                      ; - org.gradle.internal.logging.text.AbstractStyledTextOutput::text@14 (line 87)
                      ; - org.gradle.internal.logging.console.StyledTextOutputBackedRenderer::onOutput@187 (line 63)
                      ; - org.gradle.internal.logging.sink.LogEventDispatcher::dispatch@6 (line 47)
                      ; - org.gradle.internal.logging.sink.LogEventDispatcher::onOutput@56 (line 41)
                      ; - org.gradle.internal.logging.sink.OutputEventRenderer$LazyListener::onOutput@89 (line 480)
  0x000001ed13d1f53c: c04d 77ff 

  0x000001ed13d1f540: ;   {other}
  0x000001ed13d1f540: 0f1f 8400 | 0000 0000 | baf6 ffff | ff48 8b6c | 2430 4c8b | 5424 384c | 8954 2420 | 448b 5424 
  0x000001ed13d1f560: 4044 8954 | 2428 4c89 | 4424 304c | 8b54 2470 | 4c89 5424 | 5866 6690 

  0x000001ed13d1f578: ;   {runtime_call UncommonTrapBlob}
  0x000001ed13d1f578: c5f8 77e8 

  0x000001ed13d1f57c: ; ImmutableOopMap {rbp=Oop [32]=Oop [40]=NarrowOop [48]=Oop [72]=Oop [88]=Oop [96]=Oop [104]=Oop [112]=Oop }
                      ;*invokevirtual lock {reexecute=0 rethrow=0 return_oop=0}
                      ; - jdk.internal.misc.InternalLock::lock@4
                      ; - java.io.PrintStream::write@11
                      ; - java.io.PrintStream::print@5
                      ; - java.io.PrintStream::append@5
                      ; - java.io.PrintStream::append@2
                      ; - org.gradle.internal.logging.text.StreamBackedStandardOutputListener::onOutput@5 (line 52)
                      ; - org.gradle.internal.logging.text.StreamingStyledTextOutput::doAppend@5 (line 55)
                      ; - org.gradle.internal.logging.text.AbstractStyledTextOutput::text@14 (line 87)
                      ; - org.gradle.internal.logging.console.StyledTextOutputBackedRenderer$OutputEventTextOutputImpl::doLineText@5 (line 90)
                      ; - org.gradle.internal.logging.text.AbstractLineChoppingStyledTextOutput$StateContext::flushLineText@109 (line 131)
                      ; - org.gradle.internal.logging.text.AbstractLineChoppingStyledTextOutput::doAppend@39 (line 47)
                      ; - org.gradle.internal.logging.text.AbstractStyledTextOutput::text@14 (line 87)
                      ; - org.gradle.internal.logging.console.StyledTextOutputBackedRenderer::onOutput@187 (line 63)
                      ; - org.gradle.internal.logging.sink.LogEventDispatcher::dispatch@6 (line 47)
                      ; - org.gradle.internal.logging.sink.LogEventDispatcher::onOutput@56 (line 41)
                      ; - org.gradle.internal.logging.sink.OutputEventRenderer$LazyListener::onOutput@89 (line 480)
  0x000001ed13d1f57c: 804d 77ff 

  0x000001ed13d1f580: ;   {other}
  0x000001ed13d1f580: 0f1f 8400 | 0000 0000 | baf6 ffff | ff48 8b6c | 2430 4c8b | 5424 384c | 8954 2420 | 448b 5424 
  0x000001ed13d1f5a0: 4044 8954 | 2428 4c8b | 5424 704c | 8954 2450 

  0x000001ed13d1f5b0: ;   {runtime_call UncommonTrapBlob}
  0x000001ed13d1f5b0: c5f8 77e8 

  0x000001ed13d1f5b4: ; ImmutableOopMap {rbp=Oop [32]=Oop [40]=NarrowOop [80]=Oop [88]=Oop [96]=Oop [104]=Oop [112]=Oop }
                      ;*invokevirtual flushBuffer {reexecute=0 rethrow=0 return_oop=0}
                      ; - java.io.PrintStream::implWrite@16
                      ; - java.io.PrintStream::write@16
                      ; - java.io.PrintStream::print@5
                      ; - java.io.PrintStream::append@5
                      ; - java.io.PrintStream::append@2
                      ; - org.gradle.internal.logging.text.StreamBackedStandardOutputListener::onOutput@5 (line 52)
                      ; - org.gradle.internal.logging.text.StreamingStyledTextOutput::doAppend@5 (line 55)
                      ; - org.gradle.internal.logging.text.AbstractStyledTextOutput::text@14 (line 87)
                      ; - org.gradle.internal.logging.console.StyledTextOutputBackedRenderer$OutputEventTextOutputImpl::doLineText@5 (line 90)
                      ; - org.gradle.internal.logging.text.AbstractLineChoppingStyledTextOutput$StateContext::flushLineText@109 (line 131)
                      ; - org.gradle.internal.logging.text.AbstractLineChoppingStyledTextOutput::doAppend@39 (line 47)
                      ; - org.gradle.internal.logging.text.AbstractStyledTextOutput::text@14 (line 87)
                      ; - org.gradle.internal.logging.console.StyledTextOutputBackedRenderer::onOutput@187 (line 63)
                      ; - org.gradle.internal.logging.sink.LogEventDispatcher::dispatch@6 (line 47)
                      ; - org.gradle.internal.logging.sink.LogEventDispatcher::onOutput@56 (line 41)
                      ; - org.gradle.internal.logging.sink.OutputEventRenderer$LazyListener::onOutput@89 (line 480)
  0x000001ed13d1f5b4: 484d 77ff 

  0x000001ed13d1f5b8: ;   {other}
  0x000001ed13d1f5b8: 0f1f 8400 | 0000 0000 | baf4 ffff | ff48 8b6c | 2430 4c8b | 5c24 384c | 895c 2420 | 448b 5c24 
  0x000001ed13d1f5d8: 4044 895c | 2428 4c8b | 5c24 584c | 895c 2430 | 4c8b 5c24 | 604c 895c | 2438 4c8b | 5c24 704c 
  0x000001ed13d1f5f8: 895c 2458 | 4c89 5c24 | 6044 8954 | 242c 6690 

  0x000001ed13d1f608: ;   {runtime_call UncommonTrapBlob}
  0x000001ed13d1f608: c5f8 77e8 

  0x000001ed13d1f60c: ; ImmutableOopMap {rbp=Oop [32]=Oop [40]=NarrowOop [44]=NarrowOop [48]=Oop [56]=Oop [72]=Oop [88]=Oop [96]=Oop [104]=Oop }
                      ;*instanceof {reexecute=0 rethrow=0 return_oop=0}
                      ; - java.io.BufferedWriter::flushBuffer@6
                      ; - java.io.PrintStream::implWrite@16
                      ; - java.io.PrintStream::write@16
                      ; - java.io.PrintStream::print@5
                      ; - java.io.PrintStream::append@5
                      ; - java.io.PrintStream::append@2
                      ; - org.gradle.internal.logging.text.StreamBackedStandardOutputListener::onOutput@5 (line 52)
                      ; - org.gradle.internal.logging.text.StreamingStyledTextOutput::doAppend@5 (line 55)
                      ; - org.gradle.internal.logging.text.AbstractStyledTextOutput::text@14 (line 87)
                      ; - org.gradle.internal.logging.console.StyledTextOutputBackedRenderer$OutputEventTextOutputImpl::doLineText@5 (line 90)
                      ; - org.gradle.internal.logging.text.AbstractLineChoppingStyledTextOutput$StateContext::flushLineText@109 (line 131)
                      ; - org.gradle.internal.logging.text.AbstractLineChoppingStyledTextOutput::doAppend@39 (line 47)
                      ; - org.gradle.internal.logging.text.AbstractStyledTextOutput::text@14 (line 87)
                      ; - org.gradle.internal.logging.console.StyledTextOutputBackedRenderer::onOutput@187 (line 63)
                      ; - org.gradle.internal.logging.sink.LogEventDispatcher::dispatch@6 (line 47)
                      ; - org.gradle.internal.logging.sink.LogEventDispatcher::onOutput@56 (line 41)
                      ; - org.gradle.internal.logging.sink.OutputEventRenderer$LazyListener::onOutput@89 (line 480)
  0x000001ed13d1f60c: f04c 77ff 

  0x000001ed13d1f610: ;   {other}
  0x000001ed13d1f610: 0f1f 8400 | 0000 0000 | baf6 ffff | ff48 8b6c | 2430 4c8b | 5424 384c | 8954 2420 

  0x000001ed13d1f62c: ;   {runtime_call UncommonTrapBlob}
  0x000001ed13d1f62c: c5f8 77e8 

  0x000001ed13d1f630: ; ImmutableOopMap {rbp=Oop [32]=Oop [64]=NarrowOop [88]=Oop [96]=Oop }
                      ;*invokeinterface flush {reexecute=0 rethrow=0 return_oop=0}
                      ; - org.gradle.internal.logging.text.StreamBackedStandardOutputListener::onOutput@15 (line 53)
                      ; - org.gradle.internal.logging.text.StreamingStyledTextOutput::doAppend@5 (line 55)
                      ; - org.gradle.internal.logging.text.AbstractStyledTextOutput::text@14 (line 87)
                      ; - org.gradle.internal.logging.console.StyledTextOutputBackedRenderer$OutputEventTextOutputImpl::doLineText@5 (line 90)
                      ; - org.gradle.internal.logging.text.AbstractLineChoppingStyledTextOutput$StateContext::flushLineText@109 (line 131)
                      ; - org.gradle.internal.logging.text.AbstractLineChoppingStyledTextOutput::doAppend@39 (line 47)
                      ; - org.gradle.internal.logging.text.AbstractStyledTextOutput::text@14 (line 87)
                      ; - org.gradle.internal.logging.console.StyledTextOutputBackedRenderer::onOutput@187 (line 63)
                      ; - org.gradle.internal.logging.sink.LogEventDispatcher::dispatch@6 (line 47)
                      ; - org.gradle.internal.logging.sink.LogEventDispatcher::onOutput@56 (line 41)
                      ; - org.gradle.internal.logging.sink.OutputEventRenderer$LazyListener::onOutput@89 (line 480)
  0x000001ed13d1f630: cc4c 77ff 

  0x000001ed13d1f634: ;   {other}
  0x000001ed13d1f634: 0f1f 8400 | 0000 0000 | baf6 ffff | ff48 8b6c | 2430 4c8b | 5424 384c | 8954 2420 | 448b 5424 
  0x000001ed13d1f654: 4044 8954 | 2428 6690 

  0x000001ed13d1f65c: ;   {runtime_call UncommonTrapBlob}
  0x000001ed13d1f65c: c5f8 77e8 

  0x000001ed13d1f660: ; ImmutableOopMap {rbp=Oop [32]=Oop [40]=NarrowOop [72]=Oop [88]=Oop [96]=Oop }
                      ;*invokevirtual lock {reexecute=0 rethrow=0 return_oop=0}
                      ; - jdk.internal.misc.InternalLock::lock@4
                      ; - java.io.PrintStream::flush@11
                      ; - org.gradle.internal.logging.text.StreamBackedStandardOutputListener::onOutput@15 (line 53)
                      ; - org.gradle.internal.logging.text.StreamingStyledTextOutput::doAppend@5 (line 55)
                      ; - org.gradle.internal.logging.text.AbstractStyledTextOutput::text@14 (line 87)
                      ; - org.gradle.internal.logging.console.StyledTextOutputBackedRenderer$OutputEventTextOutputImpl::doLineText@5 (line 90)
                      ; - org.gradle.internal.logging.text.AbstractLineChoppingStyledTextOutput$StateContext::flushLineText@109 (line 131)
                      ; - org.gradle.internal.logging.text.AbstractLineChoppingStyledTextOutput::doAppend@39 (line 47)
                      ; - org.gradle.internal.logging.text.AbstractStyledTextOutput::text@14 (line 87)
                      ; - org.gradle.internal.logging.console.StyledTextOutputBackedRenderer::onOutput@187 (line 63)
                      ; - org.gradle.internal.logging.sink.LogEventDispatcher::dispatch@6 (line 47)
                      ; - org.gradle.internal.logging.sink.LogEventDispatcher::onOutput@56 (line 41)
                      ; - org.gradle.internal.logging.sink.OutputEventRenderer$LazyListener::onOutput@89 (line 480)
  0x000001ed13d1f660: 9c4c 77ff 

  0x000001ed13d1f664: ;   {other}
  0x000001ed13d1f664: 0f1f 8400 | 0000 0000 | baf6 ffff | ff48 8b6c | 2430 4c8b | 5424 384c | 8954 2420 | 448b 5424 
  0x000001ed13d1f684: 4044 8954 | 2428 6690 

  0x000001ed13d1f68c: ;   {runtime_call UncommonTrapBlob}
  0x000001ed13d1f68c: c5f8 77e8 

  0x000001ed13d1f690: ; ImmutableOopMap {rbp=Oop [32]=Oop [40]=NarrowOop [72]=Oop [88]=Oop [96]=Oop }
                      ;*invokevirtual lock {reexecute=0 rethrow=0 return_oop=0}
                      ; - java.util.concurrent.locks.ReentrantLock::lock@4
                      ; - jdk.internal.misc.InternalLock::lock@4
                      ; - java.io.PrintStream::flush@11
                      ; - org.gradle.internal.logging.text.StreamBackedStandardOutputListener::onOutput@15 (line 53)
                      ; - org.gradle.internal.logging.text.StreamingStyledTextOutput::doAppend@5 (line 55)
                      ; - org.gradle.internal.logging.text.AbstractStyledTextOutput::text@14 (line 87)
                      ; - org.gradle.internal.logging.console.StyledTextOutputBackedRenderer$OutputEventTextOutputImpl::doLineText@5 (line 90)
                      ; - org.gradle.internal.logging.text.AbstractLineChoppingStyledTextOutput$StateContext::flushLineText@109 (line 131)
                      ; - org.gradle.internal.logging.text.AbstractLineChoppingStyledTextOutput::doAppend@39 (line 47)
                      ; - org.gradle.internal.logging.text.AbstractStyledTextOutput::text@14 (line 87)
                      ; - org.gradle.internal.logging.console.StyledTextOutputBackedRenderer::onOutput@187 (line 63)
                      ; - org.gradle.internal.logging.sink.LogEventDispatcher::dispatch@6 (line 47)
                      ; - org.gradle.internal.logging.sink.LogEventDispatcher::onOutput@56 (line 41)
                      ; - org.gradle.internal.logging.sink.OutputEventRenderer$LazyListener::onOutput@89 (line 480)
  0x000001ed13d1f690: 6c4c 77ff 

  0x000001ed13d1f694: ;   {other}
  0x000001ed13d1f694: 0f1f 8400 | 0000 0000 | baf6 ffff | ff48 8b6c | 2430 4c8b | 5424 384c | 8954 2420 

  0x000001ed13d1f6b0: ;   {runtime_call UncommonTrapBlob}
  0x000001ed13d1f6b0: c5f8 77e8 

  0x000001ed13d1f6b4: ; ImmutableOopMap {rbp=Oop [32]=Oop [64]=NarrowOop [88]=Oop [96]=Oop }
                      ;*invokevirtual unlock {reexecute=0 rethrow=0 return_oop=0}
                      ; - jdk.internal.misc.InternalLock::unlock@4
                      ; - java.io.PrintStream::flush@22
                      ; - org.gradle.internal.logging.text.StreamBackedStandardOutputListener::onOutput@15 (line 53)
                      ; - org.gradle.internal.logging.text.StreamingStyledTextOutput::doAppend@5 (line 55)
                      ; - org.gradle.internal.logging.text.AbstractStyledTextOutput::text@14 (line 87)
                      ; - org.gradle.internal.logging.console.StyledTextOutputBackedRenderer$OutputEventTextOutputImpl::doLineText@5 (line 90)
                      ; - org.gradle.internal.logging.text.AbstractLineChoppingStyledTextOutput$StateContext::flushLineText@109 (line 131)
                      ; - org.gradle.internal.logging.text.AbstractLineChoppingStyledTextOutput::doAppend@39 (line 47)
                      ; - org.gradle.internal.logging.text.AbstractStyledTextOutput::text@14 (line 87)
                      ; - org.gradle.internal.logging.console.StyledTextOutputBackedRenderer::onOutput@187 (line 63)
                      ; - org.gradle.internal.logging.sink.LogEventDispatcher::dispatch@6 (line 47)
                      ; - org.gradle.internal.logging.sink.LogEventDispatcher::onOutput@56 (line 41)
                      ; - org.gradle.internal.logging.sink.OutputEventRenderer$LazyListener::onOutput@89 (line 480)
  0x000001ed13d1f6b4: 484c 77ff 

  0x000001ed13d1f6b8: ;   {other}
  0x000001ed13d1f6b8: 0f1f 8400 | 0000 0000 | baf6 ffff | ff48 8b6c | 2430 4c8b | 5424 384c | 8954 2420 

  0x000001ed13d1f6d4: ;   {runtime_call UncommonTrapBlob}
  0x000001ed13d1f6d4: c5f8 77e8 

  0x000001ed13d1f6d8: ; ImmutableOopMap {rbp=Oop [32]=Oop [64]=NarrowOop [88]=Oop [96]=Oop }
                      ;*invokevirtual release {reexecute=0 rethrow=0 return_oop=0}
                      ; - java.util.concurrent.locks.ReentrantLock::unlock@5
                      ; - jdk.internal.misc.InternalLock::unlock@4
                      ; - java.io.PrintStream::flush@22
                      ; - org.gradle.internal.logging.text.StreamBackedStandardOutputListener::onOutput@15 (line 53)
                      ; - org.gradle.internal.logging.text.StreamingStyledTextOutput::doAppend@5 (line 55)
                      ; - org.gradle.internal.logging.text.AbstractStyledTextOutput::text@14 (line 87)
                      ; - org.gradle.internal.logging.console.StyledTextOutputBackedRenderer$OutputEventTextOutputImpl::doLineText@5 (line 90)
                      ; - org.gradle.internal.logging.text.AbstractLineChoppingStyledTextOutput$StateContext::flushLineText@109 (line 131)
                      ; - org.gradle.internal.logging.text.AbstractLineChoppingStyledTextOutput::doAppend@39 (line 47)
                      ; - org.gradle.internal.logging.text.AbstractStyledTextOutput::text@14 (line 87)
                      ; - org.gradle.internal.logging.console.StyledTextOutputBackedRenderer::onOutput@187 (line 63)
                      ; - org.gradle.internal.logging.sink.LogEventDispatcher::dispatch@6 (line 47)
                      ; - org.gradle.internal.logging.sink.LogEventDispatcher::onOutput@56 (line 41)
                      ; - org.gradle.internal.logging.sink.OutputEventRenderer$LazyListener::onOutput@89 (line 480)
  0x000001ed13d1f6d8: 244c 77ff 

  0x000001ed13d1f6dc: ;   {other}
  0x000001ed13d1f6dc: 0f1f 8400 | 0000 0000 | baf6 ffff | ff48 8b6c | 2430 4c8b | 5424 384c | 8954 2420 | 448b 5424 
  0x000001ed13d1f6fc: 4044 8954 | 2428 4c8b | 5424 704c | 8954 2450 

  0x000001ed13d1f70c: ;   {runtime_call UncommonTrapBlob}
  0x000001ed13d1f70c: c5f8 77e8 

  0x000001ed13d1f710: ; ImmutableOopMap {rbp=Oop [32]=Oop [40]=NarrowOop [80]=Oop [88]=Oop [96]=Oop [104]=Oop [112]=Oop }
                      ;*invokevirtual flushBuffer {reexecute=0 rethrow=0 return_oop=0}
                      ; - java.io.PrintStream::implWrite@23
                      ; - java.io.PrintStream::write@16
                      ; - java.io.PrintStream::print@5
                      ; - java.io.PrintStream::append@5
                      ; - java.io.PrintStream::append@2
                      ; - org.gradle.internal.logging.text.StreamBackedStandardOutputListener::onOutput@5 (line 52)
                      ; - org.gradle.internal.logging.text.StreamingStyledTextOutput::doAppend@5 (line 55)
                      ; - org.gradle.internal.logging.text.AbstractStyledTextOutput::text@14 (line 87)
                      ; - org.gradle.internal.logging.console.StyledTextOutputBackedRenderer$OutputEventTextOutputImpl::doLineText@5 (line 90)
                      ; - org.gradle.internal.logging.text.AbstractLineChoppingStyledTextOutput$StateContext::flushLineText@109 (line 131)
                      ; - org.gradle.internal.logging.text.AbstractLineChoppingStyledTextOutput::doAppend@39 (line 47)
                      ; - org.gradle.internal.logging.text.AbstractStyledTextOutput::text@14 (line 87)
                      ; - org.gradle.internal.logging.console.StyledTextOutputBackedRenderer::onOutput@187 (line 63)
                      ; - org.gradle.internal.logging.sink.LogEventDispatcher::dispatch@6 (line 47)
                      ; - org.gradle.internal.logging.sink.LogEventDispatcher::onOutput@56 (line 41)
                      ; - org.gradle.internal.logging.sink.OutputEventRenderer$LazyListener::onOutput@89 (line 480)
  0x000001ed13d1f710: ec4b 77ff 

  0x000001ed13d1f714: ;   {other}
  0x000001ed13d1f714: 0f1f 8400 | 0000 0000 | baf6 ffff | ff48 8b6c | 2430 4c8b | 5424 384c | 8954 2420 | 448b 5424 
  0x000001ed13d1f734: 4044 8954 | 2428 4c8b | 5424 704c | 8954 2450 

  0x000001ed13d1f744: ;   {runtime_call UncommonTrapBlob}
  0x000001ed13d1f744: c5f8 77e8 

  0x000001ed13d1f748: ; ImmutableOopMap {rbp=Oop [32]=Oop [40]=NarrowOop [80]=Oop [88]=Oop [96]=Oop [104]=Oop [112]=Oop }
                      ;*invokevirtual unlock {reexecute=0 rethrow=0 return_oop=0}
                      ; - java.io.PrintStream::write@23
                      ; - java.io.PrintStream::print@5
                      ; - java.io.PrintStream::append@5
                      ; - java.io.PrintStream::append@2
                      ; - org.gradle.internal.logging.text.StreamBackedStandardOutputListener::onOutput@5 (line 52)
                      ; - org.gradle.internal.logging.text.StreamingStyledTextOutput::doAppend@5 (line 55)
                      ; - org.gradle.internal.logging.text.AbstractStyledTextOutput::text@14 (line 87)
                      ; - org.gradle.internal.logging.console.StyledTextOutputBackedRenderer$OutputEventTextOutputImpl::doLineText@5 (line 90)
                      ; - org.gradle.internal.logging.text.AbstractLineChoppingStyledTextOutput$StateContext::flushLineText@109 (line 131)
                      ; - org.gradle.internal.logging.text.AbstractLineChoppingStyledTextOutput::doAppend@39 (line 47)
                      ; - org.gradle.internal.logging.text.AbstractStyledTextOutput::text@14 (line 87)
                      ; - org.gradle.internal.logging.console.StyledTextOutputBackedRenderer::onOutput@187 (line 63)
                      ; - org.gradle.internal.logging.sink.LogEventDispatcher::dispatch@6 (line 47)
                      ; - org.gradle.internal.logging.sink.LogEventDispatcher::onOutput@56 (line 41)
                      ; - org.gradle.internal.logging.sink.OutputEventRenderer$LazyListener::onOutput@89 (line 480)
  0x000001ed13d1f748: b44b 77ff 

  0x000001ed13d1f74c: ;   {other}
  0x000001ed13d1f74c: 0f1f 8400 | 0000 0000 | baf6 ffff | ff48 8b6c | 2430 4c8b | 5424 384c | 8954 2420 | 448b 5424 
  0x000001ed13d1f76c: 4044 8954 | 2428 4c8b | 5424 704c | 8954 2450 

  0x000001ed13d1f77c: ;   {runtime_call UncommonTrapBlob}
  0x000001ed13d1f77c: c5f8 77e8 

  0x000001ed13d1f780: ; ImmutableOopMap {rbp=Oop [32]=Oop [40]=NarrowOop [80]=Oop [88]=Oop [96]=Oop [104]=Oop [112]=Oop }
                      ;*invokevirtual unlock {reexecute=0 rethrow=0 return_oop=0}
                      ; - jdk.internal.misc.InternalLock::unlock@4
                      ; - java.io.PrintStream::write@23
                      ; - java.io.PrintStream::print@5
                      ; - java.io.PrintStream::append@5
                      ; - java.io.PrintStream::append@2
                      ; - org.gradle.internal.logging.text.StreamBackedStandardOutputListener::onOutput@5 (line 52)
                      ; - org.gradle.internal.logging.text.StreamingStyledTextOutput::doAppend@5 (line 55)
                      ; - org.gradle.internal.logging.text.AbstractStyledTextOutput::text@14 (line 87)
                      ; - org.gradle.internal.logging.console.StyledTextOutputBackedRenderer$OutputEventTextOutputImpl::doLineText@5 (line 90)
                      ; - org.gradle.internal.logging.text.AbstractLineChoppingStyledTextOutput$StateContext::flushLineText@109 (line 131)
                      ; - org.gradle.internal.logging.text.AbstractLineChoppingStyledTextOutput::doAppend@39 (line 47)
                      ; - org.gradle.internal.logging.text.AbstractStyledTextOutput::text@14 (line 87)
                      ; - org.gradle.internal.logging.console.StyledTextOutputBackedRenderer::onOutput@187 (line 63)
                      ; - org.gradle.internal.logging.sink.LogEventDispatcher::dispatch@6 (line 47)
                      ; - org.gradle.internal.logging.sink.LogEventDispatcher::onOutput@56 (line 41)
                      ; - org.gradle.internal.logging.sink.OutputEventRenderer$LazyListener::onOutput@89 (line 480)
  0x000001ed13d1f780: 7c4b 77ff 

  0x000001ed13d1f784: ;   {other}
  0x000001ed13d1f784: 0f1f 8400 | 0000 0000 | ba45 ffff | ff44 8b5c | 2440 4489 | 5c24 204c | 8b54 2430 | 4c89 5424 
  0x000001ed13d1f7a4: 284c 8b54 | 2438 4c89 | 5424 304c | 8944 2438 | 4c8b 5424 | 604c 8954 | 2440 4c8b | 5424 784c 
  0x000001ed13d1f7c4: 8954 2458 

  0x000001ed13d1f7c8: ;   {runtime_call UncommonTrapBlob}
  0x000001ed13d1f7c8: c5f8 77e8 

  0x000001ed13d1f7cc: ; ImmutableOopMap {rbp=NarrowOop [32]=NarrowOop [40]=Oop [48]=Oop [56]=Oop [64]=Oop [88]=Oop [104]=Oop [112]=Oop [120]=Oop }
                      ;*ifnull {reexecute=1 rethrow=0 return_oop=0}
                      ; - (reexecute) java.io.PrintStream::write@4
                      ; - java.io.PrintStream::print@5
                      ; - java.io.PrintStream::append@5
                      ; - java.io.PrintStream::append@2
                      ; - org.gradle.internal.logging.text.StreamBackedStandardOutputListener::onOutput@5 (line 52)
                      ; - org.gradle.internal.logging.text.StreamingStyledTextOutput::doAppend@5 (line 55)
                      ; - org.gradle.internal.logging.text.AbstractStyledTextOutput::text@14 (line 87)
                      ; - org.gradle.internal.logging.console.StyledTextOutputBackedRenderer$OutputEventTextOutputImpl::doLineText@5 (line 90)
                      ; - org.gradle.internal.logging.text.AbstractLineChoppingStyledTextOutput$StateContext::flushLineText@109 (line 131)
                      ; - org.gradle.internal.logging.text.AbstractLineChoppingStyledTextOutput::doAppend@39 (line 47)
                      ; - org.gradle.internal.logging.text.AbstractStyledTextOutput::text@14 (line 87)
                      ; - org.gradle.internal.logging.console.StyledTextOutputBackedRenderer::onOutput@177 (line 62)
                      ; - org.gradle.internal.logging.sink.LogEventDispatcher::dispatch@6 (line 47)
                      ; - org.gradle.internal.logging.sink.LogEventDispatcher::onOutput@56 (line 41)
                      ; - org.gradle.internal.logging.sink.OutputEventRenderer$LazyListener::onOutput@89 (line 480)
  0x000001ed13d1f7cc: 304b 77ff 

  0x000001ed13d1f7d0: ;   {other}
  0x000001ed13d1f7d0: 0f1f 8400 | 0000 0000 | ba45 ffff | ff44 8b5c | 2440 4489 | 5c24 204c | 8b54 2430 | 4c89 5424 
  0x000001ed13d1f7f0: 284c 8b54 | 2438 4c89 | 5424 304c | 8b54 2448 | 4c89 5424 | 3866 6690 

  0x000001ed13d1f808: ;   {runtime_call UncommonTrapBlob}
  0x000001ed13d1f808: c5f8 77e8 

  0x000001ed13d1f80c: ; ImmutableOopMap {rbp=NarrowOop [32]=NarrowOop [40]=Oop [48]=Oop [56]=Oop [96]=Oop [104]=Oop }
                      ;*ifnull {reexecute=1 rethrow=0 return_oop=0}
                      ; - (reexecute) java.io.PrintStream::flush@4
                      ; - org.gradle.internal.logging.text.StreamBackedStandardOutputListener::onOutput@15 (line 53)
                      ; - org.gradle.internal.logging.text.StreamingStyledTextOutput::doAppend@5 (line 55)
                      ; - org.gradle.internal.logging.text.AbstractStyledTextOutput::text@14 (line 87)
                      ; - org.gradle.internal.logging.console.StyledTextOutputBackedRenderer$OutputEventTextOutputImpl::doLineText@5 (line 90)
                      ; - org.gradle.internal.logging.text.AbstractLineChoppingStyledTextOutput$StateContext::flushLineText@109 (line 131)
                      ; - org.gradle.internal.logging.text.AbstractLineChoppingStyledTextOutput::doAppend@39 (line 47)
                      ; - org.gradle.internal.logging.text.AbstractStyledTextOutput::text@14 (line 87)
                      ; - org.gradle.internal.logging.console.StyledTextOutputBackedRenderer::onOutput@177 (line 62)
                      ; - org.gradle.internal.logging.sink.LogEventDispatcher::dispatch@6 (line 47)
                      ; - org.gradle.internal.logging.sink.LogEventDispatcher::onOutput@56 (line 41)
                      ; - org.gradle.internal.logging.sink.OutputEventRenderer$LazyListener::onOutput@89 (line 480)
  0x000001ed13d1f80c: f04a 77ff 

  0x000001ed13d1f810: ;   {other}
  0x000001ed13d1f810: 0f1f 8400 | 0000 0000 | ba45 ffff | ff44 8b5c | 2440 4489 | 5c24 204c | 8b54 2430 | 4c89 5424 
  0x000001ed13d1f830: 284c 8b54 | 2438 4c89 | 5424 304c | 8b54 2448 | 4c89 5424 | 384c 8b54 | 2468 4c89 | 5424 5090 
  0x000001ed13d1f850: ;   {runtime_call UncommonTrapBlob}
  0x000001ed13d1f850: c5f8 77e8 

  0x000001ed13d1f854: ; ImmutableOopMap {rbp=NarrowOop [32]=NarrowOop [40]=Oop [48]=Oop [56]=Oop [80]=Oop [96]=Oop [104]=Oop }
                      ;*ifnonnull {reexecute=1 rethrow=0 return_oop=0}
                      ; - (reexecute) java.io.PrintStream::ensureOpen@4
                      ; - java.io.PrintStream::implFlush@1
                      ; - java.io.PrintStream::flush@15
                      ; - org.gradle.internal.logging.text.StreamBackedStandardOutputListener::onOutput@15 (line 53)
                      ; - org.gradle.internal.logging.text.StreamingStyledTextOutput::doAppend@5 (line 55)
                      ; - org.gradle.internal.logging.text.AbstractStyledTextOutput::text@14 (line 87)
                      ; - org.gradle.internal.logging.console.StyledTextOutputBackedRenderer$OutputEventTextOutputImpl::doLineText@5 (line 90)
                      ; - org.gradle.internal.logging.text.AbstractLineChoppingStyledTextOutput$StateContext::flushLineText@109 (line 131)
                      ; - org.gradle.internal.logging.text.AbstractLineChoppingStyledTextOutput::doAppend@39 (line 47)
                      ; - org.gradle.internal.logging.text.AbstractStyledTextOutput::text@14 (line 87)
                      ; - org.gradle.internal.logging.console.StyledTextOutputBackedRenderer::onOutput@177 (line 62)
                      ; - org.gradle.internal.logging.sink.LogEventDispatcher::dispatch@6 (line 47)
                      ; - org.gradle.internal.logging.sink.LogEventDispatcher::onOutput@56 (line 41)
                      ; - org.gradle.internal.logging.sink.OutputEventRenderer$LazyListener::onOutput@89 (line 480)
  0x000001ed13d1f854: a84a 77ff 

  0x000001ed13d1f858: ;   {other}
  0x000001ed13d1f858: 0f1f 8400 | 0000 0000 | ba45 ffff | ff4c 8b54 | 2430 4c89 | 5424 204c | 8b54 2438 | 4c89 5424 
  0x000001ed13d1f878: 2844 8b54 | 2440 4489 | 5424 304c | 8944 2438 | 4c8b 5424 | 604c 8954 | 2440 4c8b | 5424 704c 
  0x000001ed13d1f898: 8954 2460 

  0x000001ed13d1f89c: ;   {runtime_call UncommonTrapBlob}
  0x000001ed13d1f89c: c5f8 77e8 

  0x000001ed13d1f8a0: ; ImmutableOopMap {rbp=NarrowOop [32]=Oop [40]=Oop [48]=NarrowOop [56]=Oop [64]=Oop [72]=Oop [96]=Oop [104]=Oop [112]=Oop }
                      ;*ifnull {reexecute=1 rethrow=0 return_oop=0}
                      ; - (reexecute) java.io.PrintStream::write@4
                      ; - java.io.PrintStream::print@5
                      ; - java.io.PrintStream::append@5
                      ; - java.io.PrintStream::append@2
                      ; - org.gradle.internal.logging.text.StreamBackedStandardOutputListener::onOutput@5 (line 52)
                      ; - org.gradle.internal.logging.text.StreamingStyledTextOutput::doAppend@5 (line 55)
                      ; - org.gradle.internal.logging.text.AbstractStyledTextOutput::text@14 (line 87)
                      ; - org.gradle.internal.logging.console.StyledTextOutputBackedRenderer$OutputEventTextOutputImpl::doLineText@5 (line 90)
                      ; - org.gradle.internal.logging.text.AbstractLineChoppingStyledTextOutput$StateContext::flushLineText@109 (line 131)
                      ; - org.gradle.internal.logging.text.AbstractLineChoppingStyledTextOutput::doAppend@39 (line 47)
                      ; - org.gradle.internal.logging.text.AbstractStyledTextOutput::text@14 (line 87)
                      ; - org.gradle.internal.logging.console.StyledTextOutputBackedRenderer::onOutput@187 (line 63)
                      ; - org.gradle.internal.logging.sink.LogEventDispatcher::dispatch@6 (line 47)
                      ; - org.gradle.internal.logging.sink.LogEventDispatcher::onOutput@56 (line 41)
                      ; - org.gradle.internal.logging.sink.OutputEventRenderer$LazyListener::onOutput@89 (line 480)
  0x000001ed13d1f8a0: 5c4a 77ff 

  0x000001ed13d1f8a4: ;   {other}
  0x000001ed13d1f8a4: 0f1f 8400 | 0000 0000 | ba45 ffff | ff4c 8b54 | 2430 4c89 | 5424 204c | 8b54 2438 | 4c89 5424 
  0x000001ed13d1f8c4: 2844 8b54 | 2440 4489 | 5424 3090 

  0x000001ed13d1f8d0: ;   {runtime_call UncommonTrapBlob}
  0x000001ed13d1f8d0: c5f8 77e8 

  0x000001ed13d1f8d4: ; ImmutableOopMap {rbp=NarrowOop [32]=Oop [40]=Oop [48]=NarrowOop [72]=Oop [88]=Oop [96]=Oop }
                      ;*ifnull {reexecute=1 rethrow=0 return_oop=0}
                      ; - (reexecute) java.io.PrintStream::flush@4
                      ; - org.gradle.internal.logging.text.StreamBackedStandardOutputListener::onOutput@15 (line 53)
                      ; - org.gradle.internal.logging.text.StreamingStyledTextOutput::doAppend@5 (line 55)
                      ; - org.gradle.internal.logging.text.AbstractStyledTextOutput::text@14 (line 87)
                      ; - org.gradle.internal.logging.console.StyledTextOutputBackedRenderer$OutputEventTextOutputImpl::doLineText@5 (line 90)
                      ; - org.gradle.internal.logging.text.AbstractLineChoppingStyledTextOutput$StateContext::flushLineText@109 (line 131)
                      ; - org.gradle.internal.logging.text.AbstractLineChoppingStyledTextOutput::doAppend@39 (line 47)
                      ; - org.gradle.internal.logging.text.AbstractStyledTextOutput::text@14 (line 87)
                      ; - org.gradle.internal.logging.console.StyledTextOutputBackedRenderer::onOutput@187 (line 63)
                      ; - org.gradle.internal.logging.sink.LogEventDispatcher::dispatch@6 (line 47)
                      ; - org.gradle.internal.logging.sink.LogEventDispatcher::onOutput@56 (line 41)
                      ; - org.gradle.internal.logging.sink.OutputEventRenderer$LazyListener::onOutput@89 (line 480)
  0x000001ed13d1f8d4: 284a 77ff 

  0x000001ed13d1f8d8: ;   {other}
  0x000001ed13d1f8d8: 0f1f 8400 | 0000 0000 | ba45 ffff | ff4c 8b54 | 2430 4c89 | 5424 204c | 8b54 2438 | 4c89 5424 
  0x000001ed13d1f8f8: 2844 8b5c | 2440 4489 | 5c24 3090 

  0x000001ed13d1f904: ;   {runtime_call UncommonTrapBlob}
  0x000001ed13d1f904: c5f8 77e8 

  0x000001ed13d1f908: ; ImmutableOopMap {rbp=NarrowOop [32]=Oop [40]=Oop [48]=NarrowOop [72]=Oop [88]=Oop [96]=Oop }
                      ;*ifnonnull {reexecute=1 rethrow=0 return_oop=0}
                      ; - (reexecute) java.io.PrintStream::ensureOpen@4
                      ; - java.io.PrintStream::implFlush@1
                      ; - java.io.PrintStream::flush@15
                      ; - org.gradle.internal.logging.text.StreamBackedStandardOutputListener::onOutput@15 (line 53)
                      ; - org.gradle.internal.logging.text.StreamingStyledTextOutput::doAppend@5 (line 55)
                      ; - org.gradle.internal.logging.text.AbstractStyledTextOutput::text@14 (line 87)
                      ; - org.gradle.internal.logging.console.StyledTextOutputBackedRenderer$OutputEventTextOutputImpl::doLineText@5 (line 90)
                      ; - org.gradle.internal.logging.text.AbstractLineChoppingStyledTextOutput$StateContext::flushLineText@109 (line 131)
                      ; - org.gradle.internal.logging.text.AbstractLineChoppingStyledTextOutput::doAppend@39 (line 47)
                      ; - org.gradle.internal.logging.text.AbstractStyledTextOutput::text@14 (line 87)
                      ; - org.gradle.internal.logging.console.StyledTextOutputBackedRenderer::onOutput@187 (line 63)
                      ; - org.gradle.internal.logging.sink.LogEventDispatcher::dispatch@6 (line 47)
                      ; - org.gradle.internal.logging.sink.LogEventDispatcher::onOutput@56 (line 41)
                      ; - org.gradle.internal.logging.sink.OutputEventRenderer$LazyListener::onOutput@89 (line 480)
  0x000001ed13d1f908: f449 77ff 

  0x000001ed13d1f90c: ;   {other}
  0x000001ed13d1f90c: 0f1f 8400 | 0000 0000 | baf6 ffff | ff8b 6c24 | 404c 8b54 | 2430 4c89 | 5424 204c | 8b54 2438 
  0x000001ed13d1f92c: 4c89 5424 | 284c 8b54 | 2448 4c89 | 5424 304c | 8b54 2470 | 4c89 5424 | 5066 6690 

  0x000001ed13d1f948: ;   {runtime_call UncommonTrapBlob}
  0x000001ed13d1f948: c5f8 77e8 

  0x000001ed13d1f94c: ; ImmutableOopMap {rbp=NarrowOop [32]=Oop [40]=Oop [48]=Oop [80]=Oop [96]=Oop [104]=Oop [112]=Oop }
                      ;*invokevirtual flush {reexecute=0 rethrow=0 return_oop=0}
                      ; - java.io.PrintStream::implWrite@46
                      ; - java.io.PrintStream::write@16
                      ; - java.io.PrintStream::print@5
                      ; - java.io.PrintStream::append@5
                      ; - java.io.PrintStream::append@2
                      ; - org.gradle.internal.logging.text.StreamBackedStandardOutputListener::onOutput@5 (line 52)
                      ; - org.gradle.internal.logging.text.StreamingStyledTextOutput::doAppend@5 (line 55)
                      ; - org.gradle.internal.logging.text.AbstractStyledTextOutput::text@14 (line 87)
                      ; - org.gradle.internal.logging.console.StyledTextOutputBackedRenderer$OutputEventTextOutputImpl::doLineText@5 (line 90)
                      ; - org.gradle.internal.logging.text.AbstractLineChoppingStyledTextOutput$StateContext::flushLineText@109 (line 131)
                      ; - org.gradle.internal.logging.text.AbstractLineChoppingStyledTextOutput::doAppend@39 (line 47)
                      ; - org.gradle.internal.logging.text.AbstractStyledTextOutput::text@14 (line 87)
                      ; - org.gradle.internal.logging.console.StyledTextOutputBackedRenderer::onOutput@177 (line 62)
                      ; - org.gradle.internal.logging.sink.LogEventDispatcher::dispatch@6 (line 47)
                      ; - org.gradle.internal.logging.sink.LogEventDispatcher::onOutput@56 (line 41)
                      ; - org.gradle.internal.logging.sink.OutputEventRenderer$LazyListener::onOutput@89 (line 480)
  0x000001ed13d1f94c: b049 77ff 

  0x000001ed13d1f950: ;   {other}
  0x000001ed13d1f950: 0f1f 8400 | 0000 0000 | baf6 ffff | ff48 8b6c | 2430 4c8b | 5424 384c | 8954 2420 | 448b 5424 
  0x000001ed13d1f970: 4044 8954 | 2428 4c8b | 5424 704c | 8954 2450 

  0x000001ed13d1f980: ;   {runtime_call UncommonTrapBlob}
  0x000001ed13d1f980: c5f8 77e8 

  0x000001ed13d1f984: ; ImmutableOopMap {rbp=Oop [32]=Oop [40]=NarrowOop [80]=Oop [88]=Oop [96]=Oop [104]=Oop [112]=Oop }
                      ;*invokevirtual flush {reexecute=0 rethrow=0 return_oop=0}
                      ; - java.io.PrintStream::implWrite@46
                      ; - java.io.PrintStream::write@16
                      ; - java.io.PrintStream::print@5
                      ; - java.io.PrintStream::append@5
                      ; - java.io.PrintStream::append@2
                      ; - org.gradle.internal.logging.text.StreamBackedStandardOutputListener::onOutput@5 (line 52)
                      ; - org.gradle.internal.logging.text.StreamingStyledTextOutput::doAppend@5 (line 55)
                      ; - org.gradle.internal.logging.text.AbstractStyledTextOutput::text@14 (line 87)
                      ; - org.gradle.internal.logging.console.StyledTextOutputBackedRenderer$OutputEventTextOutputImpl::doLineText@5 (line 90)
                      ; - org.gradle.internal.logging.text.AbstractLineChoppingStyledTextOutput$StateContext::flushLineText@109 (line 131)
                      ; - org.gradle.internal.logging.text.AbstractLineChoppingStyledTextOutput::doAppend@39 (line 47)
                      ; - org.gradle.internal.logging.text.AbstractStyledTextOutput::text@14 (line 87)
                      ; - org.gradle.internal.logging.console.StyledTextOutputBackedRenderer::onOutput@187 (line 63)
                      ; - org.gradle.internal.logging.sink.LogEventDispatcher::dispatch@6 (line 47)
                      ; - org.gradle.internal.logging.sink.LogEventDispatcher::onOutput@56 (line 41)
                      ; - org.gradle.internal.logging.sink.OutputEventRenderer$LazyListener::onOutput@89 (line 480)
  0x000001ed13d1f984: 7849 77ff 

  0x000001ed13d1f988: ;   {other}
  0x000001ed13d1f988: 0f1f 8400 | 0000 0000 | 488b d8eb | 0348 8bd8 | 4c8b 5c24 | 7048 8d84 | 24c0 0000 | 0048 8338 
  0x000001ed13d1f9a8: 000f 8479 | 0000 004d | 8b13 41f6 | c202 0f84 | 6200 0000 | 4983 ba86 | 0000 0000 | 7409 49ff 
  0x000001ed13d1f9c8: 8a86 0000 | 00eb 4b49 | 8b82 9600 | 0000 490b | 828e 0000 | 0075 0a49 | c742 3e00 | 0000 00eb 
  0x000001ed13d1f9e8: 3d49 83ba | 9e00 0000 | 0074 2248 | 33c0 49c7 | 423e 0000 | 0000 f083 | 0424 0049 | 83ba 9e00 
  0x000001ed13d1fa08: 0000 0075 | 0df0 4d0f | b17a 3e75 | 0583 c801 | eb0c a800 | eb08 4c8b | 10f0 4d0f | b113 750a 
  0x000001ed13d1fa28: 49ff 8f50 | 0500 0045 | 33d2 7513 | 448b 5b08 | 4d33 c04f | 8d04 d848 | 8beb e987 | d8ff ff49 
  0x000001ed13d1fa48: 8bcb 488d | 9424 c000 | 0000 4d8b | c7c5 f877 | 49ba b0d7 | bc8e fc7f | 0000 41ff 

  0x000001ed13d1fa64: ;   {other}
  0x000001ed13d1fa64: d20f 1f84 | 0000 0000 | 00eb c548 | 8bd8 eb03 | 488b d848 | 8d84 24c0 | 0000 0048 | 8338 000f 
  0x000001ed13d1fa84: 847b 0000 | 004c 8b55 | 0041 f6c2 | 020f 8462 | 0000 0049 | 83ba 8600 | 0000 0074 | 0949 ff8a 
  0x000001ed13d1faa4: 8600 0000 | eb4b 498b | 8296 0000 | 0049 0b82 | 8e00 0000 | 750a 49c7 | 423e 0000 | 0000 eb3e 
  0x000001ed13d1fac4: 4983 ba9e | 0000 0000 | 7422 4833 | c049 c742 | 3e00 0000 | 00f0 8304 | 2400 4983 | ba9e 0000 
  0x000001ed13d1fae4: 0000 750d | f04d 0fb1 | 7a3e 7505 | 83c8 01eb | 0da8 00eb | 094c 8b10 | f04c 0fb1 | 5500 750a 
  0x000001ed13d1fb04: 49ff 8f50 | 0500 0045 | 33d2 7513 | 448b 4308 | 4d33 db4f | 8d1c c348 | 8beb e966 | d9ff ff48 
  0x000001ed13d1fb24: 8bcd 488d | 9424 c000 | 0000 4d8b | c7c5 f877 | 49ba b0d7 | bc8e fc7f | 0000 41ff 

  0x000001ed13d1fb40: ;   {other}
  0x000001ed13d1fb40: d20f 1f84 | 0000 0000 | 00eb c5e9 | f8eb ffff | e9f3 ebff | ffba 97ff | ffff 8b6c | 2440 4c8b 
  0x000001ed13d1fb60: 5424 304c | 8954 2428 | 4c8b 5424 | 384c 8954 | 2430 4c8b | 5424 584c | 8954 2450 | 448b 5424 
  0x000001ed13d1fb80: 4444 8954 | 2424 6690 

  0x000001ed13d1fb88: ;   {runtime_call UncommonTrapBlob}
  0x000001ed13d1fb88: c5f8 77e8 

  0x000001ed13d1fb8c: ; ImmutableOopMap {rbp=NarrowOop [36]=NarrowOop [40]=Oop [48]=Oop [72]=Oop [80]=Oop [88]=Oop [96]=Oop [104]=NarrowOop [108]=NarrowOop }
                      ;*invokevirtual clone {reexecute=1 rethrow=0 return_oop=0}
                      ; - (reexecute) java.util.Arrays::copyOf@7
                      ; - org.gradle.internal.logging.text.AbstractLineChoppingStyledTextOutput$SeenFromEol::copy@17 (line 239)
                      ; - org.gradle.internal.logging.text.AbstractLineChoppingStyledTextOutput$StateContext::<init>@17 (line 69)
                      ; - org.gradle.internal.logging.text.AbstractLineChoppingStyledTextOutput::doAppend@6 (line 41)
                      ; - org.gradle.internal.logging.text.AbstractStyledTextOutput::text@14 (line 87)
                      ; - org.gradle.internal.logging.console.StyledTextOutputBackedRenderer::onOutput@177 (line 62)
                      ; - org.gradle.internal.logging.sink.LogEventDispatcher::dispatch@6 (line 47)
                      ; - org.gradle.internal.logging.sink.LogEventDispatcher::onOutput@56 (line 41)
                      ; - org.gradle.internal.logging.sink.OutputEventRenderer$LazyListener::onOutput@89 (line 480)
  0x000001ed13d1fb8c: 7047 77ff 

  0x000001ed13d1fb90: ;   {other}
  0x000001ed13d1fb90: 0f1f 8400 | 0000 0000 | ba97 ffff | ff48 8b6c | 2430 4c8b | 5424 384c | 8954 2420 | 448b 5c24 
  0x000001ed13d1fbb0: 4044 895c | 242c 4c8b | 5424 604c | 8954 2438 | 4c89 5424 | 404c 8b54 | 2470 4c89 | 5424 5890 
  0x000001ed13d1fbd0: ;   {runtime_call UncommonTrapBlob}
  0x000001ed13d1fbd0: c5f8 77e8 

  0x000001ed13d1fbd4: ; ImmutableOopMap {rbp=Oop [32]=Oop [44]=NarrowOop [56]=Oop [64]=Oop [72]=NarrowOop [76]=NarrowOop [88]=Oop [112]=Oop [120]=NarrowOop }
                      ;*invokevirtual clone {reexecute=1 rethrow=0 return_oop=0}
                      ; - (reexecute) java.util.Arrays::copyOf@7
                      ; - org.gradle.internal.logging.text.AbstractLineChoppingStyledTextOutput$SeenFromEol::copy@17 (line 239)
                      ; - org.gradle.internal.logging.text.AbstractLineChoppingStyledTextOutput$StateContext::<init>@17 (line 69)
                      ; - org.gradle.internal.logging.text.AbstractLineChoppingStyledTextOutput::doAppend@6 (line 41)
                      ; - org.gradle.internal.logging.text.AbstractStyledTextOutput::text@14 (line 87)
                      ; - org.gradle.internal.logging.console.StyledTextOutputBackedRenderer::onOutput@187 (line 63)
                      ; - org.gradle.internal.logging.sink.LogEventDispatcher::dispatch@6 (line 47)
                      ; - org.gradle.internal.logging.sink.LogEventDispatcher::onOutput@56 (line 41)
                      ; - org.gradle.internal.logging.sink.OutputEventRenderer$LazyListener::onOutput@89 (line 480)
  0x000001ed13d1fbd4: 2847 77ff 

  0x000001ed13d1fbd8: ;   {other}
  0x000001ed13d1fbd8: 0f1f 8400 | 0000 0000 | e963 ebff | ffe9 5eeb | ffff e959 | ebff ffe9 | 54eb ffff | e94f ebff 
  0x000001ed13d1fbf8: ffe9 4aeb | ffff baf6 | ffff ff8b | 6c24 404c | 8b54 2430 | 4c89 5424 | 204c 8b54 | 2438 4c89 
  0x000001ed13d1fc18: 5424 284c | 8b54 2448 | 4c89 5424 | 304c 8b54 | 2468 4c89 | 5424 4890 

  0x000001ed13d1fc30: ;   {runtime_call UncommonTrapBlob}
  0x000001ed13d1fc30: c5f8 77e8 

  0x000001ed13d1fc34: ; ImmutableOopMap {rbp=NarrowOop [32]=Oop [40]=Oop [48]=Oop [72]=Oop [96]=Oop [104]=Oop [112]=Oop }
                      ;*invokevirtual lock {reexecute=0 rethrow=0 return_oop=0}
                      ; - jdk.internal.misc.InternalLock::lock@4
                      ; - java.io.BufferedOutputStream::flush@11
                      ; - java.io.PrintStream::implFlush@8
                      ; - java.io.PrintStream::flush@15
                      ; - org.gradle.internal.logging.text.StreamBackedStandardOutputListener::onOutput@15 (line 53)
                      ; - org.gradle.internal.logging.text.StreamingStyledTextOutput::doAppend@5 (line 55)
                      ; - org.gradle.internal.logging.text.AbstractStyledTextOutput::text@14 (line 87)
                      ; - org.gradle.internal.logging.console.StyledTextOutputBackedRenderer$OutputEventTextOutputImpl::doLineText@5 (line 90)
                      ; - org.gradle.internal.logging.text.AbstractLineChoppingStyledTextOutput$StateContext::flushLineText@109 (line 131)
                      ; - org.gradle.internal.logging.text.AbstractLineChoppingStyledTextOutput::doAppend@39 (line 47)
                      ; - org.gradle.internal.logging.text.AbstractStyledTextOutput::text@14 (line 87)
                      ; - org.gradle.internal.logging.console.StyledTextOutputBackedRenderer::onOutput@177 (line 62)
                      ; - org.gradle.internal.logging.sink.LogEventDispatcher::dispatch@6 (line 47)
                      ; - org.gradle.internal.logging.sink.LogEventDispatcher::onOutput@56 (line 41)
                      ; - org.gradle.internal.logging.sink.OutputEventRenderer$LazyListener::onOutput@89 (line 480)
  0x000001ed13d1fc34: c846 77ff 

  0x000001ed13d1fc38: ;   {other}
  0x000001ed13d1fc38: 0f1f 8400 | 0000 0000 | baf6 ffff | ff8b 6c24 | 404c 8b54 | 2430 4c89 | 5424 204c | 8b54 2438 
  0x000001ed13d1fc58: 4c89 5424 | 284c 8b54 | 2448 4c89 | 5424 304c | 8b54 2468 | 4c89 5424 | 4866 6690 

  0x000001ed13d1fc74: ;   {runtime_call UncommonTrapBlob}
  0x000001ed13d1fc74: c5f8 77e8 

  0x000001ed13d1fc78: ; ImmutableOopMap {rbp=NarrowOop [32]=Oop [40]=Oop [48]=Oop [72]=Oop [96]=Oop [104]=Oop [112]=Oop }
                      ;*invokevirtual lock {reexecute=0 rethrow=0 return_oop=0}
                      ; - java.util.concurrent.locks.ReentrantLock::lock@4
                      ; - jdk.internal.misc.InternalLock::lock@4
                      ; - java.io.BufferedOutputStream::flush@11
                      ; - java.io.PrintStream::implFlush@8
                      ; - java.io.PrintStream::flush@15
                      ; - org.gradle.internal.logging.text.StreamBackedStandardOutputListener::onOutput@15 (line 53)
                      ; - org.gradle.internal.logging.text.StreamingStyledTextOutput::doAppend@5 (line 55)
                      ; - org.gradle.internal.logging.text.AbstractStyledTextOutput::text@14 (line 87)
                      ; - org.gradle.internal.logging.console.StyledTextOutputBackedRenderer$OutputEventTextOutputImpl::doLineText@5 (line 90)
                      ; - org.gradle.internal.logging.text.AbstractLineChoppingStyledTextOutput$StateContext::flushLineText@109 (line 131)
                      ; - org.gradle.internal.logging.text.AbstractLineChoppingStyledTextOutput::doAppend@39 (line 47)
                      ; - org.gradle.internal.logging.text.AbstractStyledTextOutput::text@14 (line 87)
                      ; - org.gradle.internal.logging.console.StyledTextOutputBackedRenderer::onOutput@177 (line 62)
                      ; - org.gradle.internal.logging.sink.LogEventDispatcher::dispatch@6 (line 47)
                      ; - org.gradle.internal.logging.sink.LogEventDispatcher::onOutput@56 (line 41)
                      ; - org.gradle.internal.logging.sink.OutputEventRenderer$LazyListener::onOutput@89 (line 480)
  0x000001ed13d1fc78: 8446 77ff 

  0x000001ed13d1fc7c: ;   {other}
  0x000001ed13d1fc7c: 0f1f 8400 | 0000 0000 | baf6 ffff | ff8b 6c24 | 404c 8b54 | 2430 4c89 | 5424 204c | 8b54 2438 
  0x000001ed13d1fc9c: 4c89 5424 | 284c 8b54 | 2448 4c89 | 5424 304c | 8b54 2468 | 4c89 5424 | 4866 6690 

  0x000001ed13d1fcb8: ;   {runtime_call UncommonTrapBlob}
  0x000001ed13d1fcb8: c5f8 77e8 

  0x000001ed13d1fcbc: ; ImmutableOopMap {rbp=NarrowOop [32]=Oop [40]=Oop [48]=Oop [72]=Oop [96]=Oop [104]=Oop }
                      ;*invokevirtual unlock {reexecute=0 rethrow=0 return_oop=0}
                      ; - java.io.BufferedOutputStream::flush@22
                      ; - java.io.PrintStream::implFlush@8
                      ; - java.io.PrintStream::flush@15
                      ; - org.gradle.internal.logging.text.StreamBackedStandardOutputListener::onOutput@15 (line 53)
                      ; - org.gradle.internal.logging.text.StreamingStyledTextOutput::doAppend@5 (line 55)
                      ; - org.gradle.internal.logging.text.AbstractStyledTextOutput::text@14 (line 87)
                      ; - org.gradle.internal.logging.console.StyledTextOutputBackedRenderer$OutputEventTextOutputImpl::doLineText@5 (line 90)
                      ; - org.gradle.internal.logging.text.AbstractLineChoppingStyledTextOutput$StateContext::flushLineText@109 (line 131)
                      ; - org.gradle.internal.logging.text.AbstractLineChoppingStyledTextOutput::doAppend@39 (line 47)
                      ; - org.gradle.internal.logging.text.AbstractStyledTextOutput::text@14 (line 87)
                      ; - org.gradle.internal.logging.console.StyledTextOutputBackedRenderer::onOutput@177 (line 62)
                      ; - org.gradle.internal.logging.sink.LogEventDispatcher::dispatch@6 (line 47)
                      ; - org.gradle.internal.logging.sink.LogEventDispatcher::onOutput@56 (line 41)
                      ; - org.gradle.internal.logging.sink.OutputEventRenderer$LazyListener::onOutput@89 (line 480)
  0x000001ed13d1fcbc: 4046 77ff 

  0x000001ed13d1fcc0: ;   {other}
  0x000001ed13d1fcc0: 0f1f 8400 | 0000 0000 | baf6 ffff | ff8b 6c24 | 404c 8b54 | 2430 4c89 | 5424 204c | 8b54 2438 
  0x000001ed13d1fce0: 4c89 5424 | 284c 8b54 | 2448 4c89 | 5424 304c | 8b54 2468 | 4c89 5424 | 4866 6690 

  0x000001ed13d1fcfc: ;   {runtime_call UncommonTrapBlob}
  0x000001ed13d1fcfc: c5f8 77e8 

  0x000001ed13d1fd00: ; ImmutableOopMap {rbp=NarrowOop [32]=Oop [40]=Oop [48]=Oop [72]=Oop [96]=Oop [104]=Oop }
                      ;*invokevirtual unlock {reexecute=0 rethrow=0 return_oop=0}
                      ; - jdk.internal.misc.InternalLock::unlock@4
                      ; - java.io.BufferedOutputStream::flush@22
                      ; - java.io.PrintStream::implFlush@8
                      ; - java.io.PrintStream::flush@15
                      ; - org.gradle.internal.logging.text.StreamBackedStandardOutputListener::onOutput@15 (line 53)
                      ; - org.gradle.internal.logging.text.StreamingStyledTextOutput::doAppend@5 (line 55)
                      ; - org.gradle.internal.logging.text.AbstractStyledTextOutput::text@14 (line 87)
                      ; - org.gradle.internal.logging.console.StyledTextOutputBackedRenderer$OutputEventTextOutputImpl::doLineText@5 (line 90)
                      ; - org.gradle.internal.logging.text.AbstractLineChoppingStyledTextOutput$StateContext::flushLineText@109 (line 131)
                      ; - org.gradle.internal.logging.text.AbstractLineChoppingStyledTextOutput::doAppend@39 (line 47)
                      ; - org.gradle.internal.logging.text.AbstractStyledTextOutput::text@14 (line 87)
                      ; - org.gradle.internal.logging.console.StyledTextOutputBackedRenderer::onOutput@177 (line 62)
                      ; - org.gradle.internal.logging.sink.LogEventDispatcher::dispatch@6 (line 47)
                      ; - org.gradle.internal.logging.sink.LogEventDispatcher::onOutput@56 (line 41)
                      ; - org.gradle.internal.logging.sink.OutputEventRenderer$LazyListener::onOutput@89 (line 480)
  0x000001ed13d1fd00: fc45 77ff 

  0x000001ed13d1fd04: ;   {other}
  0x000001ed13d1fd04: 0f1f 8400 | 0000 0000 | baf6 ffff | ff48 8b6c | 2430 4c8b | 5424 384c | 8954 2420 | 448b 4c24 
  0x000001ed13d1fd24: 4044 894c | 2428 4c89 | 5c24 5090 

  0x000001ed13d1fd30: ;   {runtime_call UncommonTrapBlob}
  0x000001ed13d1fd30: c5f8 77e8 

  0x000001ed13d1fd34: ; ImmutableOopMap {rbp=Oop [32]=Oop [40]=NarrowOop [72]=Oop [80]=Oop [88]=Oop [96]=Oop }
                      ;*invokevirtual lock {reexecute=0 rethrow=0 return_oop=0}
                      ; - jdk.internal.misc.InternalLock::lock@4
                      ; - java.io.BufferedOutputStream::flush@11
                      ; - java.io.PrintStream::implFlush@8
                      ; - java.io.PrintStream::flush@15
                      ; - org.gradle.internal.logging.text.StreamBackedStandardOutputListener::onOutput@15 (line 53)
                      ; - org.gradle.internal.logging.text.StreamingStyledTextOutput::doAppend@5 (line 55)
                      ; - org.gradle.internal.logging.text.AbstractStyledTextOutput::text@14 (line 87)
                      ; - org.gradle.internal.logging.console.StyledTextOutputBackedRenderer$OutputEventTextOutputImpl::doLineText@5 (line 90)
                      ; - org.gradle.internal.logging.text.AbstractLineChoppingStyledTextOutput$StateContext::flushLineText@109 (line 131)
                      ; - org.gradle.internal.logging.text.AbstractLineChoppingStyledTextOutput::doAppend@39 (line 47)
                      ; - org.gradle.internal.logging.text.AbstractStyledTextOutput::text@14 (line 87)
                      ; - org.gradle.internal.logging.console.StyledTextOutputBackedRenderer::onOutput@187 (line 63)
                      ; - org.gradle.internal.logging.sink.LogEventDispatcher::dispatch@6 (line 47)
                      ; - org.gradle.internal.logging.sink.LogEventDispatcher::onOutput@56 (line 41)
                      ; - org.gradle.internal.logging.sink.OutputEventRenderer$LazyListener::onOutput@89 (line 480)
  0x000001ed13d1fd34: c845 77ff 

  0x000001ed13d1fd38: ;   {other}
  0x000001ed13d1fd38: 0f1f 8400 | 0000 0000 | baf6 ffff | ff48 8b6c | 2430 4c8b | 5424 384c | 8954 2420 | 448b 5424 
  0x000001ed13d1fd58: 4044 8954 | 2428 4c89 | 5c24 5090 

  0x000001ed13d1fd64: ;   {runtime_call UncommonTrapBlob}
  0x000001ed13d1fd64: c5f8 77e8 

  0x000001ed13d1fd68: ; ImmutableOopMap {rbp=Oop [32]=Oop [40]=NarrowOop [72]=Oop [80]=Oop [88]=Oop [96]=Oop }
                      ;*invokevirtual lock {reexecute=0 rethrow=0 return_oop=0}
                      ; - java.util.concurrent.locks.ReentrantLock::lock@4
                      ; - jdk.internal.misc.InternalLock::lock@4
                      ; - java.io.BufferedOutputStream::flush@11
                      ; - java.io.PrintStream::implFlush@8
                      ; - java.io.PrintStream::flush@15
                      ; - org.gradle.internal.logging.text.StreamBackedStandardOutputListener::onOutput@15 (line 53)
                      ; - org.gradle.internal.logging.text.StreamingStyledTextOutput::doAppend@5 (line 55)
                      ; - org.gradle.internal.logging.text.AbstractStyledTextOutput::text@14 (line 87)
                      ; - org.gradle.internal.logging.console.StyledTextOutputBackedRenderer$OutputEventTextOutputImpl::doLineText@5 (line 90)
                      ; - org.gradle.internal.logging.text.AbstractLineChoppingStyledTextOutput$StateContext::flushLineText@109 (line 131)
                      ; - org.gradle.internal.logging.text.AbstractLineChoppingStyledTextOutput::doAppend@39 (line 47)
                      ; - org.gradle.internal.logging.text.AbstractStyledTextOutput::text@14 (line 87)
                      ; - org.gradle.internal.logging.console.StyledTextOutputBackedRenderer::onOutput@187 (line 63)
                      ; - org.gradle.internal.logging.sink.LogEventDispatcher::dispatch@6 (line 47)
                      ; - org.gradle.internal.logging.sink.LogEventDispatcher::onOutput@56 (line 41)
                      ; - org.gradle.internal.logging.sink.OutputEventRenderer$LazyListener::onOutput@89 (line 480)
  0x000001ed13d1fd68: 9445 77ff 

  0x000001ed13d1fd6c: ;   {other}
  0x000001ed13d1fd6c: 0f1f 8400 | 0000 0000 | baf6 ffff | ff48 8b6c | 2430 4c8b | 5424 384c | 8954 2420 | 448b 5c24 
  0x000001ed13d1fd8c: 4044 895c | 2428 6690 

  0x000001ed13d1fd94: ;   {runtime_call UncommonTrapBlob}
  0x000001ed13d1fd94: c5f8 77e8 

  0x000001ed13d1fd98: ; ImmutableOopMap {rbp=Oop [32]=Oop [40]=NarrowOop [72]=Oop [88]=Oop [96]=Oop }
                      ;*invokevirtual unlock {reexecute=0 rethrow=0 return_oop=0}
                      ; - java.io.BufferedOutputStream::flush@22
                      ; - java.io.PrintStream::implFlush@8
                      ; - java.io.PrintStream::flush@15
                      ; - org.gradle.internal.logging.text.StreamBackedStandardOutputListener::onOutput@15 (line 53)
                      ; - org.gradle.internal.logging.text.StreamingStyledTextOutput::doAppend@5 (line 55)
                      ; - org.gradle.internal.logging.text.AbstractStyledTextOutput::text@14 (line 87)
                      ; - org.gradle.internal.logging.console.StyledTextOutputBackedRenderer$OutputEventTextOutputImpl::doLineText@5 (line 90)
                      ; - org.gradle.internal.logging.text.AbstractLineChoppingStyledTextOutput$StateContext::flushLineText@109 (line 131)
                      ; - org.gradle.internal.logging.text.AbstractLineChoppingStyledTextOutput::doAppend@39 (line 47)
                      ; - org.gradle.internal.logging.text.AbstractStyledTextOutput::text@14 (line 87)
                      ; - org.gradle.internal.logging.console.StyledTextOutputBackedRenderer::onOutput@187 (line 63)
                      ; - org.gradle.internal.logging.sink.LogEventDispatcher::dispatch@6 (line 47)
                      ; - org.gradle.internal.logging.sink.LogEventDispatcher::onOutput@56 (line 41)
                      ; - org.gradle.internal.logging.sink.OutputEventRenderer$LazyListener::onOutput@89 (line 480)
  0x000001ed13d1fd98: 6445 77ff 

  0x000001ed13d1fd9c: ;   {other}
  0x000001ed13d1fd9c: 0f1f 8400 | 0000 0000 | baf6 ffff | ff48 8b6c | 2430 4c8b | 5424 384c | 8954 2420 | 448b 5c24 
  0x000001ed13d1fdbc: 4044 895c | 2428 6690 

  0x000001ed13d1fdc4: ;   {runtime_call UncommonTrapBlob}
  0x000001ed13d1fdc4: c5f8 77e8 

  0x000001ed13d1fdc8: ; ImmutableOopMap {rbp=Oop [32]=Oop [40]=NarrowOop [72]=Oop [88]=Oop [96]=Oop }
                      ;*invokevirtual unlock {reexecute=0 rethrow=0 return_oop=0}
                      ; - jdk.internal.misc.InternalLock::unlock@4
                      ; - java.io.BufferedOutputStream::flush@22
                      ; - java.io.PrintStream::implFlush@8
                      ; - java.io.PrintStream::flush@15
                      ; - org.gradle.internal.logging.text.StreamBackedStandardOutputListener::onOutput@15 (line 53)
                      ; - org.gradle.internal.logging.text.StreamingStyledTextOutput::doAppend@5 (line 55)
                      ; - org.gradle.internal.logging.text.AbstractStyledTextOutput::text@14 (line 87)
                      ; - org.gradle.internal.logging.console.StyledTextOutputBackedRenderer$OutputEventTextOutputImpl::doLineText@5 (line 90)
                      ; - org.gradle.internal.logging.text.AbstractLineChoppingStyledTextOutput$StateContext::flushLineText@109 (line 131)
                      ; - org.gradle.internal.logging.text.AbstractLineChoppingStyledTextOutput::doAppend@39 (line 47)
                      ; - org.gradle.internal.logging.text.AbstractStyledTextOutput::text@14 (line 87)
                      ; - org.gradle.internal.logging.console.StyledTextOutputBackedRenderer::onOutput@187 (line 63)
                      ; - org.gradle.internal.logging.sink.LogEventDispatcher::dispatch@6 (line 47)
                      ; - org.gradle.internal.logging.sink.LogEventDispatcher::onOutput@56 (line 41)
                      ; - org.gradle.internal.logging.sink.OutputEventRenderer$LazyListener::onOutput@89 (line 480)
  0x000001ed13d1fdc8: 3445 77ff 

  0x000001ed13d1fdcc: ;   {other}
  0x000001ed13d1fdcc: 0f1f 8400 | 0000 0000 | e96f e9ff | ffe9 6ae9 | ffff e965 | e9ff ffe9 | 60e9 ffff | 448b 5008 
  0x000001ed13d1fdec: 4d33 c04f | 8d04 d0e9 | fce8 ffff | 448b 5008 | 4d33 c04f | 8d04 d0e9 | 80e8 ffff | 448b 5808 
  0x000001ed13d1fe0c: 4d33 c04f | 8d04 d84d 

  0x000001ed13d1fe14: ;   {metadata('java/io/InterruptedIOException')}
  0x000001ed13d1fe14: 8b50 5049 | bb68 683f | 0001 0000 | 004d 3bd3 | 0f84 04e8 | ffff 4d8b 

  0x000001ed13d1fe2c: ;   {metadata('java/io/IOException')}
  0x000001ed13d1fe2c: 5048 49bb | 98df 0900 | 0100 0000 | 4d3b d30f | 842b e8ff | ffe9 aee8 | ffff 448b | 5808 4d33 
  0x000001ed13d1fe4c: c04f 8d04 | d84d 8b50 

  0x000001ed13d1fe54: ;   {metadata('java/io/InterruptedIOException')}
  0x000001ed13d1fe54: 5049 bb68 | 683f 0001 | 0000 004d | 3bd3 0f84 | 5ee6 ffff | 4d8b 5048 

  0x000001ed13d1fe6c: ;   {metadata('java/io/IOException')}
  0x000001ed13d1fe6c: 49bb 98df | 0900 0100 | 0000 4d3b | d30f 8479 | e6ff ffe9 | 04e8 ffff | e947 e7ff | ffe9 efe5 
  0x000001ed13d1fe8c: ffff ba97 | ffff ff8b | 6c24 404c | 8b54 2430 | 4c89 5424 | 204c 8b54 | 2438 4c89 | 5424 284c 
  0x000001ed13d1feac: 8b54 2448 | 4c89 5424 | 304c 8b54 | 2470 4c89 | 5424 4090 

  0x000001ed13d1fec0: ;   {runtime_call UncommonTrapBlob}
  0x000001ed13d1fec0: c5f8 77e8 

  0x000001ed13d1fec4: ; ImmutableOopMap {rbp=NarrowOop [32]=Oop [40]=Oop [48]=Oop [64]=Oop [104]=NarrowOop [112]=Oop }
                      ;*invokevirtual clone {reexecute=1 rethrow=0 return_oop=0}
                      ; - (reexecute) java.util.Arrays::copyOfRange@18
                      ; - java.lang.StringLatin1::newString@16
                      ; - java.lang.String::substring@41
                      ; - org.gradle.internal.logging.text.AbstractLineChoppingStyledTextOutput$StateContext::flushLineText@93 (line 127)
                      ; - org.gradle.internal.logging.text.AbstractLineChoppingStyledTextOutput::doAppend@39 (line 47)
                      ; - org.gradle.internal.logging.text.AbstractStyledTextOutput::text@14 (line 87)
                      ; - org.gradle.internal.logging.console.StyledTextOutputBackedRenderer::onOutput@177 (line 62)
                      ; - org.gradle.internal.logging.sink.LogEventDispatcher::dispatch@6 (line 47)
                      ; - org.gradle.internal.logging.sink.LogEventDispatcher::onOutput@56 (line 41)
                      ; - org.gradle.internal.logging.sink.OutputEventRenderer$LazyListener::onOutput@89 (line 480)
  0x000001ed13d1fec4: 3844 77ff 

  0x000001ed13d1fec8: ;   {other}
  0x000001ed13d1fec8: 0f1f 8400 | 0000 0000 | ba97 ffff | ff48 8b6c | 2430 4c8b | 5424 384c | 8954 2420 | 448b 5c24 
  0x000001ed13d1fee8: 4044 895c | 2428 4c8b | 5424 684c | 8954 2440 

  0x000001ed13d1fef8: ;   {runtime_call UncommonTrapBlob}
  0x000001ed13d1fef8: c5f8 77e8 

  0x000001ed13d1fefc: ; ImmutableOopMap {rbp=Oop [32]=Oop [40]=NarrowOop [64]=Oop [72]=Oop [92]=NarrowOop [104]=Oop }
                      ;*invokevirtual clone {reexecute=1 rethrow=0 return_oop=0}
                      ; - (reexecute) java.util.Arrays::copyOfRange@18
                      ; - java.lang.StringLatin1::newString@16
                      ; - java.lang.String::substring@41
                      ; - org.gradle.internal.logging.text.AbstractLineChoppingStyledTextOutput$StateContext::flushLineText@93 (line 127)
                      ; - org.gradle.internal.logging.text.AbstractLineChoppingStyledTextOutput::doAppend@39 (line 47)
                      ; - org.gradle.internal.logging.text.AbstractStyledTextOutput::text@14 (line 87)
                      ; - org.gradle.internal.logging.console.StyledTextOutputBackedRenderer::onOutput@187 (line 63)
                      ; - org.gradle.internal.logging.sink.LogEventDispatcher::dispatch@6 (line 47)
                      ; - org.gradle.internal.logging.sink.LogEventDispatcher::onOutput@56 (line 41)
                      ; - org.gradle.internal.logging.sink.OutputEventRenderer$LazyListener::onOutput@89 (line 480)
  0x000001ed13d1fefc: 0044 77ff 

  0x000001ed13d1ff00: ;   {other}
  0x000001ed13d1ff00: 0f1f 8400 | 0000 0000 | e93b e8ff | ffe9 36e8 | ffff e931 | e8ff ffba | 45ff ffff | 8b6c 2440 
  0x000001ed13d1ff20: 4c8b 5424 | 304c 8954 | 2420 4c8b | 5424 384c | 8954 2430 | 4c8b 5424 | 484c 8954 | 2438 4c8b 
  0x000001ed13d1ff40: 5424 604c | 8954 2440 | 4889 7c24 | 5844 895c | 2464 6690 

  0x000001ed13d1ff54: ;   {runtime_call UncommonTrapBlob}
  0x000001ed13d1ff54: c5f8 77e8 

  0x000001ed13d1ff58: ; ImmutableOopMap {rbp=NarrowOop [32]=Oop [40]=Oop [48]=Oop [56]=Oop [64]=Oop [88]=Oop [100]=NarrowOop [104]=Oop }
                      ;*ifnull {reexecute=1 rethrow=0 return_oop=0}
                      ; - (reexecute) java.util.concurrent.locks.AbstractQueuedSynchronizer::hasQueuedThreads@16
                      ; - java.util.concurrent.locks.ReentrantLock$FairSync::initialTryLock@14
                      ; - java.util.concurrent.locks.ReentrantLock$Sync::lock@1
                      ; - java.util.concurrent.locks.ReentrantLock::lock@4
                      ; - jdk.internal.misc.InternalLock::lock@4
                      ; - java.io.PrintStream::flush@11
                      ; - org.gradle.internal.logging.text.StreamBackedStandardOutputListener::onOutput@15 (line 53)
                      ; - org.gradle.internal.logging.text.StreamingStyledTextOutput::doAppend@5 (line 55)
                      ; - org.gradle.internal.logging.text.AbstractStyledTextOutput::text@14 (line 87)
                      ; - org.gradle.internal.logging.console.StyledTextOutputBackedRenderer$OutputEventTextOutputImpl::doLineText@5 (line 90)
                      ; - org.gradle.internal.logging.text.AbstractLineChoppingStyledTextOutput$StateContext::flushLineText@109 (line 131)
                      ; - org.gradle.internal.logging.text.AbstractLineChoppingStyledTextOutput::doAppend@39 (line 47)
                      ; - org.gradle.internal.logging.text.AbstractStyledTextOutput::text@14 (line 87)
                      ; - org.gradle.internal.logging.console.StyledTextOutputBackedRenderer::onOutput@177 (line 62)
                      ; - org.gradle.internal.logging.sink.LogEventDispatcher::dispatch@6 (line 47)
                      ; - org.gradle.internal.logging.sink.LogEventDispatcher::onOutput@56 (line 41)
                      ; - org.gradle.internal.logging.sink.OutputEventRenderer$LazyListener::onOutput@89 (line 480)
  0x000001ed13d1ff58: a443 77ff 

  0x000001ed13d1ff5c: ;   {other}
  0x000001ed13d1ff5c: 0f1f 8400 | 0000 0000 | ba45 ffff | ff48 8b6c | 2430 4c8b | 5424 384c | 8954 2420 | 448b 5424 
  0x000001ed13d1ff7c: 4044 8954 | 2430 4c8b | 5424 584c | 8954 2438 | 4c8b 5424 | 604c 8954 | 2440 4889 | 7c24 5844 
  0x000001ed13d1ff9c: 895c 2460 

  0x000001ed13d1ffa0: ;   {runtime_call UncommonTrapBlob}
  0x000001ed13d1ffa0: c5f8 77e8 

  0x000001ed13d1ffa4: ; ImmutableOopMap {rbp=Oop [32]=Oop [40]=Oop [48]=NarrowOop [56]=Oop [64]=Oop [72]=Oop [88]=Oop [96]=NarrowOop }
                      ;*ifnull {reexecute=1 rethrow=0 return_oop=0}
                      ; - (reexecute) java.util.concurrent.locks.AbstractQueuedSynchronizer::hasQueuedThreads@16
                      ; - java.util.concurrent.locks.ReentrantLock$FairSync::initialTryLock@14
                      ; - java.util.concurrent.locks.ReentrantLock$Sync::lock@1
                      ; - java.util.concurrent.locks.ReentrantLock::lock@4
                      ; - jdk.internal.misc.InternalLock::lock@4
                      ; - java.io.PrintStream::flush@11
                      ; - org.gradle.internal.logging.text.StreamBackedStandardOutputListener::onOutput@15 (line 53)
                      ; - org.gradle.internal.logging.text.StreamingStyledTextOutput::doAppend@5 (line 55)
                      ; - org.gradle.internal.logging.text.AbstractStyledTextOutput::text@14 (line 87)
                      ; - org.gradle.internal.logging.console.StyledTextOutputBackedRenderer$OutputEventTextOutputImpl::doLineText@5 (line 90)
                      ; - org.gradle.internal.logging.text.AbstractLineChoppingStyledTextOutput$StateContext::flushLineText@109 (line 131)
                      ; - org.gradle.internal.logging.text.AbstractLineChoppingStyledTextOutput::doAppend@39 (line 47)
                      ; - org.gradle.internal.logging.text.AbstractStyledTextOutput::text@14 (line 87)
                      ; - org.gradle.internal.logging.console.StyledTextOutputBackedRenderer::onOutput@187 (line 63)
                      ; - org.gradle.internal.logging.sink.LogEventDispatcher::dispatch@6 (line 47)
                      ; - org.gradle.internal.logging.sink.LogEventDispatcher::onOutput@56 (line 41)
                      ; - org.gradle.internal.logging.sink.OutputEventRenderer$LazyListener::onOutput@89 (line 480)
  0x000001ed13d1ffa4: 5843 77ff 

  0x000001ed13d1ffa8: ;   {other}
  0x000001ed13d1ffa8: 0f1f 8400 | 0000 0000 | 448b 5808 | 4d33 c04f | 8d04 d848 | 8be8 e90b | d3ff ff44 | 8b40 084d 
  0x000001ed13d1ffc8: 33db 4f8d | 1cc3 488b | e8e9 b3d4 | ffff eb02 | eb00 448b | 5808 4d33 | c04f 8d04 | d848 8be8 
  0x000001ed13d1ffe8: e9e1 d2ff | ffeb 02eb | 0044 8b40 | 084d 33db | 4f8d 1cc3 | 488b e8e9 | 85d4 ffff | 448b 4008 
  0x000001ed13d20008: 4d33 d24f | 8d14 c2e9 | 43e3 ffff | 448b 4008 | 4d33 d24f | 8d14 c2e9 | fae2 ffff 

  0x000001ed13d20024: ;   {internal_word}
  0x000001ed13d20024: 49ba 6fa4 | d113 ed01 | 0000 4d89 | 9768 0400 

  0x000001ed13d20034: ;   {runtime_call SafepointBlob}
  0x000001ed13d20034: 00e9 c653 

  0x000001ed13d20038: ;   {runtime_call StubRoutines (final stubs)}
  0x000001ed13d20038: 77ff e8c1 | b675 ffe9 | 5a8b ffff | f4f4 f4f4 
[Stub Code]
  0x000001ed13d20048: ;   {no_reloc}
  0x000001ed13d20048: 48bb 0000 | 0000 0000 

  0x000001ed13d20050: ;   {runtime_call nmethod}
  0x000001ed13d20050: 0000 e9fb 

  0x000001ed13d20054: ;   {static_stub}
  0x000001ed13d20054: ffff ff48 | bb00 0000 | 0000 0000 

  0x000001ed13d20060: ;   {runtime_call nmethod}
  0x000001ed13d20060: 00e9 fbff 

  0x000001ed13d20064: ;   {static_stub}
  0x000001ed13d20064: ffff 48bb | 0000 0000 | 0000 0000 

  0x000001ed13d20070: ;   {runtime_call nmethod}
  0x000001ed13d20070: e9fb ffff 

  0x000001ed13d20074: ;   {static_stub}
  0x000001ed13d20074: ff48 bb00 | 0000 0000 

  0x000001ed13d2007c: ;   {runtime_call nmethod}
  0x000001ed13d2007c: 0000 00e9 | fbff ffff 

  0x000001ed13d20084: ;   {static_stub}
  0x000001ed13d20084: 48bb 0000 | 0000 0000 

  0x000001ed13d2008c: ;   {runtime_call nmethod}
  0x000001ed13d2008c: 0000 e9fb 

  0x000001ed13d20090: ;   {static_stub}
  0x000001ed13d20090: ffff ff48 | bb00 0000 | 0000 0000 

  0x000001ed13d2009c: ;   {runtime_call nmethod}
  0x000001ed13d2009c: 00e9 fbff 

  0x000001ed13d200a0: ;   {static_stub}
  0x000001ed13d200a0: ffff 48bb | 0000 0000 | 0000 0000 

  0x000001ed13d200ac: ;   {runtime_call nmethod}
  0x000001ed13d200ac: e9fb ffff 

  0x000001ed13d200b0: ;   {static_stub}
  0x000001ed13d200b0: ff48 bb00 | 0000 0000 

  0x000001ed13d200b8: ;   {runtime_call nmethod}
  0x000001ed13d200b8: 0000 00e9 | fbff ffff 

  0x000001ed13d200c0: ;   {static_stub}
  0x000001ed13d200c0: 48bb 0000 | 0000 0000 

  0x000001ed13d200c8: ;   {runtime_call nmethod}
  0x000001ed13d200c8: 0000 e9fb 

  0x000001ed13d200cc: ;   {static_stub}
  0x000001ed13d200cc: ffff ff48 | bb00 0000 | 0000 0000 

  0x000001ed13d200d8: ;   {runtime_call nmethod}
  0x000001ed13d200d8: 00e9 fbff 

  0x000001ed13d200dc: ;   {static_stub}
  0x000001ed13d200dc: ffff 48bb | 0000 0000 | 0000 0000 

  0x000001ed13d200e8: ;   {runtime_call nmethod}
  0x000001ed13d200e8: e9fb ffff 

  0x000001ed13d200ec: ;   {static_stub}
  0x000001ed13d200ec: ff48 bb00 | 0000 0000 

  0x000001ed13d200f4: ;   {runtime_call nmethod}
  0x000001ed13d200f4: 0000 00e9 | fbff ffff 

  0x000001ed13d200fc: ;   {static_stub}
  0x000001ed13d200fc: 48bb 18c7 | 8321 ed01 

  0x000001ed13d20104: ;   {runtime_call I2C/C2I adapters}
  0x000001ed13d20104: 0000 e953 

  0x000001ed13d20108: ;   {static_stub}
  0x000001ed13d20108: 3e77 ff48 | bb00 0000 | 0000 0000 

  0x000001ed13d20114: ;   {runtime_call nmethod}
  0x000001ed13d20114: 00e9 fbff 

  0x000001ed13d20118: ;   {static_stub}
  0x000001ed13d20118: ffff 48bb | 0000 0000 | 0000 0000 

  0x000001ed13d20124: ;   {runtime_call nmethod}
  0x000001ed13d20124: e9fb ffff 

  0x000001ed13d20128: ;   {static_stub}
  0x000001ed13d20128: ff48 bb00 | 0000 0000 

  0x000001ed13d20130: ;   {runtime_call nmethod}
  0x000001ed13d20130: 0000 00e9 | fbff ffff 

  0x000001ed13d20138: ;   {static_stub}
  0x000001ed13d20138: 48bb 0000 | 0000 0000 

  0x000001ed13d20140: ;   {runtime_call nmethod}
  0x000001ed13d20140: 0000 e9fb 

  0x000001ed13d20144: ;   {static_stub}
  0x000001ed13d20144: ffff ff48 | bb00 0000 | 0000 0000 

  0x000001ed13d20150: ;   {runtime_call nmethod}
  0x000001ed13d20150: 00e9 fbff 

  0x000001ed13d20154: ;   {static_stub}
  0x000001ed13d20154: ffff 48bb | 0000 0000 | 0000 0000 

  0x000001ed13d20160: ;   {runtime_call nmethod}
  0x000001ed13d20160: e9fb ffff 

  0x000001ed13d20164: ;   {static_stub}
  0x000001ed13d20164: ff48 bb00 | 0000 0000 

  0x000001ed13d2016c: ;   {runtime_call nmethod}
  0x000001ed13d2016c: 0000 00e9 | fbff ffff 

  0x000001ed13d20174: ;   {static_stub}
  0x000001ed13d20174: 48bb 0000 | 0000 0000 

  0x000001ed13d2017c: ;   {runtime_call nmethod}
  0x000001ed13d2017c: 0000 e9fb 

  0x000001ed13d20180: ;   {static_stub}
  0x000001ed13d20180: ffff ff48 | bb00 0000 | 0000 0000 

  0x000001ed13d2018c: ;   {runtime_call nmethod}
  0x000001ed13d2018c: 00e9 fbff 

  0x000001ed13d20190: ;   {static_stub}
  0x000001ed13d20190: ffff 48bb | 0000 0000 | 0000 0000 

  0x000001ed13d2019c: ;   {runtime_call nmethod}
  0x000001ed13d2019c: e9fb ffff 

  0x000001ed13d201a0: ;   {static_stub}
  0x000001ed13d201a0: ff48 bb00 | 0000 0000 

  0x000001ed13d201a8: ;   {runtime_call nmethod}
  0x000001ed13d201a8: 0000 00e9 | fbff ffff 

  0x000001ed13d201b0: ;   {static_stub}
  0x000001ed13d201b0: 48bb 0000 | 0000 0000 

  0x000001ed13d201b8: ;   {runtime_call nmethod}
  0x000001ed13d201b8: 0000 e9fb 

  0x000001ed13d201bc: ;   {static_stub}
  0x000001ed13d201bc: ffff ff48 | bb00 0000 | 0000 0000 

  0x000001ed13d201c8: ;   {runtime_call nmethod}
  0x000001ed13d201c8: 00e9 fbff 

  0x000001ed13d201cc: ;   {static_stub}
  0x000001ed13d201cc: ffff 48bb | 0000 0000 | 0000 0000 

  0x000001ed13d201d8: ;   {runtime_call nmethod}
  0x000001ed13d201d8: e9fb ffff 

  0x000001ed13d201dc: ;   {static_stub}
  0x000001ed13d201dc: ff48 bb00 | 0000 0000 

  0x000001ed13d201e4: ;   {runtime_call nmethod}
  0x000001ed13d201e4: 0000 00e9 | fbff ffff 

  0x000001ed13d201ec: ;   {static_stub}
  0x000001ed13d201ec: 48bb 0000 | 0000 0000 

  0x000001ed13d201f4: ;   {runtime_call nmethod}
  0x000001ed13d201f4: 0000 e9fb 

  0x000001ed13d201f8: ;   {static_stub}
  0x000001ed13d201f8: ffff ff48 | bb00 0000 | 0000 0000 

  0x000001ed13d20204: ;   {runtime_call nmethod}
  0x000001ed13d20204: 00e9 fbff 

  0x000001ed13d20208: ;   {static_stub}
  0x000001ed13d20208: ffff 48bb | 0000 0000 | 0000 0000 

  0x000001ed13d20214: ;   {runtime_call nmethod}
  0x000001ed13d20214: e9fb ffff 

  0x000001ed13d20218: ;   {static_stub}
  0x000001ed13d20218: ff48 bb00 | 0000 0000 

  0x000001ed13d20220: ;   {runtime_call nmethod}
  0x000001ed13d20220: 0000 00e9 | fbff ffff 

  0x000001ed13d20228: ;   {static_stub}
  0x000001ed13d20228: 48bb 0000 | 0000 0000 

  0x000001ed13d20230: ;   {runtime_call nmethod}
  0x000001ed13d20230: 0000 e9fb 

  0x000001ed13d20234: ;   {static_stub}
  0x000001ed13d20234: ffff ff48 | bb00 0000 | 0000 0000 

  0x000001ed13d20240: ;   {runtime_call nmethod}
  0x000001ed13d20240: 00e9 fbff 

  0x000001ed13d20244: ;   {static_stub}
  0x000001ed13d20244: ffff 48bb | 0000 0000 | 0000 0000 

  0x000001ed13d20250: ;   {runtime_call nmethod}
  0x000001ed13d20250: e9fb ffff 

  0x000001ed13d20254: ;   {static_stub}
  0x000001ed13d20254: ff48 bb00 | 0000 0000 

  0x000001ed13d2025c: ;   {runtime_call nmethod}
  0x000001ed13d2025c: 0000 00e9 | fbff ffff 

  0x000001ed13d20264: ;   {static_stub}
  0x000001ed13d20264: 48bb 0000 | 0000 0000 

  0x000001ed13d2026c: ;   {runtime_call nmethod}
  0x000001ed13d2026c: 0000 e9fb 

  0x000001ed13d20270: ;   {static_stub}
  0x000001ed13d20270: ffff ff48 | bb00 0000 | 0000 0000 

  0x000001ed13d2027c: ;   {runtime_call nmethod}
  0x000001ed13d2027c: 00e9 fbff 

  0x000001ed13d20280: ;   {static_stub}
  0x000001ed13d20280: ffff 48bb | 0000 0000 | 0000 0000 

  0x000001ed13d2028c: ;   {runtime_call nmethod}
  0x000001ed13d2028c: e9fb ffff 

  0x000001ed13d20290: ;   {static_stub}
  0x000001ed13d20290: ff48 bb00 | 0000 0000 

  0x000001ed13d20298: ;   {runtime_call nmethod}
  0x000001ed13d20298: 0000 00e9 | fbff ffff 

  0x000001ed13d202a0: ;   {static_stub}
  0x000001ed13d202a0: 48bb 0000 | 0000 0000 

  0x000001ed13d202a8: ;   {runtime_call nmethod}
  0x000001ed13d202a8: 0000 e9fb 

  0x000001ed13d202ac: ;   {static_stub}
  0x000001ed13d202ac: ffff ff48 | bb00 0000 | 0000 0000 

  0x000001ed13d202b8: ;   {runtime_call nmethod}
  0x000001ed13d202b8: 00e9 fbff 

  0x000001ed13d202bc: ;   {static_stub}
  0x000001ed13d202bc: ffff 48bb | 0000 0000 | 0000 0000 

  0x000001ed13d202c8: ;   {runtime_call nmethod}
  0x000001ed13d202c8: e9fb ffff 

  0x000001ed13d202cc: ;   {static_stub}
  0x000001ed13d202cc: ff48 bb00 | 0000 0000 

  0x000001ed13d202d4: ;   {runtime_call nmethod}
  0x000001ed13d202d4: 0000 00e9 | fbff ffff 

  0x000001ed13d202dc: ;   {static_stub}
  0x000001ed13d202dc: 48bb 0000 | 0000 0000 

  0x000001ed13d202e4: ;   {runtime_call nmethod}
  0x000001ed13d202e4: 0000 e9fb 

  0x000001ed13d202e8: ;   {static_stub}
  0x000001ed13d202e8: ffff ff48 | bb00 0000 | 0000 0000 

  0x000001ed13d202f4: ;   {runtime_call nmethod}
  0x000001ed13d202f4: 00e9 fbff 

  0x000001ed13d202f8: ;   {static_stub}
  0x000001ed13d202f8: ffff 48bb | 0000 0000 | 0000 0000 

  0x000001ed13d20304: ;   {runtime_call nmethod}
  0x000001ed13d20304: e9fb ffff 

  0x000001ed13d20308: ;   {static_stub}
  0x000001ed13d20308: ff48 bb00 | 0000 0000 

  0x000001ed13d20310: ;   {runtime_call nmethod}
  0x000001ed13d20310: 0000 00e9 | fbff ffff 

  0x000001ed13d20318: ;   {static_stub}
  0x000001ed13d20318: 48bb 0000 | 0000 0000 

  0x000001ed13d20320: ;   {runtime_call nmethod}
  0x000001ed13d20320: 0000 e9fb 

  0x000001ed13d20324: ;   {static_stub}
  0x000001ed13d20324: ffff ff48 | bb00 0000 | 0000 0000 

  0x000001ed13d20330: ;   {runtime_call nmethod}
  0x000001ed13d20330: 00e9 fbff 

  0x000001ed13d20334: ;   {static_stub}
  0x000001ed13d20334: ffff 48bb | 0000 0000 | 0000 0000 

  0x000001ed13d20340: ;   {runtime_call nmethod}
  0x000001ed13d20340: e9fb ffff 

  0x000001ed13d20344: ;   {static_stub}
  0x000001ed13d20344: ff48 bb00 | 0000 0000 

  0x000001ed13d2034c: ;   {runtime_call nmethod}
  0x000001ed13d2034c: 0000 00e9 | fbff ffff 

  0x000001ed13d20354: ;   {static_stub}
  0x000001ed13d20354: 48bb 0000 | 0000 0000 

  0x000001ed13d2035c: ;   {runtime_call nmethod}
  0x000001ed13d2035c: 0000 e9fb 

  0x000001ed13d20360: ;   {static_stub}
  0x000001ed13d20360: ffff ff48 | bb00 0000 | 0000 0000 

  0x000001ed13d2036c: ;   {runtime_call nmethod}
  0x000001ed13d2036c: 00e9 fbff 

  0x000001ed13d20370: ;   {static_stub}
  0x000001ed13d20370: ffff 48bb | 0000 0000 | 0000 0000 

  0x000001ed13d2037c: ;   {runtime_call nmethod}
  0x000001ed13d2037c: e9fb ffff 

  0x000001ed13d20380: ;   {static_stub}
  0x000001ed13d20380: ff48 bb00 | 0000 0000 

  0x000001ed13d20388: ;   {runtime_call nmethod}
  0x000001ed13d20388: 0000 00e9 | fbff ffff 

  0x000001ed13d20390: ;   {static_stub}
  0x000001ed13d20390: 48bb 0000 | 0000 0000 

  0x000001ed13d20398: ;   {runtime_call nmethod}
  0x000001ed13d20398: 0000 e9fb 

  0x000001ed13d2039c: ;   {static_stub}
  0x000001ed13d2039c: ffff ff48 | bb00 0000 | 0000 0000 

  0x000001ed13d203a8: ;   {runtime_call nmethod}
  0x000001ed13d203a8: 00e9 fbff 

  0x000001ed13d203ac: ;   {runtime_call ExceptionBlob}
  0x000001ed13d203ac: ffff e9cd | 3e82 ffe8 | 0000 0000 | 4883 2c24 

  0x000001ed13d203bc: ;   {runtime_call DeoptimizationBlob}
  0x000001ed13d203bc: 05e9 de42 | 77ff f4f4 | f4f4 f4f4 
[/MachCode]


Compiled method (c2) 80214 9841       4       java.lang.invoke.LambdaForm$MH/0x0000000100208000::invoke (64 bytes)
 total in heap  [0x000001ed13aaa190,0x000001ed13aaa660] = 1232
 relocation     [0x000001ed13aaa2f0,0x000001ed13aaa320] = 48
 main code      [0x000001ed13aaa320,0x000001ed13aaa478] = 344
 stub code      [0x000001ed13aaa478,0x000001ed13aaa490] = 24
 oops           [0x000001ed13aaa490,0x000001ed13aaa4e0] = 80
 metadata       [0x000001ed13aaa4e0,0x000001ed13aaa518] = 56
 scopes data    [0x000001ed13aaa518,0x000001ed13aaa5c8] = 176
 scopes pcs     [0x000001ed13aaa5c8,0x000001ed13aaa628] = 96
 dependencies   [0x000001ed13aaa628,0x000001ed13aaa638] = 16
 handler table  [0x000001ed13aaa638,0x000001ed13aaa650] = 24
 nul chk table  [0x000001ed13aaa650,0x000001ed13aaa660] = 16

[Constant Pool (empty)]

[MachCode]
[Verified Entry Point]
  # {method} {0x000001ed21e60350} 'invoke' '(Ljava/lang/Object;Ljava/lang/Object;Ljava/lang/Object;)Ljava/lang/Object;' in 'java/lang/invoke/LambdaForm$MH+0x0000000100208000'
  # parm0:    rdx:rdx   = 'java/lang/Object'
  # parm1:    r8:r8     = 'java/lang/Object'
  # parm2:    r9:r9     = 'java/lang/Object'
  #           [sp+0x30]  (sp of caller)
  0x000001ed13aaa320: 8984 2400 | 80ff ff55 | 4883 ec20 | 4181 7f20 | 2d00 0000 | 0f85 3401 | 0000 4d85 | c90f 84cd 
  0x000001ed13aaa340: 0000 0045 

  0x000001ed13aaa344: ;   {metadata('org/gradle/internal/logging/events/OutputEvent')}
  0x000001ed13aaa344: 8b51 0849 | bb28 310d | 0001 0000 | 0048 33c9 | 4a8d 0cd1 | 4c8b 5138 | 4d3b d30f | 85b3 0000 
  0x000001ed13aaa364: 0045 8b50 

  0x000001ed13aaa368: ;   {metadata('org/gradle/internal/logging/events/OutputEventListener')}
  0x000001ed13aaa368: 0848 b848 | f90c 0001 | 0000 0048 | 33f6 4a8d | 34d6 4c8b | 5620 4c3b | d075 3249 | 8bd0 4d8b 
  0x000001ed13aaa388: c148 b810 | 0d19 2ded 

  0x000001ed13aaa390: ;   {virtual_call org.gradle.internal.logging.events.OutputEventListener::onOutput}
  0x000001ed13aaa390: 0100 00e8 

  0x000001ed13aaa394: ; ImmutableOopMap {}
                      ;*invokestatic linkToInterface {reexecute=0 rethrow=0 return_oop=0}
                      ; - java.lang.invoke.LambdaForm$DMH/0x000000010010c000::invokeInterface@24
                      ; - java.lang.invoke.LambdaForm$MH/0x0000000100208000::invoke@59
  0x000001ed13aaa394: f09f aaff 

  0x000001ed13aaa398: ;   {other}
  0x000001ed13aaa398: 0f1f 8400 | 0802 0000 | 33c0 4883 

  0x000001ed13aaa3a4: ;   {poll_return}
  0x000001ed13aaa3a4: c420 5d49 | 3ba7 5004 | 0000 0f87 | a400 0000 | c348 33ff | 4c8b 9ea0 | 0000 0049 | 8bd3 48c1 
  0x000001ed13aaa3c4: e21d 0f89 | 2100 0000 | f348 0fb8 | d248 8b5e | 2848 3b04 | d374 1549 | 0fba e323 | 730b 49c1 
  0x000001ed13aaa3e4: ;   {runtime_call StubRoutines (compiler stubs)}
  0x000001ed13aaa3e4: cb22 e8ac | 62a0 ffeb | 0348 ffc7 | 4885 ff74 | 8eba ceff | ffff 498b | e84c 890c 

  0x000001ed13aaa400: ;   {runtime_call UncommonTrapBlob}
  0x000001ed13aaa400: 2466 90e8 

  0x000001ed13aaa404: ; ImmutableOopMap {rbp=Oop [0]=Oop }
                      ;*invokestatic linkToSpecial {reexecute=0 rethrow=0 return_oop=0}
                      ; - java.lang.invoke.DirectMethodHandle$Holder::invokeSpecial@11
                      ; - java.lang.invoke.LambdaForm$MH/0x00000001000c0c00::invoke@21
                      ; - java.lang.invoke.LambdaForm$MH/0x0000000100208000::invoke@39
  0x000001ed13aaa404: f89e 9eff 

  0x000001ed13aaa408: ;   {other}
  0x000001ed13aaa408: 0f1f 8400 | 7802 0001 | 4533 c9e9 | 4dff ffff | bace ffff | ff49 8be8 | 4c89 0c24 

  0x000001ed13aaa424: ;   {runtime_call UncommonTrapBlob}
  0x000001ed13aaa424: 6666 90e8 

  0x000001ed13aaa428: ; ImmutableOopMap {rbp=Oop [0]=Oop }
                      ;*invokestatic linkToSpecial {reexecute=0 rethrow=0 return_oop=0}
                      ; - java.lang.invoke.DirectMethodHandle$Holder::invokeSpecial@11
                      ; - java.lang.invoke.LambdaForm$MH/0x00000001000c0c00::invoke@21
                      ; - java.lang.invoke.LambdaForm$MH/0x0000000100208000::invoke@22
  0x000001ed13aaa428: d49e 9eff 

  0x000001ed13aaa42c: ;   {other}
  0x000001ed13aaa42c: 0f1f 8400 | 9c02 0002 | 488b d048 | 83c4 205d 

  0x000001ed13aaa43c: ;   {runtime_call _rethrow_Java}
  0x000001ed13aaa43c: e9bf a9aa | ffba 5cff | ffff 498b 

  0x000001ed13aaa448: ;   {runtime_call UncommonTrapBlob}
  0x000001ed13aaa448: e966 90e8 

  0x000001ed13aaa44c: ; ImmutableOopMap {rbp=Oop }
                      ;*invokevirtual isInstance {reexecute=0 rethrow=0 return_oop=0}
                      ; - java.lang.invoke.DirectMethodHandle$Interface::checkReceiver@5
                      ; - java.lang.invoke.LambdaForm$DMH/0x000000010010c000::invokeInterface@12
                      ; - java.lang.invoke.LambdaForm$MH/0x0000000100208000::invoke@59
  0x000001ed13aaa44c: b09e 9eff 

  0x000001ed13aaa450: ;   {other}
  0x000001ed13aaa450: 0f1f 8400 | c002 0003 

  0x000001ed13aaa458: ;   {internal_word}
  0x000001ed13aaa458: 49ba a7a3 | aa13 ed01 | 0000 4d89 | 9768 0400 

  0x000001ed13aaa468: ;   {runtime_call SafepointBlob}
  0x000001ed13aaa468: 00e9 92af 

  0x000001ed13aaa46c: ;   {runtime_call StubRoutines (final stubs)}
  0x000001ed13aaa46c: 9eff e88d | 129d ffe9 | c2fe ffff 
[Exception Handler]
  0x000001ed13aaa478: ;   {no_reloc}
  0x000001ed13aaa478: e903 9ea9 | ffe8 0000 | 0000 4883 

  0x000001ed13aaa484: ;   {runtime_call DeoptimizationBlob}
  0x000001ed13aaa484: 2c24 05e9 | 14a2 9eff | f4f4 f4f4 
[/MachCode]


---------------  P R O C E S S  ---------------

Threads class SMR info:
_java_thread_list=0x000001ed2c4d1210, length=114, elements={
0x000001ed06958280, 0x000001ed20ab7360, 0x000001ed20aca300, 0x000001ed20ad7120,
0x000001ed20ae0180, 0x000001ed20ae9df0, 0x000001ed20aea850, 0x000001ed20af32c0,
0x000001ed20af8cf0, 0x000001ed20afb7a0, 0x000001ed20deaad0, 0x000001ed25eabbd0,
0x000001ed25f80b70, 0x000001ed273c7880, 0x000001ed26397ab0, 0x000001ed2774fd80,
0x000001ed2774c900, 0x000001ed2774cf90, 0x000001ed2774dcb0, 0x000001ed2abf8b90,
0x000001ed2abf77e0, 0x000001ed2abf7e70, 0x000001ed2abfac60, 0x000001ed2abfc010,
0x000001ed299c4f90, 0x000001ed2e7e11e0, 0x000001ed2e7e2c20, 0x000001ed2e7e0b50,
0x000001ed2e7e1870, 0x000001ed2e7e1f00, 0x000001ed2e7dfe30, 0x000001ed2e7e3940,
0x000001ed2e7e5a10, 0x000001ed2e7e60a0, 0x000001ed2e7e6dc0, 0x000001ed2e7e5380,
0x000001ed2e7e3fd0, 0x000001ed2e7e7ae0, 0x000001ed2e7e4660, 0x000001ed2e7e8170,
0x000001ed2e7e4cf0, 0x000001ed2e7e9520, 0x000001ed2e7e9bb0, 0x000001ed2c44bcd0,
0x000001ed2c44f7e0, 0x000001ed27fa3760, 0x000001ed27fa02e0, 0x000001ed27fa51a0,
0x000001ed27fa1d20, 0x000001ed27fa5830, 0x000001ed27fa5ec0, 0x000001ed27fa6550,
0x000001ed27fa1000, 0x000001ed27f9fc50, 0x000001ed27fa6be0, 0x000001ed27fa4480,
0x000001ed27fa4b10, 0x000001ed27fa3df0, 0x000001ed2c44dda0, 0x000001ed2c44c360,
0x000001ed2c44e430, 0x000001ed2c44d710, 0x000001ed2c44eac0, 0x000001ed2c44fe70,
0x000001ed2c44c9f0, 0x000001ed2c44f150, 0x000001ed2c450500, 0x000001ed2c44d080,
0x000001ed2c450b90, 0x000001ed2c451220, 0x000001ed2c4546a0, 0x000001ed2c452c60,
0x000001ed2c454010, 0x000001ed2c454d30, 0x000001ed2c4553c0, 0x000001ed2c451f40,
0x000001ed2c4525d0, 0x000001ed2c458ed0, 0x000001ed2c456770, 0x000001ed2c456e00,
0x000001ed2c459560, 0x000001ed2c4581b0, 0x000001ed2c457b20, 0x000001ed2c4560e0,
0x000001ed2c459bf0, 0x000001ed2c45a910, 0x000001ed2c45afa0, 0x000001ed28ab1430,
0x000001ed28aae640, 0x000001ed28ab2150, 0x000001ed28ab0080, 0x000001ed28ab27e0,
0x000001ed28aaf360, 0x000001ed28ab2e70, 0x000001ed28ab0710, 0x000001ed28aaf9f0,
0x000001ed2d89bf70, 0x000001ed2d89d320, 0x000001ed2add4720, 0x000001ed2add1930,
0x000001ed2add1fc0, 0x000001ed2add2650, 0x000001ed2add2ce0, 0x000001ed2774e340,
0x000001ed2774e9d0, 0x000001ed2774f6f0, 0x000001ed286527f0, 0x000001ed27fa0970,
0x000001ed2c01cc80, 0x000001ed2c01f3e0, 0x000001ed2c01e030, 0x000001ed2c01d9a0,
0x000001ed2c01ed50, 0x000001ed2c020100
}

Java Threads: ( => current thread )
  0x000001ed06958280 JavaThread "main"                              [_thread_blocked, id=16508, stack(0x0000003abb200000,0x0000003abb300000) (1024K)]
  0x000001ed20ab7360 JavaThread "Common-Cleaner"             daemon [_thread_blocked, id=9268, stack(0x0000003abba00000,0x0000003abbb00000) (1024K)]
  0x000001ed20aca300 JavaThread "Reference Handler"          daemon [_thread_blocked, id=18076, stack(0x0000003abbb00000,0x0000003abbc00000) (1024K)]
  0x000001ed20ad7120 JavaThread "Finalizer"                  daemon [_thread_blocked, id=10092, stack(0x0000003abbc00000,0x0000003abbd00000) (1024K)]
  0x000001ed20ae0180 JavaThread "Signal Dispatcher"          daemon [_thread_blocked, id=14876, stack(0x0000003abbd00000,0x0000003abbe00000) (1024K)]
  0x000001ed20ae9df0 JavaThread "Attach Listener"            daemon [_thread_blocked, id=5264, stack(0x0000003abbe00000,0x0000003abbf00000) (1024K)]
  0x000001ed20aea850 JavaThread "Service Thread"             daemon [_thread_blocked, id=2680, stack(0x0000003abbf00000,0x0000003abc000000) (1024K)]
  0x000001ed20af32c0 JavaThread "Monitor Deflation Thread"   daemon [_thread_blocked, id=11464, stack(0x0000003abc000000,0x0000003abc100000) (1024K)]
  0x000001ed20af8cf0 JavaThread "C2 CompilerThread0"         daemon [_thread_blocked, id=18680, stack(0x0000003abc100000,0x0000003abc200000) (1024K)]
  0x000001ed20afb7a0 JavaThread "C1 CompilerThread0"         daemon [_thread_blocked, id=6856, stack(0x0000003abc200000,0x0000003abc300000) (1024K)]
  0x000001ed20deaad0 JavaThread "Notification Thread"        daemon [_thread_blocked, id=15596, stack(0x0000003abc300000,0x0000003abc400000) (1024K)]
  0x000001ed25eabbd0 JavaThread "Daemon health stats"               [_thread_blocked, id=19012, stack(0x0000003abc900000,0x0000003abca00000) (1024K)]
  0x000001ed25f80b70 JavaThread "Incoming local TCP Connector on port 49195"        [_thread_in_native, id=17944, stack(0x0000003abca00000,0x0000003abcb00000) (1024K)]
  0x000001ed273c7880 JavaThread "Daemon periodic checks"            [_thread_blocked, id=20096, stack(0x0000003abd000000,0x0000003abd100000) (1024K)]
  0x000001ed26397ab0 JavaThread "Daemon"                            [_thread_blocked, id=10884, stack(0x0000003abd100000,0x0000003abd200000) (1024K)]
=>0x000001ed2774fd80 JavaThread "Daemon worker"                     [_thread_in_vm, id=17188, stack(0x0000003abd400000,0x0000003abd500000) (1024K)]
  0x000001ed2774c900 JavaThread "Cache worker for journal cache (C:\Users\ec5cd\.gradle\caches\journal-1)"        [_thread_blocked, id=14256, stack(0x0000003abda00000,0x0000003abdb00000) (1024K)]
  0x000001ed2774cf90 JavaThread "File lock request listener"        [_thread_in_native, id=18452, stack(0x0000003abdb00000,0x0000003abdc00000) (1024K)]
  0x000001ed2774dcb0 JavaThread "Cache worker for file hash cache (C:\Users\ec5cd\.gradle\caches\9.0.0\fileHashes)"        [_thread_blocked, id=18576, stack(0x0000003abdc00000,0x0000003abdd00000) (1024K)]
  0x000001ed2abf8b90 JavaThread "File watcher server"        daemon [_thread_in_native, id=16280, stack(0x0000003abe000000,0x0000003abe100000) (1024K)]
  0x000001ed2abf77e0 JavaThread "File watcher consumer"      daemon [_thread_blocked, id=4500, stack(0x0000003abe100000,0x0000003abe200000) (1024K)]
  0x000001ed2abf7e70 JavaThread "Cache worker for file content cache (C:\Users\ec5cd\.gradle\caches\9.0.0\fileContent)"        [_thread_blocked, id=5420, stack(0x0000003abe300000,0x0000003abe400000) (1024K)]
  0x000001ed2abfac60 JavaThread "jar transforms"                    [_thread_blocked, id=15308, stack(0x0000003abe600000,0x0000003abe700000) (1024K)]
  0x000001ed2abfc010 JavaThread "jar transforms Thread 2"           [_thread_blocked, id=18900, stack(0x0000003abe700000,0x0000003abe800000) (1024K)]
  0x000001ed299c4f90 JavaThread "Memory manager"                    [_thread_blocked, id=15748, stack(0x0000003ac1a00000,0x0000003ac1b00000) (1024K)]
  0x000001ed2e7e11e0 JavaThread "pool-3-thread-1"                   [_thread_blocked, id=17128, stack(0x0000003ac1f00000,0x0000003ac2000000) (1024K)]
  0x000001ed2e7e2c20 JavaThread "included builds"                   [_thread_blocked, id=10544, stack(0x0000003ac2100000,0x0000003ac2200000) (1024K)]
  0x000001ed2e7e0b50 JavaThread "VFS cleanup"                       [_thread_blocked, id=7568, stack(0x0000003abc400000,0x0000003abc500000) (1024K)]
  0x000001ed2e7e1870 JavaThread "Handler for socket connection from /127.0.0.1:49195 to /127.0.0.1:49227"        [_thread_in_native, id=11104, stack(0x0000003abd200000,0x0000003abd300000) (1024K)]
  0x000001ed2e7e1f00 JavaThread "Cancel handler"                    [_thread_blocked, id=11128, stack(0x0000003abd300000,0x0000003abd400000) (1024K)]
  0x000001ed2e7dfe30 JavaThread "Asynchronous log dispatcher for DefaultDaemonConnection: socket connection from /127.0.0.1:49195 to /127.0.0.1:49227"        [_thread_blocked, id=13180, stack(0x0000003abd500000,0x0000003abd600000) (1024K)]
  0x000001ed2e7e3940 JavaThread "Stdin handler"                     [_thread_blocked, id=12456, stack(0x0000003abd600000,0x0000003abd700000) (1024K)]
  0x000001ed2e7e5a10 JavaThread "Daemon client event forwarder"        [_thread_blocked, id=6100, stack(0x0000003abd700000,0x0000003abd800000) (1024K)]
  0x000001ed2e7e60a0 JavaThread "Cache worker for file hash cache (D:\Project 5\.gradle\9.0.0\fileHashes)"        [_thread_blocked, id=11928, stack(0x0000003abdd00000,0x0000003abde00000) (1024K)]
  0x000001ed2e7e6dc0 JavaThread "Cache worker for Build Output Cleanup Cache (D:\Project 5\.gradle\buildOutputCleanup)"        [_thread_blocked, id=8836, stack(0x0000003abde00000,0x0000003abdf00000) (1024K)]
  0x000001ed2e7e5380 JavaThread "jar transforms Thread 3"           [_thread_blocked, id=13340, stack(0x0000003abdf00000,0x0000003abe000000) (1024K)]
  0x000001ed2e7e3fd0 JavaThread "jar transforms Thread 4"           [_thread_blocked, id=19160, stack(0x0000003abe200000,0x0000003abe300000) (1024K)]
  0x000001ed2e7e7ae0 JavaThread "jar transforms Thread 5"           [_thread_blocked, id=3360, stack(0x0000003abe400000,0x0000003abe500000) (1024K)]
  0x000001ed2e7e4660 JavaThread "jar transforms Thread 6"           [_thread_blocked, id=4720, stack(0x0000003abe500000,0x0000003abe600000) (1024K)]
  0x000001ed2e7e8170 JavaThread "jar transforms Thread 7"           [_thread_blocked, id=3980, stack(0x0000003abe900000,0x0000003abea00000) (1024K)]
  0x000001ed2e7e4cf0 JavaThread "jar transforms Thread 8"           [_thread_blocked, id=20336, stack(0x0000003abea00000,0x0000003abeb00000) (1024K)]
  0x000001ed2e7e9520 JavaThread "jar transforms Thread 9"           [_thread_blocked, id=18456, stack(0x0000003abeb00000,0x0000003abec00000) (1024K)]
  0x000001ed2e7e9bb0 JavaThread "jar transforms Thread 10"          [_thread_blocked, id=3436, stack(0x0000003abec00000,0x0000003abed00000) (1024K)]
  0x000001ed2c44bcd0 JavaThread "jar transforms Thread 11"          [_thread_blocked, id=10128, stack(0x0000003abed00000,0x0000003abee00000) (1024K)]
  0x000001ed2c44f7e0 JavaThread "jar transforms Thread 12"          [_thread_blocked, id=19024, stack(0x0000003abee00000,0x0000003abef00000) (1024K)]
  0x000001ed27fa3760 JavaThread "Cache worker for checksums cache (D:\Project 5\.gradle\9.0.0\checksums)"        [_thread_blocked, id=17072, stack(0x0000003abef00000,0x0000003abf000000) (1024K)]
  0x000001ed27fa02e0 JavaThread "Cache worker for cache directory md-supplier (C:\Users\ec5cd\.gradle\caches\9.0.0\md-supplier)"        [_thread_blocked, id=14940, stack(0x0000003abf000000,0x0000003abf100000) (1024K)]
  0x000001ed27fa51a0 JavaThread "Cache worker for cache directory md-rule (C:\Users\ec5cd\.gradle\caches\9.0.0\md-rule)"        [_thread_blocked, id=13160, stack(0x0000003abf100000,0x0000003abf200000) (1024K)]
  0x000001ed27fa1d20 JavaThread "Unconstrained build operations"        [_thread_blocked, id=2288, stack(0x0000003abf400000,0x0000003abf500000) (1024K)]
  0x000001ed27fa5830 JavaThread "Unconstrained build operations Thread 2"        [_thread_blocked, id=12912, stack(0x0000003abf500000,0x0000003abf600000) (1024K)]
  0x000001ed27fa5ec0 JavaThread "Unconstrained build operations Thread 3"        [_thread_blocked, id=2492, stack(0x0000003abf600000,0x0000003abf700000) (1024K)]
  0x000001ed27fa6550 JavaThread "Unconstrained build operations Thread 4"        [_thread_blocked, id=19356, stack(0x0000003abf700000,0x0000003abf800000) (1024K)]
  0x000001ed27fa1000 JavaThread "Unconstrained build operations Thread 5"        [_thread_blocked, id=764, stack(0x0000003abf800000,0x0000003abf900000) (1024K)]
  0x000001ed27f9fc50 JavaThread "Unconstrained build operations Thread 6"        [_thread_blocked, id=16376, stack(0x0000003abf900000,0x0000003abfa00000) (1024K)]
  0x000001ed27fa6be0 JavaThread "Unconstrained build operations Thread 7"        [_thread_blocked, id=14248, stack(0x0000003abfa00000,0x0000003abfb00000) (1024K)]
  0x000001ed27fa4480 JavaThread "Unconstrained build operations Thread 8"        [_thread_blocked, id=4348, stack(0x0000003abfb00000,0x0000003abfc00000) (1024K)]
  0x000001ed27fa4b10 JavaThread "Unconstrained build operations Thread 9"        [_thread_blocked, id=13632, stack(0x0000003abfc00000,0x0000003abfd00000) (1024K)]
  0x000001ed27fa3df0 JavaThread "Unconstrained build operations Thread 10"        [_thread_blocked, id=5704, stack(0x0000003abfd00000,0x0000003abfe00000) (1024K)]
  0x000001ed2c44dda0 JavaThread "Unconstrained build operations Thread 11"        [_thread_blocked, id=16088, stack(0x0000003abfe00000,0x0000003abff00000) (1024K)]
  0x000001ed2c44c360 JavaThread "Unconstrained build operations Thread 12"        [_thread_blocked, id=1852, stack(0x0000003abff00000,0x0000003ac0000000) (1024K)]
  0x000001ed2c44e430 JavaThread "Unconstrained build operations Thread 13"        [_thread_blocked, id=13768, stack(0x0000003ac0000000,0x0000003ac0100000) (1024K)]
  0x000001ed2c44d710 JavaThread "Unconstrained build operations Thread 14"        [_thread_blocked, id=3272, stack(0x0000003ac0100000,0x0000003ac0200000) (1024K)]
  0x000001ed2c44eac0 JavaThread "Unconstrained build operations Thread 15"        [_thread_blocked, id=10336, stack(0x0000003ac0200000,0x0000003ac0300000) (1024K)]
  0x000001ed2c44fe70 JavaThread "Unconstrained build operations Thread 16"        [_thread_blocked, id=6928, stack(0x0000003ac0300000,0x0000003ac0400000) (1024K)]
  0x000001ed2c44c9f0 JavaThread "Unconstrained build operations Thread 17"        [_thread_blocked, id=18876, stack(0x0000003ac0400000,0x0000003ac0500000) (1024K)]
  0x000001ed2c44f150 JavaThread "Unconstrained build operations Thread 18"        [_thread_blocked, id=11308, stack(0x0000003ac0500000,0x0000003ac0600000) (1024K)]
  0x000001ed2c450500 JavaThread "Unconstrained build operations Thread 19"        [_thread_blocked, id=12744, stack(0x0000003ac0600000,0x0000003ac0700000) (1024K)]
  0x000001ed2c44d080 JavaThread "Unconstrained build operations Thread 20"        [_thread_blocked, id=17008, stack(0x0000003ac0700000,0x0000003ac0800000) (1024K)]
  0x000001ed2c450b90 JavaThread "Unconstrained build operations Thread 21"        [_thread_blocked, id=13368, stack(0x0000003ac0800000,0x0000003ac0900000) (1024K)]
  0x000001ed2c451220 JavaThread "Unconstrained build operations Thread 22"        [_thread_blocked, id=13184, stack(0x0000003ac0900000,0x0000003ac0a00000) (1024K)]
  0x000001ed2c4546a0 JavaThread "Unconstrained build operations Thread 23"        [_thread_blocked, id=4628, stack(0x0000003ac0a00000,0x0000003ac0b00000) (1024K)]
  0x000001ed2c452c60 JavaThread "Unconstrained build operations Thread 24"        [_thread_blocked, id=6120, stack(0x0000003ac0b00000,0x0000003ac0c00000) (1024K)]
  0x000001ed2c454010 JavaThread "Unconstrained build operations Thread 25"        [_thread_blocked, id=11668, stack(0x0000003ac0c00000,0x0000003ac0d00000) (1024K)]
  0x000001ed2c454d30 JavaThread "Unconstrained build operations Thread 26"        [_thread_blocked, id=5640, stack(0x0000003ac0e00000,0x0000003ac0f00000) (1024K)]
  0x000001ed2c4553c0 JavaThread "Unconstrained build operations Thread 27"        [_thread_blocked, id=13960, stack(0x0000003ac0f00000,0x0000003ac1000000) (1024K)]
  0x000001ed2c451f40 JavaThread "Unconstrained build operations Thread 28"        [_thread_blocked, id=17016, stack(0x0000003ac1000000,0x0000003ac1100000) (1024K)]
  0x000001ed2c4525d0 JavaThread "Unconstrained build operations Thread 29"        [_thread_blocked, id=16672, stack(0x0000003ac1100000,0x0000003ac1200000) (1024K)]
  0x000001ed2c458ed0 JavaThread "Unconstrained build operations Thread 30"        [_thread_blocked, id=17536, stack(0x0000003ac1200000,0x0000003ac1300000) (1024K)]
  0x000001ed2c456770 JavaThread "Unconstrained build operations Thread 31"        [_thread_blocked, id=3088, stack(0x0000003ac1300000,0x0000003ac1400000) (1024K)]
  0x000001ed2c456e00 JavaThread "Unconstrained build operations Thread 32"        [_thread_blocked, id=13940, stack(0x0000003ac1400000,0x0000003ac1500000) (1024K)]
  0x000001ed2c459560 JavaThread "Unconstrained build operations Thread 33"        [_thread_blocked, id=15712, stack(0x0000003ac1500000,0x0000003ac1600000) (1024K)]
  0x000001ed2c4581b0 JavaThread "Unconstrained build operations Thread 34"        [_thread_blocked, id=1292, stack(0x0000003ac1600000,0x0000003ac1700000) (1024K)]
  0x000001ed2c457b20 JavaThread "Unconstrained build operations Thread 35"        [_thread_blocked, id=13616, stack(0x0000003ac1700000,0x0000003ac1800000) (1024K)]
  0x000001ed2c4560e0 JavaThread "Unconstrained build operations Thread 36"        [_thread_blocked, id=11492, stack(0x0000003ac1800000,0x0000003ac1900000) (1024K)]
  0x000001ed2c459bf0 JavaThread "Unconstrained build operations Thread 37"        [_thread_blocked, id=19188, stack(0x0000003ac1b00000,0x0000003ac1c00000) (1024K)]
  0x000001ed2c45a910 JavaThread "Unconstrained build operations Thread 38"        [_thread_blocked, id=11388, stack(0x0000003ac1c00000,0x0000003ac1d00000) (1024K)]
  0x000001ed2c45afa0 JavaThread "Unconstrained build operations Thread 39"        [_thread_blocked, id=19508, stack(0x0000003ac1d00000,0x0000003ac1e00000) (1024K)]
  0x000001ed28ab1430 JavaThread "Unconstrained build operations Thread 40"        [_thread_blocked, id=11044, stack(0x0000003ac1e00000,0x0000003ac1f00000) (1024K)]
  0x000001ed28aae640 JavaThread "Unconstrained build operations Thread 41"        [_thread_blocked, id=18700, stack(0x0000003ac2000000,0x0000003ac2100000) (1024K)]
  0x000001ed28ab2150 JavaThread "Unconstrained build operations Thread 42"        [_thread_blocked, id=17596, stack(0x0000003ac2200000,0x0000003ac2300000) (1024K)]
  0x000001ed28ab0080 JavaThread "Unconstrained build operations Thread 43"        [_thread_blocked, id=17120, stack(0x0000003ac2300000,0x0000003ac2400000) (1024K)]
  0x000001ed28ab27e0 JavaThread "Unconstrained build operations Thread 44"        [_thread_blocked, id=6372, stack(0x0000003ac2400000,0x0000003ac2500000) (1024K)]
  0x000001ed28aaf360 JavaThread "Unconstrained build operations Thread 45"        [_thread_blocked, id=10952, stack(0x0000003ac2500000,0x0000003ac2600000) (1024K)]
  0x000001ed28ab2e70 JavaThread "Unconstrained build operations Thread 46"        [_thread_blocked, id=12172, stack(0x0000003ac2600000,0x0000003ac2700000) (1024K)]
  0x000001ed28ab0710 JavaThread "Unconstrained build operations Thread 47"        [_thread_blocked, id=5736, stack(0x0000003ac2700000,0x0000003ac2800000) (1024K)]
  0x000001ed28aaf9f0 JavaThread "Unconstrained build operations Thread 48"        [_thread_blocked, id=14872, stack(0x0000003ac2800000,0x0000003ac2900000) (1024K)]
  0x000001ed2d89bf70 JavaThread "build event listener"              [_thread_blocked, id=12028, stack(0x0000003ac2900000,0x0000003ac2a00000) (1024K)]
  0x000001ed2d89d320 JavaThread "Problems report writer"            [_thread_blocked, id=5588, stack(0x0000003ac2a00000,0x0000003ac2b00000) (1024K)]
  0x000001ed2add4720 JavaThread "pool-6-thread-1"                   [_thread_blocked, id=20404, stack(0x0000003ac2b00000,0x0000003ac2c00000) (1024K)]
  0x000001ed2add1930 JavaThread "included builds"                   [_thread_blocked, id=12696, stack(0x0000003ac2c00000,0x0000003ac2d00000) (1024K)]
  0x000001ed2add1fc0 JavaThread "Execution worker"                  [_thread_blocked, id=9756, stack(0x0000003ac2d00000,0x0000003ac2e00000) (1024K)]
  0x000001ed2add2650 JavaThread "Execution worker Thread 2"         [_thread_blocked, id=2912, stack(0x0000003ac2e00000,0x0000003ac2f00000) (1024K)]
  0x000001ed2add2ce0 JavaThread "Execution worker Thread 3"         [_thread_blocked, id=2988, stack(0x0000003ac2f00000,0x0000003ac3000000) (1024K)]
  0x000001ed2774e340 JavaThread "Execution worker Thread 4"         [_thread_blocked, id=13100, stack(0x0000003ac3000000,0x0000003ac3100000) (1024K)]
  0x000001ed2774e9d0 JavaThread "Execution worker Thread 5"         [_thread_blocked, id=10144, stack(0x0000003ac3100000,0x0000003ac3200000) (1024K)]
  0x000001ed2774f6f0 JavaThread "Execution worker Thread 6"         [_thread_blocked, id=3212, stack(0x0000003ac3200000,0x0000003ac3300000) (1024K)]
  0x000001ed286527f0 JavaThread "Execution worker Thread 7"         [_thread_blocked, id=1964, stack(0x0000003ac3300000,0x0000003ac3400000) (1024K)]
  0x000001ed27fa0970 JavaThread "Execution worker Thread 8"         [_thread_blocked, id=3844, stack(0x0000003ac3400000,0x0000003ac3500000) (1024K)]
  0x000001ed2c01cc80 JavaThread "Execution worker Thread 9"         [_thread_blocked, id=15544, stack(0x0000003ac3500000,0x0000003ac3600000) (1024K)]
  0x000001ed2c01f3e0 JavaThread "Execution worker Thread 10"        [_thread_blocked, id=17388, stack(0x0000003ac3600000,0x0000003ac3700000) (1024K)]
  0x000001ed2c01e030 JavaThread "Execution worker Thread 11"        [_thread_blocked, id=12220, stack(0x0000003ac3700000,0x0000003ac3800000) (1024K)]
  0x000001ed2c01d9a0 JavaThread "Cache worker for execution history cache (D:\Project 5\.gradle\9.0.0\executionHistory)"        [_thread_blocked, id=13760, stack(0x0000003ac3800000,0x0000003ac3900000) (1024K)]
  0x000001ed2c01ed50 JavaThread "idea-tooling-model-converter"        [_thread_blocked, id=10528, stack(0x0000003abf300000,0x0000003abf400000) (1024K)]
  0x000001ed2c020100 JavaThread "Unconstrained build operations Thread 49"        [_thread_blocked, id=9244, stack(0x0000003abf200000,0x0000003abf300000) (1024K)]
Total: 114

Other Threads:
  0x000001ed20a3b880 VMThread "VM Thread"                           [id=14124, stack(0x0000003abb900000,0x0000003abba00000) (1024K)]
  0x000001ed208ab3a0 WatcherThread "VM Periodic Task Thread"        [id=18892, stack(0x0000003abb800000,0x0000003abb900000) (1024K)]
  0x000001ed06a1e010 WorkerThread "GC Thread#0"                     [id=12184, stack(0x0000003abb300000,0x0000003abb400000) (1024K)]
  0x000001ed254f40a0 WorkerThread "GC Thread#1"                     [id=20388, stack(0x0000003abc500000,0x0000003abc600000) (1024K)]
  0x000001ed25267ca0 WorkerThread "GC Thread#2"                     [id=15268, stack(0x0000003abc600000,0x0000003abc700000) (1024K)]
  0x000001ed259cfd70 WorkerThread "GC Thread#3"                     [id=4232, stack(0x0000003abc700000,0x0000003abc800000) (1024K)]
  0x000001ed25ed5c20 WorkerThread "GC Thread#4"                     [id=18028, stack(0x0000003abc800000,0x0000003abc900000) (1024K)]
  0x000001ed27758a60 WorkerThread "GC Thread#5"                     [id=2948, stack(0x0000003abcb00000,0x0000003abcc00000) (1024K)]
  0x000001ed2648f490 WorkerThread "GC Thread#6"                     [id=10468, stack(0x0000003abcc00000,0x0000003abcd00000) (1024K)]
  0x000001ed264f7070 WorkerThread "GC Thread#7"                     [id=14340, stack(0x0000003abcd00000,0x0000003abce00000) (1024K)]
  0x000001ed264f7420 WorkerThread "GC Thread#8"                     [id=12080, stack(0x0000003abce00000,0x0000003abcf00000) (1024K)]
  0x000001ed25e5f310 WorkerThread "GC Thread#9"                     [id=12076, stack(0x0000003abcf00000,0x0000003abd000000) (1024K)]
  0x000001ed08e17180 ConcurrentGCThread "G1 Main Marker"            [id=18508, stack(0x0000003abb400000,0x0000003abb500000) (1024K)]
  0x000001ed08e18340 WorkerThread "G1 Conc#0"                       [id=17036, stack(0x0000003abb500000,0x0000003abb600000) (1024K)]
  0x000001ed25e5e800 WorkerThread "G1 Conc#1"                       [id=15868, stack(0x0000003abd800000,0x0000003abd900000) (1024K)]
  0x000001ed25e5d940 WorkerThread "G1 Conc#2"                       [id=14620, stack(0x0000003abd900000,0x0000003abda00000) (1024K)]
  0x000001ed2076f0f0 ConcurrentGCThread "G1 Refine#0"               [id=6020, stack(0x0000003abb600000,0x0000003abb700000) (1024K)]
  0x000001ed20770930 ConcurrentGCThread "G1 Service"                [id=1584, stack(0x0000003abb700000,0x0000003abb800000) (1024K)]
Total: 18

Threads with active compile tasks:
Total: 0

VM state: not at safepoint (normal execution)

VM Mutex/Monitor currently owned by a thread:  ([mutex/lock_event])
[0x00007ffc8f0464d0] Metaspace_lock - owner thread: 0x000001ed2774fd80

Heap address: 0x0000000080000000, size: 2048 MB, Compressed Oops mode: 32-bit

CDS archive(s) not mapped
Compressed class space mapped at: 0x0000000100000000-0x0000000140000000, reserved size: 1073741824
Narrow klass base: 0x0000000000000000, Narrow klass shift: 3, Narrow klass range: 0x140000000

GC Precious Log:
 CardTable entry size: 512
 Card Set container configuration: InlinePtr #cards 5 size 8 Array Of Cards #cards 12 size 40 Howl #buckets 4 coarsen threshold 1843 Howl Bitmap #cards 512 size 80 coarsen threshold 460 Card regions per heap region 1 cards per card region 2048
 CPUs: 12 total, 12 available
 Memory: 7521M
 Large Page Support: Disabled
 NUMA Support: Disabled
 Compressed Oops: Enabled (32-bit)
 Heap Region Size: 1M
 Heap Min Capacity: 8M
 Heap Initial Capacity: 118M
 Heap Max Capacity: 2G
 Pre-touch: Disabled
 Parallel Workers: 10
 Concurrent Workers: 3
 Concurrent Refinement Workers: 10
 Periodic GC: Disabled

Heap:
 garbage-first heap   total 558080K, used 260996K [0x0000000080000000, 0x0000000100000000)
  region size 1024K, 62 young (63488K), 25 survivors (25600K)
 Metaspace       used 204489K, committed 206912K, reserved 1245184K
  class space    used 26696K, committed 27840K, reserved 1048576K

Heap Regions: E=young(eden), S=young(survivor), O=old, HS=humongous(starts), HC=humongous(continues), CS=collection set, F=free, TAMS=top-at-mark-start, PB=parsable bottom
|   0|0x0000000080000000, 0x0000000080100000, 0x0000000080100000|100%|HS|  |TAMS 0x0000000080000000| PB 0x0000000080000000| Complete 
|   1|0x0000000080100000, 0x0000000080200000, 0x0000000080200000|100%|HC|  |TAMS 0x0000000080100000| PB 0x0000000080100000| Complete 
|   2|0x0000000080200000, 0x0000000080300000, 0x0000000080300000|100%|HC|  |TAMS 0x0000000080200000| PB 0x0000000080200000| Complete 
|   3|0x0000000080300000, 0x0000000080400000, 0x0000000080400000|100%| O|  |TAMS 0x0000000080300000| PB 0x0000000080300000| Untracked 
|   4|0x0000000080400000, 0x0000000080500000, 0x0000000080500000|100%| O|  |TAMS 0x0000000080400000| PB 0x0000000080400000| Untracked 
|   5|0x0000000080500000, 0x0000000080600000, 0x0000000080600000|100%| O|  |TAMS 0x0000000080500000| PB 0x0000000080500000| Untracked 
|   6|0x0000000080600000, 0x0000000080700000, 0x0000000080700000|100%|HS|  |TAMS 0x0000000080600000| PB 0x0000000080600000| Complete 
|   7|0x0000000080700000, 0x0000000080800000, 0x0000000080800000|100%| O|  |TAMS 0x0000000080700000| PB 0x0000000080700000| Untracked 
|   8|0x0000000080800000, 0x0000000080900000, 0x0000000080900000|100%| O|  |TAMS 0x0000000080800000| PB 0x0000000080800000| Untracked 
|   9|0x0000000080900000, 0x0000000080a00000, 0x0000000080a00000|100%| O|  |TAMS 0x0000000080900000| PB 0x0000000080900000| Untracked 
|  10|0x0000000080a00000, 0x0000000080b00000, 0x0000000080b00000|100%| O|  |TAMS 0x0000000080a00000| PB 0x0000000080a00000| Untracked 
|  11|0x0000000080b00000, 0x0000000080c00000, 0x0000000080c00000|100%| O|  |TAMS 0x0000000080b00000| PB 0x0000000080b00000| Untracked 
|  12|0x0000000080c00000, 0x0000000080d00000, 0x0000000080d00000|100%| O|  |TAMS 0x0000000080c00000| PB 0x0000000080c00000| Untracked 
|  13|0x0000000080d00000, 0x0000000080e00000, 0x0000000080e00000|100%| O|  |TAMS 0x0000000080d00000| PB 0x0000000080d00000| Untracked 
|  14|0x0000000080e00000, 0x0000000080f00000, 0x0000000080f00000|100%| O|  |TAMS 0x0000000080e00000| PB 0x0000000080e00000| Untracked 
|  15|0x0000000080f00000, 0x0000000081000000, 0x0000000081000000|100%| O|  |TAMS 0x0000000080f00000| PB 0x0000000080f00000| Untracked 
|  16|0x0000000081000000, 0x0000000081100000, 0x0000000081100000|100%| O|  |TAMS 0x0000000081000000| PB 0x0000000081000000| Untracked 
|  17|0x0000000081100000, 0x0000000081200000, 0x0000000081200000|100%| O|  |TAMS 0x0000000081100000| PB 0x0000000081100000| Untracked 
|  18|0x0000000081200000, 0x0000000081300000, 0x0000000081300000|100%| O|  |TAMS 0x0000000081200000| PB 0x0000000081200000| Untracked 
|  19|0x0000000081300000, 0x0000000081400000, 0x0000000081400000|100%| O|  |TAMS 0x0000000081300000| PB 0x0000000081300000| Untracked 
|  20|0x0000000081400000, 0x0000000081500000, 0x0000000081500000|100%| O|  |TAMS 0x0000000081400000| PB 0x0000000081400000| Untracked 
|  21|0x0000000081500000, 0x0000000081600000, 0x0000000081600000|100%| O|  |TAMS 0x0000000081500000| PB 0x0000000081500000| Untracked 
|  22|0x0000000081600000, 0x0000000081700000, 0x0000000081700000|100%| O|  |TAMS 0x0000000081600000| PB 0x0000000081600000| Untracked 
|  23|0x0000000081700000, 0x0000000081800000, 0x0000000081800000|100%| O|  |TAMS 0x0000000081700000| PB 0x0000000081700000| Untracked 
|  24|0x0000000081800000, 0x0000000081900000, 0x0000000081900000|100%| O|  |TAMS 0x0000000081800000| PB 0x0000000081800000| Untracked 
|  25|0x0000000081900000, 0x0000000081a00000, 0x0000000081a00000|100%| O|  |TAMS 0x0000000081900000| PB 0x0000000081900000| Untracked 
|  26|0x0000000081a00000, 0x0000000081b00000, 0x0000000081b00000|100%| O|  |TAMS 0x0000000081a00000| PB 0x0000000081a00000| Untracked 
|  27|0x0000000081b00000, 0x0000000081c00000, 0x0000000081c00000|100%| O|  |TAMS 0x0000000081b00000| PB 0x0000000081b00000| Untracked 
|  28|0x0000000081c00000, 0x0000000081d00000, 0x0000000081d00000|100%| O|  |TAMS 0x0000000081c00000| PB 0x0000000081c00000| Untracked 
|  29|0x0000000081d00000, 0x0000000081e00000, 0x0000000081e00000|100%| O|  |TAMS 0x0000000081d00000| PB 0x0000000081d00000| Untracked 
|  30|0x0000000081e00000, 0x0000000081f00000, 0x0000000081f00000|100%| O|  |TAMS 0x0000000081e00000| PB 0x0000000081e00000| Untracked 
|  31|0x0000000081f00000, 0x0000000082000000, 0x0000000082000000|100%| O|  |TAMS 0x0000000081f00000| PB 0x0000000081f00000| Untracked 
|  32|0x0000000082000000, 0x0000000082100000, 0x0000000082100000|100%| O|  |TAMS 0x0000000082000000| PB 0x0000000082000000| Untracked 
|  33|0x0000000082100000, 0x0000000082200000, 0x0000000082200000|100%| O|  |TAMS 0x0000000082100000| PB 0x0000000082100000| Untracked 
|  34|0x0000000082200000, 0x0000000082300000, 0x0000000082300000|100%| O|  |TAMS 0x0000000082200000| PB 0x0000000082200000| Untracked 
|  35|0x0000000082300000, 0x0000000082400000, 0x0000000082400000|100%| O|  |TAMS 0x0000000082300000| PB 0x0000000082300000| Untracked 
|  36|0x0000000082400000, 0x0000000082500000, 0x0000000082500000|100%| O|  |TAMS 0x0000000082400000| PB 0x0000000082400000| Untracked 
|  37|0x0000000082500000, 0x0000000082600000, 0x0000000082600000|100%| O|  |TAMS 0x0000000082500000| PB 0x0000000082500000| Untracked 
|  38|0x0000000082600000, 0x0000000082700000, 0x0000000082700000|100%| O|  |TAMS 0x0000000082600000| PB 0x0000000082600000| Untracked 
|  39|0x0000000082700000, 0x0000000082800000, 0x0000000082800000|100%| O|  |TAMS 0x0000000082700000| PB 0x0000000082700000| Untracked 
|  40|0x0000000082800000, 0x0000000082900000, 0x0000000082900000|100%| O|  |TAMS 0x0000000082800000| PB 0x0000000082800000| Untracked 
|  41|0x0000000082900000, 0x0000000082a00000, 0x0000000082a00000|100%| O|  |TAMS 0x0000000082900000| PB 0x0000000082900000| Untracked 
|  42|0x0000000082a00000, 0x0000000082b00000, 0x0000000082b00000|100%| O|  |TAMS 0x0000000082a00000| PB 0x0000000082a00000| Untracked 
|  43|0x0000000082b00000, 0x0000000082c00000, 0x0000000082c00000|100%| O|  |TAMS 0x0000000082b00000| PB 0x0000000082b00000| Untracked 
|  44|0x0000000082c00000, 0x0000000082d00000, 0x0000000082d00000|100%| O|  |TAMS 0x0000000082c00000| PB 0x0000000082c00000| Untracked 
|  45|0x0000000082d00000, 0x0000000082e00000, 0x0000000082e00000|100%| O|  |TAMS 0x0000000082d00000| PB 0x0000000082d00000| Untracked 
|  46|0x0000000082e00000, 0x0000000082f00000, 0x0000000082f00000|100%| O|  |TAMS 0x0000000082e00000| PB 0x0000000082e00000| Untracked 
|  47|0x0000000082f00000, 0x0000000083000000, 0x0000000083000000|100%| O|  |TAMS 0x0000000082f00000| PB 0x0000000082f00000| Untracked 
|  48|0x0000000083000000, 0x0000000083100000, 0x0000000083100000|100%| O|  |TAMS 0x0000000083000000| PB 0x0000000083000000| Untracked 
|  49|0x0000000083100000, 0x0000000083200000, 0x0000000083200000|100%|HS|  |TAMS 0x0000000083100000| PB 0x0000000083100000| Complete 
|  50|0x0000000083200000, 0x0000000083300000, 0x0000000083300000|100%| O|Cm|TAMS 0x0000000083200000| PB 0x0000000083200000| Complete 
|  51|0x0000000083300000, 0x0000000083400000, 0x0000000083400000|100%| O|  |TAMS 0x0000000083300000| PB 0x0000000083300000| Untracked 
|  52|0x0000000083400000, 0x0000000083500000, 0x0000000083500000|100%|HS|  |TAMS 0x0000000083400000| PB 0x0000000083400000| Complete 
|  53|0x0000000083500000, 0x0000000083600000, 0x0000000083600000|100%| O|  |TAMS 0x0000000083500000| PB 0x0000000083500000| Untracked 
|  54|0x0000000083600000, 0x0000000083700000, 0x0000000083700000|100%| O|  |TAMS 0x0000000083600000| PB 0x0000000083600000| Untracked 
|  55|0x0000000083700000, 0x0000000083800000, 0x0000000083800000|100%| O|  |TAMS 0x0000000083700000| PB 0x0000000083700000| Untracked 
|  56|0x0000000083800000, 0x0000000083900000, 0x0000000083900000|100%| O|  |TAMS 0x0000000083800000| PB 0x0000000083800000| Untracked 
|  57|0x0000000083900000, 0x0000000083a00000, 0x0000000083a00000|100%| O|Cm|TAMS 0x0000000083900000| PB 0x0000000083900000| Complete 
|  58|0x0000000083a00000, 0x0000000083b00000, 0x0000000083b00000|100%| O|  |TAMS 0x0000000083a00000| PB 0x0000000083a00000| Untracked 
|  59|0x0000000083b00000, 0x0000000083c00000, 0x0000000083c00000|100%|HS|  |TAMS 0x0000000083b00000| PB 0x0000000083b00000| Complete 
|  60|0x0000000083c00000, 0x0000000083d00000, 0x0000000083d00000|100%| O|  |TAMS 0x0000000083c00000| PB 0x0000000083c00000| Untracked 
|  61|0x0000000083d00000, 0x0000000083e00000, 0x0000000083e00000|100%| O|  |TAMS 0x0000000083d00000| PB 0x0000000083d00000| Untracked 
|  62|0x0000000083e00000, 0x0000000083f00000, 0x0000000083f00000|100%|HS|  |TAMS 0x0000000083e00000| PB 0x0000000083e00000| Complete 
|  63|0x0000000083f00000, 0x0000000084000000, 0x0000000084000000|100%|HC|  |TAMS 0x0000000083f00000| PB 0x0000000083f00000| Complete 
|  64|0x0000000084000000, 0x0000000084100000, 0x0000000084100000|100%| O|  |TAMS 0x0000000084000000| PB 0x0000000084000000| Untracked 
|  65|0x0000000084100000, 0x0000000084200000, 0x0000000084200000|100%| O|Cm|TAMS 0x0000000084100000| PB 0x0000000084100000| Complete 
|  66|0x0000000084200000, 0x0000000084300000, 0x0000000084300000|100%| O|  |TAMS 0x0000000084200000| PB 0x0000000084200000| Untracked 
|  67|0x0000000084300000, 0x0000000084400000, 0x0000000084400000|100%| O|  |TAMS 0x0000000084300000| PB 0x0000000084300000| Untracked 
|  68|0x0000000084400000, 0x0000000084500000, 0x0000000084500000|100%| O|  |TAMS 0x0000000084400000| PB 0x0000000084400000| Untracked 
|  69|0x0000000084500000, 0x0000000084600000, 0x0000000084600000|100%| O|  |TAMS 0x0000000084500000| PB 0x0000000084500000| Untracked 
|  70|0x0000000084600000, 0x0000000084700000, 0x0000000084700000|100%| O|  |TAMS 0x0000000084600000| PB 0x0000000084600000| Untracked 
|  71|0x0000000084700000, 0x0000000084800000, 0x0000000084800000|100%| O|  |TAMS 0x0000000084700000| PB 0x0000000084700000| Untracked 
|  72|0x0000000084800000, 0x0000000084900000, 0x0000000084900000|100%| O|  |TAMS 0x0000000084800000| PB 0x0000000084800000| Untracked 
|  73|0x0000000084900000, 0x0000000084a00000, 0x0000000084a00000|100%| O|  |TAMS 0x0000000084900000| PB 0x0000000084900000| Untracked 
|  74|0x0000000084a00000, 0x0000000084b00000, 0x0000000084b00000|100%| O|  |TAMS 0x0000000084a00000| PB 0x0000000084a00000| Untracked 
|  75|0x0000000084b00000, 0x0000000084c00000, 0x0000000084c00000|100%| O|  |TAMS 0x0000000084b00000| PB 0x0000000084b00000| Untracked 
|  76|0x0000000084c00000, 0x0000000084d00000, 0x0000000084d00000|100%| O|  |TAMS 0x0000000084c00000| PB 0x0000000084c00000| Untracked 
|  77|0x0000000084d00000, 0x0000000084e00000, 0x0000000084e00000|100%| O|  |TAMS 0x0000000084d00000| PB 0x0000000084d00000| Untracked 
|  78|0x0000000084e00000, 0x0000000084f00000, 0x0000000084f00000|100%| O|  |TAMS 0x0000000084e00000| PB 0x0000000084e00000| Untracked 
|  79|0x0000000084f00000, 0x0000000085000000, 0x0000000085000000|100%|HS|  |TAMS 0x0000000084f00000| PB 0x0000000084f00000| Complete 
|  80|0x0000000085000000, 0x0000000085100000, 0x0000000085100000|100%|HS|  |TAMS 0x0000000085000000| PB 0x0000000085000000| Complete 
|  81|0x0000000085100000, 0x0000000085200000, 0x0000000085200000|100%|HC|  |TAMS 0x0000000085100000| PB 0x0000000085100000| Complete 
|  82|0x0000000085200000, 0x0000000085200000, 0x0000000085300000|  0%| F|  |TAMS 0x0000000085200000| PB 0x0000000085200000| Untracked 
|  83|0x0000000085300000, 0x0000000085300000, 0x0000000085400000|  0%| F|  |TAMS 0x0000000085300000| PB 0x0000000085300000| Untracked 
|  84|0x0000000085400000, 0x0000000085400000, 0x0000000085500000|  0%| F|  |TAMS 0x0000000085400000| PB 0x0000000085400000| Untracked 
|  85|0x0000000085500000, 0x0000000085600000, 0x0000000085600000|100%| O|  |TAMS 0x0000000085500000| PB 0x0000000085500000| Untracked 
|  86|0x0000000085600000, 0x00000000856e11e0, 0x0000000085700000| 87%| S|CS|TAMS 0x0000000085600000| PB 0x0000000085600000| Complete 
|  87|0x0000000085700000, 0x0000000085800000, 0x0000000085800000|100%| S|CS|TAMS 0x0000000085700000| PB 0x0000000085700000| Complete 
|  88|0x0000000085800000, 0x0000000085900000, 0x0000000085900000|100%| O|  |TAMS 0x0000000085800000| PB 0x0000000085800000| Untracked 
|  89|0x0000000085900000, 0x0000000085a00000, 0x0000000085a00000|100%| O|Cm|TAMS 0x0000000085900000| PB 0x0000000085900000| Complete 
|  90|0x0000000085a00000, 0x0000000085b00000, 0x0000000085b00000|100%| O|Cm|TAMS 0x0000000085a00000| PB 0x0000000085a00000| Complete 
|  91|0x0000000085b00000, 0x0000000085c00000, 0x0000000085c00000|100%| S|CS|TAMS 0x0000000085b00000| PB 0x0000000085b00000| Complete 
|  92|0x0000000085c00000, 0x0000000085d00000, 0x0000000085d00000|100%| O|Cm|TAMS 0x0000000085c00000| PB 0x0000000085c00000| Complete 
|  93|0x0000000085d00000, 0x0000000085e00000, 0x0000000085e00000|100%| O|Cm|TAMS 0x0000000085d00000| PB 0x0000000085d00000| Complete 
|  94|0x0000000085e00000, 0x0000000085f00000, 0x0000000085f00000|100%| S|CS|TAMS 0x0000000085e00000| PB 0x0000000085e00000| Complete 
|  95|0x0000000085f00000, 0x0000000086000000, 0x0000000086000000|100%| S|CS|TAMS 0x0000000085f00000| PB 0x0000000085f00000| Complete 
|  96|0x0000000086000000, 0x0000000086100000, 0x0000000086100000|100%| O|  |TAMS 0x0000000086000000| PB 0x0000000086000000| Untracked 
|  97|0x0000000086100000, 0x0000000086200000, 0x0000000086200000|100%|HS|  |TAMS 0x0000000086100000| PB 0x0000000086100000| Complete 
|  98|0x0000000086200000, 0x0000000086300000, 0x0000000086300000|100%|HC|  |TAMS 0x0000000086200000| PB 0x0000000086200000| Complete 
|  99|0x0000000086300000, 0x0000000086400000, 0x0000000086400000|100%|HC|  |TAMS 0x0000000086300000| PB 0x0000000086300000| Complete 
| 100|0x0000000086400000, 0x0000000086500000, 0x0000000086500000|100%|HC|  |TAMS 0x0000000086400000| PB 0x0000000086400000| Complete 
| 101|0x0000000086500000, 0x0000000086600000, 0x0000000086600000|100%|HC|  |TAMS 0x0000000086500000| PB 0x0000000086500000| Complete 
| 102|0x0000000086600000, 0x0000000086700000, 0x0000000086700000|100%|HC|  |TAMS 0x0000000086600000| PB 0x0000000086600000| Complete 
| 103|0x0000000086700000, 0x0000000086800000, 0x0000000086800000|100%|HC|  |TAMS 0x0000000086700000| PB 0x0000000086700000| Complete 
| 104|0x0000000086800000, 0x0000000086900000, 0x0000000086900000|100%| O|Cm|TAMS 0x0000000086800000| PB 0x0000000086800000| Complete 
| 105|0x0000000086900000, 0x0000000086a00000, 0x0000000086a00000|100%| O|Cm|TAMS 0x0000000086900000| PB 0x0000000086900000| Complete 
| 106|0x0000000086a00000, 0x0000000086b00000, 0x0000000086b00000|100%|HS|  |TAMS 0x0000000086a00000| PB 0x0000000086a00000| Complete 
| 107|0x0000000086b00000, 0x0000000086c00000, 0x0000000086c00000|100%|HC|  |TAMS 0x0000000086b00000| PB 0x0000000086b00000| Complete 
| 108|0x0000000086c00000, 0x0000000086d00000, 0x0000000086d00000|100%| O|  |TAMS 0x0000000086c00000| PB 0x0000000086c00000| Untracked 
| 109|0x0000000086d00000, 0x0000000086e00000, 0x0000000086e00000|100%| O|  |TAMS 0x0000000086d00000| PB 0x0000000086d00000| Untracked 
| 110|0x0000000086e00000, 0x0000000086f00000, 0x0000000086f00000|100%| O|  |TAMS 0x0000000086e00000| PB 0x0000000086e00000| Untracked 
| 111|0x0000000086f00000, 0x0000000087000000, 0x0000000087000000|100%| O|  |TAMS 0x0000000086f00000| PB 0x0000000086f00000| Untracked 
| 112|0x0000000087000000, 0x0000000087100000, 0x0000000087100000|100%| S|CS|TAMS 0x0000000087000000| PB 0x0000000087000000| Complete 
| 113|0x0000000087100000, 0x0000000087200000, 0x0000000087200000|100%| O|  |TAMS 0x0000000087100000| PB 0x0000000087100000| Untracked 
| 114|0x0000000087200000, 0x0000000087300000, 0x0000000087300000|100%| S|CS|TAMS 0x0000000087200000| PB 0x0000000087200000| Complete 
| 115|0x0000000087300000, 0x0000000087400000, 0x0000000087400000|100%|HS|  |TAMS 0x0000000087300000| PB 0x0000000087300000| Complete 
| 116|0x0000000087400000, 0x0000000087500000, 0x0000000087500000|100%|HC|  |TAMS 0x0000000087400000| PB 0x0000000087400000| Complete 
| 117|0x0000000087500000, 0x0000000087600000, 0x0000000087600000|100%| O|  |TAMS 0x0000000087500000| PB 0x0000000087500000| Untracked 
| 118|0x0000000087600000, 0x0000000087700000, 0x0000000087700000|100%| O|  |TAMS 0x0000000087600000| PB 0x0000000087600000| Untracked 
| 119|0x0000000087700000, 0x0000000087800000, 0x0000000087800000|100%| O|  |TAMS 0x0000000087700000| PB 0x0000000087700000| Untracked 
| 120|0x0000000087800000, 0x0000000087900000, 0x0000000087900000|100%| O|  |TAMS 0x0000000087800000| PB 0x0000000087800000| Untracked 
| 121|0x0000000087900000, 0x0000000087a00000, 0x0000000087a00000|100%| S|CS|TAMS 0x0000000087900000| PB 0x0000000087900000| Complete 
| 122|0x0000000087a00000, 0x0000000087b00000, 0x0000000087b00000|100%| O|  |TAMS 0x0000000087a00000| PB 0x0000000087a00000| Untracked 
| 123|0x0000000087b00000, 0x0000000087c00000, 0x0000000087c00000|100%| O|  |TAMS 0x0000000087b00000| PB 0x0000000087b00000| Untracked 
| 124|0x0000000087c00000, 0x0000000087d00000, 0x0000000087d00000|100%| O|  |TAMS 0x0000000087c00000| PB 0x0000000087c00000| Untracked 
| 125|0x0000000087d00000, 0x0000000087e00000, 0x0000000087e00000|100%| O|  |TAMS 0x0000000087d00000| PB 0x0000000087d00000| Untracked 
| 126|0x0000000087e00000, 0x0000000087f00000, 0x0000000087f00000|100%| O|  |TAMS 0x0000000087e00000| PB 0x0000000087e00000| Untracked 
| 127|0x0000000087f00000, 0x0000000088000000, 0x0000000088000000|100%| S|CS|TAMS 0x0000000087f00000| PB 0x0000000087f00000| Complete 
| 128|0x0000000088000000, 0x0000000088000000, 0x0000000088100000|  0%| F|  |TAMS 0x0000000088000000| PB 0x0000000088000000| Untracked 
| 129|0x0000000088100000, 0x0000000088100000, 0x0000000088200000|  0%| F|  |TAMS 0x0000000088100000| PB 0x0000000088100000| Untracked 
| 130|0x0000000088200000, 0x0000000088300000, 0x0000000088300000|100%|HS|  |TAMS 0x0000000088200000| PB 0x0000000088200000| Complete 
| 131|0x0000000088300000, 0x0000000088300000, 0x0000000088400000|  0%| F|  |TAMS 0x0000000088300000| PB 0x0000000088300000| Untracked 
| 132|0x0000000088400000, 0x0000000088500000, 0x0000000088500000|100%|HS|  |TAMS 0x0000000088400000| PB 0x0000000088400000| Complete 
| 133|0x0000000088500000, 0x0000000088600000, 0x0000000088600000|100%|HC|  |TAMS 0x0000000088500000| PB 0x0000000088500000| Complete 
| 134|0x0000000088600000, 0x0000000088700000, 0x0000000088700000|100%|HS|  |TAMS 0x0000000088600000| PB 0x0000000088600000| Complete 
| 135|0x0000000088700000, 0x0000000088800000, 0x0000000088800000|100%|HC|  |TAMS 0x0000000088700000| PB 0x0000000088700000| Complete 
| 136|0x0000000088800000, 0x0000000088900000, 0x0000000088900000|100%|HS|  |TAMS 0x0000000088800000| PB 0x0000000088800000| Complete 
| 137|0x0000000088900000, 0x0000000088a00000, 0x0000000088a00000|100%|HC|  |TAMS 0x0000000088900000| PB 0x0000000088900000| Complete 
| 138|0x0000000088a00000, 0x0000000088b00000, 0x0000000088b00000|100%|HC|  |TAMS 0x0000000088a00000| PB 0x0000000088a00000| Complete 
| 139|0x0000000088b00000, 0x0000000088c00000, 0x0000000088c00000|100%|HC|  |TAMS 0x0000000088b00000| PB 0x0000000088b00000| Complete 
| 140|0x0000000088c00000, 0x0000000088d00000, 0x0000000088d00000|100%| O|  |TAMS 0x0000000088c00000| PB 0x0000000088c00000| Untracked 
| 141|0x0000000088d00000, 0x0000000088e00000, 0x0000000088e00000|100%|HS|  |TAMS 0x0000000088d00000| PB 0x0000000088d00000| Complete 
| 142|0x0000000088e00000, 0x0000000088f00000, 0x0000000088f00000|100%|HS|  |TAMS 0x0000000088e00000| PB 0x0000000088e00000| Complete 
| 143|0x0000000088f00000, 0x0000000089000000, 0x0000000089000000|100%| O|  |TAMS 0x0000000088f00000| PB 0x0000000088f00000| Untracked 
| 144|0x0000000089000000, 0x0000000089100000, 0x0000000089100000|100%| O|  |TAMS 0x0000000089000000| PB 0x0000000089000000| Untracked 
| 145|0x0000000089100000, 0x0000000089200000, 0x0000000089200000|100%| O|  |TAMS 0x0000000089100000| PB 0x0000000089100000| Untracked 
| 146|0x0000000089200000, 0x0000000089300000, 0x0000000089300000|100%| O|  |TAMS 0x0000000089200000| PB 0x0000000089200000| Untracked 
| 147|0x0000000089300000, 0x0000000089400000, 0x0000000089400000|100%| O|  |TAMS 0x0000000089300000| PB 0x0000000089300000| Untracked 
| 148|0x0000000089400000, 0x0000000089400000, 0x0000000089500000|  0%| F|  |TAMS 0x0000000089400000| PB 0x0000000089400000| Untracked 
| 149|0x0000000089500000, 0x0000000089500000, 0x0000000089600000|  0%| F|  |TAMS 0x0000000089500000| PB 0x0000000089500000| Untracked 
| 150|0x0000000089600000, 0x0000000089700000, 0x0000000089700000|100%| O|Cm|TAMS 0x0000000089600000| PB 0x0000000089600000| Complete 
| 151|0x0000000089700000, 0x0000000089700000, 0x0000000089800000|  0%| F|  |TAMS 0x0000000089700000| PB 0x0000000089700000| Untracked 
| 152|0x0000000089800000, 0x0000000089900000, 0x0000000089900000|100%|HS|  |TAMS 0x0000000089800000| PB 0x0000000089800000| Complete 
| 153|0x0000000089900000, 0x0000000089a00000, 0x0000000089a00000|100%|HC|  |TAMS 0x0000000089900000| PB 0x0000000089900000| Complete 
| 154|0x0000000089a00000, 0x0000000089b00000, 0x0000000089b00000|100%|HC|  |TAMS 0x0000000089a00000| PB 0x0000000089a00000| Complete 
| 155|0x0000000089b00000, 0x0000000089c00000, 0x0000000089c00000|100%|HC|  |TAMS 0x0000000089b00000| PB 0x0000000089b00000| Complete 
| 156|0x0000000089c00000, 0x0000000089d00000, 0x0000000089d00000|100%| O|  |TAMS 0x0000000089c00000| PB 0x0000000089c00000| Untracked 
| 157|0x0000000089d00000, 0x0000000089e00000, 0x0000000089e00000|100%| O|  |TAMS 0x0000000089d00000| PB 0x0000000089d00000| Untracked 
| 158|0x0000000089e00000, 0x0000000089f00000, 0x0000000089f00000|100%| O|  |TAMS 0x0000000089e00000| PB 0x0000000089e00000| Untracked 
| 159|0x0000000089f00000, 0x000000008a000000, 0x000000008a000000|100%| O|  |TAMS 0x0000000089f00000| PB 0x0000000089f00000| Untracked 
| 160|0x000000008a000000, 0x000000008a100000, 0x000000008a100000|100%| O|  |TAMS 0x000000008a000000| PB 0x000000008a000000| Untracked 
| 161|0x000000008a100000, 0x000000008a200000, 0x000000008a200000|100%| O|  |TAMS 0x000000008a100000| PB 0x000000008a100000| Untracked 
| 162|0x000000008a200000, 0x000000008a300000, 0x000000008a300000|100%| O|  |TAMS 0x000000008a200000| PB 0x000000008a200000| Untracked 
| 163|0x000000008a300000, 0x000000008a400000, 0x000000008a400000|100%| O|  |TAMS 0x000000008a300000| PB 0x000000008a300000| Untracked 
| 164|0x000000008a400000, 0x000000008a400000, 0x000000008a500000|  0%| F|  |TAMS 0x000000008a400000| PB 0x000000008a400000| Untracked 
| 165|0x000000008a500000, 0x000000008a600000, 0x000000008a600000|100%| O|  |TAMS 0x000000008a500000| PB 0x000000008a500000| Untracked 
| 166|0x000000008a600000, 0x000000008a700000, 0x000000008a700000|100%| O|  |TAMS 0x000000008a600000| PB 0x000000008a600000| Untracked 
| 167|0x000000008a700000, 0x000000008a800000, 0x000000008a800000|100%| O|  |TAMS 0x000000008a700000| PB 0x000000008a700000| Untracked 
| 168|0x000000008a800000, 0x000000008a900000, 0x000000008a900000|100%| O|  |TAMS 0x000000008a800000| PB 0x000000008a800000| Untracked 
| 169|0x000000008a900000, 0x000000008aa00000, 0x000000008aa00000|100%| O|  |TAMS 0x000000008a900000| PB 0x000000008a900000| Untracked 
| 170|0x000000008aa00000, 0x000000008ab00000, 0x000000008ab00000|100%| O|  |TAMS 0x000000008aa00000| PB 0x000000008aa00000| Untracked 
| 171|0x000000008ab00000, 0x000000008ab00000, 0x000000008ac00000|  0%| F|  |TAMS 0x000000008ab00000| PB 0x000000008ab00000| Untracked 
| 172|0x000000008ac00000, 0x000000008ac00000, 0x000000008ad00000|  0%| F|  |TAMS 0x000000008ac00000| PB 0x000000008ac00000| Untracked 
| 173|0x000000008ad00000, 0x000000008ae00000, 0x000000008ae00000|100%| O|Cm|TAMS 0x000000008ad00000| PB 0x000000008ad00000| Complete 
| 174|0x000000008ae00000, 0x000000008ae00000, 0x000000008af00000|  0%| F|  |TAMS 0x000000008ae00000| PB 0x000000008ae00000| Untracked 
| 175|0x000000008af00000, 0x000000008b000000, 0x000000008b000000|100%| O|  |TAMS 0x000000008af00000| PB 0x000000008af00000| Untracked 
| 176|0x000000008b000000, 0x000000008b000000, 0x000000008b100000|  0%| F|  |TAMS 0x000000008b000000| PB 0x000000008b000000| Untracked 
| 177|0x000000008b100000, 0x000000008b100000, 0x000000008b200000|  0%| F|  |TAMS 0x000000008b100000| PB 0x000000008b100000| Untracked 
| 178|0x000000008b200000, 0x000000008b300000, 0x000000008b300000|100%| O|  |TAMS 0x000000008b200000| PB 0x000000008b200000| Untracked 
| 179|0x000000008b300000, 0x000000008b400000, 0x000000008b400000|100%| O|  |TAMS 0x000000008b300000| PB 0x000000008b300000| Untracked 
| 180|0x000000008b400000, 0x000000008b400000, 0x000000008b500000|  0%| F|  |TAMS 0x000000008b400000| PB 0x000000008b400000| Untracked 
| 181|0x000000008b500000, 0x000000008b500000, 0x000000008b600000|  0%| F|  |TAMS 0x000000008b500000| PB 0x000000008b500000| Untracked 
| 182|0x000000008b600000, 0x000000008b700000, 0x000000008b700000|100%| O|  |TAMS 0x000000008b600000| PB 0x000000008b600000| Untracked 
| 183|0x000000008b700000, 0x000000008b800000, 0x000000008b800000|100%| O|  |TAMS 0x000000008b700000| PB 0x000000008b700000| Untracked 
| 184|0x000000008b800000, 0x000000008b900000, 0x000000008b900000|100%| O|  |TAMS 0x000000008b800000| PB 0x000000008b800000| Untracked 
| 185|0x000000008b900000, 0x000000008ba00000, 0x000000008ba00000|100%| O|  |TAMS 0x000000008b900000| PB 0x000000008b900000| Untracked 
| 186|0x000000008ba00000, 0x000000008bb00000, 0x000000008bb00000|100%| O|  |TAMS 0x000000008ba00000| PB 0x000000008ba00000| Untracked 
| 187|0x000000008bb00000, 0x000000008bc00000, 0x000000008bc00000|100%| O|  |TAMS 0x000000008bb00000| PB 0x000000008bb00000| Untracked 
| 188|0x000000008bc00000, 0x000000008bd00000, 0x000000008bd00000|100%| O|  |TAMS 0x000000008bc00000| PB 0x000000008bc00000| Untracked 
| 189|0x000000008bd00000, 0x000000008be00000, 0x000000008be00000|100%| O|  |TAMS 0x000000008bd00000| PB 0x000000008bd00000| Untracked 
| 190|0x000000008be00000, 0x000000008bf00000, 0x000000008bf00000|100%| O|  |TAMS 0x000000008be00000| PB 0x000000008be00000| Untracked 
| 191|0x000000008bf00000, 0x000000008c000000, 0x000000008c000000|100%| O|  |TAMS 0x000000008bf00000| PB 0x000000008bf00000| Untracked 
| 192|0x000000008c000000, 0x000000008c000000, 0x000000008c100000|  0%| F|  |TAMS 0x000000008c000000| PB 0x000000008c000000| Untracked 
| 193|0x000000008c100000, 0x000000008c100000, 0x000000008c200000|  0%| F|  |TAMS 0x000000008c100000| PB 0x000000008c100000| Untracked 
| 194|0x000000008c200000, 0x000000008c300000, 0x000000008c300000|100%| O|  |TAMS 0x000000008c200000| PB 0x000000008c200000| Untracked 
| 195|0x000000008c300000, 0x000000008c400000, 0x000000008c400000|100%| O|  |TAMS 0x000000008c300000| PB 0x000000008c300000| Untracked 
| 196|0x000000008c400000, 0x000000008c500000, 0x000000008c500000|100%| O|  |TAMS 0x000000008c400000| PB 0x000000008c400000| Untracked 
| 197|0x000000008c500000, 0x000000008c600000, 0x000000008c600000|100%| O|  |TAMS 0x000000008c500000| PB 0x000000008c500000| Untracked 
| 198|0x000000008c600000, 0x000000008c700000, 0x000000008c700000|100%| O|  |TAMS 0x000000008c600000| PB 0x000000008c600000| Untracked 
| 199|0x000000008c700000, 0x000000008c800000, 0x000000008c800000|100%| O|  |TAMS 0x000000008c700000| PB 0x000000008c700000| Untracked 
| 200|0x000000008c800000, 0x000000008c900000, 0x000000008c900000|100%| O|  |TAMS 0x000000008c800000| PB 0x000000008c800000| Untracked 
| 201|0x000000008c900000, 0x000000008ca00000, 0x000000008ca00000|100%| O|  |TAMS 0x000000008c900000| PB 0x000000008c900000| Untracked 
| 202|0x000000008ca00000, 0x000000008ca00000, 0x000000008cb00000|  0%| F|  |TAMS 0x000000008ca00000| PB 0x000000008ca00000| Untracked 
| 203|0x000000008cb00000, 0x000000008cc00000, 0x000000008cc00000|100%| O|  |TAMS 0x000000008cb00000| PB 0x000000008cb00000| Untracked 
| 204|0x000000008cc00000, 0x000000008cc00000, 0x000000008cd00000|  0%| F|  |TAMS 0x000000008cc00000| PB 0x000000008cc00000| Untracked 
| 205|0x000000008cd00000, 0x000000008cd00000, 0x000000008ce00000|  0%| F|  |TAMS 0x000000008cd00000| PB 0x000000008cd00000| Untracked 
| 206|0x000000008ce00000, 0x000000008cf00000, 0x000000008cf00000|100%| S|CS|TAMS 0x000000008ce00000| PB 0x000000008ce00000| Complete 
| 207|0x000000008cf00000, 0x000000008d000000, 0x000000008d000000|100%| S|CS|TAMS 0x000000008cf00000| PB 0x000000008cf00000| Complete 
| 208|0x000000008d000000, 0x000000008d100000, 0x000000008d100000|100%| S|CS|TAMS 0x000000008d000000| PB 0x000000008d000000| Complete 
| 209|0x000000008d100000, 0x000000008d200000, 0x000000008d200000|100%| S|CS|TAMS 0x000000008d100000| PB 0x000000008d100000| Complete 
| 210|0x000000008d200000, 0x000000008d300000, 0x000000008d300000|100%| O|  |TAMS 0x000000008d200000| PB 0x000000008d200000| Untracked 
| 211|0x000000008d300000, 0x000000008d400000, 0x000000008d400000|100%| S|CS|TAMS 0x000000008d300000| PB 0x000000008d300000| Complete 
| 212|0x000000008d400000, 0x000000008d500000, 0x000000008d500000|100%| O|  |TAMS 0x000000008d400000| PB 0x000000008d400000| Untracked 
| 213|0x000000008d500000, 0x000000008d600000, 0x000000008d600000|100%| O|  |TAMS 0x000000008d500000| PB 0x000000008d500000| Untracked 
| 214|0x000000008d600000, 0x000000008d700000, 0x000000008d700000|100%| O|Cm|TAMS 0x000000008d600000| PB 0x000000008d600000| Complete 
| 215|0x000000008d700000, 0x000000008d800000, 0x000000008d800000|100%| S|CS|TAMS 0x000000008d700000| PB 0x000000008d700000| Complete 
| 216|0x000000008d800000, 0x000000008d900000, 0x000000008d900000|100%| O|Cm|TAMS 0x000000008d800000| PB 0x000000008d800000| Complete 
| 217|0x000000008d900000, 0x000000008da00000, 0x000000008da00000|100%| S|CS|TAMS 0x000000008d900000| PB 0x000000008d900000| Complete 
| 218|0x000000008da00000, 0x000000008db00000, 0x000000008db00000|100%| S|CS|TAMS 0x000000008da00000| PB 0x000000008da00000| Complete 
| 219|0x000000008db00000, 0x000000008dc00000, 0x000000008dc00000|100%| S|CS|TAMS 0x000000008db00000| PB 0x000000008db00000| Complete 
| 220|0x000000008dc00000, 0x000000008dd00000, 0x000000008dd00000|100%| S|CS|TAMS 0x000000008dc00000| PB 0x000000008dc00000| Complete 
| 221|0x000000008dd00000, 0x000000008de00000, 0x000000008de00000|100%| S|CS|TAMS 0x000000008dd00000| PB 0x000000008dd00000| Complete 
| 222|0x000000008de00000, 0x000000008df00000, 0x000000008df00000|100%| S|CS|TAMS 0x000000008de00000| PB 0x000000008de00000| Complete 
| 223|0x000000008df00000, 0x000000008e000000, 0x000000008e000000|100%| S|CS|TAMS 0x000000008df00000| PB 0x000000008df00000| Complete 
| 224|0x000000008e000000, 0x000000008e100000, 0x000000008e100000|100%| S|CS|TAMS 0x000000008e000000| PB 0x000000008e000000| Complete 
| 225|0x000000008e100000, 0x000000008e200000, 0x000000008e200000|100%| S|CS|TAMS 0x000000008e100000| PB 0x000000008e100000| Complete 
| 226|0x000000008e200000, 0x000000008e300000, 0x000000008e300000|100%| S|CS|TAMS 0x000000008e200000| PB 0x000000008e200000| Complete 
| 227|0x000000008e300000, 0x000000008e300000, 0x000000008e400000|  0%| F|  |TAMS 0x000000008e300000| PB 0x000000008e300000| Untracked 
| 228|0x000000008e400000, 0x000000008e400000, 0x000000008e500000|  0%| F|  |TAMS 0x000000008e400000| PB 0x000000008e400000| Untracked 
| 229|0x000000008e500000, 0x000000008e500000, 0x000000008e600000|  0%| F|  |TAMS 0x000000008e500000| PB 0x000000008e500000| Untracked 
| 230|0x000000008e600000, 0x000000008e600000, 0x000000008e700000|  0%| F|  |TAMS 0x000000008e600000| PB 0x000000008e600000| Untracked 
| 231|0x000000008e700000, 0x000000008e700000, 0x000000008e800000|  0%| F|  |TAMS 0x000000008e700000| PB 0x000000008e700000| Untracked 
| 232|0x000000008e800000, 0x000000008e800000, 0x000000008e900000|  0%| F|  |TAMS 0x000000008e800000| PB 0x000000008e800000| Untracked 
| 233|0x000000008e900000, 0x000000008e900000, 0x000000008ea00000|  0%| F|  |TAMS 0x000000008e900000| PB 0x000000008e900000| Untracked 
| 234|0x000000008ea00000, 0x000000008ea00000, 0x000000008eb00000|  0%| F|  |TAMS 0x000000008ea00000| PB 0x000000008ea00000| Untracked 
| 235|0x000000008eb00000, 0x000000008ec00000, 0x000000008ec00000|100%| O|  |TAMS 0x000000008eb00000| PB 0x000000008eb00000| Untracked 
| 236|0x000000008ec00000, 0x000000008ed00000, 0x000000008ed00000|100%|HS|  |TAMS 0x000000008ec00000| PB 0x000000008ec00000| Complete 
| 237|0x000000008ed00000, 0x000000008ee00000, 0x000000008ee00000|100%|HC|  |TAMS 0x000000008ed00000| PB 0x000000008ed00000| Complete 
| 238|0x000000008ee00000, 0x000000008ef00000, 0x000000008ef00000|100%|HC|  |TAMS 0x000000008ee00000| PB 0x000000008ee00000| Complete 
| 239|0x000000008ef00000, 0x000000008f000000, 0x000000008f000000|100%|HC|  |TAMS 0x000000008ef00000| PB 0x000000008ef00000| Complete 
| 240|0x000000008f000000, 0x000000008f100000, 0x000000008f100000|100%|HC|  |TAMS 0x000000008f000000| PB 0x000000008f000000| Complete 
| 241|0x000000008f100000, 0x000000008f200000, 0x000000008f200000|100%|HC|  |TAMS 0x000000008f100000| PB 0x000000008f100000| Complete 
| 242|0x000000008f200000, 0x000000008f300000, 0x000000008f300000|100%|HS|  |TAMS 0x000000008f200000| PB 0x000000008f200000| Complete 
| 243|0x000000008f300000, 0x000000008f400000, 0x000000008f400000|100%|HC|  |TAMS 0x000000008f300000| PB 0x000000008f300000| Complete 
| 244|0x000000008f400000, 0x000000008f500000, 0x000000008f500000|100%|HC|  |TAMS 0x000000008f400000| PB 0x000000008f400000| Complete 
| 245|0x000000008f500000, 0x000000008f600000, 0x000000008f600000|100%|HC|  |TAMS 0x000000008f500000| PB 0x000000008f500000| Complete 
| 246|0x000000008f600000, 0x000000008f700000, 0x000000008f700000|100%|HC|  |TAMS 0x000000008f600000| PB 0x000000008f600000| Complete 
| 247|0x000000008f700000, 0x000000008f800000, 0x000000008f800000|100%|HC|  |TAMS 0x000000008f700000| PB 0x000000008f700000| Complete 
| 248|0x000000008f800000, 0x000000008f800000, 0x000000008f900000|  0%| F|  |TAMS 0x000000008f800000| PB 0x000000008f800000| Untracked 
| 249|0x000000008f900000, 0x000000008f900000, 0x000000008fa00000|  0%| F|  |TAMS 0x000000008f900000| PB 0x000000008f900000| Untracked 
| 250|0x000000008fa00000, 0x000000008fa00000, 0x000000008fb00000|  0%| F|  |TAMS 0x000000008fa00000| PB 0x000000008fa00000| Untracked 
| 251|0x000000008fb00000, 0x000000008fb00000, 0x000000008fc00000|  0%| F|  |TAMS 0x000000008fb00000| PB 0x000000008fb00000| Untracked 
| 252|0x000000008fc00000, 0x000000008fc00000, 0x000000008fd00000|  0%| F|  |TAMS 0x000000008fc00000| PB 0x000000008fc00000| Untracked 
| 253|0x000000008fd00000, 0x000000008fd00000, 0x000000008fe00000|  0%| F|  |TAMS 0x000000008fd00000| PB 0x000000008fd00000| Untracked 
| 254|0x000000008fe00000, 0x000000008fe00000, 0x000000008ff00000|  0%| F|  |TAMS 0x000000008fe00000| PB 0x000000008fe00000| Untracked 
| 255|0x000000008ff00000, 0x000000008ff00000, 0x0000000090000000|  0%| F|  |TAMS 0x000000008ff00000| PB 0x000000008ff00000| Untracked 
| 256|0x0000000090000000, 0x0000000090000000, 0x0000000090100000|  0%| F|  |TAMS 0x0000000090000000| PB 0x0000000090000000| Untracked 
| 257|0x0000000090100000, 0x0000000090100000, 0x0000000090200000|  0%| F|  |TAMS 0x0000000090100000| PB 0x0000000090100000| Untracked 
| 258|0x0000000090200000, 0x0000000090200000, 0x0000000090300000|  0%| F|  |TAMS 0x0000000090200000| PB 0x0000000090200000| Untracked 
| 259|0x0000000090300000, 0x0000000090300000, 0x0000000090400000|  0%| F|  |TAMS 0x0000000090300000| PB 0x0000000090300000| Untracked 
| 260|0x0000000090400000, 0x0000000090400000, 0x0000000090500000|  0%| F|  |TAMS 0x0000000090400000| PB 0x0000000090400000| Untracked 
| 261|0x0000000090500000, 0x0000000090500000, 0x0000000090600000|  0%| F|  |TAMS 0x0000000090500000| PB 0x0000000090500000| Untracked 
| 262|0x0000000090600000, 0x0000000090600000, 0x0000000090700000|  0%| F|  |TAMS 0x0000000090600000| PB 0x0000000090600000| Untracked 
| 263|0x0000000090700000, 0x0000000090700000, 0x0000000090800000|  0%| F|  |TAMS 0x0000000090700000| PB 0x0000000090700000| Untracked 
| 264|0x0000000090800000, 0x0000000090800000, 0x0000000090900000|  0%| F|  |TAMS 0x0000000090800000| PB 0x0000000090800000| Untracked 
| 265|0x0000000090900000, 0x0000000090900000, 0x0000000090a00000|  0%| F|  |TAMS 0x0000000090900000| PB 0x0000000090900000| Untracked 
| 266|0x0000000090a00000, 0x0000000090a00000, 0x0000000090b00000|  0%| F|  |TAMS 0x0000000090a00000| PB 0x0000000090a00000| Untracked 
| 267|0x0000000090b00000, 0x0000000090b00000, 0x0000000090c00000|  0%| F|  |TAMS 0x0000000090b00000| PB 0x0000000090b00000| Untracked 
| 268|0x0000000090c00000, 0x0000000090c00000, 0x0000000090d00000|  0%| F|  |TAMS 0x0000000090c00000| PB 0x0000000090c00000| Untracked 
| 269|0x0000000090d00000, 0x0000000090d00000, 0x0000000090e00000|  0%| F|  |TAMS 0x0000000090d00000| PB 0x0000000090d00000| Untracked 
| 270|0x0000000090e00000, 0x0000000090e00000, 0x0000000090f00000|  0%| F|  |TAMS 0x0000000090e00000| PB 0x0000000090e00000| Untracked 
| 271|0x0000000090f00000, 0x0000000090f00000, 0x0000000091000000|  0%| F|  |TAMS 0x0000000090f00000| PB 0x0000000090f00000| Untracked 
| 272|0x0000000091000000, 0x0000000091000000, 0x0000000091100000|  0%| F|  |TAMS 0x0000000091000000| PB 0x0000000091000000| Untracked 
| 273|0x0000000091100000, 0x0000000091100000, 0x0000000091200000|  0%| F|  |TAMS 0x0000000091100000| PB 0x0000000091100000| Untracked 
| 274|0x0000000091200000, 0x0000000091200000, 0x0000000091300000|  0%| F|  |TAMS 0x0000000091200000| PB 0x0000000091200000| Untracked 
| 275|0x0000000091300000, 0x0000000091300000, 0x0000000091400000|  0%| F|  |TAMS 0x0000000091300000| PB 0x0000000091300000| Untracked 
| 276|0x0000000091400000, 0x0000000091400000, 0x0000000091500000|  0%| F|  |TAMS 0x0000000091400000| PB 0x0000000091400000| Untracked 
| 277|0x0000000091500000, 0x0000000091500000, 0x0000000091600000|  0%| F|  |TAMS 0x0000000091500000| PB 0x0000000091500000| Untracked 
| 278|0x0000000091600000, 0x0000000091600000, 0x0000000091700000|  0%| F|  |TAMS 0x0000000091600000| PB 0x0000000091600000| Untracked 
| 279|0x0000000091700000, 0x0000000091700000, 0x0000000091800000|  0%| F|  |TAMS 0x0000000091700000| PB 0x0000000091700000| Untracked 
| 280|0x0000000091800000, 0x0000000091800000, 0x0000000091900000|  0%| F|  |TAMS 0x0000000091800000| PB 0x0000000091800000| Untracked 
| 281|0x0000000091900000, 0x0000000091900000, 0x0000000091a00000|  0%| F|  |TAMS 0x0000000091900000| PB 0x0000000091900000| Untracked 
| 282|0x0000000091a00000, 0x0000000091a00000, 0x0000000091b00000|  0%| F|  |TAMS 0x0000000091a00000| PB 0x0000000091a00000| Untracked 
| 283|0x0000000091b00000, 0x0000000091b00000, 0x0000000091c00000|  0%| F|  |TAMS 0x0000000091b00000| PB 0x0000000091b00000| Untracked 
| 284|0x0000000091c00000, 0x0000000091c00000, 0x0000000091d00000|  0%| F|  |TAMS 0x0000000091c00000| PB 0x0000000091c00000| Untracked 
| 285|0x0000000091d00000, 0x0000000091d00000, 0x0000000091e00000|  0%| F|  |TAMS 0x0000000091d00000| PB 0x0000000091d00000| Untracked 
| 286|0x0000000091e00000, 0x0000000091e00000, 0x0000000091f00000|  0%| F|  |TAMS 0x0000000091e00000| PB 0x0000000091e00000| Untracked 
| 287|0x0000000091f00000, 0x0000000091f00000, 0x0000000092000000|  0%| F|  |TAMS 0x0000000091f00000| PB 0x0000000091f00000| Untracked 
| 288|0x0000000092000000, 0x0000000092000000, 0x0000000092100000|  0%| F|  |TAMS 0x0000000092000000| PB 0x0000000092000000| Untracked 
| 289|0x0000000092100000, 0x0000000092100000, 0x0000000092200000|  0%| F|  |TAMS 0x0000000092100000| PB 0x0000000092100000| Untracked 
| 290|0x0000000092200000, 0x0000000092200000, 0x0000000092300000|  0%| F|  |TAMS 0x0000000092200000| PB 0x0000000092200000| Untracked 
| 291|0x0000000092300000, 0x0000000092300000, 0x0000000092400000|  0%| F|  |TAMS 0x0000000092300000| PB 0x0000000092300000| Untracked 
| 292|0x0000000092400000, 0x0000000092400000, 0x0000000092500000|  0%| F|  |TAMS 0x0000000092400000| PB 0x0000000092400000| Untracked 
| 293|0x0000000092500000, 0x0000000092500000, 0x0000000092600000|  0%| F|  |TAMS 0x0000000092500000| PB 0x0000000092500000| Untracked 
| 294|0x0000000092600000, 0x0000000092600000, 0x0000000092700000|  0%| F|  |TAMS 0x0000000092600000| PB 0x0000000092600000| Untracked 
| 295|0x0000000092700000, 0x0000000092700000, 0x0000000092800000|  0%| F|  |TAMS 0x0000000092700000| PB 0x0000000092700000| Untracked 
| 296|0x0000000092800000, 0x0000000092800000, 0x0000000092900000|  0%| F|  |TAMS 0x0000000092800000| PB 0x0000000092800000| Untracked 
| 297|0x0000000092900000, 0x0000000092900000, 0x0000000092a00000|  0%| F|  |TAMS 0x0000000092900000| PB 0x0000000092900000| Untracked 
| 298|0x0000000092a00000, 0x0000000092a00000, 0x0000000092b00000|  0%| F|  |TAMS 0x0000000092a00000| PB 0x0000000092a00000| Untracked 
| 299|0x0000000092b00000, 0x0000000092b00000, 0x0000000092c00000|  0%| F|  |TAMS 0x0000000092b00000| PB 0x0000000092b00000| Untracked 
| 300|0x0000000092c00000, 0x0000000092c00000, 0x0000000092d00000|  0%| F|  |TAMS 0x0000000092c00000| PB 0x0000000092c00000| Untracked 
| 301|0x0000000092d00000, 0x0000000092d00000, 0x0000000092e00000|  0%| F|  |TAMS 0x0000000092d00000| PB 0x0000000092d00000| Untracked 
| 302|0x0000000092e00000, 0x0000000092e00000, 0x0000000092f00000|  0%| F|  |TAMS 0x0000000092e00000| PB 0x0000000092e00000| Untracked 
| 303|0x0000000092f00000, 0x0000000092f00000, 0x0000000093000000|  0%| F|  |TAMS 0x0000000092f00000| PB 0x0000000092f00000| Untracked 
| 304|0x0000000093000000, 0x0000000093000000, 0x0000000093100000|  0%| F|  |TAMS 0x0000000093000000| PB 0x0000000093000000| Untracked 
| 305|0x0000000093100000, 0x0000000093100000, 0x0000000093200000|  0%| F|  |TAMS 0x0000000093100000| PB 0x0000000093100000| Untracked 
| 306|0x0000000093200000, 0x0000000093200000, 0x0000000093300000|  0%| F|  |TAMS 0x0000000093200000| PB 0x0000000093200000| Untracked 
| 307|0x0000000093300000, 0x0000000093300000, 0x0000000093400000|  0%| F|  |TAMS 0x0000000093300000| PB 0x0000000093300000| Untracked 
| 308|0x0000000093400000, 0x0000000093400000, 0x0000000093500000|  0%| F|  |TAMS 0x0000000093400000| PB 0x0000000093400000| Untracked 
| 309|0x0000000093500000, 0x0000000093500000, 0x0000000093600000|  0%| F|  |TAMS 0x0000000093500000| PB 0x0000000093500000| Untracked 
| 310|0x0000000093600000, 0x0000000093600000, 0x0000000093700000|  0%| F|  |TAMS 0x0000000093600000| PB 0x0000000093600000| Untracked 
| 311|0x0000000093700000, 0x0000000093700000, 0x0000000093800000|  0%| F|  |TAMS 0x0000000093700000| PB 0x0000000093700000| Untracked 
| 312|0x0000000093800000, 0x0000000093800000, 0x0000000093900000|  0%| F|  |TAMS 0x0000000093800000| PB 0x0000000093800000| Untracked 
| 313|0x0000000093900000, 0x0000000093900000, 0x0000000093a00000|  0%| F|  |TAMS 0x0000000093900000| PB 0x0000000093900000| Untracked 
| 314|0x0000000093a00000, 0x0000000093a00000, 0x0000000093b00000|  0%| F|  |TAMS 0x0000000093a00000| PB 0x0000000093a00000| Untracked 
| 315|0x0000000093b00000, 0x0000000093b00000, 0x0000000093c00000|  0%| F|  |TAMS 0x0000000093b00000| PB 0x0000000093b00000| Untracked 
| 316|0x0000000093c00000, 0x0000000093c00000, 0x0000000093d00000|  0%| F|  |TAMS 0x0000000093c00000| PB 0x0000000093c00000| Untracked 
| 317|0x0000000093d00000, 0x0000000093d00000, 0x0000000093e00000|  0%| F|  |TAMS 0x0000000093d00000| PB 0x0000000093d00000| Untracked 
| 318|0x0000000093e00000, 0x0000000093e00000, 0x0000000093f00000|  0%| F|  |TAMS 0x0000000093e00000| PB 0x0000000093e00000| Untracked 
| 319|0x0000000093f00000, 0x0000000093f00000, 0x0000000094000000|  0%| F|  |TAMS 0x0000000093f00000| PB 0x0000000093f00000| Untracked 
| 320|0x0000000094000000, 0x0000000094000000, 0x0000000094100000|  0%| F|  |TAMS 0x0000000094000000| PB 0x0000000094000000| Untracked 
| 321|0x0000000094100000, 0x0000000094100000, 0x0000000094200000|  0%| F|  |TAMS 0x0000000094100000| PB 0x0000000094100000| Untracked 
| 322|0x0000000094200000, 0x0000000094200000, 0x0000000094300000|  0%| F|  |TAMS 0x0000000094200000| PB 0x0000000094200000| Untracked 
| 323|0x0000000094300000, 0x0000000094300000, 0x0000000094400000|  0%| F|  |TAMS 0x0000000094300000| PB 0x0000000094300000| Untracked 
| 324|0x0000000094400000, 0x0000000094400000, 0x0000000094500000|  0%| F|  |TAMS 0x0000000094400000| PB 0x0000000094400000| Untracked 
| 325|0x0000000094500000, 0x0000000094500000, 0x0000000094600000|  0%| F|  |TAMS 0x0000000094500000| PB 0x0000000094500000| Untracked 
| 326|0x0000000094600000, 0x0000000094600000, 0x0000000094700000|  0%| F|  |TAMS 0x0000000094600000| PB 0x0000000094600000| Untracked 
| 327|0x0000000094700000, 0x0000000094700000, 0x0000000094800000|  0%| F|  |TAMS 0x0000000094700000| PB 0x0000000094700000| Untracked 
| 328|0x0000000094800000, 0x0000000094800000, 0x0000000094900000|  0%| F|  |TAMS 0x0000000094800000| PB 0x0000000094800000| Untracked 
| 329|0x0000000094900000, 0x0000000094900000, 0x0000000094a00000|  0%| F|  |TAMS 0x0000000094900000| PB 0x0000000094900000| Untracked 
| 330|0x0000000094a00000, 0x0000000094a00000, 0x0000000094b00000|  0%| F|  |TAMS 0x0000000094a00000| PB 0x0000000094a00000| Untracked 
| 331|0x0000000094b00000, 0x0000000094b00000, 0x0000000094c00000|  0%| F|  |TAMS 0x0000000094b00000| PB 0x0000000094b00000| Untracked 
| 332|0x0000000094c00000, 0x0000000094c00000, 0x0000000094d00000|  0%| F|  |TAMS 0x0000000094c00000| PB 0x0000000094c00000| Untracked 
| 333|0x0000000094d00000, 0x0000000094d00000, 0x0000000094e00000|  0%| F|  |TAMS 0x0000000094d00000| PB 0x0000000094d00000| Untracked 
| 334|0x0000000094e00000, 0x0000000094e00000, 0x0000000094f00000|  0%| F|  |TAMS 0x0000000094e00000| PB 0x0000000094e00000| Untracked 
| 335|0x0000000094f00000, 0x0000000094f00000, 0x0000000095000000|  0%| F|  |TAMS 0x0000000094f00000| PB 0x0000000094f00000| Untracked 
| 336|0x0000000095000000, 0x0000000095000000, 0x0000000095100000|  0%| F|  |TAMS 0x0000000095000000| PB 0x0000000095000000| Untracked 
| 337|0x0000000095100000, 0x0000000095100000, 0x0000000095200000|  0%| F|  |TAMS 0x0000000095100000| PB 0x0000000095100000| Untracked 
| 338|0x0000000095200000, 0x0000000095200000, 0x0000000095300000|  0%| F|  |TAMS 0x0000000095200000| PB 0x0000000095200000| Untracked 
| 339|0x0000000095300000, 0x0000000095300000, 0x0000000095400000|  0%| F|  |TAMS 0x0000000095300000| PB 0x0000000095300000| Untracked 
| 340|0x0000000095400000, 0x0000000095400000, 0x0000000095500000|  0%| F|  |TAMS 0x0000000095400000| PB 0x0000000095400000| Untracked 
| 341|0x0000000095500000, 0x0000000095500000, 0x0000000095600000|  0%| F|  |TAMS 0x0000000095500000| PB 0x0000000095500000| Untracked 
| 342|0x0000000095600000, 0x0000000095600000, 0x0000000095700000|  0%| F|  |TAMS 0x0000000095600000| PB 0x0000000095600000| Untracked 
| 343|0x0000000095700000, 0x0000000095700000, 0x0000000095800000|  0%| F|  |TAMS 0x0000000095700000| PB 0x0000000095700000| Untracked 
| 344|0x0000000095800000, 0x0000000095800000, 0x0000000095900000|  0%| F|  |TAMS 0x0000000095800000| PB 0x0000000095800000| Untracked 
| 345|0x0000000095900000, 0x0000000095900000, 0x0000000095a00000|  0%| F|  |TAMS 0x0000000095900000| PB 0x0000000095900000| Untracked 
| 346|0x0000000095a00000, 0x0000000095a00000, 0x0000000095b00000|  0%| F|  |TAMS 0x0000000095a00000| PB 0x0000000095a00000| Untracked 
| 347|0x0000000095b00000, 0x0000000095b00000, 0x0000000095c00000|  0%| F|  |TAMS 0x0000000095b00000| PB 0x0000000095b00000| Untracked 
| 348|0x0000000095c00000, 0x0000000095c00000, 0x0000000095d00000|  0%| F|  |TAMS 0x0000000095c00000| PB 0x0000000095c00000| Untracked 
| 349|0x0000000095d00000, 0x0000000095d00000, 0x0000000095e00000|  0%| F|  |TAMS 0x0000000095d00000| PB 0x0000000095d00000| Untracked 
| 350|0x0000000095e00000, 0x0000000095e00000, 0x0000000095f00000|  0%| F|  |TAMS 0x0000000095e00000| PB 0x0000000095e00000| Untracked 
| 351|0x0000000095f00000, 0x0000000095f00000, 0x0000000096000000|  0%| F|  |TAMS 0x0000000095f00000| PB 0x0000000095f00000| Untracked 
| 352|0x0000000096000000, 0x0000000096000000, 0x0000000096100000|  0%| F|  |TAMS 0x0000000096000000| PB 0x0000000096000000| Untracked 
| 353|0x0000000096100000, 0x0000000096100000, 0x0000000096200000|  0%| F|  |TAMS 0x0000000096100000| PB 0x0000000096100000| Untracked 
| 354|0x0000000096200000, 0x0000000096200000, 0x0000000096300000|  0%| F|  |TAMS 0x0000000096200000| PB 0x0000000096200000| Untracked 
| 355|0x0000000096300000, 0x0000000096300000, 0x0000000096400000|  0%| F|  |TAMS 0x0000000096300000| PB 0x0000000096300000| Untracked 
| 356|0x0000000096400000, 0x0000000096400000, 0x0000000096500000|  0%| F|  |TAMS 0x0000000096400000| PB 0x0000000096400000| Untracked 
| 357|0x0000000096500000, 0x0000000096500000, 0x0000000096600000|  0%| F|  |TAMS 0x0000000096500000| PB 0x0000000096500000| Untracked 
| 358|0x0000000096600000, 0x0000000096600000, 0x0000000096700000|  0%| F|  |TAMS 0x0000000096600000| PB 0x0000000096600000| Untracked 
| 359|0x0000000096700000, 0x0000000096700000, 0x0000000096800000|  0%| F|  |TAMS 0x0000000096700000| PB 0x0000000096700000| Untracked 
| 360|0x0000000096800000, 0x0000000096800000, 0x0000000096900000|  0%| F|  |TAMS 0x0000000096800000| PB 0x0000000096800000| Untracked 
| 361|0x0000000096900000, 0x0000000096900000, 0x0000000096a00000|  0%| F|  |TAMS 0x0000000096900000| PB 0x0000000096900000| Untracked 
| 362|0x0000000096a00000, 0x0000000096a00000, 0x0000000096b00000|  0%| F|  |TAMS 0x0000000096a00000| PB 0x0000000096a00000| Untracked 
| 363|0x0000000096b00000, 0x0000000096b00000, 0x0000000096c00000|  0%| F|  |TAMS 0x0000000096b00000| PB 0x0000000096b00000| Untracked 
| 364|0x0000000096c00000, 0x0000000096c00000, 0x0000000096d00000|  0%| F|  |TAMS 0x0000000096c00000| PB 0x0000000096c00000| Untracked 
| 365|0x0000000096d00000, 0x0000000096d00000, 0x0000000096e00000|  0%| F|  |TAMS 0x0000000096d00000| PB 0x0000000096d00000| Untracked 
| 366|0x0000000096e00000, 0x0000000096e00000, 0x0000000096f00000|  0%| F|  |TAMS 0x0000000096e00000| PB 0x0000000096e00000| Untracked 
| 367|0x0000000096f00000, 0x0000000096f00000, 0x0000000097000000|  0%| F|  |TAMS 0x0000000096f00000| PB 0x0000000096f00000| Untracked 
| 368|0x0000000097000000, 0x0000000097000000, 0x0000000097100000|  0%| F|  |TAMS 0x0000000097000000| PB 0x0000000097000000| Untracked 
| 369|0x0000000097100000, 0x0000000097100000, 0x0000000097200000|  0%| F|  |TAMS 0x0000000097100000| PB 0x0000000097100000| Untracked 
| 370|0x0000000097200000, 0x0000000097200000, 0x0000000097300000|  0%| F|  |TAMS 0x0000000097200000| PB 0x0000000097200000| Untracked 
| 371|0x0000000097300000, 0x0000000097300000, 0x0000000097400000|  0%| F|  |TAMS 0x0000000097300000| PB 0x0000000097300000| Untracked 
| 372|0x0000000097400000, 0x0000000097400000, 0x0000000097500000|  0%| F|  |TAMS 0x0000000097400000| PB 0x0000000097400000| Untracked 
| 373|0x0000000097500000, 0x0000000097500000, 0x0000000097600000|  0%| F|  |TAMS 0x0000000097500000| PB 0x0000000097500000| Untracked 
| 374|0x0000000097600000, 0x0000000097600000, 0x0000000097700000|  0%| F|  |TAMS 0x0000000097600000| PB 0x0000000097600000| Untracked 
| 375|0x0000000097700000, 0x0000000097700000, 0x0000000097800000|  0%| F|  |TAMS 0x0000000097700000| PB 0x0000000097700000| Untracked 
| 376|0x0000000097800000, 0x0000000097800000, 0x0000000097900000|  0%| F|  |TAMS 0x0000000097800000| PB 0x0000000097800000| Untracked 
| 377|0x0000000097900000, 0x0000000097900000, 0x0000000097a00000|  0%| F|  |TAMS 0x0000000097900000| PB 0x0000000097900000| Untracked 
| 378|0x0000000097a00000, 0x0000000097a00000, 0x0000000097b00000|  0%| F|  |TAMS 0x0000000097a00000| PB 0x0000000097a00000| Untracked 
| 379|0x0000000097b00000, 0x0000000097b00000, 0x0000000097c00000|  0%| F|  |TAMS 0x0000000097b00000| PB 0x0000000097b00000| Untracked 
| 380|0x0000000097c00000, 0x0000000097c00000, 0x0000000097d00000|  0%| F|  |TAMS 0x0000000097c00000| PB 0x0000000097c00000| Untracked 
| 381|0x0000000097d00000, 0x0000000097d00000, 0x0000000097e00000|  0%| F|  |TAMS 0x0000000097d00000| PB 0x0000000097d00000| Untracked 
| 382|0x0000000097e00000, 0x0000000097e00000, 0x0000000097f00000|  0%| F|  |TAMS 0x0000000097e00000| PB 0x0000000097e00000| Untracked 
| 383|0x0000000097f00000, 0x0000000097f00000, 0x0000000098000000|  0%| F|  |TAMS 0x0000000097f00000| PB 0x0000000097f00000| Untracked 
| 384|0x0000000098000000, 0x0000000098000000, 0x0000000098100000|  0%| F|  |TAMS 0x0000000098000000| PB 0x0000000098000000| Untracked 
| 385|0x0000000098100000, 0x0000000098100000, 0x0000000098200000|  0%| F|  |TAMS 0x0000000098100000| PB 0x0000000098100000| Untracked 
| 386|0x0000000098200000, 0x0000000098200000, 0x0000000098300000|  0%| F|  |TAMS 0x0000000098200000| PB 0x0000000098200000| Untracked 
| 387|0x0000000098300000, 0x0000000098300000, 0x0000000098400000|  0%| F|  |TAMS 0x0000000098300000| PB 0x0000000098300000| Untracked 
| 388|0x0000000098400000, 0x0000000098400000, 0x0000000098500000|  0%| F|  |TAMS 0x0000000098400000| PB 0x0000000098400000| Untracked 
| 389|0x0000000098500000, 0x0000000098500000, 0x0000000098600000|  0%| F|  |TAMS 0x0000000098500000| PB 0x0000000098500000| Untracked 
| 390|0x0000000098600000, 0x0000000098600000, 0x0000000098700000|  0%| F|  |TAMS 0x0000000098600000| PB 0x0000000098600000| Untracked 
| 391|0x0000000098700000, 0x0000000098700000, 0x0000000098800000|  0%| F|  |TAMS 0x0000000098700000| PB 0x0000000098700000| Untracked 
| 392|0x0000000098800000, 0x0000000098800000, 0x0000000098900000|  0%| F|  |TAMS 0x0000000098800000| PB 0x0000000098800000| Untracked 
| 393|0x0000000098900000, 0x0000000098900000, 0x0000000098a00000|  0%| F|  |TAMS 0x0000000098900000| PB 0x0000000098900000| Untracked 
| 394|0x0000000098a00000, 0x0000000098a00000, 0x0000000098b00000|  0%| F|  |TAMS 0x0000000098a00000| PB 0x0000000098a00000| Untracked 
| 395|0x0000000098b00000, 0x0000000098b00000, 0x0000000098c00000|  0%| F|  |TAMS 0x0000000098b00000| PB 0x0000000098b00000| Untracked 
| 396|0x0000000098c00000, 0x0000000098c00000, 0x0000000098d00000|  0%| F|  |TAMS 0x0000000098c00000| PB 0x0000000098c00000| Untracked 
| 397|0x0000000098d00000, 0x0000000098d00000, 0x0000000098e00000|  0%| F|  |TAMS 0x0000000098d00000| PB 0x0000000098d00000| Untracked 
| 398|0x0000000098e00000, 0x0000000098e00000, 0x0000000098f00000|  0%| F|  |TAMS 0x0000000098e00000| PB 0x0000000098e00000| Untracked 
| 399|0x0000000098f00000, 0x0000000098f00000, 0x0000000099000000|  0%| F|  |TAMS 0x0000000098f00000| PB 0x0000000098f00000| Untracked 
| 400|0x0000000099000000, 0x0000000099000000, 0x0000000099100000|  0%| F|  |TAMS 0x0000000099000000| PB 0x0000000099000000| Untracked 
| 401|0x0000000099100000, 0x0000000099100000, 0x0000000099200000|  0%| F|  |TAMS 0x0000000099100000| PB 0x0000000099100000| Untracked 
| 402|0x0000000099200000, 0x0000000099200000, 0x0000000099300000|  0%| F|  |TAMS 0x0000000099200000| PB 0x0000000099200000| Untracked 
| 403|0x0000000099300000, 0x0000000099300000, 0x0000000099400000|  0%| F|  |TAMS 0x0000000099300000| PB 0x0000000099300000| Untracked 
| 404|0x0000000099400000, 0x0000000099400000, 0x0000000099500000|  0%| F|  |TAMS 0x0000000099400000| PB 0x0000000099400000| Untracked 
| 405|0x0000000099500000, 0x0000000099500000, 0x0000000099600000|  0%| F|  |TAMS 0x0000000099500000| PB 0x0000000099500000| Untracked 
| 406|0x0000000099600000, 0x0000000099600000, 0x0000000099700000|  0%| F|  |TAMS 0x0000000099600000| PB 0x0000000099600000| Untracked 
| 407|0x0000000099700000, 0x0000000099700000, 0x0000000099800000|  0%| F|  |TAMS 0x0000000099700000| PB 0x0000000099700000| Untracked 
| 408|0x0000000099800000, 0x0000000099800000, 0x0000000099900000|  0%| F|  |TAMS 0x0000000099800000| PB 0x0000000099800000| Untracked 
| 409|0x0000000099900000, 0x0000000099900000, 0x0000000099a00000|  0%| F|  |TAMS 0x0000000099900000| PB 0x0000000099900000| Untracked 
| 410|0x0000000099a00000, 0x0000000099a00000, 0x0000000099b00000|  0%| F|  |TAMS 0x0000000099a00000| PB 0x0000000099a00000| Untracked 
| 411|0x0000000099b00000, 0x0000000099b00000, 0x0000000099c00000|  0%| F|  |TAMS 0x0000000099b00000| PB 0x0000000099b00000| Untracked 
| 412|0x0000000099c00000, 0x0000000099c00000, 0x0000000099d00000|  0%| F|  |TAMS 0x0000000099c00000| PB 0x0000000099c00000| Untracked 
| 413|0x0000000099d00000, 0x0000000099d00000, 0x0000000099e00000|  0%| F|  |TAMS 0x0000000099d00000| PB 0x0000000099d00000| Untracked 
| 414|0x0000000099e00000, 0x0000000099e00000, 0x0000000099f00000|  0%| F|  |TAMS 0x0000000099e00000| PB 0x0000000099e00000| Untracked 
| 415|0x0000000099f00000, 0x0000000099f00000, 0x000000009a000000|  0%| F|  |TAMS 0x0000000099f00000| PB 0x0000000099f00000| Untracked 
| 416|0x000000009a000000, 0x000000009a000000, 0x000000009a100000|  0%| F|  |TAMS 0x000000009a000000| PB 0x000000009a000000| Untracked 
| 417|0x000000009a100000, 0x000000009a100000, 0x000000009a200000|  0%| F|  |TAMS 0x000000009a100000| PB 0x000000009a100000| Untracked 
| 418|0x000000009a200000, 0x000000009a200000, 0x000000009a300000|  0%| F|  |TAMS 0x000000009a200000| PB 0x000000009a200000| Untracked 
| 419|0x000000009a300000, 0x000000009a300000, 0x000000009a400000|  0%| F|  |TAMS 0x000000009a300000| PB 0x000000009a300000| Untracked 
| 420|0x000000009a400000, 0x000000009a400000, 0x000000009a500000|  0%| F|  |TAMS 0x000000009a400000| PB 0x000000009a400000| Untracked 
| 421|0x000000009a500000, 0x000000009a500000, 0x000000009a600000|  0%| F|  |TAMS 0x000000009a500000| PB 0x000000009a500000| Untracked 
| 422|0x000000009a600000, 0x000000009a600000, 0x000000009a700000|  0%| F|  |TAMS 0x000000009a600000| PB 0x000000009a600000| Untracked 
| 423|0x000000009a700000, 0x000000009a700000, 0x000000009a800000|  0%| F|  |TAMS 0x000000009a700000| PB 0x000000009a700000| Untracked 
| 424|0x000000009a800000, 0x000000009a800000, 0x000000009a900000|  0%| F|  |TAMS 0x000000009a800000| PB 0x000000009a800000| Untracked 
| 425|0x000000009a900000, 0x000000009a900000, 0x000000009aa00000|  0%| F|  |TAMS 0x000000009a900000| PB 0x000000009a900000| Untracked 
| 426|0x000000009aa00000, 0x000000009aa00000, 0x000000009ab00000|  0%| F|  |TAMS 0x000000009aa00000| PB 0x000000009aa00000| Untracked 
| 427|0x000000009ab00000, 0x000000009ab00000, 0x000000009ac00000|  0%| F|  |TAMS 0x000000009ab00000| PB 0x000000009ab00000| Untracked 
| 428|0x000000009ac00000, 0x000000009ac00000, 0x000000009ad00000|  0%| F|  |TAMS 0x000000009ac00000| PB 0x000000009ac00000| Untracked 
| 429|0x000000009ad00000, 0x000000009ad00000, 0x000000009ae00000|  0%| F|  |TAMS 0x000000009ad00000| PB 0x000000009ad00000| Untracked 
| 430|0x000000009ae00000, 0x000000009ae00000, 0x000000009af00000|  0%| F|  |TAMS 0x000000009ae00000| PB 0x000000009ae00000| Untracked 
| 431|0x000000009af00000, 0x000000009af00000, 0x000000009b000000|  0%| F|  |TAMS 0x000000009af00000| PB 0x000000009af00000| Untracked 
| 432|0x000000009b000000, 0x000000009b000000, 0x000000009b100000|  0%| F|  |TAMS 0x000000009b000000| PB 0x000000009b000000| Untracked 
| 433|0x000000009b100000, 0x000000009b100000, 0x000000009b200000|  0%| F|  |TAMS 0x000000009b100000| PB 0x000000009b100000| Untracked 
| 434|0x000000009b200000, 0x000000009b200000, 0x000000009b300000|  0%| F|  |TAMS 0x000000009b200000| PB 0x000000009b200000| Untracked 
| 435|0x000000009b300000, 0x000000009b300000, 0x000000009b400000|  0%| F|  |TAMS 0x000000009b300000| PB 0x000000009b300000| Untracked 
| 436|0x000000009b400000, 0x000000009b400000, 0x000000009b500000|  0%| F|  |TAMS 0x000000009b400000| PB 0x000000009b400000| Untracked 
| 437|0x000000009b500000, 0x000000009b500000, 0x000000009b600000|  0%| F|  |TAMS 0x000000009b500000| PB 0x000000009b500000| Untracked 
| 438|0x000000009b600000, 0x000000009b600000, 0x000000009b700000|  0%| F|  |TAMS 0x000000009b600000| PB 0x000000009b600000| Untracked 
| 439|0x000000009b700000, 0x000000009b700000, 0x000000009b800000|  0%| F|  |TAMS 0x000000009b700000| PB 0x000000009b700000| Untracked 
| 440|0x000000009b800000, 0x000000009b800000, 0x000000009b900000|  0%| F|  |TAMS 0x000000009b800000| PB 0x000000009b800000| Untracked 
| 441|0x000000009b900000, 0x000000009b900000, 0x000000009ba00000|  0%| F|  |TAMS 0x000000009b900000| PB 0x000000009b900000| Untracked 
| 442|0x000000009ba00000, 0x000000009ba00000, 0x000000009bb00000|  0%| F|  |TAMS 0x000000009ba00000| PB 0x000000009ba00000| Untracked 
| 443|0x000000009bb00000, 0x000000009bb00000, 0x000000009bc00000|  0%| F|  |TAMS 0x000000009bb00000| PB 0x000000009bb00000| Untracked 
| 444|0x000000009bc00000, 0x000000009bc00000, 0x000000009bd00000|  0%| F|  |TAMS 0x000000009bc00000| PB 0x000000009bc00000| Untracked 
| 445|0x000000009bd00000, 0x000000009bd00000, 0x000000009be00000|  0%| F|  |TAMS 0x000000009bd00000| PB 0x000000009bd00000| Untracked 
| 446|0x000000009be00000, 0x000000009be00000, 0x000000009bf00000|  0%| F|  |TAMS 0x000000009be00000| PB 0x000000009be00000| Untracked 
| 447|0x000000009bf00000, 0x000000009bf00000, 0x000000009c000000|  0%| F|  |TAMS 0x000000009bf00000| PB 0x000000009bf00000| Untracked 
| 448|0x000000009c000000, 0x000000009c000000, 0x000000009c100000|  0%| F|  |TAMS 0x000000009c000000| PB 0x000000009c000000| Untracked 
| 449|0x000000009c100000, 0x000000009c100000, 0x000000009c200000|  0%| F|  |TAMS 0x000000009c100000| PB 0x000000009c100000| Untracked 
| 450|0x000000009c200000, 0x000000009c200000, 0x000000009c300000|  0%| F|  |TAMS 0x000000009c200000| PB 0x000000009c200000| Untracked 
| 451|0x000000009c300000, 0x000000009c300000, 0x000000009c400000|  0%| F|  |TAMS 0x000000009c300000| PB 0x000000009c300000| Untracked 
| 452|0x000000009c400000, 0x000000009c400000, 0x000000009c500000|  0%| F|  |TAMS 0x000000009c400000| PB 0x000000009c400000| Untracked 
| 453|0x000000009c500000, 0x000000009c500000, 0x000000009c600000|  0%| F|  |TAMS 0x000000009c500000| PB 0x000000009c500000| Untracked 
| 454|0x000000009c600000, 0x000000009c600000, 0x000000009c700000|  0%| F|  |TAMS 0x000000009c600000| PB 0x000000009c600000| Untracked 
| 455|0x000000009c700000, 0x000000009c700000, 0x000000009c800000|  0%| F|  |TAMS 0x000000009c700000| PB 0x000000009c700000| Untracked 
| 456|0x000000009c800000, 0x000000009c800000, 0x000000009c900000|  0%| F|  |TAMS 0x000000009c800000| PB 0x000000009c800000| Untracked 
| 457|0x000000009c900000, 0x000000009c900000, 0x000000009ca00000|  0%| F|  |TAMS 0x000000009c900000| PB 0x000000009c900000| Untracked 
| 458|0x000000009ca00000, 0x000000009ca00000, 0x000000009cb00000|  0%| F|  |TAMS 0x000000009ca00000| PB 0x000000009ca00000| Untracked 
| 459|0x000000009cb00000, 0x000000009cb00000, 0x000000009cc00000|  0%| F|  |TAMS 0x000000009cb00000| PB 0x000000009cb00000| Untracked 
| 460|0x000000009cc00000, 0x000000009cc00000, 0x000000009cd00000|  0%| F|  |TAMS 0x000000009cc00000| PB 0x000000009cc00000| Untracked 
| 461|0x000000009cd00000, 0x000000009cd00000, 0x000000009ce00000|  0%| F|  |TAMS 0x000000009cd00000| PB 0x000000009cd00000| Untracked 
| 462|0x000000009ce00000, 0x000000009ce00000, 0x000000009cf00000|  0%| F|  |TAMS 0x000000009ce00000| PB 0x000000009ce00000| Untracked 
| 463|0x000000009cf00000, 0x000000009cf00000, 0x000000009d000000|  0%| F|  |TAMS 0x000000009cf00000| PB 0x000000009cf00000| Untracked 
| 464|0x000000009d000000, 0x000000009d000000, 0x000000009d100000|  0%| F|  |TAMS 0x000000009d000000| PB 0x000000009d000000| Untracked 
| 465|0x000000009d100000, 0x000000009d100000, 0x000000009d200000|  0%| F|  |TAMS 0x000000009d100000| PB 0x000000009d100000| Untracked 
| 466|0x000000009d200000, 0x000000009d200000, 0x000000009d300000|  0%| F|  |TAMS 0x000000009d200000| PB 0x000000009d200000| Untracked 
| 467|0x000000009d300000, 0x000000009d300000, 0x000000009d400000|  0%| F|  |TAMS 0x000000009d300000| PB 0x000000009d300000| Untracked 
| 468|0x000000009d400000, 0x000000009d400000, 0x000000009d500000|  0%| F|  |TAMS 0x000000009d400000| PB 0x000000009d400000| Untracked 
| 469|0x000000009d500000, 0x000000009d500000, 0x000000009d600000|  0%| F|  |TAMS 0x000000009d500000| PB 0x000000009d500000| Untracked 
| 470|0x000000009d600000, 0x000000009d600000, 0x000000009d700000|  0%| F|  |TAMS 0x000000009d600000| PB 0x000000009d600000| Untracked 
| 471|0x000000009d700000, 0x000000009d700000, 0x000000009d800000|  0%| F|  |TAMS 0x000000009d700000| PB 0x000000009d700000| Untracked 
| 472|0x000000009d800000, 0x000000009d800000, 0x000000009d900000|  0%| F|  |TAMS 0x000000009d800000| PB 0x000000009d800000| Untracked 
| 473|0x000000009d900000, 0x000000009d900000, 0x000000009da00000|  0%| F|  |TAMS 0x000000009d900000| PB 0x000000009d900000| Untracked 
| 474|0x000000009da00000, 0x000000009da00000, 0x000000009db00000|  0%| F|  |TAMS 0x000000009da00000| PB 0x000000009da00000| Untracked 
| 475|0x000000009db00000, 0x000000009db00000, 0x000000009dc00000|  0%| F|  |TAMS 0x000000009db00000| PB 0x000000009db00000| Untracked 
| 476|0x000000009dc00000, 0x000000009dc00000, 0x000000009dd00000|  0%| F|  |TAMS 0x000000009dc00000| PB 0x000000009dc00000| Untracked 
| 477|0x000000009dd00000, 0x000000009dd00000, 0x000000009de00000|  0%| F|  |TAMS 0x000000009dd00000| PB 0x000000009dd00000| Untracked 
| 478|0x000000009de00000, 0x000000009de00000, 0x000000009df00000|  0%| F|  |TAMS 0x000000009de00000| PB 0x000000009de00000| Untracked 
|1982|0x00000000fbe00000, 0x00000000fbe00000, 0x00000000fbf00000|  0%| F|  |TAMS 0x00000000fbe00000| PB 0x00000000fbe00000| Untracked 
|1983|0x00000000fbf00000, 0x00000000fbf00000, 0x00000000fc000000|  0%| F|  |TAMS 0x00000000fbf00000| PB 0x00000000fbf00000| Untracked 
|1984|0x00000000fc000000, 0x00000000fc000000, 0x00000000fc100000|  0%| F|  |TAMS 0x00000000fc000000| PB 0x00000000fc000000| Untracked 
|1985|0x00000000fc100000, 0x00000000fc100000, 0x00000000fc200000|  0%| F|  |TAMS 0x00000000fc100000| PB 0x00000000fc100000| Untracked 
|1986|0x00000000fc200000, 0x00000000fc200000, 0x00000000fc300000|  0%| F|  |TAMS 0x00000000fc200000| PB 0x00000000fc200000| Untracked 
|1987|0x00000000fc300000, 0x00000000fc300000, 0x00000000fc400000|  0%| F|  |TAMS 0x00000000fc300000| PB 0x00000000fc300000| Untracked 
|1988|0x00000000fc400000, 0x00000000fc400000, 0x00000000fc500000|  0%| F|  |TAMS 0x00000000fc400000| PB 0x00000000fc400000| Untracked 
|1989|0x00000000fc500000, 0x00000000fc500000, 0x00000000fc600000|  0%| F|  |TAMS 0x00000000fc500000| PB 0x00000000fc500000| Untracked 
|1990|0x00000000fc600000, 0x00000000fc600000, 0x00000000fc700000|  0%| F|  |TAMS 0x00000000fc600000| PB 0x00000000fc600000| Untracked 
|1991|0x00000000fc700000, 0x00000000fc700000, 0x00000000fc800000|  0%| F|  |TAMS 0x00000000fc700000| PB 0x00000000fc700000| Untracked 
|1992|0x00000000fc800000, 0x00000000fc800000, 0x00000000fc900000|  0%| F|  |TAMS 0x00000000fc800000| PB 0x00000000fc800000| Untracked 
|1993|0x00000000fc900000, 0x00000000fc900000, 0x00000000fca00000|  0%| F|  |TAMS 0x00000000fc900000| PB 0x00000000fc900000| Untracked 
|1994|0x00000000fca00000, 0x00000000fca00000, 0x00000000fcb00000|  0%| F|  |TAMS 0x00000000fca00000| PB 0x00000000fca00000| Untracked 
|1995|0x00000000fcb00000, 0x00000000fcb00000, 0x00000000fcc00000|  0%| F|  |TAMS 0x00000000fcb00000| PB 0x00000000fcb00000| Untracked 
|1996|0x00000000fcc00000, 0x00000000fcc00000, 0x00000000fcd00000|  0%| F|  |TAMS 0x00000000fcc00000| PB 0x00000000fcc00000| Untracked 
|1997|0x00000000fcd00000, 0x00000000fcd00000, 0x00000000fce00000|  0%| F|  |TAMS 0x00000000fcd00000| PB 0x00000000fcd00000| Untracked 
|1998|0x00000000fce00000, 0x00000000fce00000, 0x00000000fcf00000|  0%| F|  |TAMS 0x00000000fce00000| PB 0x00000000fce00000| Untracked 
|1999|0x00000000fcf00000, 0x00000000fcf00000, 0x00000000fd000000|  0%| F|  |TAMS 0x00000000fcf00000| PB 0x00000000fcf00000| Untracked 
|2000|0x00000000fd000000, 0x00000000fd000000, 0x00000000fd100000|  0%| F|  |TAMS 0x00000000fd000000| PB 0x00000000fd000000| Untracked 
|2001|0x00000000fd100000, 0x00000000fd100000, 0x00000000fd200000|  0%| F|  |TAMS 0x00000000fd100000| PB 0x00000000fd100000| Untracked 
|2002|0x00000000fd200000, 0x00000000fd200000, 0x00000000fd300000|  0%| F|  |TAMS 0x00000000fd200000| PB 0x00000000fd200000| Untracked 
|2003|0x00000000fd300000, 0x00000000fd300000, 0x00000000fd400000|  0%| F|  |TAMS 0x00000000fd300000| PB 0x00000000fd300000| Untracked 
|2004|0x00000000fd400000, 0x00000000fd400000, 0x00000000fd500000|  0%| F|  |TAMS 0x00000000fd400000| PB 0x00000000fd400000| Untracked 
|2005|0x00000000fd500000, 0x00000000fd500000, 0x00000000fd600000|  0%| F|  |TAMS 0x00000000fd500000| PB 0x00000000fd500000| Untracked 
|2006|0x00000000fd600000, 0x00000000fd600000, 0x00000000fd700000|  0%| F|  |TAMS 0x00000000fd600000| PB 0x00000000fd600000| Untracked 
|2007|0x00000000fd700000, 0x00000000fd700000, 0x00000000fd800000|  0%| F|  |TAMS 0x00000000fd700000| PB 0x00000000fd700000| Untracked 
|2008|0x00000000fd800000, 0x00000000fd800000, 0x00000000fd900000|  0%| F|  |TAMS 0x00000000fd800000| PB 0x00000000fd800000| Untracked 
|2009|0x00000000fd900000, 0x00000000fd9f8db0, 0x00000000fda00000| 97%| E|  |TAMS 0x00000000fd900000| PB 0x00000000fd900000| Complete 
|2010|0x00000000fda00000, 0x00000000fdb00000, 0x00000000fdb00000|100%| E|CS|TAMS 0x00000000fda00000| PB 0x00000000fda00000| Complete 
|2011|0x00000000fdb00000, 0x00000000fdc00000, 0x00000000fdc00000|100%| E|CS|TAMS 0x00000000fdb00000| PB 0x00000000fdb00000| Complete 
|2012|0x00000000fdc00000, 0x00000000fdcff8e8, 0x00000000fdd00000| 99%| E|  |TAMS 0x00000000fdc00000| PB 0x00000000fdc00000| Complete 
|2013|0x00000000fdd00000, 0x00000000fde00000, 0x00000000fde00000|100%| E|CS|TAMS 0x00000000fdd00000| PB 0x00000000fdd00000| Complete 
|2014|0x00000000fde00000, 0x00000000fdf00000, 0x00000000fdf00000|100%| E|CS|TAMS 0x00000000fde00000| PB 0x00000000fde00000| Complete 
|2015|0x00000000fdf00000, 0x00000000fe000000, 0x00000000fe000000|100%| E|CS|TAMS 0x00000000fdf00000| PB 0x00000000fdf00000| Complete 
|2016|0x00000000fe000000, 0x00000000fe100000, 0x00000000fe100000|100%| E|CS|TAMS 0x00000000fe000000| PB 0x00000000fe000000| Complete 
|2017|0x00000000fe100000, 0x00000000fe200000, 0x00000000fe200000|100%| E|CS|TAMS 0x00000000fe100000| PB 0x00000000fe100000| Complete 
|2018|0x00000000fe200000, 0x00000000fe300000, 0x00000000fe300000|100%| E|CS|TAMS 0x00000000fe200000| PB 0x00000000fe200000| Complete 
|2019|0x00000000fe300000, 0x00000000fe400000, 0x00000000fe400000|100%| E|CS|TAMS 0x00000000fe300000| PB 0x00000000fe300000| Complete 
|2020|0x00000000fe400000, 0x00000000fe500000, 0x00000000fe500000|100%| E|CS|TAMS 0x00000000fe400000| PB 0x00000000fe400000| Complete 
|2021|0x00000000fe500000, 0x00000000fe600000, 0x00000000fe600000|100%| E|CS|TAMS 0x00000000fe500000| PB 0x00000000fe500000| Complete 
|2022|0x00000000fe600000, 0x00000000fe700000, 0x00000000fe700000|100%| E|CS|TAMS 0x00000000fe600000| PB 0x00000000fe600000| Complete 
|2023|0x00000000fe700000, 0x00000000fe800000, 0x00000000fe800000|100%| E|CS|TAMS 0x00000000fe700000| PB 0x00000000fe700000| Complete 
|2024|0x00000000fe800000, 0x00000000fe900000, 0x00000000fe900000|100%| E|CS|TAMS 0x00000000fe800000| PB 0x00000000fe800000| Complete 
|2025|0x00000000fe900000, 0x00000000fea00000, 0x00000000fea00000|100%| E|CS|TAMS 0x00000000fe900000| PB 0x00000000fe900000| Complete 
|2026|0x00000000fea00000, 0x00000000feb00000, 0x00000000feb00000|100%| E|CS|TAMS 0x00000000fea00000| PB 0x00000000fea00000| Complete 
|2027|0x00000000feb00000, 0x00000000fec00000, 0x00000000fec00000|100%| E|CS|TAMS 0x00000000feb00000| PB 0x00000000feb00000| Complete 
|2028|0x00000000fec00000, 0x00000000fed00000, 0x00000000fed00000|100%| E|CS|TAMS 0x00000000fec00000| PB 0x00000000fec00000| Complete 
|2029|0x00000000fed00000, 0x00000000fee00000, 0x00000000fee00000|100%| E|CS|TAMS 0x00000000fed00000| PB 0x00000000fed00000| Complete 
|2030|0x00000000fee00000, 0x00000000fef00000, 0x00000000fef00000|100%| E|CS|TAMS 0x00000000fee00000| PB 0x00000000fee00000| Complete 
|2031|0x00000000fef00000, 0x00000000ff000000, 0x00000000ff000000|100%| E|CS|TAMS 0x00000000fef00000| PB 0x00000000fef00000| Complete 
|2032|0x00000000ff000000, 0x00000000ff100000, 0x00000000ff100000|100%| E|CS|TAMS 0x00000000ff000000| PB 0x00000000ff000000| Complete 
|2033|0x00000000ff100000, 0x00000000ff200000, 0x00000000ff200000|100%| E|CS|TAMS 0x00000000ff100000| PB 0x00000000ff100000| Complete 
|2034|0x00000000ff200000, 0x00000000ff300000, 0x00000000ff300000|100%| E|CS|TAMS 0x00000000ff200000| PB 0x00000000ff200000| Complete 
|2035|0x00000000ff300000, 0x00000000ff400000, 0x00000000ff400000|100%| E|CS|TAMS 0x00000000ff300000| PB 0x00000000ff300000| Complete 
|2036|0x00000000ff400000, 0x00000000ff500000, 0x00000000ff500000|100%| E|CS|TAMS 0x00000000ff400000| PB 0x00000000ff400000| Complete 
|2037|0x00000000ff500000, 0x00000000ff600000, 0x00000000ff600000|100%| E|CS|TAMS 0x00000000ff500000| PB 0x00000000ff500000| Complete 
|2038|0x00000000ff600000, 0x00000000ff700000, 0x00000000ff700000|100%| E|CS|TAMS 0x00000000ff600000| PB 0x00000000ff600000| Complete 
|2039|0x00000000ff700000, 0x00000000ff800000, 0x00000000ff800000|100%| E|CS|TAMS 0x00000000ff700000| PB 0x00000000ff700000| Complete 
|2040|0x00000000ff800000, 0x00000000ff900000, 0x00000000ff900000|100%| E|CS|TAMS 0x00000000ff800000| PB 0x00000000ff800000| Complete 
|2041|0x00000000ff900000, 0x00000000ffa00000, 0x00000000ffa00000|100%| E|CS|TAMS 0x00000000ff900000| PB 0x00000000ff900000| Complete 
|2042|0x00000000ffa00000, 0x00000000ffb00000, 0x00000000ffb00000|100%| E|CS|TAMS 0x00000000ffa00000| PB 0x00000000ffa00000| Complete 
|2043|0x00000000ffb00000, 0x00000000ffc00000, 0x00000000ffc00000|100%| E|CS|TAMS 0x00000000ffb00000| PB 0x00000000ffb00000| Complete 
|2044|0x00000000ffc00000, 0x00000000ffd00000, 0x00000000ffd00000|100%| E|CS|TAMS 0x00000000ffc00000| PB 0x00000000ffc00000| Complete 
|2045|0x00000000ffd00000, 0x00000000ffe00000, 0x00000000ffe00000|100%| E|CS|TAMS 0x00000000ffd00000| PB 0x00000000ffd00000| Complete 
|2046|0x00000000ffe00000, 0x00000000fff00000, 0x00000000fff00000|100%| O|  |TAMS 0x00000000ffe00000| PB 0x00000000ffe00000| Untracked 
|2047|0x00000000fff00000, 0x0000000100000000, 0x0000000100000000|100%| O|  |TAMS 0x00000000fff00000| PB 0x00000000fff00000| Untracked 

Card table byte_map: [0x000001ed1b860000,0x000001ed1bc60000] _byte_map_base: 0x000001ed1b460000

Marking Bits: (CMBitMap*) 0x000001ed06a1e630
 Bits: [0x000001ed1bc60000, 0x000001ed1dc60000)

Polling page: 0x000001ed06bc0000

Metaspace:

Usage:
  Non-class:    173.63 MB used.
      Class:     26.07 MB used.
       Both:    199.70 MB used.

Virtual space:
  Non-class space:      192.00 MB reserved,     174.88 MB ( 91%) committed,  3 nodes.
      Class space:        1.00 GB reserved,      27.19 MB (  3%) committed,  1 nodes.
             Both:        1.19 GB reserved,     202.06 MB ( 17%) committed. 

Chunk freelists:
   Non-Class:  816.00 KB
       Class:  4.63 MB
        Both:  5.42 MB

MaxMetaspaceSize: unlimited
CompressedClassSpaceSize: 1.00 GB
Initial GC threshold: 21.00 MB
Current GC threshold: 330.25 MB
CDS: off
 - commit_granule_bytes: 65536.
 - commit_granule_words: 8192.
 - virtual_space_node_default_size: 8388608.
 - enlarge_chunks_in_place: 1.
 - use_allocation_guard: 0.


Internal statistics:

num_allocs_failed_limit: 12.
num_arena_births: 4724.
num_arena_deaths: 6.
num_vsnodes_births: 4.
num_vsnodes_deaths: 0.
num_space_committed: 3230.
num_space_uncommitted: 0.
num_chunks_returned_to_freelist: 21.
num_chunks_taken_from_freelist: 12627.
num_chunk_merges: 12.
num_chunk_splits: 8939.
num_chunks_enlarged: 6408.
num_inconsistent_stats: 0.

CodeHeap 'non-profiled nmethods': size=120000Kb used=17445Kb max_used=18567Kb free=102554Kb
 bounds [0x000001ed139e0000, 0x000001ed14c10000, 0x000001ed1af10000]
CodeHeap 'profiled nmethods': size=120000Kb used=37798Kb max_used=41440Kb free=82201Kb
 bounds [0x000001ed0bf10000, 0x000001ed0e790000, 0x000001ed13440000]
CodeHeap 'non-nmethods': size=5760Kb used=2335Kb max_used=2442Kb free=3424Kb
 bounds [0x000001ed13440000, 0x000001ed136b0000, 0x000001ed139e0000]
CodeCache: size=245760Kb, used=57578Kb, max_used=62449Kb, free=188179Kb
 total_blobs=19750, nmethods=18575, adapters=1077, full_count=0
Compilation: enabled, stopped_count=0, restarted_count=0

Compilation events (20 events):
Event: 75.512 Thread 0x000001ed20af8cf0 26835       4       com.google.common.cache.LocalCache$LocalManualCache::getIfPresent (9 bytes)
Event: 75.529 Thread 0x000001ed20af8cf0 nmethod 26835 0x000001ed1482be90 code [0x000001ed1482c1e0, 0x000001ed1482d990]
Event: 76.139 Thread 0x000001ed20afb7a0 26836   !   3       java.nio.file.FileTreeWalker::next (144 bytes)
Event: 76.140 Thread 0x000001ed20afb7a0 nmethod 26836 0x000001ed0c1a4110 code [0x000001ed0c1a43e0, 0x000001ed0c1a51c8]
Event: 76.485 Thread 0x000001ed20af8cf0 26837       4       org.gradle.internal.serialize.kryo.KryoBackedEncoder::<init> (18 bytes)
Event: 76.488 Thread 0x000001ed20af8cf0 nmethod 26837 0x000001ed13ef6410 code [0x000001ed13ef65c0, 0x000001ed13ef6ab8]
Event: 76.807 Thread 0x000001ed20afb7a0 26838       3       java.nio.file.FileTreeWalker$Event::<init> (9 bytes)
Event: 76.807 Thread 0x000001ed20afb7a0 nmethod 26838 0x000001ed0ce72190 code [0x000001ed0ce72340, 0x000001ed0ce72648]
Event: 78.516 Thread 0x000001ed20af8cf0 26839       4       java.lang.String::encodeUTF8 (141 bytes)
Event: 78.521 Thread 0x000001ed20af8cf0 nmethod 26839 0x000001ed13d5cd10 code [0x000001ed13d5cee0, 0x000001ed13d5d578]
Event: 78.917 Thread 0x000001ed20af8cf0 26840       4       org.gradle.internal.snapshot.DirectorySnapshot$$Lambda/0x000000010079d5f0::apply (8 bytes)
Event: 78.919 Thread 0x000001ed20af8cf0 nmethod 26840 0x000001ed13fe5a90 code [0x000001ed13fe5c40, 0x000001ed13fe5f78]
Event: 79.455 Thread 0x000001ed20af8cf0 26841       4       org.gradle.cache.internal.filelock.DefaultLockStateSerializer$SequenceNumberLockState::isDirty (27 bytes)
Event: 79.455 Thread 0x000001ed20af8cf0 nmethod 26841 0x000001ed142beb10 code [0x000001ed142beca0, 0x000001ed142bed88]
Event: 79.477 Thread 0x000001ed20af8cf0 26842       4       org.gradle.cache.internal.DefaultFileLockManager$DefaultFileLock::assertOpenAndIntegral (41 bytes)
Event: 79.477 Thread 0x000001ed20af8cf0 nmethod 26842 0x000001ed13ee6590 code [0x000001ed13ee6720, 0x000001ed13ee6870]
Event: 79.542 Thread 0x000001ed20afb7a0 26843       3       java.util.HashMap$Values::spliterator (16 bytes)
Event: 79.542 Thread 0x000001ed20afb7a0 nmethod 26843 0x000001ed0c682d90 code [0x000001ed0c682f40, 0x000001ed0c683100]
Event: 79.542 Thread 0x000001ed20afb7a0 26844       3       java.util.HashMap$ValueSpliterator::<init> (12 bytes)
Event: 79.542 Thread 0x000001ed20afb7a0 nmethod 26844 0x000001ed0c9afc10 code [0x000001ed0c9afdc0, 0x000001ed0c9afff0]

GC Heap History (20 events):
Event: 45.088 GC heap before
{Heap before GC invocations=89 (full 0):
 garbage-first heap   total 558080K, used 479232K [0x0000000080000000, 0x0000000100000000)
  region size 1024K, 235 young (240640K), 10 survivors (10240K)
 Metaspace       used 176017K, committed 178048K, reserved 1245184K
  class space    used 22838K, committed 23808K, reserved 1048576K
}
Event: 45.105 GC heap after
{Heap after GC invocations=90 (full 0):
 garbage-first heap   total 558080K, used 273408K [0x0000000080000000, 0x0000000100000000)
  region size 1024K, 30 young (30720K), 30 survivors (30720K)
 Metaspace       used 176017K, committed 178048K, reserved 1245184K
  class space    used 22838K, committed 23808K, reserved 1048576K
}
Event: 47.163 GC heap before
{Heap before GC invocations=90 (full 0):
 garbage-first heap   total 558080K, used 498688K [0x0000000080000000, 0x0000000100000000)
  region size 1024K, 245 young (250880K), 30 survivors (30720K)
 Metaspace       used 192696K, committed 195008K, reserved 1245184K
  class space    used 25314K, committed 26432K, reserved 1048576K
}
Event: 47.184 GC heap after
{Heap after GC invocations=91 (full 0):
 garbage-first heap   total 558080K, used 283211K [0x0000000080000000, 0x0000000100000000)
  region size 1024K, 14 young (14336K), 14 survivors (14336K)
 Metaspace       used 192696K, committed 195008K, reserved 1245184K
  class space    used 25314K, committed 26432K, reserved 1048576K
}
Event: 51.785 GC heap before
{Heap before GC invocations=91 (full 0):
 garbage-first heap   total 558080K, used 315979K [0x0000000080000000, 0x0000000100000000)
  region size 1024K, 48 young (49152K), 14 survivors (14336K)
 Metaspace       used 195316K, committed 197632K, reserved 1245184K
  class space    used 25501K, committed 26624K, reserved 1048576K
}
Event: 51.793 GC heap after
{Heap after GC invocations=92 (full 0):
 garbage-first heap   total 558080K, used 283533K [0x0000000080000000, 0x0000000100000000)
  region size 1024K, 15 young (15360K), 15 survivors (15360K)
 Metaspace       used 195316K, committed 197632K, reserved 1245184K
  class space    used 25501K, committed 26624K, reserved 1048576K
}
Event: 53.118 GC heap before
{Heap before GC invocations=93 (full 0):
 garbage-first heap   total 558080K, used 473997K [0x0000000080000000, 0x0000000100000000)
  region size 1024K, 234 young (239616K), 15 survivors (15360K)
 Metaspace       used 196671K, committed 199040K, reserved 1245184K
  class space    used 25742K, committed 26880K, reserved 1048576K
}
Event: 53.135 GC heap after
{Heap after GC invocations=94 (full 0):
 garbage-first heap   total 558080K, used 266611K [0x0000000080000000, 0x0000000100000000)
  region size 1024K, 30 young (30720K), 30 survivors (30720K)
 Metaspace       used 196671K, committed 199040K, reserved 1245184K
  class space    used 25742K, committed 26880K, reserved 1048576K
}
Event: 53.623 GC heap before
{Heap before GC invocations=94 (full 0):
 garbage-first heap   total 558080K, used 503155K [0x0000000080000000, 0x0000000100000000)
  region size 1024K, 259 young (265216K), 30 survivors (30720K)
 Metaspace       used 196673K, committed 199040K, reserved 1245184K
  class space    used 25742K, committed 26880K, reserved 1048576K
}
Event: 53.639 GC heap after
{Heap after GC invocations=95 (full 0):
 garbage-first heap   total 558080K, used 215475K [0x0000000080000000, 0x0000000100000000)
  region size 1024K, 21 young (21504K), 21 survivors (21504K)
 Metaspace       used 196673K, committed 199040K, reserved 1245184K
  class space    used 25742K, committed 26880K, reserved 1048576K
}
Event: 54.172 GC heap before
{Heap before GC invocations=95 (full 0):
 garbage-first heap   total 558080K, used 496051K [0x0000000080000000, 0x0000000100000000)
  region size 1024K, 295 young (302080K), 21 survivors (21504K)
 Metaspace       used 196675K, committed 199040K, reserved 1245184K
  class space    used 25743K, committed 26880K, reserved 1048576K
}
Event: 54.185 GC heap after
{Heap after GC invocations=96 (full 0):
 garbage-first heap   total 558080K, used 193745K [0x0000000080000000, 0x0000000100000000)
  region size 1024K, 23 young (23552K), 23 survivors (23552K)
 Metaspace       used 196675K, committed 199040K, reserved 1245184K
  class space    used 25743K, committed 26880K, reserved 1048576K
}
Event: 55.070 GC heap before
{Heap before GC invocations=96 (full 0):
 garbage-first heap   total 558080K, used 502993K [0x0000000080000000, 0x0000000100000000)
  region size 1024K, 321 young (328704K), 23 survivors (23552K)
 Metaspace       used 197031K, committed 199488K, reserved 1245184K
  class space    used 25775K, committed 26944K, reserved 1048576K
}
Event: 55.080 GC heap after
{Heap after GC invocations=97 (full 0):
 garbage-first heap   total 558080K, used 197269K [0x0000000080000000, 0x0000000100000000)
  region size 1024K, 24 young (24576K), 24 survivors (24576K)
 Metaspace       used 197031K, committed 199488K, reserved 1245184K
  class space    used 25775K, committed 26944K, reserved 1048576K
}
Event: 55.567 GC heap before
{Heap before GC invocations=97 (full 0):
 garbage-first heap   total 558080K, used 506517K [0x0000000080000000, 0x0000000100000000)
  region size 1024K, 327 young (334848K), 24 survivors (24576K)
 Metaspace       used 197051K, committed 199488K, reserved 1245184K
  class space    used 25776K, committed 26944K, reserved 1048576K
}
Event: 55.587 GC heap after
{Heap after GC invocations=98 (full 0):
 garbage-first heap   total 558080K, used 204288K [0x0000000080000000, 0x0000000100000000)
  region size 1024K, 14 young (14336K), 14 survivors (14336K)
 Metaspace       used 197051K, committed 199488K, reserved 1245184K
  class space    used 25776K, committed 26944K, reserved 1048576K
}
Event: 57.206 GC heap before
{Heap before GC invocations=98 (full 0):
 garbage-first heap   total 558080K, used 516608K [0x0000000080000000, 0x0000000100000000)
  region size 1024K, 319 young (326656K), 14 survivors (14336K)
 Metaspace       used 200321K, committed 202816K, reserved 1245184K
  class space    used 26174K, committed 27392K, reserved 1048576K
}
Event: 57.216 GC heap after
{Heap after GC invocations=99 (full 0):
 garbage-first heap   total 558080K, used 209408K [0x0000000080000000, 0x0000000100000000)
  region size 1024K, 19 young (19456K), 19 survivors (19456K)
 Metaspace       used 200321K, committed 202816K, reserved 1245184K
  class space    used 26174K, committed 27392K, reserved 1048576K
}
Event: 72.007 GC heap before
{Heap before GC invocations=100 (full 0):
 garbage-first heap   total 558080K, used 527872K [0x0000000080000000, 0x0000000100000000)
  region size 1024K, 322 young (329728K), 19 survivors (19456K)
 Metaspace       used 204480K, committed 206912K, reserved 1245184K
  class space    used 26695K, committed 27840K, reserved 1048576K
}
Event: 72.018 GC heap after
{Heap after GC invocations=101 (full 0):
 garbage-first heap   total 558080K, used 225156K [0x0000000080000000, 0x0000000100000000)
  region size 1024K, 25 young (25600K), 25 survivors (25600K)
 Metaspace       used 204480K, committed 206912K, reserved 1245184K
  class space    used 26695K, committed 27840K, reserved 1048576K
}

Dll operation events (3 events):
Event: 0.011 Loaded shared library D:\Android Internship Project\jbr\bin\java.dll
Event: 0.018 Loaded shared library D:\Android Internship Project\jbr\bin\zip.dll
Event: 0.546 Loaded shared library D:\Android Internship Project\jbr\bin\verify.dll

Deoptimization events (20 events):
Event: 79.838 Thread 0x000001ed2774fd80 Uncommon trap: trap_request=0xffffffc6 fr.pc=0x000001ed13b7b0a8 relative=0x0000000000000928
Event: 79.838 Thread 0x000001ed2774fd80 Uncommon trap: reason=bimorphic_or_optimized_type_check action=maybe_recompile pc=0x000001ed13b7b0a8 method=java.lang.Throwable.<init>(Ljava/lang/String;Ljava/lang/Throwable;)V @ 24 c2
Event: 79.838 Thread 0x000001ed2774fd80 DEOPT PACKING pc=0x000001ed13b7b0a8 sp=0x0000003abd4f4b80
Event: 79.838 Thread 0x000001ed2774fd80 DEOPT UNPACKING pc=0x000001ed134943a2 sp=0x0000003abd4f4b48 mode 2
Event: 79.838 Thread 0x000001ed2774fd80 Uncommon trap: trap_request=0xffffff45 fr.pc=0x000001ed14bfb960 relative=0x00000000000016a0
Event: 79.838 Thread 0x000001ed2774fd80 Uncommon trap: reason=unstable_if action=reinterpret pc=0x000001ed14bfb960 method=org.gradle.internal.operations.BuildOperationProgressEventListenerAdapter.stop(Lorg/gradle/internal/operations/BuildOperationDescriptor;Lorg/gradle/internal/operations/Build
Event: 79.838 Thread 0x000001ed2774fd80 DEOPT PACKING pc=0x000001ed14bfb960 sp=0x0000003abd4f6230
Event: 79.838 Thread 0x000001ed2774fd80 DEOPT UNPACKING pc=0x000001ed134943a2 sp=0x0000003abd4f6148 mode 2
Event: 79.839 Thread 0x000001ed2774fd80 Uncommon trap: trap_request=0xffffff45 fr.pc=0x000001ed14bfe8f0 relative=0x0000000000000950
Event: 79.839 Thread 0x000001ed2774fd80 Uncommon trap: reason=unstable_if action=reinterpret pc=0x000001ed14bfe8f0 method=org.gradle.internal.operations.DefaultBuildOperationRunner$2.execute(Lorg/gradle/internal/operations/BuildOperationDescriptor;Lorg/gradle/internal/operations/BuildOperationS
Event: 79.839 Thread 0x000001ed2774fd80 DEOPT PACKING pc=0x000001ed14bfe8f0 sp=0x0000003abd4f78d0
Event: 79.839 Thread 0x000001ed2774fd80 DEOPT UNPACKING pc=0x000001ed134943a2 sp=0x0000003abd4f7810 mode 2
Event: 79.839 Thread 0x000001ed2774fd80 Uncommon trap: trap_request=0xffffff45 fr.pc=0x000001ed14bfe8f0 relative=0x0000000000000950
Event: 79.839 Thread 0x000001ed2774fd80 Uncommon trap: reason=unstable_if action=reinterpret pc=0x000001ed14bfe8f0 method=org.gradle.internal.operations.DefaultBuildOperationRunner$2.execute(Lorg/gradle/internal/operations/BuildOperationDescriptor;Lorg/gradle/internal/operations/BuildOperationS
Event: 79.839 Thread 0x000001ed2774fd80 DEOPT PACKING pc=0x000001ed14bfe8f0 sp=0x0000003abd4f8620
Event: 79.839 Thread 0x000001ed2774fd80 DEOPT UNPACKING pc=0x000001ed134943a2 sp=0x0000003abd4f8560 mode 2
Event: 79.842 Thread 0x000001ed2774fd80 Uncommon trap: trap_request=0xffffff45 fr.pc=0x000001ed14bfe8f0 relative=0x0000000000000950
Event: 79.842 Thread 0x000001ed2774fd80 Uncommon trap: reason=unstable_if action=reinterpret pc=0x000001ed14bfe8f0 method=org.gradle.internal.operations.DefaultBuildOperationRunner$2.execute(Lorg/gradle/internal/operations/BuildOperationDescriptor;Lorg/gradle/internal/operations/BuildOperationS
Event: 79.842 Thread 0x000001ed2774fd80 DEOPT PACKING pc=0x000001ed14bfe8f0 sp=0x0000003abd4f8fa0
Event: 79.842 Thread 0x000001ed2774fd80 DEOPT UNPACKING pc=0x000001ed134943a2 sp=0x0000003abd4f8ee0 mode 2

Classes loaded (20 events):
Event: 57.936 Loading class sun/security/internal/spec/TlsKeyMaterialSpec
Event: 57.936 Loading class sun/security/internal/spec/TlsKeyMaterialSpec done
Event: 57.936 Loading class sun/security/internal/spec/TlsPrfParameterSpec
Event: 57.936 Loading class sun/security/internal/spec/TlsPrfParameterSpec done
Event: 57.936 Loading class com/sun/crypto/provider/TlsPrfGenerator$V12
Event: 57.936 Loading class com/sun/crypto/provider/TlsPrfGenerator$V12 done
Event: 57.936 Loading class sun/security/ssl/Authenticator$TLS10Authenticator
Event: 57.937 Loading class sun/security/ssl/Authenticator$TLS10Authenticator done
Event: 57.937 Loading class sun/security/ssl/SSLCipher$T12GcmWriteCipherGenerator$GcmWriteCipher
Event: 57.937 Loading class sun/security/ssl/SSLCipher$T12GcmWriteCipherGenerator$GcmWriteCipher done
Event: 58.002 Loading class sun/security/ssl/NewSessionTicket$T12NewSessionTicketMessage
Event: 58.003 Loading class sun/security/ssl/NewSessionTicket$T12NewSessionTicketMessage done
Event: 58.003 Loading class sun/security/ssl/SSLCipher$T12GcmReadCipherGenerator$GcmReadCipher
Event: 58.003 Loading class sun/security/ssl/SSLCipher$T12GcmReadCipherGenerator$GcmReadCipher done
Event: 58.172 Loading class com/sun/crypto/provider/HmacCore$HmacSHA256
Event: 58.173 Loading class com/sun/crypto/provider/HmacCore$HmacSHA256 done
Event: 58.643 Loading class sun/security/rsa/MGF1
Event: 58.644 Loading class sun/security/rsa/MGF1 done
Event: 79.842 Loading class java/lang/Throwable$WrappedPrintWriter
Event: 79.843 Loading class java/lang/Throwable$PrintStreamOrWriter

Classes unloaded (8 events):
Event: 4.902 Thread 0x000001ed20a3b880 Unloading class 0x00000001007f8948 '_BuildScript_$_run_closure1$_closure2'
Event: 4.902 Thread 0x000001ed20a3b880 Unloading class 0x00000001007f8528 '_BuildScript_$_run_closure1'
Event: 4.902 Thread 0x000001ed20a3b880 Unloading class 0x00000001007f8000 '_BuildScript_'
Event: 57.284 Thread 0x000001ed20a3b880 Unloading class 0x0000000101a63420 '_BuildScript_$_run_closure1$_closure2'
Event: 57.284 Thread 0x000001ed20a3b880 Unloading class 0x0000000101a63000 '_BuildScript_$_run_closure1'
Event: 57.284 Thread 0x000001ed20a3b880 Unloading class 0x0000000101a62800 '_BuildScript_'
Event: 57.284 Thread 0x000001ed20a3b880 Unloading class 0x0000000101a60528 '_BuildScript_$_run_closure1'
Event: 57.284 Thread 0x000001ed20a3b880 Unloading class 0x0000000101a60000 '_BuildScript_'

Classes redefined (0 events):
No events

Internal exceptions (20 events):
Event: 72.409 Thread 0x000001ed2774fd80 Exception <a 'sun/nio/fs/WindowsException'{0x00000000ff10d588}> (0x00000000ff10d588) 
thrown [s\src\hotspot\share\prims\jni.cpp, line 537]
Event: 72.409 Thread 0x000001ed2774fd80 Exception <a 'sun/nio/fs/WindowsException'{0x00000000ff121a10}> (0x00000000ff121a10) 
thrown [s\src\hotspot\share\prims\jni.cpp, line 537]
Event: 72.410 Thread 0x000001ed2774fd80 Exception <a 'sun/nio/fs/WindowsException'{0x00000000ff132e38}> (0x00000000ff132e38) 
thrown [s\src\hotspot\share\prims\jni.cpp, line 537]
Event: 72.411 Thread 0x000001ed2774fd80 Exception <a 'sun/nio/fs/WindowsException'{0x00000000ff1436c8}> (0x00000000ff1436c8) 
thrown [s\src\hotspot\share\prims\jni.cpp, line 537]
Event: 72.412 Thread 0x000001ed2774fd80 Exception <a 'sun/nio/fs/WindowsException'{0x00000000ff14ac80}> (0x00000000ff14ac80) 
thrown [s\src\hotspot\share\prims\jni.cpp, line 537]
Event: 72.413 Thread 0x000001ed2774fd80 Exception <a 'sun/nio/fs/WindowsException'{0x00000000ff152468}> (0x00000000ff152468) 
thrown [s\src\hotspot\share\prims\jni.cpp, line 537]
Event: 72.414 Thread 0x000001ed2774fd80 Exception <a 'sun/nio/fs/WindowsException'{0x00000000ff157328}> (0x00000000ff157328) 
thrown [s\src\hotspot\share\prims\jni.cpp, line 537]
Event: 72.415 Thread 0x000001ed2774fd80 Exception <a 'sun/nio/fs/WindowsException'{0x00000000ff15f4c8}> (0x00000000ff15f4c8) 
thrown [s\src\hotspot\share\prims\jni.cpp, line 537]
Event: 72.415 Thread 0x000001ed2774fd80 Exception <a 'sun/nio/fs/WindowsException'{0x00000000ff167eb8}> (0x00000000ff167eb8) 
thrown [s\src\hotspot\share\prims\jni.cpp, line 537]
Event: 72.416 Thread 0x000001ed2774fd80 Exception <a 'sun/nio/fs/WindowsException'{0x00000000ff16e0c0}> (0x00000000ff16e0c0) 
thrown [s\src\hotspot\share\prims\jni.cpp, line 537]
Event: 72.417 Thread 0x000001ed2774fd80 Exception <a 'sun/nio/fs/WindowsException'{0x00000000ff172b38}> (0x00000000ff172b38) 
thrown [s\src\hotspot\share\prims\jni.cpp, line 537]
Event: 72.417 Thread 0x000001ed2774fd80 Exception <a 'sun/nio/fs/WindowsException'{0x00000000ff17ed60}> (0x00000000ff17ed60) 
thrown [s\src\hotspot\share\prims\jni.cpp, line 537]
Event: 72.418 Thread 0x000001ed2774fd80 Exception <a 'sun/nio/fs/WindowsException'{0x00000000ff185cc0}> (0x00000000ff185cc0) 
thrown [s\src\hotspot\share\prims\jni.cpp, line 537]
Event: 72.419 Thread 0x000001ed2774fd80 Exception <a 'sun/nio/fs/WindowsException'{0x00000000ff18ce30}> (0x00000000ff18ce30) 
thrown [s\src\hotspot\share\prims\jni.cpp, line 537]
Event: 72.419 Thread 0x000001ed2774fd80 Exception <a 'sun/nio/fs/WindowsException'{0x00000000ff1977a0}> (0x00000000ff1977a0) 
thrown [s\src\hotspot\share\prims\jni.cpp, line 537]
Event: 72.420 Thread 0x000001ed2774fd80 Exception <a 'sun/nio/fs/WindowsException'{0x00000000ff1a2480}> (0x00000000ff1a2480) 
thrown [s\src\hotspot\share\prims\jni.cpp, line 537]
Event: 72.421 Thread 0x000001ed2774fd80 Exception <a 'sun/nio/fs/WindowsException'{0x00000000ff1a9610}> (0x00000000ff1a9610) 
thrown [s\src\hotspot\share\prims\jni.cpp, line 537]
Event: 72.421 Thread 0x000001ed2774fd80 Exception <a 'sun/nio/fs/WindowsException'{0x00000000ff1b1d78}> (0x00000000ff1b1d78) 
thrown [s\src\hotspot\share\prims\jni.cpp, line 537]
Event: 72.422 Thread 0x000001ed2774fd80 Exception <a 'java/io/IOException'{0x00000000ff1b5c60}> (0x00000000ff1b5c60) 
thrown [s\src\hotspot\share\prims\jni.cpp, line 537]
Event: 79.834 Thread 0x000001ed2774fd80 Exception <a 'java/io/IOException'{0x00000000fdad4330}> (0x00000000fdad4330) 
thrown [s\src\hotspot\share\prims\jni.cpp, line 537]

ZGC Phase Switch (0 events):
No events

VM Operations (20 events):
Event: 66.877 Executing safepoint VM operation: Cleanup
Event: 66.877 Executing safepoint VM operation: Cleanup done
Event: 69.889 Executing safepoint VM operation: Cleanup
Event: 69.889 Executing safepoint VM operation: Cleanup done
Event: 71.912 Executing safepoint VM operation: Cleanup
Event: 71.912 Executing safepoint VM operation: Cleanup done
Event: 72.007 Executing safepoint VM operation: G1CollectForAllocation (G1 Evacuation Pause)
Event: 72.018 Executing safepoint VM operation: G1CollectForAllocation (G1 Evacuation Pause) done
Event: 73.018 Executing safepoint VM operation: Cleanup
Event: 73.018 Executing safepoint VM operation: Cleanup done
Event: 74.019 Executing safepoint VM operation: Cleanup
Event: 74.019 Executing safepoint VM operation: Cleanup done
Event: 75.032 Executing safepoint VM operation: Cleanup
Event: 75.032 Executing safepoint VM operation: Cleanup done
Event: 79.837 Executing non-safepoint VM operation: HandshakeAllThreads (Deoptimize)
Event: 79.837 Executing non-safepoint VM operation: HandshakeAllThreads (Deoptimize) done
Event: 79.837 Executing safepoint VM operation: Cleanup
Event: 79.837 Executing safepoint VM operation: Cleanup done
Event: 79.841 Executing non-safepoint VM operation: HandshakeAllThreads (Deoptimize)
Event: 79.842 Executing non-safepoint VM operation: HandshakeAllThreads (Deoptimize) done

Memory protections (0 events):
No events

Nmethod flushes (20 events):
Event: 57.324 Thread 0x000001ed20a3b880 flushing  nmethod 0x000001ed0d03f490
Event: 57.324 Thread 0x000001ed20a3b880 flushing  nmethod 0x000001ed0d03f810
Event: 57.324 Thread 0x000001ed20a3b880 flushing  nmethod 0x000001ed0d047c90
Event: 57.324 Thread 0x000001ed20a3b880 flushing  nmethod 0x000001ed0d049c10
Event: 57.324 Thread 0x000001ed20a3b880 flushing  nmethod 0x000001ed0d04a090
Event: 57.324 Thread 0x000001ed20a3b880 flushing  nmethod 0x000001ed0d0ba690
Event: 57.324 Thread 0x000001ed20a3b880 flushing  nmethod 0x000001ed0d1fed90
Event: 57.324 Thread 0x000001ed20a3b880 flushing  nmethod 0x000001ed0d263a90
Event: 57.324 Thread 0x000001ed20a3b880 flushing  nmethod 0x000001ed0d2f8990
Event: 57.324 Thread 0x000001ed20a3b880 flushing  nmethod 0x000001ed0d4a0390
Event: 57.324 Thread 0x000001ed20a3b880 flushing  nmethod 0x000001ed0d61ef10
Event: 57.324 Thread 0x000001ed20a3b880 flushing  nmethod 0x000001ed0d815d90
Event: 57.324 Thread 0x000001ed20a3b880 flushing  nmethod 0x000001ed0d820f10
Event: 57.324 Thread 0x000001ed20a3b880 flushing  nmethod 0x000001ed0d93c690
Event: 57.324 Thread 0x000001ed20a3b880 flushing  nmethod 0x000001ed0d9ed490
Event: 57.324 Thread 0x000001ed20a3b880 flushing  nmethod 0x000001ed0d9ee790
Event: 57.324 Thread 0x000001ed20a3b880 flushing  nmethod 0x000001ed0da33690
Event: 57.324 Thread 0x000001ed20a3b880 flushing  nmethod 0x000001ed0dcd2d90
Event: 57.324 Thread 0x000001ed20a3b880 flushing  nmethod 0x000001ed0e0ec610
Event: 57.324 Thread 0x000001ed20a3b880 flushing  nmethod 0x000001ed0e0f0910

Events (20 events):
Event: 57.590 Thread 0x000001ed2add1930 Thread added: 0x000001ed2add2ce0
Event: 57.590 Thread 0x000001ed2add1930 Thread added: 0x000001ed2774e340
Event: 57.590 Thread 0x000001ed2add1930 Thread added: 0x000001ed2774e9d0
Event: 57.590 Thread 0x000001ed2add1930 Thread added: 0x000001ed2774f6f0
Event: 57.590 Thread 0x000001ed2add1930 Thread added: 0x000001ed286527f0
Event: 57.590 Thread 0x000001ed2add1930 Thread added: 0x000001ed27fa0970
Event: 57.590 Thread 0x000001ed2add1930 Thread added: 0x000001ed2c01cc80
Event: 57.590 Thread 0x000001ed2add1930 Thread added: 0x000001ed2c01f3e0
Event: 57.591 Thread 0x000001ed2add1930 Thread added: 0x000001ed2c01e030
Event: 57.591 Thread 0x000001ed2add1fc0 Thread added: 0x000001ed2c01d9a0
Event: 57.601 Thread 0x000001ed34764130 Thread exited: 0x000001ed34764130
Event: 57.615 Thread 0x000001ed2774fd80 Thread added: 0x000001ed2c01ed50
Event: 57.799 Thread 0x000001ed20afb7a0 Thread added: 0x000001ed330200e0
Event: 58.105 Thread 0x000001ed330200e0 Thread exited: 0x000001ed330200e0
Event: 58.549 Thread 0x000001ed34763a60 Thread exited: 0x000001ed34763a60
Event: 58.711 Thread 0x000001ed2774fd80 Thread added: 0x000001ed2c020100
Event: 58.976 Thread 0x000001ed20afb7a0 Thread added: 0x000001ed330200e0
Event: 59.115 Thread 0x000001ed20afb7a0 Thread added: 0x000001ed34763a60
Event: 61.046 Thread 0x000001ed34763a60 Thread exited: 0x000001ed34763a60
Event: 61.046 Thread 0x000001ed330200e0 Thread exited: 0x000001ed330200e0


Dynamic libraries:
0x00007ff651be0000 - 0x00007ff651bea000 	D:\Android Internship Project\jbr\bin\java.exe
0x00007ffd23700000 - 0x00007ffd23967000 	C:\WINDOWS\SYSTEM32\ntdll.dll
0x00007ffd22be0000 - 0x00007ffd22ca9000 	C:\WINDOWS\System32\KERNEL32.DLL
0x00007ffd20f00000 - 0x00007ffd212f7000 	C:\WINDOWS\System32\KERNELBASE.dll
0x00007ffd20db0000 - 0x00007ffd20efb000 	C:\WINDOWS\System32\ucrtbase.dll
0x00007ffce69c0000 - 0x00007ffce69db000 	D:\Android Internship Project\jbr\bin\VCRUNTIME140.dll
0x00007ffd187c0000 - 0x00007ffd187d8000 	D:\Android Internship Project\jbr\bin\jli.dll
0x00007ffd22810000 - 0x00007ffd229d6000 	C:\WINDOWS\System32\USER32.dll
0x00007ffd20510000 - 0x00007ffd20537000 	C:\WINDOWS\System32\win32u.dll
0x00007ffd01af0000 - 0x00007ffd01d82000 	C:\WINDOWS\WinSxS\amd64_microsoft.windows.common-controls_6595b64144ccf1df_6.0.26100.8457_none_3e0b2faee331e92d\COMCTL32.dll
0x00007ffd23300000 - 0x00007ffd233a9000 	C:\WINDOWS\System32\msvcrt.dll
0x00007ffd21b60000 - 0x00007ffd21b8b000 	C:\WINDOWS\System32\GDI32.dll
0x00007ffd201f0000 - 0x00007ffd2031c000 	C:\WINDOWS\System32\gdi32full.dll
0x00007ffd20320000 - 0x00007ffd203c3000 	C:\WINDOWS\System32\msvcp_win.dll
0x00007ffd23510000 - 0x00007ffd23542000 	C:\WINDOWS\System32\IMM32.DLL
0x00007ffcea590000 - 0x00007ffcea59c000 	D:\Android Internship Project\jbr\bin\vcruntime140_1.dll
0x00007ffd056e0000 - 0x00007ffd0576d000 	D:\Android Internship Project\jbr\bin\msvcp140.dll
0x00007ffc8e490000 - 0x00007ffc8f126000 	D:\Android Internship Project\jbr\bin\server\jvm.dll
0x00007ffd229e0000 - 0x00007ffd22a96000 	C:\WINDOWS\System32\ADVAPI32.dll
0x00007ffd22b30000 - 0x00007ffd22bd7000 	C:\WINDOWS\System32\sechost.dll
0x00007ffd21a40000 - 0x00007ffd21b58000 	C:\WINDOWS\System32\RPCRT4.dll
0x00007ffd22aa0000 - 0x00007ffd22b20000 	C:\WINDOWS\System32\WS2_32.dll
0x00007ffd1ff90000 - 0x00007ffd1ffee000 	C:\WINDOWS\SYSTEM32\POWRPROF.dll
0x00007ffd17580000 - 0x00007ffd175b6000 	C:\WINDOWS\SYSTEM32\WINMM.dll
0x00007ffd17880000 - 0x00007ffd1788b000 	C:\WINDOWS\SYSTEM32\VERSION.dll
0x00007ffd1ff70000 - 0x00007ffd1ff84000 	C:\WINDOWS\SYSTEM32\UMPDC.dll
0x00007ffd1ee80000 - 0x00007ffd1ee9b000 	C:\WINDOWS\SYSTEM32\kernel.appcore.dll
0x00007ffce62f0000 - 0x00007ffce62fa000 	D:\Android Internship Project\jbr\bin\jimage.dll
0x00007ffd12820000 - 0x00007ffd12a62000 	C:\WINDOWS\SYSTEM32\DBGHELP.DLL
0x00007ffd22480000 - 0x00007ffd22803000 	C:\WINDOWS\System32\combase.dll
0x00007ffd22320000 - 0x00007ffd223f9000 	C:\WINDOWS\System32\OLEAUT32.dll
0x00007ffd070a0000 - 0x00007ffd070db000 	C:\WINDOWS\SYSTEM32\dbgcore.DLL
0x00007ffd20460000 - 0x00007ffd20508000 	C:\WINDOWS\System32\bcryptPrimitives.dll
0x00007ffd18750000 - 0x00007ffd1875e000 	D:\Android Internship Project\jbr\bin\instrument.dll
0x00007ffce22c0000 - 0x00007ffce22e0000 	D:\Android Internship Project\jbr\bin\java.dll
0x00007ffce22a0000 - 0x00007ffce22b8000 	D:\Android Internship Project\jbr\bin\zip.dll
0x00007ffd21ba0000 - 0x00007ffd2230e000 	C:\WINDOWS\System32\SHELL32.dll
0x00007ffd20540000 - 0x00007ffd20dac000 	C:\WINDOWS\System32\windows.storage.dll
0x00007ffd23200000 - 0x00007ffd232f6000 	C:\WINDOWS\System32\SHCORE.dll
0x00007ffd23190000 - 0x00007ffd231f6000 	C:\WINDOWS\System32\shlwapi.dll
0x00007ffd20050000 - 0x00007ffd20079000 	C:\WINDOWS\SYSTEM32\profapi.dll
0x00007ffce2290000 - 0x00007ffce22a0000 	D:\Android Internship Project\jbr\bin\net.dll
0x00007ffd18fa0000 - 0x00007ffd190c9000 	C:\WINDOWS\SYSTEM32\WINHTTP.dll
0x00007ffd1f3d0000 - 0x00007ffd1f43c000 	C:\WINDOWS\system32\mswsock.dll
0x00007ffce1a00000 - 0x00007ffce1a16000 	D:\Android Internship Project\jbr\bin\nio.dll
0x00007ffd1a4f0000 - 0x00007ffd1a500000 	D:\Android Internship Project\jbr\bin\verify.dll
0x00007ffcd9200000 - 0x00007ffcd9227000 	C:\Users\ec5cd\.gradle\native\1def1411415f61bf3af743bc5b6707747c0891f09f0c88961ee8f79bc544acac\windows-amd64\native-platform.dll
0x00007ffd05660000 - 0x00007ffd056d7000 	C:\Users\ec5cd\.gradle\native\0.2.8\x86_64-windows-gnu\gradle-fileevents.dll
0x00007ffcb2020000 - 0x00007ffcb2029000 	D:\Android Internship Project\jbr\bin\management.dll
0x00007ffc84040000 - 0x00007ffc8404b000 	D:\Android Internship Project\jbr\bin\management_ext.dll
0x00007ffd22f10000 - 0x00007ffd22f18000 	C:\WINDOWS\System32\PSAPI.DLL
0x00007ffd1e870000 - 0x00007ffd1e8a2000 	C:\WINDOWS\SYSTEM32\IPHLPAPI.DLL
0x00007ffd219c0000 - 0x00007ffd219ca000 	C:\WINDOWS\System32\NSI.dll
0x00007ffce0970000 - 0x00007ffce0979000 	D:\Android Internship Project\jbr\bin\extnet.dll
0x00007ffd1f7d0000 - 0x00007ffd1f7eb000 	C:\WINDOWS\SYSTEM32\CRYPTSP.dll
0x00007ffd1ede0000 - 0x00007ffd1ee19000 	C:\WINDOWS\system32\rsaenh.dll
0x00007ffd1f480000 - 0x00007ffd1f4b3000 	C:\WINDOWS\SYSTEM32\USERENV.dll
0x00007ffd20020000 - 0x00007ffd2004a000 	C:\WINDOWS\SYSTEM32\bcrypt.dll
0x00007ffd1f630000 - 0x00007ffd1f63c000 	C:\WINDOWS\SYSTEM32\CRYPTBASE.dll
0x00007ffcd3970000 - 0x00007ffcd3978000 	C:\WINDOWS\system32\wshunix.dll
0x00007ffd1e900000 - 0x00007ffd1ea32000 	C:\WINDOWS\SYSTEM32\DNSAPI.dll
0x00007ffd19750000 - 0x00007ffd1975b000 	C:\Windows\System32\rasadhlp.dll
0x00007ffd17970000 - 0x00007ffd179f6000 	C:\WINDOWS\System32\fwpuclnt.dll
0x00007ffd1efa0000 - 0x00007ffd1efd6000 	C:\WINDOWS\SYSTEM32\ntmarta.dll

JVMTI agents:
C:\Users\ec5cd\.gradle\wrapper\dists\gradle-9.0.0-bin\d6wjpkvcgsg3oed0qlfss3wgl\gradle-9.0.0\lib\agents\gradle-instrumentation-agent-9.0.0.jar path:D:\Android Internship Project\jbr\bin\instrument.dll, loaded, initialized, instrumentlib options:none

dbghelp: loaded successfully - version: 4.0.5 - missing functions: none
symbol engine: initialized successfully - sym options: 0x614 - pdb path: .;D:\Android Internship Project\jbr\bin;C:\WINDOWS\SYSTEM32;C:\WINDOWS\WinSxS\amd64_microsoft.windows.common-controls_6595b64144ccf1df_6.0.26100.8457_none_3e0b2faee331e92d;D:\Android Internship Project\jbr\bin\server;C:\Users\ec5cd\.gradle\native\1def1411415f61bf3af743bc5b6707747c0891f09f0c88961ee8f79bc544acac\windows-amd64;C:\Users\ec5cd\.gradle\native\0.2.8\x86_64-windows-gnu

VM Arguments:
jvm_args: --add-opens=java.base/java.lang=ALL-UNNAMED --add-opens=java.base/java.lang.invoke=ALL-UNNAMED --add-opens=java.base/java.util=ALL-UNNAMED --add-opens=java.prefs/java.util.prefs=ALL-UNNAMED --add-exports=jdk.compiler/com.sun.tools.javac.api=ALL-UNNAMED --add-exports=jdk.compiler/com.sun.tools.javac.util=ALL-UNNAMED --add-opens=java.base/java.util=ALL-UNNAMED --add-opens=java.prefs/java.util.prefs=ALL-UNNAMED --add-opens=java.base/java.nio.charset=ALL-UNNAMED --add-opens=java.base/java.net=ALL-UNNAMED --add-opens=java.base/java.util.concurrent=ALL-UNNAMED --add-opens=java.base/java.util.concurrent.atomic=ALL-UNNAMED --add-opens=java.xml/javax.xml.namespace=ALL-UNNAMED -Xmx2048m -Dfile.encoding=UTF-8 -Duser.country=IN -Duser.language=en -Duser.variant -javaagent:C:\Users\ec5cd\.gradle\wrapper\dists\gradle-9.0.0-bin\d6wjpkvcgsg3oed0qlfss3wgl\gradle-9.0.0\lib\agents\gradle-instrumentation-agent-9.0.0.jar 
java_command: org.gradle.launcher.daemon.bootstrap.GradleDaemon 9.0.0
java_class_path (initial): C:\Users\ec5cd\.gradle\wrapper\dists\gradle-9.0.0-bin\d6wjpkvcgsg3oed0qlfss3wgl\gradle-9.0.0\lib\gradle-daemon-main-9.0.0.jar
Launcher Type: SUN_STANDARD

[Global flags]
     intx CICompilerCount                          = 4                                         {product} {ergonomic}
     uint ConcGCThreads                            = 3                                         {product} {ergonomic}
     uint G1ConcRefinementThreads                  = 10                                        {product} {ergonomic}
   size_t G1HeapRegionSize                         = 1048576                                   {product} {ergonomic}
    uintx GCDrainStackTargetSize                   = 64                                        {product} {ergonomic}
   size_t InitialHeapSize                          = 123731968                                 {product} {ergonomic}
   size_t MarkStackSize                            = 4194304                                   {product} {ergonomic}
   size_t MaxHeapSize                              = 2147483648                                {product} {command line}
   size_t MaxNewSize                               = 1287651328                                {product} {ergonomic}
   size_t MinHeapDeltaBytes                        = 1048576                                   {product} {ergonomic}
   size_t MinHeapSize                              = 8388608                                   {product} {ergonomic}
    uintx NonNMethodCodeHeapSize                   = 5839372                                {pd product} {ergonomic}
    uintx NonProfiledCodeHeapSize                  = 122909434                              {pd product} {ergonomic}
    uintx ProfiledCodeHeapSize                     = 122909434                              {pd product} {ergonomic}
    uintx ReservedCodeCacheSize                    = 251658240                              {pd product} {ergonomic}
     bool SegmentedCodeCache                       = true                                      {product} {ergonomic}
   size_t SoftMaxHeapSize                          = 2147483648                             {manageable} {ergonomic}
     bool UseCompressedOops                        = true                           {product lp64_product} {ergonomic}
     bool UseG1GC                                  = true                                      {product} {ergonomic}
     bool UseLargePagesIndividualAllocation        = false                                  {pd product} {ergonomic}

Logging:
Log output configuration:
 #0: stdout all=warning uptime,level,tags foldmultilines=false
 #1: stderr all=off uptime,level,tags foldmultilines=false

Release file:
JAVA_VERSION="21.0.10" 
MODULES="java.base java.compiler java.datatransfer java.xml java.prefs java.desktop java.instrument java.logging java.management java.security.sasl java.naming java.rmi java.management.rmi java.net.http java.scripting java.security.jgss java.transaction.xa java.sql java.sql.rowset java.xml.crypto java.se java.smartcardio jdk.accessibility jdk.internal.jvmstat jdk.attach jdk.charsets jdk.internal.opt jdk.zipfs jdk.compiler jdk.crypto.ec jdk.crypto.cryptoki jdk.dynalink jdk.hotspot.agent jdk.httpserver jdk.internal.ed jdk.internal.le jdk.internal.vm.ci jdk.jartool jdk.javadoc jdk.jcmd jdk.jdeps jdk.jdwp.agent jdk.jdi jdk.jfr jdk.jlink jdk.jsobject jdk.localedata jdk.management jdk.management.agent jdk.management.jfr jdk.naming.dns jdk.naming.rmi jdk.net jdk.sctp jdk.security.auth jdk.security.jgss jdk.unsupported jdk.unsupported.desktop jdk.xml.dom" 
IMPLEMENTOR="JetBrains s.r.o." 
JAVA_RUNTIME_VERSION="21.0.10+-14961533-b1163.108" 
LIBC="default" 
OS_ARCH="x86_64" 
OS_NAME="Windows" 
SOURCE=".:git:1351622c2ff2" 

Environment Variables:
JAVA_HOME=C:\Program Files\Android\Android Studio\jbr
PATH=C:\Scripts\;C:\;C:\ffmpeg\ffmpeg-2025-01-13-git-851a84650e-full_build\bin;%PATH;C:\Program Files\nodejs;C:\Program Files\HP\HP One Agent;C:\Program Files\Python313;C:\Program Files\Python313\Scripts;C:\flutter\bin;C:\Users\ec5cd\AppData\Roaming\Python\Python313\Scripts;C:\Users\ec5cd\AppData\Roaming\Python\Python313;C:\Users\ec5cd\AppData\Roaming\Python\Python313\site-packages;C:\Users\ec5cd\AppData\Roaming\Python\Python313\Scripts;C:\Windows\System32;%JAVA_HOME%\bin;C:\Program Files\PostgreSQL\17\bin;C:\Program Files\Tesseract-OCR;C:\Users\ec5cd\AppData\Local\Programs\Tesseract-OCR;C:\Program Files\Git\cmd;C:\Program Files\Git\mingw64\bin;C:\Program Files\Git\usr\bin;C:\Users\ec5cd\AppData\Local\Programs\Python\Python313\Scripts\;C:\Users\ec5cd\AppData\Local\Programs\Python\Python313\;C:\Users\ec5cd\AppData\Local\Microsoft\WindowsApps;C:\Users\ec5cd\AppData\Roaming\npm;C:\Users\ec5cd\AppData\Local\Programs\Microsoft VS Code\bin;C:\Program Files\mongosh\;C:\platform-tools-latest-windows\platform-tools;C:\Program Files\Python313;C:\Program Files\Python313\Scripts;C:\flutter\bin;C:\IdemiaL1RdService\RDService;C:\Users\ec5cd\AppData\Local\Android\Sdk\platform-tools;C:\Users\ec5cd\AppData\Local\Android\Sdk\emulator;C:\Users\ec5cd\AppData\Local\Android\Sdk\cmdline-tools\latest\bin;C:\Program Files\Android\Android Studio\jbr\bin;D:\cursor\resources\app\bin;C:\Program Files\Tesseract-OCR;C:\Users\ec5cd\AppData\Local\Programs\Windsurf\bin;C:\Users\ec5cd\AppData\Local\Programs\Kiro\bin;D:\Antigravity\bin
USERNAME=ec5cd
OS=Windows_NT
PROCESSOR_IDENTIFIER=AMD64 Family 25 Model 80 Stepping 0, AuthenticAMD
TMP=C:\Users\ec5cd\AppData\Local\Temp
TEMP=C:\Users\ec5cd\AppData\Local\Temp




Periodic native trim disabled

JNI global refs:
JNI global refs: 28, weak refs: 0

JNI global refs memory usage: 835, weak refs: 201

Process memory usage:
Resident Set Size: 957376K (12% of 7702372K total physical memory with 881984K free physical memory)

OOME stack traces (most recent first):
Classloader memory used:
Loader org.gradle.internal.classloader.VisitableURLClassLoader                         : 119M
Loader bootstrap                                                                       : 34796K
Loader org.gradle.internal.classloader.VisitableURLClassLoader$InstrumentingVisitableURLClassLoader: 30705K
Loader org.gradle.initialization.MixInLegacyTypesClassLoader                           : 13050K
Loader org.gradle.internal.classloader.VisitableURLClassLoader                         : 1831K
Loader jdk.internal.loader.ClassLoaders$PlatformClassLoader                            : 739K
Loader jdk.internal.reflect.DelegatingClassLoader                                      : 443K
Loader jdk.internal.jrtfs.JrtFileSystemProvider$JrtFsLoader                            : 333K
Loader jdk.internal.loader.ClassLoaders$AppClassLoader                                 : 231K
Loader org.gradle.groovy.scripts.internal.DefaultScriptCompilationHandler$ScriptClassLoader: 111K
Loader groovy.lang.GroovyClassLoader$InnerLoader                                       : 75456B
Loader sun.reflect.misc.MethodUtil                                                     : 2984B

Classes loaded by more than one classloader:
Class Program                                                                         : loaded 5 times (x 72B)
Class com.google.common.collect.PeekingIterator                                       : loaded 3 times (x 70B)
Class com.google.common.base.Preconditions                                            : loaded 3 times (x 71B)
Class org.gradle.internal.IoActions                                                   : loaded 3 times (x 71B)
Class org.gradle.api.GradleException                                                  : loaded 3 times (x 82B)
Class org.gradle.api.Action                                                           : loaded 3 times (x 70B)
Class org.gradle.internal.Cast                                                        : loaded 3 times (x 71B)
Class com.google.common.collect.ImmutableList                                         : loaded 3 times (x 206B)
Class com.google.common.collect.Iterators$9                                           : loaded 3 times (x 81B)
Class com.google.common.collect.Lists                                                 : loaded 3 times (x 71B)
Class com.google.common.collect.ImmutableCollection                                   : loaded 3 times (x 125B)
Class com.google.common.collect.Iterators$5                                           : loaded 3 times (x 82B)
Class _BuildScript_$_run_closure1                                                     : loaded 3 times (x 132B)
Class com.google.common.collect.Iterators$4                                           : loaded 3 times (x 82B)
Class com.google.common.collect.Iterators$1                                           : loaded 3 times (x 81B)
Class com.google.common.collect.Iterators$MergingIterator                             : loaded 3 times (x 81B)
Class com.google.common.collect.Multimap                                              : loaded 3 times (x 70B)
Class com.google.common.collect.AbstractIndexedListIterator                           : loaded 3 times (x 96B)
Class com.google.common.collect.AbstractIterator                                      : loaded 3 times (x 82B)
Class com.google.common.collect.Lists$StringAsImmutableList                           : loaded 3 times (x 207B)
Class com.google.common.collect.Iterators                                             : loaded 3 times (x 71B)
Class com.google.common.collect.UnmodifiableIterator                                  : loaded 3 times (x 80B)
Class _BuildScript_                                                                   : loaded 3 times (x 165B)
Class com.google.common.collect.UnmodifiableListIterator                              : loaded 3 times (x 95B)
Class com.google.common.collect.Iterators$ArrayItr                                    : loaded 3 times (x 97B)
Class jdk.internal.jimage.decompressor.StringSharingDecompressorFactory               : loaded 2 times (x 74B)
Class [Lorg.objectweb.asm.Symbol;                                                     : loaded 2 times (x 69B)
Class org.objectweb.asm.ClassVisitor                                                  : loaded 2 times (x 87B)
Class com.intellij.util.containers.IntObjectHashMap$ArrayProducer                     : loaded 2 times (x 70B)
Class org.objectweb.asm.MethodTooLargeException                                       : loaded 2 times (x 83B)
Class com.google.common.base.Platform$JdkPatternCompiler                              : loaded 2 times (x 75B)
Class [Lcom.google.common.cache.CacheBuilder$OneWeigher;                              : loaded 2 times (x 69B)
Class com.google.common.base.Suppliers                                                : loaded 2 times (x 71B)
Class org.gradle.internal.classloader.DefaultClassLoaderFactory                       : loaded 2 times (x 82B)
Class ijInit1_ypi799ccrszx3hgo1suatcyi$_run_closure1                                  : loaded 2 times (x 140B)
Class kotlin.collections.AbstractList$Companion                                       : loaded 2 times (x 71B)
Class com.google.common.hash.AbstractHasher                                           : loaded 2 times (x 142B)
Class com.google.common.base.CharMatcher$None                                         : loaded 2 times (x 112B)
Class org.gradle.internal.classloader.ClassLoaderVisitor                              : loaded 2 times (x 76B)
Class org.jetbrains.plugins.gradle.tooling.serialization.internal.IdeaProjectSerializationService: loaded 2 times (x 77B)
Class [Lcom.google.common.collect.ImmutableMapEntry;                                  : loaded 2 times (x 69B)
Class org.gradle.api.internal.classpath.EffectiveClassPath                            : loaded 2 times (x 90B)
Class org.gradle.tooling.internal.gradle.DefaultProjectIdentifier                     : loaded 2 times (x 86B)
Class org.apache.commons.io.output.StringBuilderWriter                                : loaded 2 times (x 100B)
Class com.google.common.collect.ImmutableEnumMap                                      : loaded 2 times (x 125B)
Class com.google.common.collect.ListMultimap                                          : loaded 2 times (x 70B)
Class com.intellij.gradle.toolingExtension.impl.model.buildScriptClasspathModel.GradleBuildScriptClasspathSerializationService$ReadContext: loaded 2 times (x 72B)
Class org.jetbrains.kotlin.buildtools.api.jvm.ClassSnapshotGranularity                : loaded 2 times (x 79B)
Class com.google.common.collect.Sets$1                                                : loaded 2 times (x 139B)
Class org.objectweb.asm.AnnotationVisitor                                             : loaded 2 times (x 77B)
Class com.google.common.base.Splitter                                                 : loaded 2 times (x 72B)
Class org.gradle.api.internal.DefaultClassPathProvider                                : loaded 2 times (x 76B)
Class com.google.common.hash.HashCode$BytesHashCode                                   : loaded 2 times (x 81B)
Class com.google.common.collect.Sets$2                                                : loaded 2 times (x 139B)
Class [Lorg.gradle.api.internal.ClassPathProvider;                                    : loaded 2 times (x 69B)
Class org.gradle.api.internal.ClassPathProvider                                       : loaded 2 times (x 70B)
Class jdk.internal.jrtfs.SystemImage                                                  : loaded 2 times (x 74B)
Class org.jetbrains.kotlin.cli.common.CompilerSystemProperties                        : loaded 2 times (x 80B)
Class [Lorg.objectweb.asm.AnnotationVisitor;                                          : loaded 2 times (x 69B)
Class com.google.common.collect.Sets$3                                                : loaded 2 times (x 139B)
Class com.google.common.cache.LocalCache$LocalLoadingCache                            : loaded 2 times (x 134B)
Class com.google.common.base.AbstractIterator$State                                   : loaded 2 times (x 79B)
Class org.gradle.internal.service.UnknownServiceException                             : loaded 2 times (x 83B)
Class org.jetbrains.kotlin.idea.gradleTooling.KotlinDslScriptAdditionalTask           : loaded 2 times (x 70B)
Class org.jetbrains.plugins.gradle.model.ClasspathEntryModel                          : loaded 2 times (x 70B)
Class com.google.common.hash.Hasher                                                   : loaded 2 times (x 70B)
Class com.google.common.collect.Sets$4                                                : loaded 2 times (x 139B)
Class org.objectweb.asm.ModuleVisitor                                                 : loaded 2 times (x 80B)
Class com.google.common.cache.LocalCache$Strength$1                                   : loaded 2 times (x 81B)
Class org.jetbrains.plugins.gradle.tooling.serialization.GradleExtensionsSerializationService: loaded 2 times (x 77B)
Class org.gradle.tooling.model.Dependency                                             : loaded 2 times (x 70B)
Class com.google.common.util.concurrent.SettableFuture                                : loaded 2 times (x 114B)
Class com.google.common.cache.LocalCache$Strength$2                                   : loaded 2 times (x 81B)
Class com.intellij.openapi.externalSystem.model.project.dependencies.ResolutionState  : loaded 2 times (x 79B)
Class kotlin.collections.CollectionsKt__CollectionsKt                                 : loaded 2 times (x 71B)
Class com.google.common.cache.LocalCache$Strength$3                                   : loaded 2 times (x 81B)
Class com.google.common.collect.MapDifference                                         : loaded 2 times (x 70B)
Class com.google.common.base.Splitter$1                                               : loaded 2 times (x 77B)
Class org.objectweb.asm.FieldWriter                                                   : loaded 2 times (x 77B)
Class com.google.common.cache.CacheBuilder$NullListener                               : loaded 2 times (x 82B)
Class org.gradle.internal.classpath.TransformedClassPath                              : loaded 2 times (x 96B)
Class org.gradle.internal.classloader.InstrumentingClassLoader                        : loaded 2 times (x 70B)
Class org.gradle.internal.operations.MultipleBuildOperationFailures                   : loaded 2 times (x 95B)
Class kotlin.enums.EnumEntriesList                                                    : loaded 2 times (x 223B)
Class jdk.internal.jrtfs.SystemImage$1                                                : loaded 2 times (x 78B)
Class com.google.common.cache.CacheLoader$FunctionToCacheLoader                       : loaded 2 times (x 75B)
Class com.google.common.collect.ImmutableCollection$Builder                           : loaded 2 times (x 76B)
Class com.google.common.collect.ImmutableMap$MapViewOfValuesAsSingletonSets           : loaded 2 times (x 125B)
Class kotlin.collections.CollectionsKt__IteratorsJVMKt                                : loaded 2 times (x 71B)
Class jdk.internal.jrtfs.SystemImage$2                                                : loaded 2 times (x 76B)
Class org.apache.commons.io.output.ByteArrayOutputStream                              : loaded 2 times (x 92B)
Class com.google.common.base.Joiner                                                   : loaded 2 times (x 79B)
Class com.google.common.base.MoreObjects                                              : loaded 2 times (x 71B)
Class org.jetbrains.kotlin.idea.gradleTooling.KotlinSourceSetContainer                : loaded 2 times (x 70B)
Class org.jetbrains.plugins.gradle.model.IntelliJSettings                             : loaded 2 times (x 70B)
Class com.google.common.collect.RegularImmutableMap                                   : loaded 2 times (x 121B)
Class org.jetbrains.kotlin.build.report.metrics.GradleBuildTime                       : loaded 2 times (x 86B)
Class [Lorg.objectweb.asm.Type;                                                       : loaded 2 times (x 69B)
Class com.google.common.collect.Platform                                              : loaded 2 times (x 71B)
Class com.google.common.base.Splitter$5                                               : loaded 2 times (x 80B)
Class org.gradle.internal.service.ServiceLocator                                      : loaded 2 times (x 70B)
Class com.intellij.gradle.toolingExtension.util.GradleVersionUtil                     : loaded 2 times (x 71B)
Class com.google.common.collect.Iterators$SingletonIterator                           : loaded 2 times (x 81B)
Class org.gradle.tooling.model.UnsupportedMethodException                             : loaded 2 times (x 82B)
Class jdk.internal.jrtfs.JrtFileSystemProvider                                        : loaded 2 times (x 101B)
Class com.google.common.collect.HashBiMap$BiEntry                                     : loaded 2 times (x 83B)
Class com.google.common.base.Ascii                                                    : loaded 2 times (x 71B)
Class com.google.common.collect.SingletonImmutableBiMap                               : loaded 2 times (x 143B)
Class com.google.common.cache.LocalCache$1                                            : loaded 2 times (x 89B)
Class com.google.common.collect.AbstractMapEntry                                      : loaded 2 times (x 81B)
Class kotlin.collections.CollectionsKt__MutableCollectionsKt                          : loaded 2 times (x 71B)
Class com.google.common.collect.Sets$ImprovedAbstractSet                              : loaded 2 times (x 135B)
Class com.google.common.collect.ImmutableList$Builder                                 : loaded 2 times (x 77B)
Class com.google.common.cache.LocalCache$2                                            : loaded 2 times (x 142B)
Class com.google.common.collect.AbstractMultimap                                      : loaded 2 times (x 123B)
Class org.jetbrains.plugins.gradle.tooling.serialization.AnnotationProcessingModelSerializationService$WriteContext: loaded 2 times (x 72B)
Class com.google.common.hash.AbstractHashFunction                                     : loaded 2 times (x 95B)
Class com.google.common.collect.RegularImmutableAsList                                : loaded 2 times (x 216B)
Class org.jetbrains.plugins.gradle.tooling.serialization.ProjectDependenciesSerializationService$WriteContext: loaded 2 times (x 72B)
Class org.jetbrains.plugins.gradle.tooling.serialization.ProjectDependenciesSerializationService: loaded 2 times (x 77B)
Class com.google.gson.stream.MalformedJsonException                                   : loaded 2 times (x 82B)
Class org.gradle.tooling.internal.adapter.CollectionMapper                            : loaded 2 times (x 73B)
Class com.google.common.util.concurrent.AbstractFuture$Trusted                        : loaded 2 times (x 70B)
Class org.gradle.tooling.internal.adapter.TargetTypeProvider                          : loaded 2 times (x 70B)
Class jdk.internal.jimage.ImageLocation                                               : loaded 2 times (x 90B)
Class jdk.internal.jrtfs.JrtDirectoryStream$1                                         : loaded 2 times (x 83B)
Class [Lorg.jetbrains.kotlin.build.report.metrics.BuildTime;                          : loaded 2 times (x 69B)
Class com.google.common.util.concurrent.UncheckedExecutionException                   : loaded 2 times (x 82B)
Class gnu.trove.THash                                                                 : loaded 2 times (x 81B)
Class com.intellij.gradle.toolingExtension.impl.model.buildScriptClasspathModel.GradleBuildScriptClasspathSerializationService$WriteContext: loaded 2 times (x 72B)
Class org.gradle.tooling.internal.adapter.ProtocolToModelAdapter                      : loaded 2 times (x 80B)
Class org.gradle.internal.InternalTransformer                                         : loaded 2 times (x 70B)
Class org.gradle.internal.time.DefaultTimer                                           : loaded 2 times (x 80B)
Class jdk.internal.jimage.ImageBufferCache$1                                          : loaded 2 times (x 83B)
Class com.google.common.collect.AbstractMapBasedMultimap$KeySet$1                     : loaded 2 times (x 82B)
Class org.objectweb.asm.ClassWriter                                                   : loaded 2 times (x 104B)
Class com.google.common.cache.CacheLoader$UnsupportedLoadingOperationException        : loaded 2 times (x 82B)
Class com.google.common.base.CharMatcher$And                                          : loaded 2 times (x 112B)
Class org.gradle.internal.classloader.ClasspathUtil$1                                 : loaded 2 times (x 76B)
Class jdk.internal.jimage.ImageBufferCache$2                                          : loaded 2 times (x 91B)
Class com.google.common.base.Objects                                                  : loaded 2 times (x 71B)
Class org.objectweb.asm.FieldVisitor                                                  : loaded 2 times (x 76B)
Class com.google.common.collect.IndexedImmutableSet                                   : loaded 2 times (x 150B)
Class com.google.common.collect.ImmutableMap$1                                        : loaded 2 times (x 81B)
Class com.google.common.collect.BiMap                                                 : loaded 2 times (x 70B)
Class org.gradle.api.internal.classpath.DefaultModuleRegistry$DefaultModule           : loaded 2 times (x 86B)
Class org.jetbrains.plugins.gradle.model.GradleExtensions                             : loaded 2 times (x 70B)
Class com.google.common.primitives.Ints                                               : loaded 2 times (x 71B)
Class org.jetbrains.plugins.gradle.model.ExternalTask                                 : loaded 2 times (x 70B)
Class org.jetbrains.plugins.gradle.model.AnnotationProcessingModel                    : loaded 2 times (x 70B)
Class org.gradle.internal.time.DefaultCountdownTimer                                  : loaded 2 times (x 88B)
Class com.google.common.math.MathPreconditions                                        : loaded 2 times (x 71B)
Class com.google.common.collect.Multiset                                              : loaded 2 times (x 70B)
Class com.google.common.collect.ArrayListMultimapGwtSerializationDependencies         : loaded 2 times (x 172B)
Class com.google.common.collect.ObjectArrays                                          : loaded 2 times (x 71B)
Class org.jetbrains.plugins.gradle.model.GradleTaskModel                              : loaded 2 times (x 70B)
Class org.jetbrains.plugins.gradle.tooling.util.ObjectCollector                       : loaded 2 times (x 72B)
Class org.gradle.tooling.internal.gradle.DefaultBuildIdentifier                       : loaded 2 times (x 79B)
Class com.google.common.collect.ImmutableMapEntrySet                                  : loaded 2 times (x 151B)
Class org.gradle.api.internal.classpath.Module                                        : loaded 2 times (x 70B)
Class com.intellij.openapi.externalSystem.model.project.IExternalSystemSourceType     : loaded 2 times (x 70B)
Class com.google.common.cache.Weigher                                                 : loaded 2 times (x 70B)
Class org.gradle.api.internal.classpath.UnknownModuleException                        : loaded 2 times (x 82B)
Class com.intellij.openapi.externalSystem.model.project.dependencies.ProjectDependencies: loaded 2 times (x 70B)
Class org.jetbrains.plugins.gradle.tooling.serialization.ProjectDependenciesSerializationService$ReadContext: loaded 2 times (x 72B)
Class jdk.internal.jimage.ImageHeader                                                 : loaded 2 times (x 71B)
Class com.google.common.base.Stopwatch                                                : loaded 2 times (x 72B)
Class com.google.common.cache.LocalCache$Strength                                     : loaded 2 times (x 81B)
Class com.google.common.cache.Cache                                                   : loaded 2 times (x 70B)
Class com.google.gson.stream.JsonReader$1                                             : loaded 2 times (x 72B)
Class org.jetbrains.kotlin.build.report.metrics.BuildMetricsReporter                  : loaded 2 times (x 70B)
Class com.google.common.util.concurrent.AbstractFuture$Cancellation                   : loaded 2 times (x 72B)
Class com.google.common.collect.ImmutableMap$Builder                                  : loaded 2 times (x 82B)
Class com.google.common.base.NullnessCasts                                            : loaded 2 times (x 71B)
Class org.jetbrains.plugins.gradle.tooling.serialization.RepositoriesModelSerializationService: loaded 2 times (x 82B)
Class org.gradle.tooling.internal.gradle.GradleProjectIdentity                        : loaded 2 times (x 70B)
Class com.google.common.cache.RemovalListener                                         : loaded 2 times (x 70B)
Class org.gradle.api.internal.DefaultClassPathRegistry                                : loaded 2 times (x 76B)
Class org.gradle.api.internal.classpath.ManifestUtil                                  : loaded 2 times (x 71B)
Class org.jetbrains.plugins.gradle.tooling.serialization.RepositoriesModelSerializationService$ReadContext: loaded 2 times (x 72B)
Class com.google.common.primitives.IntsMethodsForWeb                                  : loaded 2 times (x 71B)
Class org.gradle.api.internal.ClassPathRegistry                                       : loaded 2 times (x 70B)
Class org.gradle.internal.classpath.DefaultClassPath$ImmutableUniqueList              : loaded 2 times (x 199B)
Class com.intellij.gradle.toolingExtension.impl.model.projectModel.GradleExternalProjectSerializationService$WriteContext: loaded 2 times (x 73B)
Class jdk.internal.jimage.decompressor.ResourceDecompressor                           : loaded 2 times (x 70B)
Class com.google.common.base.ExtraObjectsMethodsForWeb                                : loaded 2 times (x 71B)
Class org.apache.commons.io.IOUtils                                                   : loaded 2 times (x 71B)
Class com.google.common.collect.ImmutableList$1                                       : loaded 2 times (x 97B)
Class com.google.common.cache.CacheBuilder                                            : loaded 2 times (x 72B)
Class com.google.common.collect.SingletonImmutableList                                : loaded 2 times (x 207B)
Class Settings_gradle$1                                                               : loaded 2 times (x 74B)
Class org.gradle.internal.classpath.ClassPath                                         : loaded 2 times (x 70B)
Class org.jetbrains.plugins.gradle.tooling.serialization.KotlinDslScriptsModelSerializationService: loaded 2 times (x 81B)
Class com.google.common.collect.ImmutableList$ReverseImmutableList                    : loaded 2 times (x 208B)
Class com.google.common.base.JdkPattern                                               : loaded 2 times (x 75B)
Class org.jetbrains.kotlin.idea.gradleTooling.KotlinGradleModel                       : loaded 2 times (x 70B)
Class org.jetbrains.plugins.gradle.tooling.serialization.ExternalTestsSerializationService$WriteContext: loaded 2 times (x 72B)
Class org.objectweb.asm.SymbolTable$Entry                                             : loaded 2 times (x 74B)
Class com.google.gson.internal.JsonReaderInternalAccess                               : loaded 2 times (x 72B)
Class com.google.common.util.concurrent.ExecutionError                                : loaded 2 times (x 82B)
Class org.gradle.tooling.model.Model                                                  : loaded 2 times (x 70B)
Class jdk.internal.jimage.ImageStringsReader                                          : loaded 2 times (x 80B)
Class org.objectweb.asm.Edge                                                          : loaded 2 times (x 72B)
Class com.google.common.base.Suppliers$SupplierOfInstance                             : loaded 2 times (x 79B)
Class kotlin.UninitializedPropertyAccessException                                     : loaded 2 times (x 82B)
Class com.google.common.cache.LocalCache$ComputingValueReference                      : loaded 2 times (x 96B)
Class com.google.common.collect.SingletonImmutableSet                                 : loaded 2 times (x 146B)
Class com.google.common.collect.ImmutableMap$IteratorBasedImmutableMap                : loaded 2 times (x 125B)
Class org.jetbrains.plugins.gradle.model.IntelliJProjectSettings                      : loaded 2 times (x 70B)
Class org.gradle.tooling.internal.adapter.ProtocolToModelAdapter$MethodInvocationCache: loaded 2 times (x 73B)
Class jdk.internal.jimage.ImageReader                                                 : loaded 2 times (x 75B)
Class com.google.common.cache.LocalCache$Segment                                      : loaded 2 times (x 154B)
Class org.jetbrains.plugins.gradle.model.ExternalDependency                           : loaded 2 times (x 70B)
Class com.intellij.util.containers.IntObjectHashMap                                   : loaded 2 times (x 72B)
Class com.google.common.collect.ImmutableEnumSet                                      : loaded 2 times (x 146B)
Class org.jetbrains.plugins.gradle.tooling.util.IntObjectMap$ObjectFactory            : loaded 2 times (x 70B)
Class jdk.internal.jimage.ImageReader$SharedImageReader                               : loaded 2 times (x 95B)
Class [Lorg.objectweb.asm.SymbolTable$Entry;                                          : loaded 2 times (x 69B)
Class com.google.common.cache.CacheLoader                                             : loaded 2 times (x 74B)
Class com.google.common.collect.ImmutableBiMap                                        : loaded 2 times (x 143B)
Class com.google.common.collect.AbstractListMultimap                                  : loaded 2 times (x 172B)
Class org.gradle.internal.installation.GradleInstallation$1                           : loaded 2 times (x 75B)
Class org.gradle.api.internal.classpath.ModuleRegistry                                : loaded 2 times (x 70B)
Class org.jetbrains.plugins.gradle.model.VersionCatalogsModel                         : loaded 2 times (x 70B)
Class com.intellij.gradle.toolingExtension.impl.model.sourceSetDependencyModel.GradleSourceSetDependencySerialisationService$SourceSetDependencyModelReadContext: loaded 2 times (x 72B)
Class com.intellij.gradle.toolingExtension.impl.model.dependencyModel.DependencyReadContext: loaded 2 times (x 72B)
Class org.gradle.internal.classloader.ClassLoaderHierarchy                            : loaded 2 times (x 70B)
Class sync_studio_tooling_20c7qhl8b918g43lqg0s3ws40                                   : loaded 2 times (x 171B)
Class org.gradle.tooling.internal.adapter.ObjectGraphAdapter                          : loaded 2 times (x 70B)
Class jdk.internal.jimage.decompressor.ResourceDecompressorFactory                    : loaded 2 times (x 74B)
Class com.google.common.util.concurrent.internal.InternalFutureFailureAccess          : loaded 2 times (x 72B)
Class com.google.common.collect.ImmutableSet$JdkBackedSetBuilderImpl                  : loaded 2 times (x 76B)
Class com.google.common.base.Splitter$SplittingIterator                               : loaded 2 times (x 84B)
Class org.jetbrains.plugins.gradle.model.ExternalSourceSet                            : loaded 2 times (x 70B)
Class com.intellij.gradle.toolingExtension.impl.model.warmUp.GradleTaskWarmUpRequest  : loaded 2 times (x 70B)
Class com.google.common.collect.HashBiMap$Inverse                                     : loaded 2 times (x 142B)
Class com.google.common.cache.LocalCache$LocalManualCache$1                           : loaded 2 times (x 75B)
Class com.google.common.base.CharMatcher$ForPredicate                                 : loaded 2 times (x 112B)
Class com.intellij.gradle.toolingExtension.impl.model.sourceSetArtifactIndex.GradleSourceSetArtifactBuildRequest: loaded 2 times (x 70B)
Class com.google.common.base.CharMatcher$IsEither                                     : loaded 2 times (x 111B)
Class kotlin.collections.CollectionsKt__CollectionsJVMKt                              : loaded 2 times (x 71B)
Class jdk.internal.jimage.ImageReader$Node                                            : loaded 2 times (x 84B)
Class com.google.common.base.CharMatcher$AnyOf                                        : loaded 2 times (x 112B)
Class org.gradle.api.internal.classpath.DefaultModuleRegistry                         : loaded 2 times (x 86B)
Class org.jetbrains.plugins.gradle.tooling.serialization.internal.IdeaProjectSerializationService$WriteContext$1: loaded 2 times (x 83B)
Class org.jetbrains.plugins.gradle.model.ExternalProject                              : loaded 2 times (x 70B)
Class [Lcom.google.common.base.AbstractIterator$State;                                : loaded 2 times (x 69B)
Class kotlin.collections.CollectionsKt__IteratorsKt                                   : loaded 2 times (x 71B)
Class jdk.internal.jimage.BasicImageReader$1                                          : loaded 2 times (x 77B)
Class org.jetbrains.kotlin.build.report.metrics.GradleBuildTime$Companion             : loaded 2 times (x 71B)
Class com.google.common.util.concurrent.ListenableFuture                              : loaded 2 times (x 70B)
Class com.google.common.cache.ReferenceEntry                                          : loaded 2 times (x 70B)
Class com.google.common.collect.ImmutableSet$CachingAsList                            : loaded 2 times (x 147B)
Class com.google.common.base.Converter                                                : loaded 2 times (x 90B)
Class org.jetbrains.plugins.gradle.tooling.serialization.internal.IdeaProjectSerializationService$WriteContext$2: loaded 2 times (x 83B)
Class jdk.internal.jimage.BasicImageReader                                            : loaded 2 times (x 95B)
Class kotlin.collections.CollectionsKt__ReversedViewsKt                               : loaded 2 times (x 71B)
Class com.google.common.util.concurrent.AbstractFuture                                : loaded 2 times (x 106B)
Class com.google.common.base.FunctionalEquivalence                                    : loaded 2 times (x 83B)
Class com.google.common.collect.AbstractMapBasedMultimap                              : loaded 2 times (x 139B)
Class com.google.common.collect.ImmutableAsList                                       : loaded 2 times (x 209B)
Class org.jetbrains.plugins.gradle.tooling.serialization.AnnotationProcessingModelSerializationService$ReadContext: loaded 2 times (x 72B)
Class org.jetbrains.plugins.gradle.tooling.serialization.internal.IdeaProjectSerializationService$WriteContext$3: loaded 2 times (x 83B)
Class gnu.trove.TObjectHash$NULL                                                      : loaded 2 times (x 71B)
Class sync_studio_tooling_20c7qhl8b918g43lqg0s3ws40$_run_closure1                     : loaded 2 times (x 139B)
Class com.google.common.hash.HashCode                                                 : loaded 2 times (x 80B)
Class org.objectweb.asm.RecordComponentVisitor                                        : loaded 2 times (x 77B)
Class com.google.common.cache.CacheLoader$SupplierToCacheLoader                       : loaded 2 times (x 75B)
Class org.jetbrains.plugins.gradle.tooling.serialization.internal.IdeaProjectSerializationService$WriteContext$4: loaded 2 times (x 83B)
Class com.intellij.gradle.toolingExtension.impl.model.sourceSetDependencyModel.GradleSourceSetDependencySerialisationService$Companion: loaded 2 times (x 71B)
Class org.gradle.internal.time.MonotonicClock                                         : loaded 2 times (x 77B)
Class jdk.internal.jimage.decompressor.Decompressor                                   : loaded 2 times (x 72B)
Class jdk.internal.jimage.ImageReader$Resource                                        : loaded 2 times (x 84B)
Class org.jetbrains.kotlin.cli.common.CompilerSystemProperties$value$1                : loaded 2 times (x 125B)
Class com.google.common.collect.Maps$EntryTransformer                                 : loaded 2 times (x 70B)
Class org.gradle.internal.service.ServiceLookupException                              : loaded 2 times (x 82B)
Class com.intellij.gradle.toolingExtension.util.GradleVersionSpecificsUtil            : loaded 2 times (x 71B)
Class org.jetbrains.plugins.gradle.tooling.serialization.internal.IdeaProjectSerializationService$WriteContext$5: loaded 2 times (x 83B)
Class com.intellij.gradle.toolingExtension.impl.model.sourceSetDependencyModel.GradleSourceSetDependencySerialisationService$SourceSetDependencyModelWriteContext: loaded 2 times (x 72B)
Class jdk.internal.jrtfs.JrtFileAttributes                                            : loaded 2 times (x 83B)
Class com.google.common.hash.AbstractByteHasher                                       : loaded 2 times (x 147B)
Class [Lcom.google.common.cache.LocalCache$EntryFactory;                              : loaded 2 times (x 69B)
Class org.gradle.internal.classloader.ClassLoaderFactory                              : loaded 2 times (x 70B)
Class org.jetbrains.plugins.gradle.tooling.serialization.internal.IdeaProjectSerializationService$WriteContext$6: loaded 2 times (x 83B)
Class org.jetbrains.plugins.gradle.tooling.util.IntObjectMap                          : loaded 2 times (x 73B)
Class com.google.common.cache.LocalCache$LocalManualCache                             : loaded 2 times (x 99B)
Class com.google.common.base.CharMatcher$IsNot                                        : loaded 2 times (x 111B)
Class com.google.common.base.CommonPattern                                            : loaded 2 times (x 74B)
Class org.gradle.internal.service.CachingServiceLocator                               : loaded 2 times (x 82B)
Class org.jetbrains.plugins.gradle.model.RepositoryModels                             : loaded 2 times (x 70B)
Class org.jetbrains.plugins.gradle.tooling.serialization.internal.IdeaProjectSerializationService$WriteContext$7: loaded 2 times (x 83B)
Class com.google.common.collect.AbstractMapBasedMultimap$KeySet                       : loaded 2 times (x 137B)
Class com.google.common.math.IntMath                                                  : loaded 2 times (x 71B)
Class org.jetbrains.plugins.gradle.tooling.serialization.internal.IdeaProjectSerializationService$WriteContext$8: loaded 2 times (x 83B)
Class gnu.trove.TObjectIntProcedure                                                   : loaded 2 times (x 70B)
Class org.gradle.internal.time.TimeSource                                             : loaded 2 times (x 70B)
Class org.gradle.tooling.model.kotlin.dsl.KotlinDslScriptsModel                       : loaded 2 times (x 70B)
Class [Lcom.google.common.collect.HashBiMap$BiEntry;                                  : loaded 2 times (x 69B)
Class org.jetbrains.kotlin.build.report.metrics.BuildTime                             : loaded 2 times (x 70B)
Class org.objectweb.asm.commons.InstructionAdapter                                    : loaded 2 times (x 187B)
Class com.google.common.collect.ImmutableMapEntry                                     : loaded 2 times (x 85B)
Class org.jetbrains.plugins.gradle.tooling.serialization.SerializationService         : loaded 2 times (x 70B)
Class org.gradle.tooling.internal.gradle.GradleBuildIdentity                          : loaded 2 times (x 70B)
Class kotlin.enums.EnumEntries                                                        : loaded 2 times (x 70B)
Class com.google.common.base.Equivalence                                              : loaded 2 times (x 82B)
Class com.google.common.collect.ImmutableMapEntry$NonTerminalImmutableMapEntry        : loaded 2 times (x 85B)
Class com.google.common.base.Function                                                 : loaded 2 times (x 70B)
Class org.jetbrains.plugins.gradle.tooling.serialization.internal.adapter.Supplier    : loaded 2 times (x 70B)
Class org.gradle.internal.exceptions.ResolutionProvider                               : loaded 2 times (x 70B)
Class com.google.common.hash.Hashing                                                  : loaded 2 times (x 71B)
Class [Lorg.jetbrains.kotlin.cli.common.CompilerSystemProperties;                     : loaded 2 times (x 69B)
Class com.google.common.collect.IndexedImmutableSet$1                                 : loaded 2 times (x 212B)
Class com.google.common.cache.CacheBuilder$OneWeigher                                 : loaded 2 times (x 82B)
Class com.google.common.collect.RegularImmutableList                                  : loaded 2 times (x 212B)
Class org.gradle.tooling.model.ProjectIdentifier                                      : loaded 2 times (x 70B)
Class jdk.internal.jimage.ImageBufferCache                                            : loaded 2 times (x 71B)
Class jdk.internal.jrtfs.JrtPath                                                      : loaded 2 times (x 118B)
Class org.gradle.internal.classloader.ClasspathUtil                                   : loaded 2 times (x 71B)
Class com.intellij.gradle.toolingExtension.impl.model.sourceSetModel.GradleSourceSetSerialisationService: loaded 2 times (x 77B)
Class org.jetbrains.kotlin.tooling.core.HasExtras                                     : loaded 2 times (x 70B)
Class com.google.common.util.concurrent.Uninterruptibles                              : loaded 2 times (x 71B)
Class org.gradle.internal.time.TimeSource$1                                           : loaded 2 times (x 77B)
Class kotlin.jvm.internal.DefaultConstructorMarker                                    : loaded 2 times (x 71B)
Class com.google.common.collect.Maps                                                  : loaded 2 times (x 71B)
Class org.gradle.api.specs.Spec                                                       : loaded 2 times (x 70B)
Class jdk.internal.jimage.ImageReader$SharedImageReader$LocationVisitor               : loaded 2 times (x 70B)
Class [Lcom.google.common.collect.ImmutableEntry;                                     : loaded 2 times (x 69B)
Class com.intellij.gradle.toolingExtension.impl.model.buildScriptClasspathModel.GradleBuildScriptClasspathSerializationService: loaded 2 times (x 77B)
Class com.google.common.cache.LocalCache$LoadingValueReference                        : loaded 2 times (x 96B)
Class org.jetbrains.plugins.gradle.model.FileCollectionDependency                     : loaded 2 times (x 70B)
Class com.intellij.gradle.toolingExtension.impl.model.utilDummyModel.DummyModel       : loaded 2 times (x 70B)
Class org.gradle.internal.time.Clock                                                  : loaded 2 times (x 70B)
Class jdk.internal.jimage.decompressor.ResourceDecompressorRepository                 : loaded 2 times (x 71B)
Class com.google.common.base.Platform                                                 : loaded 2 times (x 71B)
Class org.jetbrains.plugins.gradle.model.GradleSourceSetDependencyModel               : loaded 2 times (x 70B)
Class org.gradle.tooling.internal.adapter.TypeInspector                               : loaded 2 times (x 73B)
Class org.gradle.tooling.internal.adapter.ProtocolToModelAdapter$NoOpDecoration       : loaded 2 times (x 79B)
Class org.gradle.tooling.model.Element                                                : loaded 2 times (x 70B)
Class kotlin.collections.AbstractList                                                 : loaded 2 times (x 197B)
Class kotlin.collections.AbstractCollection                                           : loaded 2 times (x 117B)
Class jdk.internal.jimage.ImageReader$Directory                                       : loaded 2 times (x 84B)
Class [Lorg.objectweb.asm.AnnotationWriter;                                           : loaded 2 times (x 69B)
Class com.google.common.collect.Maps$8                                                : loaded 2 times (x 82B)
Class com.intellij.gradle.toolingExtension.impl.model.taskModel.GradleTaskSerialisationService: loaded 2 times (x 76B)
Class org.jetbrains.kotlin.tooling.core.Extras                                        : loaded 2 times (x 70B)
Class com.google.common.collect.Sets$SetView                                          : loaded 2 times (x 138B)
Class com.google.common.cache.LocalCache$StrongValueReference                         : loaded 2 times (x 90B)
Class org.jetbrains.plugins.gradle.tooling.util.IntObjectMap$1                        : loaded 2 times (x 77B)
Class _BuildScript_$_run_closure1$_closure2                                           : loaded 2 times (x 132B)
Class [Lcom.google.gson.stream.JsonToken;                                             : loaded 2 times (x 69B)
Class org.objectweb.asm.Type                                                          : loaded 2 times (x 72B)
Class org.gradle.internal.classloader.VisitableURLClassLoader$InstrumentingVisitableURLClassLoader: loaded 2 times (x 123B)
Class org.objectweb.asm.ByteVector                                                    : loaded 2 times (x 78B)
Class [Lcom.google.common.cache.CacheBuilder$NullListener;                            : loaded 2 times (x 69B)
Class com.google.common.math.IntMath$1                                                : loaded 2 times (x 71B)
Class org.gradle.internal.classloader.VisitableURLClassLoader$Spec                    : loaded 2 times (x 74B)
Class org.gradle.internal.classpath.DefaultClassPath                                  : loaded 2 times (x 90B)
Class org.jetbrains.plugins.gradle.model.GradleBuildScriptClasspathModel              : loaded 2 times (x 70B)
Class org.gradle.util.internal.DefaultGradleVersion                                   : loaded 2 times (x 82B)
Class jdk.internal.jimage.decompressor.ZipDecompressorFactory                         : loaded 2 times (x 74B)
Class [Lorg.jetbrains.kotlin.build.report.metrics.GradleBuildTime;                    : loaded 2 times (x 69B)
Class org.objectweb.asm.Symbol                                                        : loaded 2 times (x 73B)
Class com.google.common.base.AbstractIterator                                         : loaded 2 times (x 80B)
Class com.google.common.collect.RegularImmutableMap$Values                            : loaded 2 times (x 207B)
Class com.google.common.collect.ImmutableSet                                          : loaded 2 times (x 145B)
Class com.google.common.base.CharMatcher$BitSetMatcher                                : loaded 2 times (x 112B)
Class org.gradle.internal.classloader.ClassLoaderSpec                                 : loaded 2 times (x 71B)
Class kotlin.collections.CollectionsKt___CollectionsJvmKt                             : loaded 2 times (x 71B)
Class org.objectweb.asm.AnnotationWriter                                              : loaded 2 times (x 78B)
Class com.google.common.cache.CacheStats                                              : loaded 2 times (x 71B)
Class org.objectweb.asm.RecordComponentWriter                                         : loaded 2 times (x 78B)
Class com.google.common.util.concurrent.AbstractFuture$Listener                       : loaded 2 times (x 72B)
Class com.google.common.base.CharMatcher$Or                                           : loaded 2 times (x 112B)
Class Settings_gradle$1$1                                                             : loaded 2 times (x 74B)
Class org.objectweb.asm.Attribute                                                     : loaded 2 times (x 77B)
Class com.google.common.base.Supplier                                                 : loaded 2 times (x 70B)
Class org.gradle.internal.classloader.VisitableURLClassLoader                         : loaded 2 times (x 117B)
Class org.jetbrains.plugins.gradle.tooling.serialization.ExternalTestsSerializationService$ReadContext: loaded 2 times (x 72B)
Class com.intellij.gradle.toolingExtension.impl.model.sourceSetModel.GradleSourceSetSerialisationService$Companion: loaded 2 times (x 71B)
Class org.gradle.internal.classloader.FilteringClassLoader                            : loaded 2 times (x 105B)
Class org.gradle.tooling.model.idea.IdeaDependency                                    : loaded 2 times (x 70B)
Class Settings_gradle                                                                 : loaded 2 times (x 124B)
Class jdk.internal.jimage.decompressor.ZipDecompressor                                : loaded 2 times (x 75B)
Class com.google.common.collect.HashBiMap                                             : loaded 2 times (x 143B)
Class com.google.common.collect.Sets                                                  : loaded 2 times (x 71B)
Class org.objectweb.asm.Handler                                                       : loaded 2 times (x 72B)
Class com.google.common.base.Strings                                                  : loaded 2 times (x 71B)
Class com.google.common.base.Ticker                                                   : loaded 2 times (x 72B)
Class com.google.common.base.CharMatcher$FastMatcher                                  : loaded 2 times (x 111B)
Class org.jetbrains.plugins.gradle.tooling.serialization.internal.IdeaProjectSerializationService$WriteContext: loaded 2 times (x 72B)
Class com.intellij.gradle.toolingExtension.impl.model.sourceSetDependencyModel.GradleSourceSetDependencySerialisationService: loaded 2 times (x 77B)
Class org.jetbrains.plugins.gradle.model.GradleSourceSetModel                         : loaded 2 times (x 70B)
Class [Lcom.google.common.cache.LocalCache$Segment;                                   : loaded 2 times (x 69B)
Class [Lcom.google.common.cache.LocalCache$Strength;                                  : loaded 2 times (x 69B)
Class com.google.common.cache.CacheBuilder$1                                          : loaded 2 times (x 85B)
Class com.google.common.collect.ImmutableMap                                          : loaded 2 times (x 120B)
Class com.google.common.base.Predicate                                                : loaded 2 times (x 70B)
Class org.gradle.internal.classpath.DefaultClassPath$ImmutableUniqueList$Builder      : loaded 2 times (x 75B)
Class com.google.gson.stream.JsonToken                                                : loaded 2 times (x 79B)
Class com.google.common.cache.LocalCache                                              : loaded 2 times (x 187B)
Class com.google.common.cache.CacheBuilder$2                                          : loaded 2 times (x 79B)
Class com.google.common.base.CharMatcher$NegatedFastMatcher                           : loaded 2 times (x 113B)
Class gnu.trove.TObjectHash                                                           : loaded 2 times (x 94B)
Class org.jetbrains.plugins.gradle.tooling.util.ObjectCollector$Processor             : loaded 2 times (x 70B)
Class kotlin.collections.CollectionsKt___CollectionsKt                                : loaded 2 times (x 71B)
Class com.google.common.collect.RegularImmutableMap$KeySet                            : loaded 2 times (x 150B)
Class org.gradle.internal.exceptions.NonGradleCauseExceptionsHolder                   : loaded 2 times (x 70B)
Class org.gradle.tooling.model.idea.IdeaModuleDependency                              : loaded 2 times (x 70B)
Class org.gradle.tooling.internal.adapter.ViewBuilder                                 : loaded 2 times (x 70B)
Class com.google.common.cache.CacheBuilder$3                                          : loaded 2 times (x 72B)
Class [Lcom.google.common.collect.AbstractMapEntry;                                   : loaded 2 times (x 69B)
Class com.google.common.collect.ImmutableEntry                                        : loaded 2 times (x 82B)
Class com.google.common.collect.ArrayListMultimap                                     : loaded 2 times (x 172B)
Class org.jetbrains.plugins.gradle.model.AnnotationProcessingConfig                   : loaded 2 times (x 70B)
Class gnu.trove.Equality                                                              : loaded 2 times (x 70B)
Class jdk.internal.jimage.ImageStrings                                                : loaded 2 times (x 70B)
Class com.google.common.collect.CollectPreconditions                                  : loaded 2 times (x 71B)
Class ijInit1_ypi799ccrszx3hgo1suatcyi                                                : loaded 2 times (x 171B)
Class com.google.common.collect.SortedMapDifference                                   : loaded 2 times (x 70B)
Class gnu.trove.TObjectHashingStrategy                                                : loaded 2 times (x 70B)
Class org.gradle.tooling.internal.adapter.ProtocolToModelAdapter$ReflectionMethodInvoker: loaded 2 times (x 76B)
Class com.google.common.hash.HashCode$IntHashCode                                     : loaded 2 times (x 80B)
Class com.google.common.cache.LocalCache$WriteThroughEntry                            : loaded 2 times (x 79B)
Class com.google.common.cache.LocalCache$HashIterator                                 : loaded 2 times (x 86B)
Class com.google.common.cache.LocalCache$EntryFactory                                 : loaded 2 times (x 83B)
Class kotlin.collections.CollectionsKt__MutableCollectionsJVMKt                       : loaded 2 times (x 71B)
Class com.google.common.base.Equivalence$Identity                                     : loaded 2 times (x 82B)
Class kotlin.enums.EnumEntriesKt                                                      : loaded 2 times (x 71B)
Class org.jetbrains.kotlin.tooling.core.HasMutableExtras                              : loaded 2 times (x 70B)
Class com.google.common.cache.LocalCache$AbstractReferenceEntry                       : loaded 2 times (x 107B)
Class com.intellij.gradle.toolingExtension.model.repositoryModel.ProjectRepositoriesModel: loaded 2 times (x 70B)
Class org.jetbrains.plugins.gradle.model.GradleProperty                               : loaded 2 times (x 70B)
Class gnu.trove.TObjectCanonicalHashingStrategy                                       : loaded 2 times (x 78B)
Class org.objectweb.asm.SymbolTable                                                   : loaded 2 times (x 72B)
Class com.google.common.cache.CacheLoader$InvalidCacheLoadException                   : loaded 2 times (x 82B)
Class com.google.common.collect.ImmutableSet$RegularSetBuilderImpl                    : loaded 2 times (x 77B)
Class org.gradle.internal.classloader.SystemClassLoaderSpec                           : loaded 2 times (x 71B)
Class org.gradle.internal.exceptions.MultiCauseException                              : loaded 2 times (x 70B)
Class org.gradle.internal.time.CountdownTimer                                         : loaded 2 times (x 70B)
Class kotlin.jvm.internal.Intrinsics                                                  : loaded 2 times (x 71B)
Class com.google.common.cache.LocalCache$StrongEntry                                  : loaded 2 times (x 108B)
Class com.google.common.util.concurrent.AbstractFuture$TrustedFuture                  : loaded 2 times (x 114B)
Class com.google.common.cache.LoadingCache                                            : loaded 2 times (x 70B)
Class com.intellij.gradle.toolingExtension.impl.model.projectModel.GradleExternalProjectSerializationService$ReadContext: loaded 2 times (x 73B)
Class com.intellij.gradle.toolingExtension.impl.model.dependencyModel.DependencyWriteContext: loaded 2 times (x 72B)
Class kotlin.collections.CollectionsKt__IterablesKt                                   : loaded 2 times (x 71B)
Class org.gradle.tooling.model.ProjectModel                                           : loaded 2 times (x 70B)
Class jdk.internal.jrtfs.JrtFileSystem                                                : loaded 2 times (x 102B)
Class org.objectweb.asm.MethodWriter                                                  : loaded 2 times (x 105B)
Class [Lcom.google.common.cache.Weigher;                                              : loaded 2 times (x 69B)
Class com.google.common.collect.RegularImmutableMap$BucketOverflowException           : loaded 2 times (x 82B)
Class kotlin.KotlinNullPointerException                                               : loaded 2 times (x 83B)
Class jdk.internal.jimage.decompressor.CompressedResourceHeader                       : loaded 2 times (x 71B)
Class org.jetbrains.kotlin.cli.common.CompilerSystemProperties$Companion              : loaded 2 times (x 71B)
Class org.jetbrains.plugins.gradle.model.tests.ExternalTestsModel                     : loaded 2 times (x 70B)
Class org.gradle.internal.exceptions.DefaultMultiCauseException                       : loaded 2 times (x 95B)
Class com.google.common.collect.RegularImmutableBiMap                                 : loaded 2 times (x 148B)
Class com.google.common.cache.LocalCache$ValueReference                               : loaded 2 times (x 70B)
Class com.google.common.base.CharMatcher$Negated                                      : loaded 2 times (x 113B)
Class com.google.common.base.CharMatcher$Is                                           : loaded 2 times (x 111B)
Class com.intellij.gradle.toolingExtension.impl.model.projectModel.GradleExternalProjectSerializationService: loaded 2 times (x 77B)
Class com.google.common.base.PairwiseEquivalence                                      : loaded 2 times (x 83B)
Class org.gradle.tooling.model.HierarchicalElement                                    : loaded 2 times (x 70B)
Class com.google.common.hash.PrimitiveSink                                            : loaded 2 times (x 70B)
Class com.google.common.util.concurrent.AbstractFuture$Failure                        : loaded 2 times (x 72B)
Class com.google.common.base.PatternCompiler                                          : loaded 2 times (x 70B)
Class com.google.common.base.Equivalence$Equals                                       : loaded 2 times (x 82B)
Class com.google.common.collect.Hashing                                               : loaded 2 times (x 71B)
Class org.jetbrains.plugins.gradle.tooling.serialization.ExternalTestsSerializationService: loaded 2 times (x 77B)
Class kotlin.NotImplementedError                                                      : loaded 2 times (x 82B)
Class org.gradle.internal.time.Time                                                   : loaded 2 times (x 71B)
Class com.google.common.base.Joiner$1                                                 : loaded 2 times (x 80B)
Class org.objectweb.asm.Label                                                         : loaded 2 times (x 73B)
Class org.objectweb.asm.CurrentFrame                                                  : loaded 2 times (x 73B)
Class org.objectweb.asm.ClassTooLargeException                                        : loaded 2 times (x 83B)
Class com.google.gson.stream.JsonReader                                               : loaded 2 times (x 97B)
Class com.google.common.base.CharMatcher                                              : loaded 2 times (x 111B)
Class org.jetbrains.plugins.gradle.tooling.serialization.AnnotationProcessingModelSerializationService: loaded 2 times (x 77B)
Class JetGradlePlugin                                                                 : loaded 2 times (x 96B)
Class com.google.common.hash.HashCode$LongHashCode                                    : loaded 2 times (x 80B)
Class com.google.common.collect.Maps$IteratorBasedAbstractMap                         : loaded 2 times (x 125B)
Class com.google.common.base.Joiner$2                                                 : loaded 2 times (x 79B)
Class org.objectweb.asm.Frame                                                         : loaded 2 times (x 73B)
Class org.objectweb.asm.MethodVisitor                                                 : loaded 2 times (x 104B)
Class com.google.common.cache.LocalCache$EntryFactory$1                               : loaded 2 times (x 83B)
Class [Lcom.google.common.cache.RemovalListener;                                      : loaded 2 times (x 69B)
Class com.google.common.base.CharMatcher$1                                            : loaded 2 times (x 113B)
Class com.google.common.base.CharMatcher$NamedFastMatcher                             : loaded 2 times (x 112B)
Class org.jetbrains.plugins.gradle.model.DependencyAccessorsModel                     : loaded 2 times (x 70B)
Class [Lcom.intellij.openapi.externalSystem.model.project.dependencies.ResolutionState;: loaded 2 times (x 69B)
Class gnu.trove.TObjectIntHashMap                                                     : loaded 2 times (x 109B)
Class com.google.common.cache.LocalCache$EntryFactory$2                               : loaded 2 times (x 83B)
Class org.gradle.api.internal.classpath.GlobalCacheRootsProvider                      : loaded 2 times (x 70B)
Class org.jetbrains.kotlin.idea.gradleTooling.KotlinMPPGradleModel                    : loaded 2 times (x 70B)
Class com.intellij.gradle.toolingExtension.impl.model.dependencyDownloadPolicyModel.GradleDependencyDownloadPolicy: loaded 2 times (x 70B)
Class JetGradlePlugin$_apply_closure1                                                 : loaded 2 times (x 140B)
Class org.gradle.tooling.model.BuildIdentifier                                        : loaded 2 times (x 70B)
Class kotlin.NoWhenBranchMatchedException                                             : loaded 2 times (x 82B)
Class org.objectweb.asm.ModuleWriter                                                  : loaded 2 times (x 81B)
Class com.google.common.cache.LocalCache$EntryFactory$3                               : loaded 2 times (x 83B)
Class com.google.common.base.Ticker$1                                                 : loaded 2 times (x 72B)
Class com.google.common.collect.ImmutableMapEntrySet$RegularEntrySet                  : loaded 2 times (x 151B)
Class com.google.common.collect.Maps$BiMapConverter                                   : loaded 2 times (x 90B)
Class org.jetbrains.kotlin.idea.gradleTooling.PrepareKotlinIdeImportTaskModel         : loaded 2 times (x 70B)
Class com.google.common.cache.LocalCache$EntryFactory$4                               : loaded 2 times (x 83B)
Class com.google.common.collect.ImmutableSet$Builder                                  : loaded 2 times (x 85B)
Class com.google.common.base.CharMatcher$InRange                                      : loaded 2 times (x 111B)
Class com.google.common.cache.LocalCache$EntryFactory$5                               : loaded 2 times (x 83B)
Class org.gradle.internal.time.Timer                                                  : loaded 2 times (x 70B)
Class kotlin.jvm.internal.markers.KMappedMarker                                       : loaded 2 times (x 70B)
Class com.google.common.cache.LocalCache$EntryFactory$6                               : loaded 2 times (x 83B)
Class org.gradle.internal.installation.CurrentGradleInstallationLocator               : loaded 2 times (x 71B)
Class com.google.common.hash.HashFunction                                             : loaded 2 times (x 70B)
Class org.gradle.tooling.model.idea.IdeaProject                                       : loaded 2 times (x 70B)
Class org.gradle.tooling.model.DomainObjectSet                                        : loaded 2 times (x 70B)
Class com.google.common.collect.Maps$KeySet                                           : loaded 2 times (x 137B)
Class com.google.common.cache.LocalCache$EntryFactory$7                               : loaded 2 times (x 83B)
Class com.google.common.collect.ImmutableSet$EmptySetBuilderImpl                      : loaded 2 times (x 76B)
Class org.gradle.internal.service.DefaultServiceLocator                               : loaded 2 times (x 83B)
Class org.gradle.util.GradleVersion                                                   : loaded 2 times (x 81B)
Class jdk.internal.jrtfs.JrtDirectoryStream                                           : loaded 2 times (x 89B)
Class org.jetbrains.kotlin.util.capitalizeDecapitalize.CapitalizeDecapitalizeKt       : loaded 2 times (x 71B)
Class com.google.common.cache.LocalCache$EntryFactory$8                               : loaded 2 times (x 83B)
Class com.google.common.collect.ImmutableSet$SetBuilderImpl                           : loaded 2 times (x 76B)
Class org.gradle.internal.installation.CurrentGradleInstallation                      : loaded 2 times (x 73B)
Class org.jetbrains.plugins.gradle.javaModel.JavaGradleManifestModel                  : loaded 2 times (x 70B)
Class org.jetbrains.plugins.gradle.tooling.serialization.GradleExtensionsSerializationService$WriteContext: loaded 2 times (x 72B)
Class com.intellij.gradle.toolingExtension.impl.model.taskModel.GradleTaskSerialisationService$Companion: loaded 2 times (x 71B)
Class com.google.common.cache.CacheLoader$1                                           : loaded 2 times (x 75B)
Class com.google.common.collect.ImmutableList$SubList                                 : loaded 2 times (x 208B)
Class org.gradle.util.internal.GUtil                                                  : loaded 2 times (x 71B)
Class com.intellij.gradle.toolingExtension.impl.model.utilTurnOffDefaultTasksModel.TurnOffDefaultTasks: loaded 2 times (x 70B)
Class com.intellij.gradle.toolingExtension.impl.model.sourceSetModel.GradleSourceSetSerialisationService$SourceSetModelReadContext: loaded 2 times (x 72B)
Class kotlin.collections.CollectionsKt                                                : loaded 2 times (x 71B)
Class com.google.common.cache.AbstractCache$StatsCounter                              : loaded 2 times (x 70B)
Class com.intellij.gradle.toolingExtension.impl.model.sourceSetModel.GradleSourceSetSerialisationService$SourceSetModelWriteContext: loaded 2 times (x 72B)
Class org.jetbrains.plugins.gradle.tooling.serialization.internal.IdeaProjectSerializationService$ReadContext: loaded 2 times (x 72B)
Class org.gradle.tooling.internal.adapter.ProtocolToModelAdapter$1                    : loaded 2 times (x 75B)
Class org.gradle.tooling.internal.adapter.ProtocolToModelAdapter$ViewDecoration       : loaded 2 times (x 70B)
Class com.google.common.collect.RegularImmutableSet                                   : loaded 2 times (x 148B)
Class org.gradle.internal.installation.GradleInstallation                             : loaded 2 times (x 75B)
Class org.jetbrains.plugins.gradle.tooling.serialization.GradleExtensionsSerializationService$ReadContext: loaded 2 times (x 72B)
Class org.gradle.tooling.internal.adapter.MethodInvoker                               : loaded 2 times (x 70B)
Class jdk.internal.jimage.decompressor.ResourceDecompressor$StringsProvider           : loaded 2 times (x 70B)
Class com.google.common.collect.Iterables                                             : loaded 2 times (x 71B)
Class com.google.common.base.Splitter$Strategy                                        : loaded 2 times (x 70B)
Class org.jetbrains.plugins.gradle.tooling.serialization.RepositoriesModelSerializationService$WriteContext: loaded 2 times (x 72B)

---------------  S Y S T E M  ---------------

OS:
 Windows 11 , 64 bit Build 26100 (10.0.26100.8328)
OS uptime: 0 days 0:06 hours
Hyper-V role detected

CPU: total 12 (initial active 12) (12 cores per cpu, 2 threads per core) family 25 model 80 stepping 0 microcode 0xa50000d, cx8, cmov, fxsr, ht, mmx, 3dnowpref, sse, sse2, sse3, ssse3, sse4a, sse4.1, sse4.2, popcnt, lzcnt, tsc, tscinvbit, avx, avx2, aes, erms, clmul, bmi1, bmi2, adx, sha, fma, vzeroupper, clflush, clflushopt, hv, rdtscp, rdpid, fsrm, f16c, cet_ss
Processor Information for the first 12 processors :
  Max Mhz: 3301, Current Mhz: 3301, Mhz Limit: 3301

Memory: 4k page, system-wide physical 7521M (831M free)
TotalPageFile size 14830M (AvailPageFile size 0M)
current process WorkingSet (physical memory assigned to process): 936M, peak: 1048M
current process commit charge ("private bytes"): 1079M, peak: 1116M

vm_info: OpenJDK 64-Bit Server VM (21.0.10+-14961533-b1163.108) for windows-amd64 JRE (21.0.10+-14961533-b1163.108), built on 2026-03-02T19:58:50Z by "builder" with MS VC++ 16.10 / 16.11 (VS2019)

END.
